row_id,Host,Reference,Eu valence,match_count,host_missing,host_values,reference_values,eu_valence_missing,eu_valence_values,eu_valence_invalid,status
0,Ca8.99CeP7O28,https://doi.org/10.1039/C6CP05490K,2.0,1,False,1,1,False,1,False,resolved
1,Ca8.98CeP7O28,https://doi.org/10.1039/C6CP05490K,2.0,1,False,1,1,False,1,False,resolved
2,Ca8.96CeP7O28,https://doi.org/10.1039/C6CP05490K,2.0,1,False,1,1,False,1,False,resolved
3,Ca8.94CeP7O28,https://doi.org/10.1039/C6CP05490K,2.0,1,False,1,1,False,1,False,resolved
4,Ca8.92CeP7O28,https://doi.org/10.1039/C6CP05490K,2.0,1,False,1,1,False,1,False,resolved
5,Ca8.95CeP7O28,https://doi.org/10.1039/C6CP05490K,2.0,1,False,1,1,False,1,False,resolved
6,Ca8.92CeP7O28,https://doi.org/10.1039/C6CP05490K,2.0,1,False,1,1,False,1,False,resolved
7,Ca8.88CeP7O28,https://doi.org/10.1039/C6CP05490K,2.0,1,False,1,1,False,1,False,resolved
8,Ca8.8CeP7O28,https://doi.org/10.1039/C6CP05490K,2.0,1,False,1,1,False,1,False,resolved
9,Ca8.71CeP7O28,https://doi.org/10.1039/C6CP05490K,2.0,1,False,1,1,False,1,False,resolved
10,CaZrO3,https://doi.org/10.1007/s10854-018-0505-z,3.0,1,False,1,1,False,1,False,resolved
11,CaZrO3,https://doi.org/10.1007/s10854-018-0505-z,3.0,1,False,1,1,False,1,False,resolved
12,MgY4Si3O13,https://doi.org/10.1016/j.ceramint.2017.09.005,3.0,1,False,1,1,False,1,False,resolved
13,BaMg2Si2O7,https://doi.org/10.1021/acs.jpcc.7b12204,2.0,1,False,1,1,False,1,False,resolved
14,BaMg2Si2O7,https://doi.org/10.1021/acs.jpcc.7b12204,2.0,1,False,1,1,False,1,False,resolved
15,BaMg2Si2O7,https://doi.org/10.1021/acs.jpcc.7b12204,2.0,1,False,1,1,False,1,False,resolved
16,BaMg2Si2O7,https://doi.org/10.1021/acs.jpcc.7b12204,2.0,1,False,1,1,False,1,False,resolved
17,BaMg2Si2O7,https://doi.org/10.1021/acs.jpcc.7b12204,2.0,1,False,1,1,False,1,False,resolved
18,Ba2YB2O6Cl,https://doi.org/10.1021/acs.jpcc.7b00019,3.0,1,False,1,1,False,1,False,resolved
19,Ba2YB2O6Cl,https://doi.org/10.1021/acs.jpcc.7b00019,3.0,1,False,1,1,False,1,False,resolved
20,Ba2YB2O6Cl,https://doi.org/10.1021/acs.jpcc.7b00019,3.0,1,False,1,1,False,1,False,resolved
21,Ba2YB2O6Cl,https://doi.org/10.1021/acs.jpcc.7b00019,3.0,1,False,1,1,False,1,False,resolved
22,Li2SrSiO4,https://doi.org/10.1016/j.jlumin.2008.05.021,2.0,1,False,1,1,False,1,False,resolved
23,Li2SrSiO4,https://doi.org/10.1016/j.jlumin.2008.05.021,2.0,1,False,1,1,False,1,False,resolved
24,Li2SrSiO4,https://doi.org/10.1016/j.jlumin.2008.05.021,2.0,1,False,1,1,False,1,False,resolved
25,Li2SrSiO4,https://doi.org/10.1016/j.jlumin.2008.05.021,2.0,1,False,1,1,False,1,False,resolved
26,CaWO4,https://doi.org/10.1039/C6RA01862A,3.0,1,False,1,1,False,1,False,resolved
27,CaWO4,https://doi.org/10.1039/C6RA01862A,3.0,1,False,1,1,False,1,False,resolved
28,Ba2Y3Si3O12F,https://doi.org/10.1039/C6TC04350J,2.0,1,False,1,1,False,1,False,resolved
29,Sr0.99Zn2P2O8,https://doi.org/10.1063/1.2182026,2.0,1,False,1,1,False,1,False,resolved
30,Sr0.99Zn1.994P2O8,https://doi.org/10.1063/1.2182026,2.0,1,False,1,1,False,1,False,resolved
31,Sr0.99Zn1.99P2O8,https://doi.org/10.1063/1.2182026,2.0,1,False,1,1,False,1,False,resolved
32,Sr0.99Zn1.86P2O8,https://doi.org/10.1063/1.2182026,2.0,1,False,1,1,False,1,False,resolved
33,KBaSc2P3O12,https://doi.org/10.1002/cphc.201500387,2.0,1,False,1,1,False,1,False,resolved
34,Na0.34Ca0.66Al1.66Si2.34O8,https://doi.org/10.1021/ic300956m,2.0,1,False,1,1,False,1,False,resolved
35,Ca0.99Al2Si2O8,https://doi.org/10.1021/cm050638f,2.0,1,False,1,1,False,1,False,resolved
36,Ca0.94Al2Si2O8,https://doi.org/10.1021/cm050638f,2.0,2,False,1,1,False,1,False,resolved
37,Ca0.89Al2Si2O8,https://doi.org/10.1021/cm050638f,2.0,2,False,1,1,False,1,False,resolved
38,Ca0.84Al2Si2O8,https://doi.org/10.1021/cm050638f,2.0,2,False,1,1,False,1,False,resolved
39,Ca0.79Al2Si2O8,https://doi.org/10.1021/cm050638f,2.0,2,False,1,1,False,1,False,resolved
40,Ca0.74Al2Si2O8,https://doi.org/10.1021/cm050638f,2.0,2,False,1,1,False,1,False,resolved
41,Ca0.94Al2Si2O8,https://doi.org/10.1021/cm050638f,2.0,1,False,1,1,False,1,False,resolved
42,Mg3P2O8,https://doi.org/10.1002/ejic.201500236,2.0,1,False,1,1,False,1,False,resolved
43,Mg3P2O8,https://doi.org/10.1002/ejic.201500236,2.0,1,False,1,1,False,1,False,resolved
44,Mg3P2O8,https://doi.org/10.1002/ejic.201500236,2.0,1,False,1,1,False,1,False,resolved
45,Mg3P2O8,https://doi.org/10.1002/ejic.201500236,2.0,1,False,1,1,False,1,False,resolved
46,KSr0.995,https://doi.org/10.1039/C3TC30128A,2.0,1,False,1,1,False,1,False,resolved
47,K0.9Na0.1Sr0.995,https://doi.org/10.1039/C3TC30128A,2.0,1,False,1,1,False,1,False,resolved
48,Ca4.437Sr4.5YP7O28,https://doi.org/10.1039/C1JM11018G,2.0,1,False,1,1,False,1,False,resolved
49,Y2Mg1.999Al2Si2O12,https://doi.org/10.1021/acssuschemeng.9b01401,2.0,1,False,1,1,False,1,False,resolved
50,K0.8Na0.2Sr0.995,https://doi.org/10.1039/C3TC30128A,2.0,1,False,1,1,False,1,False,resolved
51,Ba0.97Al12O19,https://doi.org/10.1021/acs.chemmater.8b00464,2.0,1,False,1,1,False,1,False,resolved
52,Ca6.237Sr2.7YP7O28,https://doi.org/10.1039/C1JM11018G,2.0,1,False,1,1,False,1,False,resolved
53,Ba0.99Al12O19,https://doi.org/10.1021/acs.chemmater.8b00464,2.0,1,False,1,1,False,1,False,resolved
54,Ba0.95Al12O19,https://doi.org/10.1021/acs.chemmater.8b00464,2.0,1,False,1,1,False,1,False,resolved
55,Ba0.93Al12O19,https://doi.org/10.1021/acs.chemmater.8b00464,2.0,1,False,1,1,False,1,False,resolved
56,Sr4.995P3O12Cl,https://doi.org/10.1039/C5TC02482J,2.0,1,False,1,1,False,1,False,resolved
57,Sr4.99P3O12Cl,https://doi.org/10.1039/C5TC02482J,2.0,1,False,1,1,False,1,False,resolved
58,Sr4.98P3O12Cl,https://doi.org/10.1039/C5TC02482J,2.0,1,False,1,1,False,1,False,resolved
59,Sr4.97P3O12Cl,https://doi.org/10.1039/C5TC02482J,2.0,1,False,1,1,False,1,False,resolved
60,Sr4.95P3O12Cl,https://doi.org/10.1039/C5TC02482J,2.0,1,False,1,1,False,1,False,resolved
61,Sr4.99P3O12Cl,https://doi.org/10.1039/C5TC02482J,2.0,1,False,1,1,False,1,False,resolved
62,KSrSc2P3O12,https://doi.org/10.1039/C4DT03906H,2.0,1,False,1,1,False,1,False,resolved
63,KSrSc2P3O12,https://doi.org/10.1039/C4DT03906H,2.0,1,False,1,1,False,1,False,resolved
64,KSrSc2P3O12,https://doi.org/10.1039/C4DT03906H,2.0,1,False,1,1,False,1,False,resolved
65,CaAl4O7,https://doi.org/10.1002/bio.1373,2.0,1,False,1,1,False,1,False,resolved
66,Ba0.9Al12O19,https://doi.org/10.1021/acs.chemmater.8b00464,2.0,1,False,1,1,False,1,False,resolved
67,Ba0.8Al12O19,https://doi.org/10.1021/acs.chemmater.8b00464,2.0,1,False,1,1,False,1,False,resolved
68,Y2Mg1.995Al2Si2O12,https://doi.org/10.1021/acssuschemeng.9b01401,2.0,1,False,1,1,False,1,False,resolved
69,Ca6.687Sr2.25YP7O28,https://doi.org/10.1039/C1JM11018G,2.0,1,False,1,1,False,1,False,resolved
70,Ba0.75Al12O19,https://doi.org/10.1021/acs.chemmater.8b00464,2.0,1,False,1,1,False,1,False,resolved
71,Ca5P3O12F,https://doi.org/10.1002/ejic.201402187,2.0,1,False,1,1,False,1,False,resolved
72,Ca5P3O12F,https://doi.org/10.1002/ejic.201402187,2.0,1,False,1,1,False,1,False,resolved
73,BaMgAl10O17,https://doi.org/10.1021/cm020592f,2.0,1,False,1,1,False,1,False,resolved
74,KMg4P3O12,https://doi.org/10.1038/srep09673,2.0,1,False,1,1,False,1,False,resolved
75,KMg4P3O12,https://doi.org/10.1038/srep09673,2.0,1,False,1,1,False,1,False,resolved
76,KMg4P3O12,,2.0,3,False,1,3,False,1,False,ambiguous_reference
77,KMg4P3O12,https://doi.org/10.1038/srep09673,2.0,1,False,1,1,False,1,False,resolved
78,KMg4P3O12,https://doi.org/10.1038/srep09673,2.0,1,False,1,1,False,1,False,resolved
79,KMg4P3O12,https://doi.org/10.1038/srep09673,2.0,1,False,1,1,False,1,False,resolved
80,KMg4P3O12Li0.005,https://doi.org/10.1021/acs.inorgchem.6b02140,2.0,1,False,1,1,False,1,False,resolved
81,KMg4P3O12Li0.01,https://doi.org/10.1021/acs.inorgchem.6b02140,2.0,1,False,1,1,False,1,False,resolved
82,KMg4P3O12Li0.02,https://doi.org/10.1021/acs.inorgchem.6b02140,2.0,1,False,1,1,False,1,False,resolved
83,KMg4P3O12Li0.025,https://doi.org/10.1021/acs.inorgchem.6b02140,2.0,1,False,1,1,False,1,False,resolved
84,KMg4P3O12Li0.03,https://doi.org/10.1021/acs.inorgchem.6b02140,2.0,1,False,1,1,False,1,False,resolved
85,KMg4P3O12,https://doi.org/10.1039/C5TC00636H,2.0,1,False,1,1,False,1,False,resolved
86,KMg4P3O12,https://doi.org/10.1039/C5TC00636H,2.0,1,False,1,1,False,1,False,resolved
87,KMg4P3O12,https://doi.org/10.1039/C5TC00636H,2.0,1,False,1,1,False,1,False,resolved
88,KMg4P3O12,https://doi.org/10.1039/C5TC00636H,2.0,1,False,1,1,False,1,False,resolved
89,KMg4P3O12,https://doi.org/10.1039/C5TC00636H,2.0,1,False,1,1,False,1,False,resolved
90,KMg4P3O12,https://doi.org/10.1039/C5TC00636H,2.0,1,False,1,1,False,1,False,resolved
91,KMg4P3O12,https://doi.org/10.1039/C5TC00636H,2.0,1,False,1,1,False,1,False,resolved
92,Lu2Ca0.97Mg2Si3O12,https://doi.org/10.1016/j.matlet.2015.10.144,2.0,1,False,1,1,False,1,False,resolved
93,Sr6Ca4P6O24F2,https://doi.org/10.1016/j.materresbull.2015.07.031,2.0,1,False,1,1,False,1,False,resolved
94,Sr6Ca4P6O24F2,https://doi.org/10.1016/j.materresbull.2015.07.031,2.0,1,False,1,1,False,1,False,resolved
95,Sr6Ca4P6O24F2,https://doi.org/10.1016/j.materresbull.2015.07.031,2.0,1,False,1,1,False,1,False,resolved
96,Sr6Ca4P6O24F2,https://doi.org/10.1016/j.materresbull.2015.07.031,2.0,1,False,1,1,False,1,False,resolved
97,Sr6Ca4P6O24F2,https://doi.org/10.1016/j.materresbull.2015.07.031,2.0,1,False,1,1,False,1,False,resolved
98,Sr6Ca4P6O24F2,https://doi.org/10.1016/j.materresbull.2015.07.031,2.0,1,False,1,1,False,1,False,resolved
99,Sr6Ca4P6O24F2,https://doi.org/10.1016/j.materresbull.2015.07.031,2.0,1,False,1,1,False,1,False,resolved
100,Sr6Ca4P6O24F2,https://doi.org/10.1016/j.materresbull.2015.07.031,2.0,1,False,1,1,False,1,False,resolved
101,Ca7.98La2P6O26,https://doi.org/10.1021/jp302252k,2.0,2,False,1,1,False,1,False,resolved
102,Ca7.95La2P6O26,https://doi.org/10.1021/jp302252k,2.0,2,False,1,1,False,1,False,resolved
103,Ca7.94La2P6O26,https://doi.org/10.1021/jp302252k,2.0,2,False,1,1,False,1,False,resolved
104,Ca7.92La2P6O26,https://doi.org/10.1021/jp302252k,2.0,2,False,1,1,False,1,False,resolved
105,Na2.98Sc2P3O12,https://doi.org/10.1038/nmat4843,2.0,1,False,1,1,False,1,False,resolved
106,Na2.98Sc2P3O12,https://doi.org/10.1038/nmat4843,2.0,1,False,1,1,False,1,False,resolved
107,Na2.98Sc2P3O12,https://doi.org/10.1038/nmat4843,2.0,1,False,1,1,False,1,False,resolved
108,Na2.94Sc2P3O12,https://doi.org/10.1038/nmat4843,2.0,1,False,1,1,False,1,False,resolved
109,Na2.94Sc2P3O12,https://doi.org/10.1038/nmat4843,2.0,1,False,1,1,False,1,False,resolved
110,Na2.94Sc2P3O12,https://doi.org/10.1038/nmat4843,2.0,1,False,1,1,False,1,False,resolved
111,Na2.86Sc2P3O12,https://doi.org/10.1038/nmat4843,2.0,1,False,1,1,False,1,False,resolved
112,Na2.86Sc2P3O12,https://doi.org/10.1038/nmat4843,2.0,1,False,1,1,False,1,False,resolved
113,Na2.86Sc2P3O12,https://doi.org/10.1038/nmat4843,2.0,1,False,1,1,False,1,False,resolved
114,Na2.86Sc2P3O12,https://doi.org/10.1038/nmat4843,2.0,1,False,1,1,False,1,False,resolved
115,Na2.86Sc2P3O12,https://doi.org/10.1038/nmat4843,2.0,1,False,1,1,False,1,False,resolved
116,Y2Mg1.99Al2Si2O12,https://doi.org/10.1021/acssuschemeng.9b01401,2.0,1,False,1,1,False,1,False,resolved
117,Ba2Ca0.99P2O8,https://doi.org/10.1111/jace.12258,2.0,1,False,1,1,False,1,False,resolved
118,Ca7.137Sr1.8YP7O28,https://doi.org/10.1039/C1JM11018G,2.0,1,False,1,1,False,1,False,resolved
119,Ca2PO4Cl,https://doi.org/10.1039/B920610H,2.0,1,False,1,1,False,1,False,resolved
120,Ca7.587Sr1.35YP7O28,https://doi.org/10.1039/C1JM11018G,2.0,1,False,1,1,False,1,False,resolved
121,Ca5P3O12Cl,https://doi.org/10.1039/C5TC03482E,2.0,1,False,1,1,False,1,False,resolved
122,Ca5P3O12Cl,https://doi.org/10.1039/C5TC03482E,2.0,1,False,1,1,False,1,False,resolved
123,Ca5P3O12Cl,https://doi.org/10.1039/C5TC03482E,2.0,1,False,1,1,False,1,False,resolved
124,Ca5P3O12Cl,https://doi.org/10.1039/C5TC03482E,2.0,1,False,1,1,False,1,False,resolved
125,Ca5P3O12Cl,https://doi.org/10.1039/C5TC03482E,2.0,1,False,1,1,False,1,False,resolved
126,Ca5P3O12Cl,https://doi.org/10.1039/C5TC03482E,2.0,1,False,1,1,False,1,False,resolved
127,BaBeSiO4,https://doi.org/10.1364/OME.6.000416,2.0,1,False,1,1,False,1,False,resolved
128,BaBeSiO4,https://doi.org/10.1364/OME.6.000416,2.0,1,False,1,1,False,1,False,resolved
129,BaBeSiO4,https://doi.org/10.1364/OME.6.000416,2.0,1,False,1,1,False,1,False,resolved
130,BaBeSiO4,https://doi.org/10.1364/OME.6.000416,2.0,1,False,1,1,False,1,False,resolved
131,BaBeSiO4,https://doi.org/10.1364/OME.6.000416,2.0,1,False,1,1,False,1,False,resolved
132,BaBeSiO4,https://doi.org/10.1364/OME.6.000416,2.0,1,False,1,1,False,1,False,resolved
133,Ca9.9KP7O28,https://doi.org/10.1149/1.3121531,2.0,1,False,1,1,False,1,False,resolved
134,Ca9.6KP7O28,https://doi.org/10.1149/1.3121531,2.0,1,False,1,1,False,1,False,resolved
135,Ca9.5KP7O28,https://doi.org/10.1149/1.3121531,2.0,1,False,1,1,False,1,False,resolved
136,Ca9.2KP7O28,https://doi.org/10.1149/1.3121531,2.0,1,False,1,1,False,1,False,resolved
137,Ca8.9KP7O28,https://doi.org/10.1149/1.3121531,2.0,1,False,1,1,False,1,False,resolved
138,K2BaCaP2O8,https://doi.org/10.1021/jacs.8b06021,2.0,6,False,1,1,False,1,False,resolved
139,Ba2.99CaKP3O12,https://doi.org/10.1016/j.cej.2018.09.036,2.0,1,False,1,1,False,1,False,resolved
140,Ba2.99Ca0.95KP3O12,https://doi.org/10.1016/j.cej.2018.09.036,2.0,1,False,1,1,False,1,False,resolved
141,Ca3.94Si2O7F2,https://doi.org/10.1039/C2JM33160H,2.0,1,False,1,1,False,1,False,resolved
142,Ca3.92Si2O7F2,https://doi.org/10.1039/C2JM33160H,2.0,1,False,1,1,False,1,False,resolved
143,Ca9LaP5SiO24Cl2,https://doi.org/10.1016/j.jlumin.2018.10.036,2.0,1,False,1,1,False,1,False,resolved
144,Ca9LaP5SiO24Cl2,https://doi.org/10.1016/j.jlumin.2018.10.036,2.0,1,False,1,1,False,1,False,resolved
145,Ca9LaP5SiO24Cl2,https://doi.org/10.1016/j.jlumin.2018.10.036,2.0,1,False,1,1,False,1,False,resolved
146,Ca9LaP5SiO24Cl2,https://doi.org/10.1016/j.jlumin.2018.10.036,2.0,1,False,1,1,False,1,False,resolved
147,Ca9LaP5SiO24Cl2,https://doi.org/10.1016/j.jlumin.2018.10.036,2.0,1,False,1,1,False,1,False,resolved
148,Ca9LaP5SiO24Cl2,https://doi.org/10.1016/j.jlumin.2018.10.036,2.0,1,False,1,1,False,1,False,resolved
149,Ca9LaP5SiO24Cl2,https://doi.org/10.1016/j.jlumin.2018.10.036,2.0,1,False,1,1,False,1,False,resolved
150,Ca9LaP5SiO24Cl2,https://doi.org/10.1016/j.jlumin.2018.10.036,2.0,1,False,1,1,False,1,False,resolved
151,Ca9LaP5SiO24Cl2,https://doi.org/10.1016/j.jlumin.2018.10.036,2.0,1,False,1,1,False,1,False,resolved
152,Ca2.94Mg3P4O16,https://doi.org/10.1039/C3RA40313K,2.0,1,False,1,1,False,1,False,resolved
153,Ca2.94Mg2.95P4O16,https://doi.org/10.1039/C3RA40313K,2.0,1,False,1,1,False,1,False,resolved
154,Ca2.94Mg2.9P4O16,https://doi.org/10.1039/C3RA40313K,2.0,1,False,1,1,False,1,False,resolved
155,Ca2.94Mg2.8P4O16,https://doi.org/10.1039/C3RA40313K,2.0,1,False,1,1,False,1,False,resolved
156,Ca2.94Mg2.7P4O16,https://doi.org/10.1039/C3RA40313K,2.0,1,False,1,1,False,1,False,resolved
157,KCa0.99GdP2O8,https://doi.org/10.1039/C3RA40471D,2.0,1,False,1,1,False,1,False,resolved
158,KCa0.97GdP2O8,https://doi.org/10.1039/C3RA40471D,2.0,1,False,1,1,False,1,False,resolved
159,KCa0.95GdP2O8,https://doi.org/10.1039/C3RA40471D,2.0,1,False,1,1,False,1,False,resolved
160,KCa0.93GdP2O8,https://doi.org/10.1039/C3RA40471D,2.0,1,False,1,1,False,1,False,resolved
161,KCa0.9GdP2O8,https://doi.org/10.1039/C3RA40471D,2.0,1,False,1,1,False,1,False,resolved
162,KCa0.98GdP2O8,https://doi.org/10.1039/C3RA40471D,2.0,1,False,1,1,False,1,False,resolved
163,KCa0.96GdP2O8,https://doi.org/10.1039/C3RA40471D,2.0,1,False,1,1,False,1,False,resolved
164,KCa0.94GdP2O8,https://doi.org/10.1039/C3RA40471D,2.0,1,False,1,1,False,1,False,resolved
165,KCa0.92GdP2O8,https://doi.org/10.1039/C3RA40471D,2.0,1,False,1,1,False,1,False,resolved
166,KCa0.89GdP2O8,https://doi.org/10.1039/C3RA40471D,2.0,1,False,1,1,False,1,False,resolved
167,Y2Mg1.98Al2Si2O12,https://doi.org/10.1021/acssuschemeng.9b01401,2.0,1,False,1,1,False,1,False,resolved
168,BaMgSi4O10,https://doi.org/10.1021/acs.inorgchem.0c01803,2.0,1,False,1,1,False,1,False,resolved
169,BaMgSi4O10,https://doi.org/10.1021/acs.inorgchem.0c01803,2.0,1,False,1,1,False,1,False,resolved
170,BaMgSi4O10,https://doi.org/10.1021/acs.inorgchem.0c01803,2.0,1,False,1,1,False,1,False,resolved
171,Y2Mg1.99Al2Si2O12,https://doi.org/10.1021/acs.inorgchem.1c00317,2.0,1,False,1,1,False,1,False,resolved
172,Ba2.97LaNaP3O12F,https://doi.org/10.1021/ic401033u,2.0,1,False,1,1,False,1,False,resolved
173,Y1.999Mg1.99Al2Si2O12,https://doi.org/10.1021/acs.inorgchem.1c00317,2.0,1,False,1,1,False,1,False,resolved
174,Ca8.037Sr0.9YP7O28,https://doi.org/10.1039/C1JM11018G,2.0,1,False,1,1,False,1,False,resolved
175,Y1.995Mg1.99Al2Si2O12,https://doi.org/10.1021/acs.inorgchem.1c00317,2.0,1,False,1,1,False,1,False,resolved
176,Sr3NaYP3O12F,https://doi.org/10.1039/C6RA20699A,2.0,1,False,1,1,False,1,False,resolved
177,Sr3NaYP3O12F,https://doi.org/10.1039/C6RA20699A,2.0,1,False,1,1,False,1,False,resolved
178,Sr3NaYP3O12F,https://doi.org/10.1039/C6RA20699A,2.0,1,False,1,1,False,1,False,resolved
179,Sr3NaYP3O12F,https://doi.org/10.1039/C6RA20699A,2.0,1,False,1,1,False,1,False,resolved
180,Sr3NaYP3O12F,https://doi.org/10.1039/C6RA20699A,2.0,1,False,1,1,False,1,False,resolved
181,Sr3NaYP3O12F,https://doi.org/10.1039/C6RA20699A,2.0,1,False,1,1,False,1,False,resolved
182,Mg1.96Al4Si5O18,https://doi.org/10.1021/ic501057r,2.0,1,False,1,1,False,1,False,resolved
183,Mg1.92Al4Si5O18,https://doi.org/10.1021/ic501057r,2.0,1,False,1,1,False,1,False,resolved
184,Mg1.88Al4Si5O18,https://doi.org/10.1021/ic501057r,2.0,1,False,1,1,False,1,False,resolved
185,Mg1.84Al4Si5O18,https://doi.org/10.1021/ic501057r,2.0,1,False,1,1,False,1,False,resolved
186,Mg1.8Al4Si5O18,https://doi.org/10.1021/ic501057r,2.0,1,False,1,1,False,1,False,resolved
187,Mg1.76Al4Si5O18,https://doi.org/10.1021/ic501057r,2.0,1,False,1,1,False,1,False,resolved
188,Mg1.72Al4Si5O18,https://doi.org/10.1021/ic501057r,2.0,1,False,1,1,False,1,False,resolved
189,Y2Mg1.97Al2Si2O12,https://doi.org/10.1021/acssuschemeng.9b01401,2.0,1,False,1,1,False,1,False,resolved
190,KCaYP2O8,https://doi.org/10.1021/ic3007102,2.0,2,False,1,1,False,1,False,resolved
191,KCaYP2O8,https://doi.org/10.1021/ic3007102,2.0,2,False,1,1,False,1,False,resolved
192,KCaYP2O8,https://doi.org/10.1021/ic3007102,2.0,2,False,1,1,False,1,False,resolved
193,KCaYP2O8,https://doi.org/10.1021/ic3007102,2.0,2,False,1,1,False,1,False,resolved
194,KCaYP2O8,https://doi.org/10.1021/ic3007102,2.0,2,False,1,1,False,1,False,resolved
195,LiBa0.99PO4,https://doi.org/10.1063/1.3673331,2.0,1,False,1,1,False,1,False,resolved
196,LiBa0.97PO4,https://doi.org/10.1063/1.3673331,2.0,1,False,1,1,False,1,False,resolved
197,K0.4Na0.6Sr0.985,https://doi.org/10.1039/C3TC30128A,2.0,1,False,1,1,False,1,False,resolved
198,K0.4Na0.6Sr0.965,https://doi.org/10.1039/C3TC30128A,2.0,1,False,1,1,False,1,False,resolved
199,K0.4Na0.6Sr0.945,https://doi.org/10.1039/C3TC30128A,2.0,1,False,1,1,False,1,False,resolved
200,KNaCa2P2O8,https://doi.org/10.1021/ic402305x,2.0,1,False,1,1,False,1,False,resolved
201,KNaCa2P2O8,https://doi.org/10.1021/ic402305x,2.0,1,False,1,1,False,1,False,resolved
202,KNaCa2P2O8,https://doi.org/10.1021/ic402305x,2.0,1,False,1,1,False,1,False,resolved
203,Y2Mg1.95Al2Si2O12,https://doi.org/10.1021/acssuschemeng.9b01401,2.0,1,False,1,1,False,1,False,resolved
204,Ca8.487Sr0.45YP7O28,https://doi.org/10.1039/C1JM11018G,2.0,1,False,1,1,False,1,False,resolved
205,Y1.99Mg1.99Al2Si2O12,https://doi.org/10.1021/acs.inorgchem.1c00317,2.0,1,False,1,1,False,1,False,resolved
206,Y2Mg1.94Al2Si2O12,https://doi.org/10.1021/acssuschemeng.9b01401,2.0,1,False,1,1,False,1,False,resolved
207,Na2Ca3.96Mg2Si4O15,https://doi.org/10.1039/C3RA46474A,2.0,1,False,1,1,False,1,False,resolved
208,Na2Ca3.96Mg1.98Si4O15,https://doi.org/10.1039/C3RA46474A,2.0,1,False,1,1,False,1,False,resolved
209,Na2Ca3.96Mg1.96Si4O15,https://doi.org/10.1039/C3RA46474A,2.0,1,False,1,1,False,1,False,resolved
210,Na2Ca3.96Mg1.94Si4O15,https://doi.org/10.1039/C3RA46474A,2.0,1,False,1,1,False,1,False,resolved
211,Na2Ca3.96Mg1.92Si4O15,https://doi.org/10.1039/C3RA46474A,2.0,1,False,1,1,False,1,False,resolved
212,Ca8.91LuP7O28,https://doi.org/10.1021/ic101749g,2.0,1,False,1,1,False,1,False,resolved
213,Ca8.82LuP7O28,https://doi.org/10.1021/ic101749g,2.0,1,False,1,1,False,1,False,resolved
214,Ca8.73LuP7O28,https://doi.org/10.1021/ic101749g,2.0,1,False,1,1,False,1,False,resolved
215,Ca8.55LuP7O28,https://doi.org/10.1021/ic101749g,2.0,1,False,1,1,False,1,False,resolved
216,K0.6Na0.4Sr0.995,https://doi.org/10.1039/C3TC30128A,2.0,1,False,1,1,False,1,False,resolved
217,K0.5Na0.5Sr0.995,https://doi.org/10.1039/C3TC30128A,2.0,1,False,1,1,False,1,False,resolved
218,K0.4Na0.6Sr0.995,https://doi.org/10.1039/C3TC30128A,2.0,1,False,1,1,False,1,False,resolved
219,K0.2Na0.8Sr0.995,https://doi.org/10.1039/C3TC30128A,2.0,1,False,1,1,False,1,False,resolved
220,Y1.985Mg1.99Al2Si2O12,https://doi.org/10.1021/acs.inorgchem.1c00317,2.0,1,False,1,1,False,1,False,resolved
221,Y2Mg1.93Al2Si2O12,https://doi.org/10.1021/acssuschemeng.9b01401,2.0,1,False,1,1,False,1,False,resolved
222,Y2Mg1.92Al2Si2O12,https://doi.org/10.1021/acssuschemeng.9b01401,2.0,1,False,1,1,False,1,False,resolved
223,Sr2.995LaNaP2SiO12,https://doi.org/10.1016/j.ceramint.2016.08.163,2.0,1,False,1,1,False,1,False,resolved
224,Sr2.99LaNaP2SiO12,https://doi.org/10.1016/j.ceramint.2016.08.163,2.0,1,False,1,1,False,1,False,resolved
225,Sr2.98LaNaP2SiO12,https://doi.org/10.1016/j.ceramint.2016.08.163,2.0,1,False,1,1,False,1,False,resolved
226,Sr2.965LaNaP2SiO12,https://doi.org/10.1016/j.ceramint.2016.08.163,2.0,1,False,1,1,False,1,False,resolved
227,Sr2.95LaNaP2SiO12,https://doi.org/10.1016/j.ceramint.2016.08.163,2.0,1,False,1,1,False,1,False,resolved
228,Sr2.925LaNaP2SiO12,https://doi.org/10.1016/j.ceramint.2016.08.163,2.0,1,False,1,1,False,1,False,resolved
229,Sr2.9LaNaP2SiO12,https://doi.org/10.1016/j.ceramint.2016.08.163,2.0,1,False,1,1,False,1,False,resolved
230,Sr2.995LaNaP2SiO12,https://doi.org/10.1016/j.ceramint.2016.08.163,2.0,1,False,1,1,False,1,False,resolved
231,Sr2.99LaNaP2SiO12,https://doi.org/10.1016/j.ceramint.2016.08.163,2.0,1,False,1,1,False,1,False,resolved
232,Sr2.98LaNaP2SiO12,https://doi.org/10.1016/j.ceramint.2016.08.163,2.0,1,False,1,1,False,1,False,resolved
233,Ca8.91YP7O28,https://doi.org/10.1021/am900668r,2.0,1,False,1,1,False,1,False,resolved
234,Ca8.865YP7O28,https://doi.org/10.1021/am900668r,2.0,1,False,1,1,False,1,False,resolved
235,Ca8.82YP7O28,https://doi.org/10.1021/am900668r,2.0,1,False,1,1,False,1,False,resolved
236,Ca8.775YP7O28,https://doi.org/10.1021/am900668r,2.0,1,False,1,1,False,1,False,resolved
237,Ca8.64YP7O28,https://doi.org/10.1021/am900668r,2.0,1,False,1,1,False,1,False,resolved
238,Ca8.937YP7O28,https://doi.org/10.1039/C1JM11018G,2.0,1,False,1,1,False,1,False,resolved
239,Ca8.487Sr0.45YP7O28,https://doi.org/10.1039/C1JM11018G,2.0,1,False,1,1,False,1,False,resolved
240,KBa0.999ScSi2O7,https://doi.org/10.1111/jace.16644,2.0,1,False,1,1,False,1,False,resolved
241,KBa0.998ScSi2O7,https://doi.org/10.1111/jace.16644,2.0,1,False,1,1,False,1,False,resolved
242,KBa0.997ScSi2O7,https://doi.org/10.1111/jace.16644,2.0,1,False,1,1,False,1,False,resolved
243,KBa0.996ScSi2O7,https://doi.org/10.1111/jace.16644,2.0,1,False,1,1,False,1,False,resolved
244,KBa0.995ScSi2O7,https://doi.org/10.1111/jace.16644,2.0,1,False,1,1,False,1,False,resolved
245,KBa0.994ScSi2O7,https://doi.org/10.1111/jace.16644,2.0,1,False,1,1,False,1,False,resolved
246,KBa0.993ScSi2O7,https://doi.org/10.1111/jace.16644,2.0,1,False,1,1,False,1,False,resolved
247,KBa0.992ScSi2O7,https://doi.org/10.1111/jace.16644,2.0,1,False,1,1,False,1,False,resolved
248,KBa0.99ScSi2O7,https://doi.org/10.1111/jace.16644,2.0,1,False,1,1,False,1,False,resolved
249,Ca8.037Sr0.9YP7O28,https://doi.org/10.1039/C1JM11018G,2.0,1,False,1,1,False,1,False,resolved
250,Na3Bi0.65P2O8,https://doi.org/10.1016/j.jlumin.2016.12.012,3.0,1,False,1,1,False,1,False,resolved
251,Na3Bi0.6P2O8,https://doi.org/10.1016/j.jlumin.2016.12.012,3.0,1,False,1,1,False,1,False,resolved
252,Na3Bi0.88P2O8,https://doi.org/10.1016/j.jlumin.2016.12.012,3.0,1,False,1,1,False,1,False,resolved
253,Na3Bi0.86P2O8,https://doi.org/10.1016/j.jlumin.2016.12.012,3.0,1,False,1,1,False,1,False,resolved
254,Na3Bi0.84P2O8,https://doi.org/10.1016/j.jlumin.2016.12.012,3.0,1,False,1,1,False,1,False,resolved
255,Na3Bi0.82P2O8,https://doi.org/10.1016/j.jlumin.2016.12.012,3.0,1,False,1,1,False,1,False,resolved
256,Sr2.97YP3O12,https://doi.org/10.1039/C1CP20635D,2.0,1,False,1,1,False,1,False,resolved
257,Sr2.955YP3O12,https://doi.org/10.1039/C1CP20635D,2.0,1,False,1,1,False,1,False,resolved
258,Sr2.94YP3O12,https://doi.org/10.1039/C1CP20635D,2.0,1,False,1,1,False,1,False,resolved
259,Sr2.91YP3O12,https://doi.org/10.1039/C1CP20635D,2.0,1,False,1,1,False,1,False,resolved
260,Ca8.91GdP7O28,https://doi.org/10.1039/C0JM01860K,2.0,1,False,1,1,False,1,False,resolved
261,Ca8.82GdP7O28,https://doi.org/10.1039/C0JM01860K,2.0,1,False,1,1,False,1,False,resolved
262,Ca8.73GdP7O28,https://doi.org/10.1039/C0JM01860K,2.0,1,False,1,1,False,1,False,resolved
263,Ca8.64GdP7O28,https://doi.org/10.1039/C0JM01860K,2.0,1,False,1,1,False,1,False,resolved
264,Y2Mg1.9Al2Si2O12,https://doi.org/10.1021/acssuschemeng.9b01401,2.0,1,False,1,1,False,1,False,resolved
265,Ca7.587Sr1.35YP7O28,https://doi.org/10.1039/C1JM11018G,2.0,1,False,1,1,False,1,False,resolved
266,Ca9GdP7O28,https://doi.org/10.1021/jp106693z,2.0,1,False,1,1,False,1,False,resolved
267,Ca8.28GdP7O28,https://doi.org/10.1021/jp106693z,2.0,1,False,1,1,False,1,False,resolved
268,Ca8.19GdP7O28,https://doi.org/10.1021/jp106693z,2.0,1,False,1,1,False,1,False,resolved
269,Ca7.137Sr1.8YP7O28,https://doi.org/10.1039/C1JM11018G,2.0,1,False,1,1,False,1,False,resolved
270,BaSi2O2N2,https://doi.org/10.1016/j.actamat.2021.116813,2.0,1,False,1,1,False,1,False,resolved
271,BaSi2N2O2,https://doi.org/10.1021/cm802394w,2.0,1,False,1,1,False,1,False,resolved
272,Ba0.98Si2N2O2,https://doi.org/10.1021/cm802394w,3.0,1,False,1,1,False,1,False,resolved
273,Ca6.687Sr2.25YP7O28,https://doi.org/10.1039/C1JM11018G,2.0,1,False,1,1,False,1,False,resolved
274,Sr2.985ScP3O12,https://doi.org/10.1039/C3DT32946A,2.0,1,False,1,1,False,1,False,resolved
275,Sr2.97ScP3O12,https://doi.org/10.1039/C3DT32946A,2.0,1,False,1,1,False,1,False,resolved
276,Sr2.955ScP3O12,https://doi.org/10.1039/C3DT32946A,2.0,1,False,1,1,False,1,False,resolved
277,Sr2.925ScP3O12,https://doi.org/10.1039/C3DT32946A,2.0,1,False,1,1,False,1,False,resolved
278,Ba1.28Ca0.7SiO4,https://doi.org/10.1021/ic501423p,2.0,1,False,1,1,False,1,False,resolved
279,Ca7MgSi4O16,https://doi.org/10.1039/C2CP23343F,2.0,1,False,1,1,False,1,False,resolved
280,Ba1.28Ca0.7SiO4,https://doi.org/10.1021/ic501423p,2.0,1,False,1,1,False,1,False,resolved
281,Ba1.28Ca0.69SiO4,https://doi.org/10.1021/ic501423p,2.0,1,False,1,1,False,1,False,resolved
282,Ba1.28Ca0.68SiO4,https://doi.org/10.1021/ic501423p,2.0,1,False,1,1,False,1,False,resolved
283,Ca8.9CeP7O28,https://doi.org/10.1039/C6CP05490K,2.0,1,False,1,1,False,1,False,resolved
284,Ca8.88CeP7O28,https://doi.org/10.1039/C6CP05490K,2.0,1,False,1,1,False,1,False,resolved
285,Ca8.86CeP7O28,https://doi.org/10.1039/C6CP05490K,2.0,1,False,1,1,False,1,False,resolved
286,Ca11Si4O22B2,https://doi.org/10.1039/C3TC30933A,2.0,1,False,1,1,False,1,False,resolved
287,Ca9LaP7O28,https://doi.org/10.1364/OE.18.005089,2.0,1,False,1,1,False,1,False,resolved
288,Ca9LaP7O28,https://doi.org/10.1364/OE.18.005089,2.0,1,False,1,1,False,1,False,resolved
289,Ca9LaP7O28,https://doi.org/10.1364/OE.18.005089,2.0,1,False,1,1,False,1,False,resolved
290,Ca9LaP7O28,https://doi.org/10.1364/OE.18.005089,2.0,1,False,1,1,False,1,False,resolved
291,Ca6.237Sr2.7YP7O28,https://doi.org/10.1039/C1JM11018G,2.0,1,False,1,1,False,1,False,resolved
292,Sr2.95YP3O12,https://doi.org/10.1016/j.jre.2017.06.013,2.0,1,False,1,1,False,1,False,resolved
293,Sr2.95Y0.99P3O12,https://doi.org/10.1016/j.jre.2017.06.013,2.0,1,False,1,1,False,1,False,resolved
294,Sr2.95Y0.97P3O12,https://doi.org/10.1016/j.jre.2017.06.013,2.0,1,False,1,1,False,1,False,resolved
295,Sr2.95Y0.95P3O12,https://doi.org/10.1016/j.jre.2017.06.013,2.0,1,False,1,1,False,1,False,resolved
296,Sr2.95Y0.93P3O12,https://doi.org/10.1016/j.jre.2017.06.013,2.0,1,False,1,1,False,1,False,resolved
297,Ca10.945Si4O22B2,https://doi.org/10.1039/C3TC30933A,2.0,1,False,1,1,False,1,False,resolved
298,Na2CaPO4F,https://doi.org/10.1016/j.jlumin.2011.02.034,2.0,1,False,1,1,False,1,False,resolved
299,Ca4.437Sr4.5YP7O28,https://doi.org/10.1039/C1JM11018G,2.0,1,False,1,1,False,1,False,resolved
300,Ca4.392Sr4.5YP7O28,https://doi.org/10.1039/C1JM11018G,2.0,1,False,1,1,False,1,False,resolved
301,Ca4.347Sr4.5YP7O28,https://doi.org/10.1039/C1JM11018G,2.0,1,False,1,1,False,1,False,resolved
302,Ca4.257Sr4.5YP7O28,https://doi.org/10.1039/C1JM11018G,2.0,1,False,1,1,False,1,False,resolved
303,Ca2.9925Si2O4N2,https://doi.org/10.1364/OE.19.00A331,2.0,1,False,1,1,False,1,False,resolved
304,Ca0.975Sr0.975SiO4,https://doi.org/10.1016/j.ceramint.2014.12.131,2.0,1,False,1,1,False,1,False,resolved
305,Ba8.91Sc2Si6O24,https://doi.org/10.1039/C5RA10945K,2.0,1,False,1,1,False,1,False,resolved
306,Ca2.985Si2O4N2,https://doi.org/10.1364/OE.19.00A331,2.0,1,False,1,1,False,1,False,resolved
307,Ca2.97Si2O4N2,https://doi.org/10.1364/OE.19.00A331,2.0,1,False,1,1,False,1,False,resolved
308,Ba0.99YSi2Al2O2N5,https://doi.org/10.1039/C0JM03573D,2.0,1,False,1,1,False,1,False,resolved
309,Sr8.97ScP7O28,https://doi.org/10.1002/ejic.201301216,2.0,1,False,1,1,False,1,False,resolved
310,Y1.98Mg1.99Al2Si2O12,https://doi.org/10.1021/acs.inorgchem.1c00317,2.0,1,False,1,1,False,1,False,resolved
311,Ba5Si2O6Cl6,https://doi.org/10.1039/C7RA07221J,2.0,1,False,1,1,False,1,False,resolved
312,Ba5Si2O6Cl6,https://doi.org/10.1039/C7RA07221J,2.0,1,False,1,1,False,1,False,resolved
313,Ba5Si2O6Cl6,https://doi.org/10.1039/C7RA07221J,2.0,1,False,1,1,False,1,False,resolved
314,Ba5Si2O6Cl6,https://doi.org/10.1039/C7RA07221J,2.0,1,False,1,1,False,1,False,resolved
315,Ba5Si2O6Cl6,https://doi.org/10.1039/C7RA07221J,2.0,1,False,1,1,False,1,False,resolved
316,Ba5Si2O6Cl6,https://doi.org/10.1039/C7RA07221J,2.0,1,False,1,1,False,1,False,resolved
317,Ba5Si2O6Cl6,https://doi.org/10.1039/C7RA07221J,2.0,1,False,1,1,False,1,False,resolved
318,Ca2.91Si2O4N2,https://doi.org/10.1364/OE.19.00A331,2.0,1,False,1,1,False,1,False,resolved
319,Ba2LuB2O6Cl,https://doi.org/10.1021/ic200988w,3.0,1,False,1,1,False,1,False,resolved
320,Ba0.98YSi2Al2O2N5,https://doi.org/10.1039/C0JM03573D,2.0,1,False,1,1,False,1,False,resolved
321,Ba0.99LuAl2Si2O2N5,https://doi.org/10.1039/C9TC06932A,2.0,1,False,1,1,False,1,False,resolved
322,Ca2.85Si2O4N2,https://doi.org/10.1364/OE.19.00A331,2.0,1,False,1,1,False,1,False,resolved
323,Sr1.75Ca1.24P2O8,https://doi.org/10.1021/ic500230v,2.0,1,False,1,1,False,1,False,resolved
324,Ba0.96YSi2Al2O2N5,https://doi.org/10.1039/C0JM03573D,2.0,1,False,1,1,False,1,False,resolved
325,Ba5P2SiO12,https://doi.org/10.1039/C6CP08300E,2.0,1,False,1,1,False,1,False,resolved
326,Ba5P2SiO12,https://doi.org/10.1039/C6CP08300E,2.0,1,False,1,1,False,1,False,resolved
327,Ba5P2SiO12,https://doi.org/10.1039/C6CP08300E,2.0,1,False,1,1,False,1,False,resolved
328,Ba5P2SiO12,https://doi.org/10.1039/C6CP08300E,2.0,1,False,1,1,False,1,False,resolved
329,Ba5P2SiO12,https://doi.org/10.1039/C6CP08300E,2.0,1,False,1,1,False,1,False,resolved
330,Ba5P2SiO12,https://doi.org/10.1039/C6CP08300E,2.0,1,False,1,1,False,1,False,resolved
331,Sr1.96V2O7,https://doi.org/10.1016/j.actamat.2013.03.036,3.0,1,False,1,1,False,1,False,resolved
332,Sr1.92V2O7,https://doi.org/10.1016/j.actamat.2013.03.036,3.0,1,False,1,1,False,1,False,resolved
333,Sr1.88V2O7,https://doi.org/10.1016/j.actamat.2013.03.036,3.0,1,False,1,1,False,1,False,resolved
334,Sr1.84V2O7,https://doi.org/10.1016/j.actamat.2013.03.036,3.0,1,False,1,1,False,1,False,resolved
335,Sr1.80V2O7,https://doi.org/10.1016/j.actamat.2013.03.036,3.0,1,False,1,1,False,1,False,resolved
336,Sr1.76V2O7,https://doi.org/10.1016/j.actamat.2013.03.036,3.0,1,False,1,1,False,1,False,resolved
337,Ba0.92YSi2Al2O2N5,https://doi.org/10.1039/C0JM03573D,2.0,1,False,1,1,False,1,False,resolved
338,SrBaSiO4,https://doi.org/10.1016/j.actamat.2021.116813,2.0,1,False,1,1,False,1,False,resolved
339,Ca2.79Si2O4N2,https://doi.org/10.1364/OE.19.00A331,2.0,1,False,1,1,False,1,False,resolved
340,Y1.97Mg1.99Al2Si2O12,https://doi.org/10.1021/acs.inorgchem.1c00317,2.0,1,False,1,1,False,1,False,resolved
341,Sr0.99LuAl2Si2O2N5,https://doi.org/10.1039/C9TC06932A,2.0,1,False,1,1,False,1,False,resolved
342,Ba2YB2O6Cl,https://doi.org/10.1021/ic200988w,3.0,1,False,1,1,False,1,False,resolved
343,Ba0.88YSi2Al2O2N5,https://doi.org/10.1039/C0JM03573D,2.0,1,False,1,1,False,1,False,resolved
344,Ca3.95Y6Si6O25,https://doi.org/10.1039/C4RA08283D,2.0,1,False,1,1,False,1,False,resolved
345,Ca3.94Y6Si6O25,https://doi.org/10.1039/C4RA08283D,2.0,1,False,1,1,False,1,False,resolved
346,Ca3.92Y6Si6O25,https://doi.org/10.1039/C4RA08283D,2.0,1,False,1,1,False,1,False,resolved
347,Ba0.82Sr0.1YSi2Al2O2N5,https://doi.org/10.1039/C0JM03573D,2.0,1,False,1,1,False,1,False,resolved
348,Ca1.992MgSi2O7,https://doi.org/10.1063/1.2722670,2.0,1,False,1,1,False,1,False,resolved
349,Ca1.992Mg0.9Si2O7,https://doi.org/10.1063/1.2722670,2.0,1,False,1,1,False,1,False,resolved
350,Ca1.992Mg0.85Si2O7,https://doi.org/10.1063/1.2722670,2.0,1,False,1,1,False,1,False,resolved
351,Ca1.992Mg0.8Si2O7,https://doi.org/10.1063/1.2722670,2.0,1,False,1,1,False,1,False,resolved
352,Ca1.992Mg0.75Si2O7,https://doi.org/10.1063/1.2722670,2.0,1,False,1,1,False,1,False,resolved
353,Ca1.992Mg0.7Si2O7,https://doi.org/10.1063/1.2722670,2.0,1,False,1,1,False,1,False,resolved
354,Ca1.992Mg0.65Si2O7,https://doi.org/10.1063/1.2722670,2.0,1,False,1,1,False,1,False,resolved
355,Y1.96Mg1.99Al2Si2O12,https://doi.org/10.1021/acs.inorgchem.1c00317,2.0,1,False,1,1,False,1,False,resolved
356,Ba0.84YSi2Al2O2N5,https://doi.org/10.1039/C0JM03573D,2.0,1,False,1,1,False,1,False,resolved
357,Ba0.72Sr0.2YSi2Al2O2N5,https://doi.org/10.1039/C0JM03573D,2.0,1,False,1,1,False,1,False,resolved
358,Na0.95ScSi2O6,https://doi.org/10.1021/jp4062225,2.0,1,False,1,1,False,1,False,resolved
359,Na0.95Sc0.97Si2O6,https://doi.org/10.1021/jp4062225,2.0,1,False,1,1,False,1,False,resolved
360,Na0.95Sc0.9Si2O6,https://doi.org/10.1021/jp4062225,2.0,1,False,1,1,False,1,False,resolved
361,Sr0.94Ga2S4,https://doi.org/10.1016/S1002-0721(08)60010-1,2.0,1,False,1,1,False,1,False,resolved
362,Sr2.965LaNaP2SiO12,https://doi.org/10.1016/j.ceramint.2016.08.163,2.0,1,False,1,1,False,1,False,resolved
363,Sr2.95LaNaP2SiO12,https://doi.org/10.1016/j.ceramint.2016.08.163,2.0,1,False,1,1,False,1,False,resolved
364,Sr2.925LaNaP2SiO12,https://doi.org/10.1016/j.ceramint.2016.08.163,2.0,1,False,1,1,False,1,False,resolved
365,Sr2.9LaNaP2SiO12,https://doi.org/10.1016/j.ceramint.2016.08.163,2.0,1,False,1,1,False,1,False,resolved
366,La2W3O12,https://doi.org/10.1016/S0022-4596(02)00221-9,3.0,1,False,1,1,False,1,False,resolved
367,Sr0.995Si2O2N2,https://doi.org/10.1021/cm802394w,2.0,1,False,1,1,False,1,False,resolved
368,Sr0.99Si2O2N2,https://doi.org/10.1021/cm802394w,2.0,1,False,1,1,False,1,False,resolved
369,Sr0.995Si2N2O2,https://doi.org/10.1021/cm802394w,3.0,1,False,1,1,False,1,False,resolved
370,Sr0.99Si2N2O2,https://doi.org/10.1021/cm802394w,3.0,1,False,1,1,False,1,False,resolved
371,Sr0.83Ca0.15Si2O2N2,https://doi.org/10.1021/cm802394w,2.0,1,False,1,1,False,1,False,resolved
372,Sr0.98Si2N2O2,https://doi.org/10.1021/cm802394w,3.0,1,False,1,1,False,1,False,resolved
373,BaMgSi4O10,https://doi.org/10.1021/acs.inorgchem.0c01803,2.0,1,False,1,1,False,1,False,resolved
374,BaMgSi4O10,https://doi.org/10.1021/acs.inorgchem.0c01803,2.0,1,False,1,1,False,1,False,resolved
375,BaMgSi4O10,https://doi.org/10.1021/acs.inorgchem.0c01803,2.0,1,False,1,1,False,1,False,resolved
376,BaMgSi4O10,https://doi.org/10.1021/acs.inorgchem.0c01803,2.0,1,False,1,1,False,1,False,resolved
377,MgGa2S4,https://doi.org/10.1111/jace.12257,2.0,1,False,1,1,False,1,False,resolved
378,MgGa2S4,https://doi.org/10.1111/jace.12257,2.0,1,False,1,1,False,1,False,resolved
379,MgGa2S4,https://doi.org/10.1111/jace.12257,2.0,1,False,1,1,False,1,False,resolved
380,MgGa2S4,https://doi.org/10.1111/jace.12257,2.0,1,False,1,1,False,1,False,resolved
381,MgGa2S4,https://doi.org/10.1111/jace.12257,2.0,1,False,1,1,False,1,False,resolved
382,MgGa2S4,https://doi.org/10.1111/jace.12257,2.0,1,False,1,1,False,1,False,resolved
383,MgGa2S4,https://doi.org/10.1111/jace.12257,2.0,1,False,1,1,False,1,False,resolved
384,MgGa2S4,https://doi.org/10.1111/jace.12257,2.0,1,False,1,1,False,1,False,resolved
385,MgGa2S4,https://doi.org/10.1111/jace.12257,2.0,1,False,1,1,False,1,False,resolved
386,MgGa2S4,https://doi.org/10.1111/jace.12257,2.0,1,False,1,1,False,1,False,resolved
387,MgGa2S4,https://doi.org/10.1111/jace.12257,2.0,1,False,1,1,False,1,False,resolved
388,Mg1.94Ga2S4,https://doi.org/10.1111/jace.12257,2.0,1,False,1,1,False,1,False,resolved
389,Mg1.94Ga2S4,https://doi.org/10.1111/jace.12257,2.0,1,False,1,1,False,1,False,resolved
390,Mg1.94Ga2S4,https://doi.org/10.1111/jace.12257,2.0,1,False,1,1,False,1,False,resolved
391,Mg1.94Ga2S4,https://doi.org/10.1111/jace.12257,2.0,1,False,1,1,False,1,False,resolved
392,Mg1.94Ga2S4,https://doi.org/10.1111/jace.12257,2.0,1,False,1,1,False,1,False,resolved
393,Mg1.94Ga2S4,https://doi.org/10.1111/jace.12257,2.0,1,False,1,1,False,1,False,resolved
394,Mg1.94Ga2S4,https://doi.org/10.1111/jace.12257,2.0,1,False,1,1,False,1,False,resolved
395,Mg1.94Ga2S4,https://doi.org/10.1111/jace.12257,2.0,1,False,1,1,False,1,False,resolved
396,Mg1.94Ga2S4,https://doi.org/10.1111/jace.12257,2.0,1,False,1,1,False,1,False,resolved
397,Mg1.94Ga2S4,https://doi.org/10.1111/jace.12257,2.0,1,False,1,1,False,1,False,resolved
398,Mg1.94Ga2S4,https://doi.org/10.1111/jace.12257,2.0,1,False,1,1,False,1,False,resolved
399,Sr0.98Si2O2N2,https://doi.org/10.1021/cm802394w,2.0,1,False,1,1,False,1,False,resolved
400,Sr0.93Ca0.05Si2O2N2,https://doi.org/10.1021/cm802394w,2.0,1,False,1,1,False,1,False,resolved
401,Sr0.88Ca0.1Si2O2N2,https://doi.org/10.1021/cm802394w,2.0,1,False,1,1,False,1,False,resolved
402,Sr0.93Ba0.05Si2O2N2,https://doi.org/10.1021/cm802394w,2.0,1,False,1,1,False,1,False,resolved
403,Sr0.98Si2N2O2,https://doi.org/10.1021/cm802394w,3.0,1,False,1,1,False,1,False,resolved
404,Sr0.995Si2N2O2,https://doi.org/10.1021/cm802394w,3.0,1,False,1,1,False,1,False,resolved
405,Sr0.99Si2N2O2,https://doi.org/10.1021/cm802394w,3.0,1,False,1,1,False,1,False,resolved
406,Sr0.93Ba0.05Si2N2O2,https://doi.org/10.1021/cm802394w,3.0,1,False,1,1,False,1,False,resolved
407,Sr0.88Ba0.1Si2O2N2,https://doi.org/10.1021/cm802394w,2.0,1,False,1,1,False,1,False,resolved
408,Sr0.88Ba0.10Si2N2O2,https://doi.org/10.1021/cm802394w,3.0,1,False,1,1,False,1,False,resolved
409,BaLi2Al2Si2N6,https://doi.org/10.1021/acs.chemmater.5b02702,2.0,1,False,1,1,False,1,False,resolved
410,SrSi2O2N2,https://doi.org/10.1016/j.actamat.2021.116813,2.0,1,False,1,1,False,1,False,resolved
411,ZnGa2S4,https://doi.org/10.1149/2.099205jes,2.0,1,False,1,1,False,1,False,resolved
412,ZnGa2S4,https://doi.org/10.1149/2.099205jes,2.0,1,False,1,1,False,1,False,resolved
413,ZnGa2S4,https://doi.org/10.1149/2.099205jes,2.0,1,False,1,1,False,1,False,resolved
414,ZnGa2S4,https://doi.org/10.1149/2.099205jes,2.0,1,False,1,1,False,1,False,resolved
415,ZnGa2S4,https://doi.org/10.1149/2.099205jes,2.0,1,False,1,1,False,1,False,resolved
416,ZnGa2S4,https://doi.org/10.1149/2.099205jes,2.0,1,False,1,1,False,1,False,resolved
417,Sr0.96Si2O2N2,https://doi.org/10.1021/cm802394w,2.0,1,False,1,1,False,1,False,resolved
418,Sr0.96Si2N2O2,https://doi.org/10.1021/cm802394w,3.0,1,False,1,1,False,1,False,resolved
419,GdF3,https://doi.org/10.1039/C6CP03989H,3.0,1,False,1,1,False,1,False,resolved
420,GdF3,https://doi.org/10.1039/C6CP03989H,3.0,1,False,1,1,False,1,False,resolved
421,GdF3,https://doi.org/10.1039/C6CP03989H,3.0,1,False,1,1,False,1,False,resolved
422,GdF3,https://doi.org/10.1039/C6CP03989H,3.0,1,False,1,1,False,1,False,resolved
423,K0.4Na0.6Sr0.925,https://doi.org/10.1039/C3TC30128A,2.0,1,False,1,1,False,1,False,resolved
424,K0.4Na0.6Sr0.905,https://doi.org/10.1039/C3TC30128A,2.0,1,False,1,1,False,1,False,resolved
425,K0.4Na0.6Sr0.985,https://doi.org/10.1039/C3TC30128A,2.0,1,False,1,1,False,1,False,resolved
426,Ca5P3O12Cl,https://doi.org/10.1039/C5TC03482E,2.0,1,False,1,1,False,1,False,resolved
427,Ca5P3O12Cl,https://doi.org/10.1039/C5TC03482E,2.0,1,False,1,1,False,1,False,resolved
428,Sr0.73Ca0.25Si2O2N2,https://doi.org/10.1021/cm802394w,2.0,1,False,1,1,False,1,False,resolved
429,Sr0.96Si2N2O2,https://doi.org/10.1021/cm802394w,3.0,1,False,1,1,False,1,False,resolved
430,Ba2.97La0.94NaP3O12F,https://doi.org/10.1021/ic401033u,2.0,1,False,1,1,False,1,False,resolved
431,Ba2.97La0.88NaP3O12F,https://doi.org/10.1021/ic401033u,2.0,1,False,1,1,False,1,False,resolved
432,Ba2.97La0.8NaP3O12F,https://doi.org/10.1021/ic401033u,2.0,1,False,1,1,False,1,False,resolved
433,Ba2.97La0.75NaP3O12F,https://doi.org/10.1021/ic401033u,2.0,1,False,1,1,False,1,False,resolved
434,Ba2.97La0.7NaP3O12F,https://doi.org/10.1021/ic401033u,2.0,1,False,1,1,False,1,False,resolved
435,Ba2.97La0.6NaP3O12F,https://doi.org/10.1021/ic401033u,2.0,1,False,1,1,False,1,False,resolved
436,Ba2.97La0.5NaP3O12F,https://doi.org/10.1021/ic401033u,2.0,1,False,1,1,False,1,False,resolved
437,Ba2.97La0.4NaP3O12F,https://doi.org/10.1021/ic401033u,2.0,1,False,1,1,False,1,False,resolved
438,Ca9NaZnP7O28,https://doi.org/10.1016/j.dyepig.2017.12.026,3.0,1,False,1,1,False,1,False,resolved
439,Ca9NaZnP7O28,https://doi.org/10.1016/j.dyepig.2017.12.026,3.0,1,False,1,1,False,1,False,resolved
440,Ca9NaZnP7O28,https://doi.org/10.1016/j.dyepig.2017.12.026,3.0,1,False,1,1,False,1,False,resolved
441,Sr0.48Ca0.5Si2O2N2,https://doi.org/10.1021/cm802394w,2.0,1,False,1,1,False,1,False,resolved
442,Sr0.92Si2N2O2,https://doi.org/10.1021/cm802394w,3.0,1,False,1,1,False,1,False,resolved
443,Sr0.83Ba0.15Si2O2N2,https://doi.org/10.1021/cm802394w,2.0,1,False,1,1,False,1,False,resolved
444,Sr0.73Ba0.25Si2O2N2,https://doi.org/10.1021/cm802394w,2.0,1,False,1,1,False,1,False,resolved
445,Sr0.83Ba0.15Si2N2O2,https://doi.org/10.1021/cm802394w,3.0,1,False,1,1,False,1,False,resolved
446,Sr0.73Ba0.25Si2N2O2,https://doi.org/10.1021/cm802394w,3.0,1,False,1,1,False,1,False,resolved
447,Sr2.95Y0.91P3O12,https://doi.org/10.1016/j.jre.2017.06.013,2.0,1,False,1,1,False,1,False,resolved
448,Sr2.95Y0.87P3O12,https://doi.org/10.1016/j.jre.2017.06.013,2.0,1,False,1,1,False,1,False,resolved
449,Sr2.95Y0.85P3O12,https://doi.org/10.1016/j.jre.2017.06.013,2.0,1,False,1,1,False,1,False,resolved
450,Sr2.95Y0.8P3O12,https://doi.org/10.1016/j.jre.2017.06.013,2.0,1,False,1,1,False,1,False,resolved
451,Ba0.52Sr0.4YSi2Al2O2N5,https://doi.org/10.1039/C0JM03573D,2.0,1,False,1,1,False,1,False,resolved
452,CaWO4,https://doi.org/10.1039/C6RA01862A,3.0,1,False,1,1,False,1,False,resolved
453,CaWO4,https://doi.org/10.1039/C6RA01862A,3.0,1,False,1,1,False,1,False,resolved
454,CaWO4,https://doi.org/10.1039/C6RA01862A,3.0,1,False,1,1,False,1,False,resolved
455,CaWO4,https://doi.org/10.1039/C6RA01862A,3.0,1,False,1,1,False,1,False,resolved
456,Sr0.23Ca0.75Si2O2N2,https://doi.org/10.1021/cm802394w,2.0,1,False,1,1,False,1,False,resolved
457,Sr0.92Si2O2N2,https://doi.org/10.1021/cm802394w,2.0,1,False,1,1,False,1,False,resolved
458,Sr0.92Si2N2O2,https://doi.org/10.1021/cm802394w,3.0,1,False,1,1,False,1,False,resolved
459,Sr0.84Si2N2O2,https://doi.org/10.1021/cm802394w,3.0,1,False,1,1,False,1,False,resolved
460,Ba2GdB2O6Cl,https://doi.org/10.1021/ic200988w,3.0,1,False,1,1,False,1,False,resolved
461,Sr0.48Ba0.5Si2O2N2,https://doi.org/10.1021/cm802394w,2.0,1,False,1,1,False,1,False,resolved
462,Sr0.48Ba0.5Si2N2O2,https://doi.org/10.1021/cm802394w,3.0,1,False,1,1,False,1,False,resolved
463,Ba3In3.9P6O24,https://doi.org/10.1016/j.jallcom.2019.05.059,3.0,1,False,1,1,False,1,False,resolved
464,Ba3In3.88P6O24,https://doi.org/10.1016/j.jallcom.2019.05.059,3.0,1,False,1,1,False,1,False,resolved
465,Ba3In3.86P6O24,https://doi.org/10.1016/j.jallcom.2019.05.059,3.0,1,False,1,1,False,1,False,resolved
466,KSrSc2P3O12,https://doi.org/10.1039/C4DT03906H,2.0,1,False,1,1,False,1,False,resolved
467,KSrSc2P3O12,https://doi.org/10.1039/C4DT03906H,2.0,1,False,1,1,False,1,False,resolved
468,KSrSc2P3O12,https://doi.org/10.1039/C4DT03906H,2.0,1,False,1,1,False,1,False,resolved
469,KSrSc2P3O12,https://doi.org/10.1039/C4DT03906H,2.0,1,False,1,1,False,1,False,resolved
470,KSrSc2P3O12,https://doi.org/10.1039/C4DT03906H,2.0,1,False,1,1,False,1,False,resolved
471,Ca0.95Si2O2N2,https://doi.org/10.1111/j.1551-2916.2011.04461.x,2.0,1,False,1,1,False,1,False,resolved
472,Ba0.32Sr0.6YSi2Al2O2N5,https://doi.org/10.1039/C0JM03573D,2.0,1,False,1,1,False,1,False,resolved
473,Na3Bi0.87P2O8,https://doi.org/10.1016/j.jlumin.2016.12.012,2.0,1,False,1,1,False,1,False,resolved
474,Na3Bi0.85P2O8,https://doi.org/10.1016/j.jlumin.2016.12.012,2.0,1,False,1,1,False,1,False,resolved
475,KBaSc2P3O12,https://doi.org/10.1002/cphc.201500387,2.0,1,False,1,1,False,1,False,resolved
476,KBaSc2P3O12,https://doi.org/10.1002/cphc.201500387,2.0,1,False,1,1,False,1,False,resolved
477,KBaSc2P3O12,https://doi.org/10.1002/cphc.201500387,2.0,1,False,1,1,False,1,False,resolved
478,KBaSc2P3O12,https://doi.org/10.1002/cphc.201500387,2.0,1,False,1,1,False,1,False,resolved
479,KBaSc2P3O12,https://doi.org/10.1002/cphc.201500387,2.0,1,False,1,1,False,1,False,resolved
480,KBaSc2P3O12,https://doi.org/10.1002/cphc.201500387,2.0,1,False,1,1,False,1,False,resolved
481,Ca2.73Si2O4N2,https://doi.org/10.1364/OE.19.00A331,2.0,1,False,1,1,False,1,False,resolved
482,CaLaGa3S7,https://doi.org/10.1016/j.jlumin.2012.05.004,2.0,1,False,1,1,False,1,False,resolved
483,CaLaGa3S7,https://doi.org/10.1016/j.jlumin.2012.05.004,2.0,1,False,1,1,False,1,False,resolved
484,CaLaGa3S7,https://doi.org/10.1016/j.jlumin.2012.05.004,2.0,1,False,1,1,False,1,False,resolved
485,Ca0.85LaGa3S7,https://doi.org/10.1016/j.jlumin.2012.05.004,2.0,1,False,1,1,False,1,False,resolved
486,Ca0.85LaGa3S7,https://doi.org/10.1016/j.jlumin.2012.05.004,2.0,1,False,1,1,False,1,False,resolved
487,Ca0.85LaGa3S7,https://doi.org/10.1016/j.jlumin.2012.05.004,2.0,1,False,1,1,False,1,False,resolved
488,Sr0.84Si2O2N2,https://doi.org/10.1021/cm802394w,2.0,1,False,1,1,False,1,False,resolved
489,Sr0.84Si2N2O2,https://doi.org/10.1021/cm802394w,3.0,1,False,1,1,False,1,False,resolved
490,CaSi2N2O2,https://doi.org/10.1021/cm802394w,2.0,1,False,1,1,False,1,False,resolved
491,Ca0.98Si2N2O2,https://doi.org/10.1021/cm802394w,3.0,1,False,1,1,False,1,False,resolved
492,Y1.95Mg1.99Al2Si2O12,https://doi.org/10.1021/acs.inorgchem.1c00317,2.0,1,False,1,1,False,1,False,resolved
493,La3.98GeO8,https://doi.org/10.1002/adfm.202102479,2.0,1,False,1,1,False,1,False,resolved
494,La3.98GeO8,https://doi.org/10.1002/adfm.202102479,2.0,1,False,1,1,False,1,False,resolved
495,La3.98GeO8,https://doi.org/10.1002/adfm.202102479,2.0,1,False,1,1,False,1,False,resolved
496,La3.98GeO8,https://doi.org/10.1002/adfm.202102479,2.0,1,False,1,1,False,1,False,resolved
497,La3.98GeO8,https://doi.org/10.1002/adfm.202102479,2.0,1,False,1,1,False,1,False,resolved
498,Sr0.23Ba0.75Si2O2N2,https://doi.org/10.1021/cm802394w,2.0,1,False,1,1,False,1,False,resolved
499,Sr0.23Ba0.75Si2N2O2,https://doi.org/10.1021/cm802394w,3.0,1,False,1,1,False,1,False,resolved
500,Ba0.12Sr0.8YSi2Al2O2N5,https://doi.org/10.1039/C0JM03573D,2.0,1,False,1,1,False,1,False,resolved
501,Ca5P3O12F,https://doi.org/10.1002/ejic.201402187,2.0,1,False,1,1,False,1,False,resolved
502,Ca5P3O12F,https://doi.org/10.1002/ejic.201402187,2.0,1,False,1,1,False,1,False,resolved
503,Ca5P3O12F,https://doi.org/10.1002/ejic.201402187,2.0,1,False,1,1,False,1,False,resolved
504,Sr5B3O9F,https://doi.org/10.1016/j.ceramint.2019.04.151,3.0,1,False,1,1,False,1,False,resolved
505,Sr5B3O9F,https://doi.org/10.1016/j.ceramint.2019.04.151,3.0,1,False,1,1,False,1,False,resolved
506,Sr5B3O9F,https://doi.org/10.1016/j.ceramint.2019.04.151,3.0,1,False,1,1,False,1,False,resolved
507,Sr5B3O9F,https://doi.org/10.1016/j.ceramint.2019.04.151,3.0,1,False,1,1,False,1,False,resolved
508,Sr5B3O9F,https://doi.org/10.1016/j.ceramint.2019.04.151,3.0,1,False,1,1,False,1,False,resolved
509,Sr5B3O9F,https://doi.org/10.1016/j.ceramint.2019.04.151,3.0,1,False,1,1,False,1,False,resolved
510,Sr5B3O9F,https://doi.org/10.1016/j.ceramint.2019.04.151,3.0,1,False,1,1,False,1,False,resolved
511,GdVO4,https://doi.org/10.1039/C5CP04373E,3.0,1,False,1,1,False,1,False,resolved
512,GdVO4,https://doi.org/10.1039/C5CP04373E,3.0,1,False,1,1,False,1,False,resolved
513,GdVO4,https://doi.org/10.1039/C5CP04373E,3.0,1,False,1,1,False,1,False,resolved
514,Sr3B2O6,https://doi.org/10.1063/1.2772195,2.0,1,False,1,1,False,1,False,resolved
515,Ca9.96P6O24Cl1.94,https://doi.org/10.1016/j.materresbull.2017.09.043,3.0,1,False,1,1,False,1,False,resolved
516,CsGd0.91Mo2O8,https://doi.org/10.1016/j.dyepig.2016.10.016,3.0,1,False,1,1,False,1,False,resolved
517,CsGd0.9Mo2O8,https://doi.org/10.1016/j.dyepig.2016.10.016,3.0,1,False,1,1,False,1,False,resolved
518,CsGd0.91Mo2O8,https://doi.org/10.1016/j.dyepig.2016.10.016,3.0,1,False,1,1,False,1,False,resolved
519,CsGd0.9Mo2O8,https://doi.org/10.1016/j.dyepig.2016.10.016,3.0,1,False,1,1,False,1,False,resolved
520,Ca3.88Si2O7F2,https://doi.org/10.1039/C2JM33160H,2.0,1,False,1,1,False,1,False,resolved
521,Ca3.84Si2O7F2,https://doi.org/10.1039/C2JM33160H,2.0,1,False,1,1,False,1,False,resolved
522,Ca3.76Si2O7F2,https://doi.org/10.1039/C2JM33160H,2.0,1,False,1,1,False,1,False,resolved
523,Ca3.68Si2O7F2,https://doi.org/10.1039/C2JM33160H,2.0,1,False,1,1,False,1,False,resolved
524,Ca3.56Si2O7F2,https://doi.org/10.1039/C2JM33160H,2.0,1,False,1,1,False,1,False,resolved
525,Ba1.96AlSi5N9,https://doi.org/10.1021/cm803233d,2.0,1,False,1,1,False,1,False,resolved
526,Ba1.96Si5N8,https://doi.org/10.1111/j.1744-7402.2009.02370.x,2.0,1,False,1,1,False,1,False,resolved
527,La1.95Zr2O7,https://doi.org/10.1016/j.dyepig.2018.04.045,3.0,1,False,1,1,False,1,False,resolved
528,La1.95Zr2O7,https://doi.org/10.1016/j.dyepig.2018.04.045,3.0,1,False,1,1,False,1,False,resolved
529,La1.95Zr2O7,https://doi.org/10.1016/j.dyepig.2018.04.045,3.0,1,False,1,1,False,1,False,resolved
530,La1.95Zr2O7,https://doi.org/10.1016/j.dyepig.2018.04.045,3.0,1,False,1,1,False,1,False,resolved
531,La1.95Zr2O7,https://doi.org/10.1016/j.dyepig.2018.04.045,3.0,1,False,1,1,False,1,False,resolved
532,La1.95Zr2O7,https://doi.org/10.1016/j.dyepig.2018.04.045,3.0,1,False,1,1,False,1,False,resolved
533,La1.95Zr2O7,https://doi.org/10.1016/j.dyepig.2018.04.045,3.0,1,False,1,1,False,1,False,resolved
534,Sr1.95Mg3P4O15,https://doi.org/10.1111/jace.15334,3.0,1,False,1,1,False,1,False,resolved
535,Sr1.9Mg3P4O15,https://doi.org/10.1111/jace.15334,3.0,1,False,1,1,False,1,False,resolved
536,Sr1.85Mg3P4O15,https://doi.org/10.1111/jace.15334,3.0,1,False,1,1,False,1,False,resolved
537,Sr1.8Mg3P4O15,https://doi.org/10.1111/jace.15334,3.0,1,False,1,1,False,1,False,resolved
538,Sr1.75Mg3P4O15,https://doi.org/10.1111/jace.15334,3.0,1,False,1,1,False,1,False,resolved
539,Sr1.7Mg3P4O15,https://doi.org/10.1111/jace.15334,3.0,1,False,1,1,False,1,False,resolved
540,Sr1.65Mg3P4O15,https://doi.org/10.1111/jace.15334,3.0,1,False,1,1,False,1,False,resolved
541,Sr1.6Mg3P4O15,https://doi.org/10.1111/jace.15334,3.0,1,False,1,1,False,1,False,resolved
542,Sr1.2Mg3P4O15Li0.4,https://doi.org/10.1111/jace.15334,3.0,1,False,1,1,False,1,False,resolved
543,Sr1.2Mg3P4O15Na0.4,https://doi.org/10.1111/jace.15334,3.0,1,False,1,1,False,1,False,resolved
544,Sr1.2Mg3P4O15K0.4,https://doi.org/10.1111/jace.15334,3.0,1,False,1,1,False,1,False,resolved
545,Sr1.6Mg3P3.6Si0.4O15,https://doi.org/10.1111/jace.15334,3.0,1,False,1,1,False,1,False,resolved
546,Sr1.4Mg3P4O15,https://doi.org/10.1111/jace.15334,3.0,1,False,1,1,False,1,False,resolved
547,Sr1.55Mg3P4O15,https://doi.org/10.1111/jace.15334,3.0,1,False,1,1,False,1,False,resolved
548,Sr1.5Mg3P4O15,https://doi.org/10.1111/jace.15334,3.0,1,False,1,1,False,1,False,resolved
549,CaSb2O6,https://doi.org/10.1007/s10854-015-4186-6,3.0,1,False,1,1,False,1,False,resolved
550,CaSb2O6,https://doi.org/10.1007/s10854-015-4186-6,3.0,1,False,1,1,False,1,False,resolved
551,CaSb2O6,https://doi.org/10.1007/s10854-015-4186-6,3.0,1,False,1,1,False,1,False,resolved
552,CaSb2O6,https://doi.org/10.1007/s10854-015-4186-6,3.0,1,False,1,1,False,1,False,resolved
553,CaSb2O6,https://doi.org/10.1007/s10854-015-4186-6,3.0,1,False,1,1,False,1,False,resolved
554,CaSb2O6,https://doi.org/10.1007/s10854-015-4186-6,3.0,1,False,1,1,False,1,False,resolved
555,Sr9Sc0.6P7O28,https://doi.org/10.1016/j.jallcom.2013.10.116,3.0,2,False,1,1,False,1,False,resolved
556,GdF3,https://doi.org/10.1039/C6CP03989H,3.0,1,False,1,1,False,1,False,resolved
557,GdF3,https://doi.org/10.1039/C6CP03989H,3.0,1,False,1,1,False,1,False,resolved
558,GdF3,https://doi.org/10.1039/C6CP03989H,3.0,1,False,1,1,False,1,False,resolved
559,CaBi1.83B2O7,https://doi.org/10.1016/j.ijleo.2016.01.155,3.0,1,False,1,1,False,1,False,resolved
560,Y1.9Ti2O7,https://doi.org/10.1111/j.1551-2916.2011.04804.x,3.0,1,False,1,1,False,1,False,resolved
561,Y1.8Ti2O7,https://doi.org/10.1111/j.1551-2916.2011.04804.x,3.0,1,False,1,1,False,1,False,resolved
562,Y1.7Ti2O7,https://doi.org/10.1111/j.1551-2916.2011.04804.x,3.0,1,False,1,1,False,1,False,resolved
563,Y1.6Ti2O7,https://doi.org/10.1111/j.1551-2916.2011.04804.x,3.0,1,False,1,1,False,1,False,resolved
564,Y1.55Ti2O7,https://doi.org/10.1111/j.1551-2916.2011.04804.x,3.0,1,False,1,1,False,1,False,resolved
565,Cs0.99MgPO4,https://doi.org/10.1016/j.solidstatesciences.2013.12.017,3.0,1,False,1,1,False,1,False,resolved
566,Cs0.95MgPO4,https://doi.org/10.1016/j.solidstatesciences.2013.12.017,3.0,1,False,1,1,False,1,False,resolved
567,Cs0.93MgPO4,https://doi.org/10.1016/j.solidstatesciences.2013.12.017,3.0,1,False,1,1,False,1,False,resolved
568,CsK2Gd0.9V2O8,https://doi.org/10.1021/ic500208h,3.0,1,False,1,1,False,1,False,resolved
569,CsK2Gd0.8V2O8,https://doi.org/10.1021/ic500208h,3.0,1,False,1,1,False,1,False,resolved
570,CsK2Gd0.7V2O8,https://doi.org/10.1021/ic500208h,3.0,1,False,1,1,False,1,False,resolved
571,CsK2Gd0.6V2O8,https://doi.org/10.1021/ic500208h,3.0,1,False,1,1,False,1,False,resolved
572,CsK2Gd0.5V2O8,https://doi.org/10.1021/ic500208h,3.0,1,False,1,1,False,1,False,resolved
573,CsK2Gd0.4V2O8,https://doi.org/10.1021/ic500208h,3.0,1,False,1,1,False,1,False,resolved
574,CsK2Gd0.3V2O8,https://doi.org/10.1021/ic500208h,3.0,1,False,1,1,False,1,False,resolved
575,CsK2Gd0.2V2O8,https://doi.org/10.1021/ic500208h,3.0,1,False,1,1,False,1,False,resolved
576,CsK2Gd0.1V2O8,https://doi.org/10.1021/ic500208h,3.0,1,False,1,1,False,1,False,resolved
577,CsK2V2O8,https://doi.org/10.1021/ic500208h,3.0,1,False,1,1,False,1,False,resolved
578,Ba3Y1.3B6O15,https://doi.org/10.1016/j.jlumin.2018.12.028,3.0,1,False,1,1,False,1,False,resolved
579,CaZrO3,https://doi.org/10.1016/j.jsamd.2017.01.002,3.0,1,False,1,1,False,1,False,resolved
580,CaZrO3,https://doi.org/10.1016/j.jsamd.2017.01.002,3.0,1,False,1,1,False,1,False,resolved
581,CaZrO3,https://doi.org/10.1016/j.jsamd.2017.01.002,3.0,1,False,1,1,False,1,False,resolved
582,CaZrO3,https://doi.org/10.1016/j.jsamd.2017.01.002,3.0,1,False,1,1,False,1,False,resolved
583,CaZrO3,https://doi.org/10.1016/j.jsamd.2017.01.002,3.0,1,False,1,1,False,1,False,resolved
584,Sr1.98P2O7,https://doi.org/10.1111/jace.13497,3.0,1,False,1,1,False,1,False,resolved
585,Ba2Tb0.995B2O6Cl,https://doi.org/10.1021/ic300401z,2.0,1,False,1,1,False,1,False,resolved
586,Ba2Tb0.99B2O6Cl,https://doi.org/10.1021/ic300401z,2.0,1,False,1,1,False,1,False,resolved
587,Ba2Tb0.98B2O6Cl,https://doi.org/10.1021/ic300401z,2.0,1,False,1,1,False,1,False,resolved
588,Ba2Tb0.97B2O6Cl,https://doi.org/10.1021/ic300401z,2.0,1,False,1,1,False,1,False,resolved
589,Ba1.8LiGaP4O14,https://doi.org/10.1039/C9DT03105G,3.0,1,False,1,1,False,1,False,resolved
590,Na3Ga0.95F6,https://doi.org/10.1016/j.jlumin.2018.06.080,3.0,1,False,1,1,False,1,False,resolved
591,Na3Ga0.93F6,https://doi.org/10.1016/j.jlumin.2018.06.080,3.0,1,False,1,1,False,1,False,resolved
592,NaZnPO4,https://doi.org/10.1016/j.matlet.2015.04.084,3.0,1,False,1,1,False,1,False,resolved
593,NaZnPO4,https://doi.org/10.1016/j.matlet.2015.04.084,3.0,1,False,1,1,False,1,False,resolved
594,Na3Bi1.9P3O12,https://doi.org/10.1016/S1002-0721(16)60106-0,3.0,1,False,1,1,False,1,False,resolved
595,Na3Bi1.875P3O12,https://doi.org/10.1016/S1002-0721(16)60106-0,3.0,1,False,1,1,False,1,False,resolved
596,Na3Bi1.85P3O12,https://doi.org/10.1016/S1002-0721(16)60106-0,3.0,1,False,1,1,False,1,False,resolved
597,Na3Bi1.8P3O12,https://doi.org/10.1016/S1002-0721(16)60106-0,3.0,1,False,1,1,False,1,False,resolved
598,Na3Bi1.75P3O12,https://doi.org/10.1016/S1002-0721(16)60106-0,3.0,1,False,1,1,False,1,False,resolved
599,Na3Bi1.7P3O12,https://doi.org/10.1016/S1002-0721(16)60106-0,3.0,1,False,1,1,False,1,False,resolved
600,Na3Bi0.7P2O8,https://doi.org/10.1016/j.jlumin.2016.12.012,2.0,1,False,1,1,False,1,False,resolved
601,Na3Bi0.65P2O8,https://doi.org/10.1016/j.jlumin.2016.12.012,2.0,1,False,1,1,False,1,False,resolved
602,Na3Bi0.6P2O8,https://doi.org/10.1016/j.jlumin.2016.12.012,2.0,1,False,1,1,False,1,False,resolved
603,Sr7.92MgScP7O28,https://doi.org/10.1039/C0JM04524A,2.0,1,False,1,1,False,1,False,resolved
604,Na3Bi0.88P2O8,https://doi.org/10.1016/j.jlumin.2016.12.012,3.0,1,False,1,1,False,1,False,resolved
605,Na3Bi0.86P2O8,https://doi.org/10.1016/j.jlumin.2016.12.012,3.0,1,False,1,1,False,1,False,resolved
606,Na3Bi0.84P2O8,https://doi.org/10.1016/j.jlumin.2016.12.012,3.0,1,False,1,1,False,1,False,resolved
607,Na3Bi0.82P2O8,https://doi.org/10.1016/j.jlumin.2016.12.012,3.0,1,False,1,1,False,1,False,resolved
608,Na3Bi0.88P2O8,https://doi.org/10.1016/j.jlumin.2016.12.012,3.0,1,False,1,1,False,1,False,resolved
609,Na3Bi0.86P2O8,https://doi.org/10.1016/j.jlumin.2016.12.012,3.0,1,False,1,1,False,1,False,resolved
610,Na3Bi0.84P2O8,https://doi.org/10.1016/j.jlumin.2016.12.012,3.0,1,False,1,1,False,1,False,resolved
611,Na3Bi0.82P2O8,https://doi.org/10.1016/j.jlumin.2016.12.012,3.0,1,False,1,1,False,1,False,resolved
612,Na3Bi0.8P2O8,https://doi.org/10.1016/j.jlumin.2016.12.012,3.0,1,False,1,1,False,1,False,resolved
613,Zr0.95O2,https://doi.org/10.1016/j.dyepig.2017.12.012,3.0,1,False,1,1,False,1,False,resolved
614,Zr0.93O2,https://doi.org/10.1016/j.dyepig.2017.12.012,3.0,1,False,1,1,False,1,False,resolved
615,Zr0.91O2,https://doi.org/10.1016/j.dyepig.2017.12.012,3.0,1,False,1,1,False,1,False,resolved
616,Zr0.89O2,https://doi.org/10.1016/j.dyepig.2017.12.012,3.0,1,False,1,1,False,1,False,resolved
617,Zr0.87O2,https://doi.org/10.1016/j.dyepig.2017.12.012,3.0,1,False,1,1,False,1,False,resolved
618,Li6CaLa2Ta2O12,https://doi.org/10.1016/j.ceramint.2014.06.069,3.0,1,False,1,1,False,1,False,resolved
619,Y1.98WO6,https://doi.org/10.1007/s10853-016-0598-9,3.0,1,False,1,1,False,1,False,resolved
620,Y1.94WO6,https://doi.org/10.1007/s10853-016-0598-9,3.0,1,False,1,1,False,1,False,resolved
621,Y1.9WO6,https://doi.org/10.1007/s10853-016-0598-9,3.0,1,False,1,1,False,1,False,resolved
622,Y1.86WO6,https://doi.org/10.1007/s10853-016-0598-9,3.0,1,False,1,1,False,1,False,resolved
623,Y1.82WO6,https://doi.org/10.1007/s10853-016-0598-9,3.0,1,False,1,1,False,1,False,resolved
624,Y1.78WO6,https://doi.org/10.1007/s10853-016-0598-9,3.0,1,False,1,1,False,1,False,resolved
625,Y1.74WO6,https://doi.org/10.1007/s10853-016-0598-9,3.0,1,False,1,1,False,1,False,resolved
626,Y1.7WO6,https://doi.org/10.1007/s10853-016-0598-9,3.0,1,False,1,1,False,1,False,resolved
627,Y1.66WO6,https://doi.org/10.1007/s10853-016-0598-9,3.0,1,False,1,1,False,1,False,resolved
628,Y1.62WO6,https://doi.org/10.1007/s10853-016-0598-9,3.0,1,False,1,1,False,1,False,resolved
629,Sr3Al2O5Cl2,https://doi.org/10.1063/1.3094753,2.0,1,False,1,1,False,1,False,resolved
630,Sr0.99MoO4,https://doi.org/10.1039/C5RA06053B,3.0,1,False,1,1,False,1,False,resolved
631,Mg3Y1.8Ge3O12,https://doi.org/10.1039/D0TC04618C,3.0,1,False,1,1,False,1,False,resolved
632,ZrO2,https://doi.org/10.1111/jace.12149,3.0,1,False,1,1,False,1,False,resolved
633,Gd2MoO6,https://doi.org/10.1039/C6RA25652J,3.0,1,False,1,1,False,1,False,resolved
634,Gd1.4MoO6,https://doi.org/10.1039/C6RA25652J,3.0,1,False,1,1,False,1,False,resolved
635,Lu2MoO6,https://doi.org/10.1016/S1003-6326(16)64276-0,3.0,1,False,1,1,False,1,False,resolved
636,Lu2MoO6,https://doi.org/10.1016/S1003-6326(16)64276-0,3.0,1,False,1,1,False,1,False,resolved
637,Lu2MoO6,https://doi.org/10.1016/S1003-6326(16)64276-0,3.0,1,False,1,1,False,1,False,resolved
638,Lu2MoO6,https://doi.org/10.1016/S1003-6326(16)64276-0,3.0,1,False,1,1,False,1,False,resolved
639,Lu2MoO6,https://doi.org/10.1016/S1003-6326(16)64276-0,3.0,1,False,1,1,False,1,False,resolved
640,Lu2MoO6,https://doi.org/10.1016/S1003-6326(16)64276-0,3.0,1,False,1,1,False,1,False,resolved
641,Sr8.965ScP7O28,https://doi.org/10.1002/ejic.201301216,2.0,1,False,1,1,False,1,False,resolved
642,Sr8.96ScP7O28,https://doi.org/10.1002/ejic.201301216,2.0,1,False,1,1,False,1,False,resolved
643,Sr8.95ScP7O28,https://doi.org/10.1002/ejic.201301216,2.0,1,False,1,1,False,1,False,resolved
644,Sr8.94ScP7O28,https://doi.org/10.1002/ejic.201301216,2.0,1,False,1,1,False,1,False,resolved
645,Ba1.28Ca0.67SiO4,https://doi.org/10.1021/ic501423p,2.0,1,False,1,1,False,1,False,resolved
646,Ba1.28Ca0.66SiO4,https://doi.org/10.1021/ic501423p,2.0,1,False,1,1,False,1,False,resolved
647,Ba1.28Ca0.64SiO4,https://doi.org/10.1021/ic501423p,2.0,1,False,1,1,False,1,False,resolved
648,Ba1.28Ca0.62SiO4,https://doi.org/10.1021/ic501423p,2.0,1,False,1,1,False,1,False,resolved
649,Ba1.28Ca0.6SiO4,https://doi.org/10.1021/ic501423p,2.0,1,False,1,1,False,1,False,resolved
650,Ba1.28Ca0.58SiO4,https://doi.org/10.1021/ic501423p,2.0,1,False,1,1,False,1,False,resolved
651,Mg3Y1.6Ge3O12,https://doi.org/10.1002/advs.201903060,3.0,1,False,1,1,False,1,False,resolved
652,Mg3Y1.4Ge3O12,https://doi.org/10.1002/advs.201903060,3.0,1,False,1,1,False,1,False,resolved
653,Mg3Y1.2Ge3O12,https://doi.org/10.1002/advs.201903060,3.0,1,False,1,1,False,1,False,resolved
654,Mg3YGe3O12,https://doi.org/10.1002/advs.201903060,3.0,1,False,1,1,False,1,False,resolved
655,Mg3Y0.4Ge3O12,https://doi.org/10.1002/advs.201903060,3.0,1,False,1,1,False,1,False,resolved
656,Mg3Ge3O12,https://doi.org/10.1002/advs.201903060,3.0,1,False,1,1,False,1,False,resolved
657,Na3.6Y1.7P3O12,https://doi.org/10.1016/j.jallcom.2019.153513,3.0,1,False,1,1,False,1,False,resolved
658,Na3.6Y1.6P3O12,https://doi.org/10.1016/j.jallcom.2019.153513,3.0,1,False,1,1,False,1,False,resolved
659,Na3.6Y1.5P3O12,https://doi.org/10.1016/j.jallcom.2019.153513,3.0,1,False,1,1,False,1,False,resolved
660,Na3.6Y1.45P3O12,https://doi.org/10.1016/j.jallcom.2019.153513,3.0,1,False,1,1,False,1,False,resolved
661,Sr7.92MgYP7O28,https://doi.org/10.1021/ic200515w,2.0,1,False,1,1,False,1,False,resolved
662,Sr0.8Ca0.2AlSiN3,https://doi.org/10.1016/j.jallcom.2008.07.054,2.0,1,False,1,1,False,1,False,resolved
663,Gd2MoO6,https://doi.org/10.1039/C6RA25652J,3.0,1,False,1,1,False,1,False,resolved
664,Gd1.4MoO6,https://doi.org/10.1039/C6RA25652J,3.0,1,False,1,1,False,1,False,resolved
665,Sr2La0.9SbO6,https://doi.org/10.1016/j.dyepig.2017.07.019,3.0,1,False,1,1,False,1,False,resolved
666,Sr2La0.8SbO6,https://doi.org/10.1016/j.dyepig.2017.07.019,3.0,1,False,1,1,False,1,False,resolved
667,Sr2La0.7SbO6,https://doi.org/10.1016/j.dyepig.2017.07.019,3.0,1,False,1,1,False,1,False,resolved
668,Sr2La0.6SbO6,https://doi.org/10.1016/j.dyepig.2017.07.019,3.0,1,False,1,1,False,1,False,resolved
669,Sr2La0.5SbO6,https://doi.org/10.1016/j.dyepig.2017.07.019,3.0,1,False,1,1,False,1,False,resolved
670,Sr2La0.4SbO6,https://doi.org/10.1016/j.dyepig.2017.07.019,3.0,1,False,1,1,False,1,False,resolved
671,Y1.90O3,https://doi.org/10.1007/s00339-017-1226-5,3.0,1,False,1,1,False,1,False,resolved
672,Bi4Si3O12,https://doi.org/10.1038/srep42464,3.0,1,False,1,1,False,1,False,resolved
673,Bi4Si3O12,https://doi.org/10.1038/srep42464,3.0,1,False,1,1,False,1,False,resolved
674,Bi4Si3O12,https://doi.org/10.1038/srep42464,3.0,1,False,1,1,False,1,False,resolved
675,Bi4Si3O12,https://doi.org/10.1038/srep42464,3.0,1,False,1,1,False,1,False,resolved
676,Bi4Si3O12,https://doi.org/10.1038/srep42464,3.0,1,False,1,1,False,1,False,resolved
677,Y2O2S,https://doi.org/10.1364/OE.19.006303,3.0,1,False,1,1,False,1,False,resolved
678,Y1.96WO6,https://doi.org/10.1016/j.jallcom.2016.11.033,3.0,1,False,1,1,False,1,False,resolved
679,Y1.94WO6,https://doi.org/10.1016/j.jallcom.2016.11.033,3.0,1,False,1,1,False,1,False,resolved
680,Y1.9WO6,https://doi.org/10.1016/j.jallcom.2016.11.033,3.0,1,False,1,1,False,1,False,resolved
681,Y1.86WO6,https://doi.org/10.1016/j.jallcom.2016.11.033,3.0,1,False,1,1,False,1,False,resolved
682,Y1.82WO6,https://doi.org/10.1016/j.jallcom.2016.11.033,3.0,1,False,1,1,False,1,False,resolved
683,Y1.8WO6,https://doi.org/10.1016/j.jallcom.2016.11.033,3.0,1,False,1,1,False,1,False,resolved
684,Y1.78WO6,https://doi.org/10.1016/j.jallcom.2016.11.033,3.0,1,False,1,1,False,1,False,resolved
685,Y1.4MoO6,https://doi.org/10.1016/j.jlumin.2014.01.018,2.0,1,False,1,1,False,1,False,resolved
686,Sr3LaV3O12,https://doi.org/10.1039/C4TC02783C,3.0,1,False,1,1,False,1,False,resolved
687,Ca8ZnLa0.95P7O28,https://doi.org/10.1111/jace.15691,3.0,1,False,1,1,False,1,False,resolved
688,Ca8ZnLa0.9P7O28,https://doi.org/10.1111/jace.15691,3.0,1,False,1,1,False,1,False,resolved
689,Ca8ZnLa0.7P7O28,https://doi.org/10.1111/jace.15691,3.0,1,False,1,1,False,1,False,resolved
690,Ca8ZnLa0.5P7O28,https://doi.org/10.1111/jace.15691,3.0,1,False,1,1,False,1,False,resolved
691,Ca8ZnLa0.3P7O28,https://doi.org/10.1111/jace.15691,3.0,1,False,1,1,False,1,False,resolved
692,Ca8ZnLa0.1P7O28,https://doi.org/10.1111/jace.15691,3.0,1,False,1,1,False,1,False,resolved
693,Ca8ZnP7O28,https://doi.org/10.1111/jace.15691,3.0,1,False,1,1,False,1,False,resolved
694,Na3MgZrP3O12,https://doi.org/10.1007/s10854-017-8135-4,3.0,1,False,1,1,False,1,False,resolved
695,SrBi2B2O7,https://doi.org/10.1039/C6RA26752A,3.0,1,False,1,1,False,1,False,resolved
696,BaGd2O4,https://doi.org/10.1016/j.jlumin.2018.10.050,3.0,1,False,1,1,False,1,False,resolved
697,Ca2GdF4PO4,https://doi.org/10.1364/OE.19.006303,3.0,1,False,1,1,False,1,False,resolved
698,Ca2YF4PO4,https://doi.org/10.1364/OE.19.006303,3.0,1,False,1,1,False,1,False,resolved
699,Na0.09Sr0.82B2O4,https://doi.org/10.1016/j.saa.2011.11.043,3.0,1,False,1,1,False,1,False,resolved
700,Sr0.94B2O4,https://doi.org/10.1016/j.saa.2011.11.043,3.0,1,False,1,1,False,1,False,resolved
701,La1.63LiSbO6,https://doi.org/10.1016/j.jallcom.2019.02.132,3.0,1,False,1,1,False,1,False,resolved
702,Ca10.78Si4O22B2,https://doi.org/10.1039/C3TC30933A,2.0,1,False,1,1,False,1,False,resolved
703,Ca2YZr2Al3O12,https://doi.org/10.1021/acs.inorgchem.6b01711,3.0,1,False,1,1,False,1,False,resolved
704,Li3Y3Te2O12,https://doi.org/10.1016/j.jallcom.2012.11.118,3.0,1,False,1,1,False,1,False,resolved
705,Li3Y3Te2O12,https://doi.org/10.1016/j.jallcom.2012.11.118,3.0,1,False,1,1,False,1,False,resolved
706,Li3Y3Te2O12,https://doi.org/10.1016/j.jallcom.2012.11.118,3.0,1,False,1,1,False,1,False,resolved
707,Ba2La7.98Ge6O26,https://doi.org/10.1016/j.jre.2020.10.019,3.0,1,False,1,1,False,1,False,resolved
708,Ba2La7.92Ge6O26,https://doi.org/10.1016/j.jre.2020.10.019,3.0,1,False,1,1,False,1,False,resolved
709,Ba2La7.86Ge6O26,https://doi.org/10.1016/j.jre.2020.10.019,3.0,1,False,1,1,False,1,False,resolved
710,Sr7.76MgLaP7O28,https://doi.org/10.1021/ic200515w,2.0,1,False,1,1,False,1,False,resolved
711,Li6CaLa2Sb2O12,https://doi.org/10.1016/j.ceramint.2014.06.069,3.0,1,False,1,1,False,1,False,resolved
712,Ba3In3.88P6O24,https://doi.org/10.1016/j.jallcom.2019.05.059,3.0,1,False,1,1,False,1,False,resolved
713,Ba3In3.96P6O24,https://doi.org/10.1016/j.jallcom.2019.05.059,3.0,1,False,1,1,False,1,False,resolved
714,Ba3In3.94P6O24,https://doi.org/10.1016/j.jallcom.2019.05.059,3.0,1,False,1,1,False,1,False,resolved
715,Ba3In3.93P6O24,https://doi.org/10.1016/j.jallcom.2019.05.059,3.0,1,False,1,1,False,1,False,resolved
716,Ba3In3.92P6O24,https://doi.org/10.1016/j.jallcom.2019.05.059,3.0,1,False,1,1,False,1,False,resolved
717,CaB6O10,https://doi.org/10.1016/j.jlumin.2014.11.024,3.0,1,False,1,1,False,1,False,resolved
718,Sr1.95VO4Cl,https://doi.org/10.1039/C3RA42724B,3.0,1,False,1,1,False,1,False,resolved
719,CaSb2O6,https://doi.org/10.1007/s10854-015-4186-6,3.0,1,False,1,1,False,1,False,resolved
720,Ba2YB2O6Cl,https://doi.org/10.1021/acs.jpcc.7b00019,3.0,1,False,1,1,False,1,False,resolved
721,Ba2YB2O6Cl,https://doi.org/10.1021/acs.jpcc.7b00019,3.0,1,False,1,1,False,1,False,resolved
722,Ba2YB2O6Cl,https://doi.org/10.1021/acs.jpcc.7b00019,3.0,1,False,1,1,False,1,False,resolved
723,Ba2YB2O6Cl,https://doi.org/10.1021/acs.jpcc.7b00019,3.0,1,False,1,1,False,1,False,resolved
724,Ba2YB2O6Cl,https://doi.org/10.1021/acs.jpcc.7b00019,3.0,1,False,1,1,False,1,False,resolved
725,Ba2YB2O6Cl,https://doi.org/10.1021/acs.jpcc.7b00019,3.0,1,False,1,1,False,1,False,resolved
726,Sr4.95V3O12Cl,https://doi.org/10.1039/C3RA42724B,3.0,1,False,1,1,False,1,False,resolved
727,Sr4.9V3O12ClNa0.05,https://doi.org/10.1039/C3RA42724B,3.0,1,False,1,1,False,1,False,resolved
728,KNaCa2P2O8,https://doi.org/10.1021/ic402305x,2.0,1,False,1,1,False,1,False,resolved
729,KNaCa2P2O8,https://doi.org/10.1021/ic402305x,2.0,1,False,1,1,False,1,False,resolved
730,KNaCa2P2O8,https://doi.org/10.1021/ic402305x,2.0,1,False,1,1,False,1,False,resolved
731,KNaCa2P2O8,https://doi.org/10.1021/ic402305x,2.0,1,False,1,1,False,1,False,resolved
732,Sr3La0.99V3O12,https://doi.org/10.1039/C4TC02783C,3.0,1,False,1,1,False,1,False,resolved
733,Sr3La0.97V3O12,https://doi.org/10.1039/C4TC02783C,3.0,1,False,1,1,False,1,False,resolved
734,Sr3La0.95V3O12,https://doi.org/10.1039/C4TC02783C,3.0,1,False,1,1,False,1,False,resolved
735,Sr3La0.93V3O12,https://doi.org/10.1039/C4TC02783C,3.0,1,False,1,1,False,1,False,resolved
736,Sr3La0.91V3O12,https://doi.org/10.1039/C4TC02783C,3.0,1,False,1,1,False,1,False,resolved
737,Ba2YB2O6Cl,https://doi.org/10.1021/acs.jpcc.7b00019,3.0,1,False,1,1,False,1,False,resolved
738,Ba2YB2O6Cl,https://doi.org/10.1021/acs.jpcc.7b00019,3.0,1,False,1,1,False,1,False,resolved
739,Sr3Bi0.995P3O12,https://doi.org/10.1016/j.optcom.2012.06.018,3.0,1,False,1,1,False,1,False,resolved
740,Sr3Bi0.99P3O12,https://doi.org/10.1016/j.optcom.2012.06.018,3.0,1,False,1,1,False,1,False,resolved
741,Sr3Bi0.97P3O12,https://doi.org/10.1016/j.optcom.2012.06.018,3.0,1,False,1,1,False,1,False,resolved
742,Sr3Bi0.95P3O12,https://doi.org/10.1016/j.optcom.2012.06.018,3.0,1,False,1,1,False,1,False,resolved
743,Sr3Bi0.93P3O12,https://doi.org/10.1016/j.optcom.2012.06.018,3.0,1,False,1,1,False,1,False,resolved
744,Sr3Bi0.9P3O12,https://doi.org/10.1016/j.optcom.2012.06.018,3.0,1,False,1,1,False,1,False,resolved
745,Rb1.01Ba0.98PO4,https://doi.org/10.1007/s10854-015-3745-1,3.0,1,False,1,1,False,1,False,resolved
746,Rb1.03Ba0.94PO4,https://doi.org/10.1007/s10854-015-3745-1,3.0,1,False,1,1,False,1,False,resolved
747,Rb1.05Ba0.9PO4,https://doi.org/10.1007/s10854-015-3745-1,3.0,1,False,1,1,False,1,False,resolved
748,Rb1.07Ba0.86PO4,https://doi.org/10.1007/s10854-015-3745-1,3.0,1,False,1,1,False,1,False,resolved
749,Rb1.09Ba0.82PO4,https://doi.org/10.1007/s10854-015-3745-1,3.0,1,False,1,1,False,1,False,resolved
750,Rb1.09Ba0.82PO4,https://doi.org/10.1007/s10854-015-3745-1,3.0,1,False,1,1,False,1,False,resolved
751,Rb1.09Ba0.82PO4,https://doi.org/10.1007/s10854-015-3745-1,3.0,1,False,1,1,False,1,False,resolved
752,Rb1.09Ba0.82PO4,https://doi.org/10.1007/s10854-015-3745-1,3.0,1,False,1,1,False,1,False,resolved
753,Rb1.09Ba0.82PO4,https://doi.org/10.1007/s10854-015-3745-1,3.0,1,False,1,1,False,1,False,resolved
754,Rb1.09Ba0.82PO4,https://doi.org/10.1007/s10854-015-3745-1,3.0,1,False,1,1,False,1,False,resolved
755,Rb1.09Ba0.82PO4,https://doi.org/10.1007/s10854-015-3745-1,3.0,1,False,1,1,False,1,False,resolved
756,Rb1.09Ba0.82PO4,https://doi.org/10.1007/s10854-015-3745-1,3.0,1,False,1,1,False,1,False,resolved
757,Rb1.09Ba0.82PO4,https://doi.org/10.1007/s10854-015-3745-1,3.0,1,False,1,1,False,1,False,resolved
758,Rb1.09Ba0.82PO4,https://doi.org/10.1007/s10854-015-3745-1,3.0,1,False,1,1,False,1,False,resolved
759,Rb1.11Ba0.78PO4,https://doi.org/10.1007/s10854-015-3745-1,3.0,1,False,1,1,False,1,False,resolved
760,Rb1.13Ba0.74PO4,https://doi.org/10.1007/s10854-015-3745-1,3.0,1,False,1,1,False,1,False,resolved
761,CaB6O10,https://doi.org/10.1016/j.jlumin.2014.11.024,3.0,1,False,1,1,False,1,False,resolved
762,Ca19Mg2P14O56,https://doi.org/10.1039/C3TC31263A,3.0,1,False,1,1,False,1,False,resolved
763,Bi3.64Ge3O12,https://doi.org/10.1016/j.jallcom.2016.09.115,3.0,1,False,1,1,False,1,False,resolved
764,CaSb2O6,https://doi.org/10.1007/s10854-015-4186-6,3.0,1,False,1,1,False,1,False,resolved
765,CaSb2O6,https://doi.org/10.1007/s10854-015-4186-6,3.0,2,False,1,1,False,1,False,resolved
766,Ba0.88ZrGe3O9,https://doi.org/10.1021/acs.inorgchem.7b00591,3.0,1,False,1,1,False,1,False,resolved
767,Ca18Li3Bi0.6P14O56,https://doi.org/10.1039/C8DT04047H,3.0,1,False,1,1,False,1,False,resolved
768,Ca18Li3Bi0.4P14O56,https://doi.org/10.1039/C8DT04047H,3.0,1,False,1,1,False,1,False,resolved
769,Ca18Li3Bi0.4P14O56,https://doi.org/10.1039/C8DT04047H,3.0,1,False,1,1,False,1,False,resolved
770,Ca18Li3Bi0.4P14O56,https://doi.org/10.1039/C8DT04047H,3.0,1,False,1,1,False,1,False,resolved
771,Ca18Li3Bi0.4P14O56,https://doi.org/10.1039/C8DT04047H,3.0,1,False,1,1,False,1,False,resolved
772,Ca18Li3Bi0.4P14O56,https://doi.org/10.1039/C8DT04047H,3.0,1,False,1,1,False,1,False,resolved
773,Ca18Li3Bi0.4P14O56,https://doi.org/10.1039/C8DT04047H,3.0,1,False,1,1,False,1,False,resolved
774,Ca18Li3Bi0.4P14O56,https://doi.org/10.1039/C8DT04047H,3.0,1,False,1,1,False,1,False,resolved
775,Ca18Li3Bi0.2P14O56,https://doi.org/10.1039/C8DT04047H,3.0,1,False,1,1,False,1,False,resolved
776,Ca18Li3P14O56,https://doi.org/10.1039/C8DT04047H,3.0,1,False,1,1,False,1,False,resolved
777,Ca2Y0.995TaO6,https://doi.org/10.1016/j.jre.2020.07.006,3.0,1,False,1,1,False,1,False,resolved
778,Ca2Y0.99TaO6,https://doi.org/10.1016/j.jre.2020.07.006,3.0,1,False,1,1,False,1,False,resolved
779,Ca2Y0.98TaO6,https://doi.org/10.1016/j.jre.2020.07.006,3.0,1,False,1,1,False,1,False,resolved
780,Ca2Y0.95TaO6,https://doi.org/10.1016/j.jre.2020.07.006,3.0,1,False,1,1,False,1,False,resolved
781,Ca2Y0.9TaO6,https://doi.org/10.1016/j.jre.2020.07.006,3.0,1,False,1,1,False,1,False,resolved
782,Ca2Y0.8TaO6,https://doi.org/10.1016/j.jre.2020.07.006,3.0,1,False,1,1,False,1,False,resolved
783,Ca2Y0.7TaO6,https://doi.org/10.1016/j.jre.2020.07.006,3.0,1,False,1,1,False,1,False,resolved
784,Ca2Y0.6TaO6,https://doi.org/10.1016/j.jre.2020.07.006,3.0,1,False,1,1,False,1,False,resolved
785,Ca2Y0.5TaO6,https://doi.org/10.1016/j.jre.2020.07.006,3.0,1,False,1,1,False,1,False,resolved
786,K1.02Sr3.98B3O9,https://doi.org/10.1016/j.jlumin.2016.01.010,3.0,1,False,1,1,False,1,False,resolved
787,Ca1.96Si5N8,https://doi.org/10.1111/j.1744-7402.2009.02370.x,2.0,1,False,1,1,False,1,False,resolved
788,LaMgAl11O19,https://doi.org/10.1021/ic500412r,3.0,1,False,1,1,False,1,False,resolved
789,MgY2Si3O10,https://doi.org/10.1039/C4DT02114B,3.0,1,False,1,1,False,1,False,resolved
790,Ca2Tb7.98Si6O26,https://doi.org/10.1016/j.jlumin.2015.08.009,3.0,1,False,1,1,False,1,False,resolved
791,Ca2Tb7.96Si6O26,https://doi.org/10.1016/j.jlumin.2015.08.009,3.0,1,False,1,1,False,1,False,resolved
792,Ca2Tb7.94Si6O26,https://doi.org/10.1016/j.jlumin.2015.08.009,3.0,1,False,1,1,False,1,False,resolved
793,Ca2Tb7.92Si6O26,https://doi.org/10.1016/j.jlumin.2015.08.009,3.0,1,False,1,1,False,1,False,resolved
794,Gd1.86ZnTiO6,https://doi.org/10.1039/C8RA00700D,3.0,1,False,1,1,False,1,False,resolved
795,Gd6MoO12,https://doi.org/10.1007/s11051-013-1940-7,3.0,1,False,1,1,False,1,False,resolved
796,LiBa0.98BO3,https://doi.org/10.1002/bio.3295,3.0,1,False,1,1,False,1,False,resolved
797,LiBa0.975BO3,https://doi.org/10.1002/bio.3295,3.0,1,False,1,1,False,1,False,resolved
798,Bi2MoO6,https://doi.org/10.1039/C5RA03913D,3.0,1,False,1,1,False,1,False,resolved
799,Bi2MoO6,https://doi.org/10.1039/C5RA03913D,3.0,1,False,1,1,False,1,False,resolved
800,Bi2MoO6,https://doi.org/10.1039/C5RA03913D,3.0,1,False,1,1,False,1,False,resolved
801,Bi2MoO6,https://doi.org/10.1039/C5RA03913D,3.0,1,False,1,1,False,1,False,resolved
802,Bi2MoO6,https://doi.org/10.1039/C5RA03913D,3.0,1,False,1,1,False,1,False,resolved
803,Ca1.99Na1.01Zn2V3O12,https://doi.org/10.1016/j.jpcs.2013.05.002,3.0,1,False,1,1,False,1,False,resolved
804,Ca1.97Na1.03Zn2V3O12,https://doi.org/10.1016/j.jpcs.2013.05.002,3.0,1,False,1,1,False,1,False,resolved
805,Ca1.92Na1.08Zn2V3O12,https://doi.org/10.1016/j.jpcs.2013.05.002,3.0,1,False,1,1,False,1,False,resolved
806,Ca1.9Na1.1Zn2V3O12,https://doi.org/10.1016/j.jpcs.2013.05.002,3.0,1,False,1,1,False,1,False,resolved
807,Ca2.97Mo0.2W0.8O6,https://doi.org/10.1016/j.jlumin.2020.117212,3.0,1,False,1,1,False,1,False,resolved
808,Ca2.95Mo0.2W0.8O6,https://doi.org/10.1016/j.jlumin.2020.117212,3.0,1,False,1,1,False,1,False,resolved
809,Ca2.93Mo0.2W0.8O6,https://doi.org/10.1016/j.jlumin.2020.117212,3.0,1,False,1,1,False,1,False,resolved
810,Ca2.91Mo0.2W0.8O6,https://doi.org/10.1016/j.jlumin.2020.117212,3.0,1,False,1,1,False,1,False,resolved
811,Ca2.89Mo0.2W0.8O6,https://doi.org/10.1016/j.jlumin.2020.117212,3.0,1,False,1,1,False,1,False,resolved
812,Ca2.87Mo0.2W0.8O6,https://doi.org/10.1016/j.jlumin.2020.117212,3.0,1,False,1,1,False,1,False,resolved
813,Ca2.85Mo0.2W0.8O6,https://doi.org/10.1016/j.jlumin.2020.117212,3.0,1,False,1,1,False,1,False,resolved
814,Ca2.83Mo0.2W0.8O6,https://doi.org/10.1016/j.jlumin.2020.117212,3.0,1,False,1,1,False,1,False,resolved
815,Sr3Y0.94P3O12,,3.0,2,False,1,2,False,1,False,ambiguous_reference
816,Gd2.9Zn2Nb3O14,https://doi.org/10.1016/j.jallcom.2018.04.135,3.0,1,False,1,1,False,1,False,resolved
817,Gd2.8Zn2Nb3O14,https://doi.org/10.1016/j.jallcom.2018.04.135,3.0,1,False,1,1,False,1,False,resolved
818,Gd2.7Zn2Nb3O14,https://doi.org/10.1016/j.jallcom.2018.04.135,3.0,1,False,1,1,False,1,False,resolved
819,Gd2.6Zn2Nb3O14,https://doi.org/10.1016/j.jallcom.2018.04.135,3.0,1,False,1,1,False,1,False,resolved
820,Gd2.5Zn2Nb3O14,https://doi.org/10.1016/j.jallcom.2018.04.135,3.0,1,False,1,1,False,1,False,resolved
821,Gd2.85YSnNbO10.5,https://doi.org/10.1039/C8CP03863E,3.0,1,False,1,1,False,1,False,resolved
822,Y2.85YSnNbO10.5,https://doi.org/10.1039/C8CP03863E,3.0,1,False,1,1,False,1,False,resolved
823,Lu2.85YSnNbO10.5,https://doi.org/10.1039/C8CP03863E,3.0,1,False,1,1,False,1,False,resolved
824,La2.9YSnNbO10.5,https://doi.org/10.1039/C8CP03863E,3.0,1,False,1,1,False,1,False,resolved
825,La2.7YSnNbO10.5,https://doi.org/10.1039/C8CP03863E,3.0,1,False,1,1,False,1,False,resolved
826,La2.5YSnNbO10.5,https://doi.org/10.1039/C8CP03863E,3.0,1,False,1,1,False,1,False,resolved
827,La2.25YSnNbO10.5,https://doi.org/10.1039/C8CP03863E,3.0,1,False,1,1,False,1,False,resolved
828,La2YSnNbO10.5,https://doi.org/10.1039/C8CP03863E,3.0,1,False,1,1,False,1,False,resolved
829,La1.75YSnNbO10.5,https://doi.org/10.1039/C8CP03863E,3.0,1,False,1,1,False,1,False,resolved
830,Na2CaSiO4,https://doi.org/10.1016/j.materresbull.2011.03.001,3.0,1,False,1,1,False,1,False,resolved
831,Ca9.9LiP7O28,https://doi.org/10.1016/S1002-0721(10)60476-0,3.0,1,False,1,1,False,1,False,resolved
832,Ca9.99NaP7O28,https://doi.org/10.1016/j.saa.2010.12.038,3.0,1,False,1,1,False,1,False,resolved
833,Ca9.97NaP7O28,https://doi.org/10.1016/j.saa.2010.12.038,3.0,1,False,1,1,False,1,False,resolved
834,Ca9.95NaP7O28,https://doi.org/10.1016/j.saa.2010.12.038,3.0,1,False,1,1,False,1,False,resolved
835,Ca9.93NaP7O28,https://doi.org/10.1016/j.saa.2010.12.038,3.0,1,False,1,1,False,1,False,resolved
836,Ca9.91NaP7O28,https://doi.org/10.1016/j.saa.2010.12.038,3.0,1,False,1,1,False,1,False,resolved
837,Ca9.89NaP7O28,https://doi.org/10.1016/j.saa.2010.12.038,3.0,1,False,1,1,False,1,False,resolved
838,Ca9.87NaP7O28,https://doi.org/10.1016/j.saa.2010.12.038,3.0,1,False,1,1,False,1,False,resolved
839,Ca9.85NaP7O28,https://doi.org/10.1016/j.saa.2010.12.038,3.0,1,False,1,1,False,1,False,resolved
840,Ca2.97Mo0.2W0.8O6,https://doi.org/10.1016/j.jlumin.2020.117212,3.0,1,False,1,1,False,1,False,resolved
841,Ca2.95Mo0.2W0.8O6,https://doi.org/10.1016/j.jlumin.2020.117212,3.0,1,False,1,1,False,1,False,resolved
842,Ca2.93Mo0.2W0.8O6,https://doi.org/10.1016/j.jlumin.2020.117212,3.0,1,False,1,1,False,1,False,resolved
843,Ca2.91Mo0.2W0.8O6,https://doi.org/10.1016/j.jlumin.2020.117212,3.0,1,False,1,1,False,1,False,resolved
844,Ca2.89Mo0.2W0.8O6,https://doi.org/10.1016/j.jlumin.2020.117212,3.0,1,False,1,1,False,1,False,resolved
845,Ca2.87Mo0.2W0.8O6,https://doi.org/10.1016/j.jlumin.2020.117212,3.0,1,False,1,1,False,1,False,resolved
846,Ca2.85Mo0.2W0.8O6,https://doi.org/10.1016/j.jlumin.2020.117212,3.0,1,False,1,1,False,1,False,resolved
847,Ca2.83Mo0.2W0.8O6,https://doi.org/10.1016/j.jlumin.2020.117212,3.0,1,False,1,1,False,1,False,resolved
848,NaBaY0.3B2O6,https://doi.org/10.1016/j.dyepig.2017.04.008,3.0,1,False,1,1,False,1,False,resolved
849,KBaY0.3B2O6,https://doi.org/10.1016/j.dyepig.2017.04.008,3.0,1,False,1,1,False,1,False,resolved
850,SrBi1.4TeO7,https://doi.org/10.1016/j.materresbull.2017.08.002,3.0,1,False,1,1,False,1,False,resolved
851,Gd6MoO12,https://doi.org/10.1007/s11051-013-1940-7,3.0,1,False,1,1,False,1,False,resolved
852,Ba4La5.64Si6O25,https://doi.org/10.1039/C5TC03919C,3.0,1,False,1,1,False,1,False,resolved
853,CaLa0.98B7O13,https://doi.org/10.1016/j.ijleo.2017.10.161,3.0,1,False,1,1,False,1,False,resolved
854,CaLa0.92B7O13,https://doi.org/10.1016/j.ijleo.2017.10.161,3.0,1,False,1,1,False,1,False,resolved
855,CaLa0.85B7O13,https://doi.org/10.1016/j.ijleo.2017.10.161,3.0,1,False,1,1,False,1,False,resolved
856,CaLa0.65B7O13,https://doi.org/10.1016/j.ijleo.2017.10.161,3.0,1,False,1,1,False,1,False,resolved
857,CaLa0.55B7O13,https://doi.org/10.1016/j.ijleo.2017.10.161,3.0,1,False,1,1,False,1,False,resolved
858,CaLa0.45B7O13,https://doi.org/10.1016/j.ijleo.2017.10.161,3.0,1,False,1,1,False,1,False,resolved
859,Ca3P2O8,https://doi.org/10.1016/j.optmat.2012.12.023,3.0,1,False,1,1,False,1,False,resolved
860,Ba2CaZn2Si6O17,https://doi.org/10.1016/j.jlumin.2015.03.007,3.0,1,False,1,1,False,1,False,resolved
861,Ba2CaZn2Si6O17,https://doi.org/10.1016/j.jlumin.2015.03.007,3.0,1,False,1,1,False,1,False,resolved
862,Ba2CaZn2Si6O17,https://doi.org/10.1016/j.jlumin.2015.03.007,3.0,1,False,1,1,False,1,False,resolved
863,Ba2CaZn2Si6O17,https://doi.org/10.1016/j.jlumin.2015.03.007,3.0,1,False,1,1,False,1,False,resolved
864,Ba2CaZn2Si6O17,https://doi.org/10.1016/j.jlumin.2015.03.007,3.0,1,False,1,1,False,1,False,resolved
865,Ba2CaZn2Si6O17,https://doi.org/10.1016/j.jlumin.2015.03.007,3.0,1,False,1,1,False,1,False,resolved
866,Ba2CaZn2Si6O17,https://doi.org/10.1016/j.jlumin.2015.03.007,3.0,1,False,1,1,False,1,False,resolved
867,SrLa1.5Mg2W2O12,https://doi.org/10.1016/j.ceramint.2013.01.013,3.0,1,False,1,1,False,1,False,resolved
868,Na1.98Ca1.98Nb4O13,https://doi.org/10.1016/j.jlumin.2018.12.064,3.0,1,False,1,1,False,1,False,resolved
869,Na1.96Ca1.96Nb4O13,https://doi.org/10.1016/j.jlumin.2018.12.064,3.0,1,False,1,1,False,1,False,resolved
870,Na1.94Ca1.94Nb4O13,https://doi.org/10.1016/j.jlumin.2018.12.064,3.0,1,False,1,1,False,1,False,resolved
871,Na1.92Ca1.92Nb4O13,https://doi.org/10.1016/j.jlumin.2018.12.064,3.0,1,False,1,1,False,1,False,resolved
872,Na1.9Ca1.9Nb4O13,https://doi.org/10.1016/j.jlumin.2018.12.064,3.0,1,False,1,1,False,1,False,resolved
873,Na1.88Ca1.88Nb4O13,https://doi.org/10.1016/j.jlumin.2018.12.064,3.0,1,False,1,1,False,1,False,resolved
874,NaCa0.99BO3,https://doi.org/10.1016/j.ceramint.2014.06.034,3.0,1,False,1,1,False,1,False,resolved
875,NaCa0.97BO3,https://doi.org/10.1016/j.ceramint.2014.06.034,3.0,1,False,1,1,False,1,False,resolved
876,NaCa0.95BO3,https://doi.org/10.1016/j.ceramint.2014.06.034,3.0,1,False,1,1,False,1,False,resolved
877,NaCa0.93BO3,https://doi.org/10.1016/j.ceramint.2014.06.034,3.0,1,False,1,1,False,1,False,resolved
878,NaCa0.91BO3,https://doi.org/10.1016/j.ceramint.2014.06.034,3.0,1,False,1,1,False,1,False,resolved
879,NaCa0.89BO3,https://doi.org/10.1016/j.ceramint.2014.06.034,3.0,1,False,1,1,False,1,False,resolved
880,NaCa0.87BO3,https://doi.org/10.1016/j.ceramint.2014.06.034,3.0,1,False,1,1,False,1,False,resolved
881,NaCa0.85BO3,https://doi.org/10.1016/j.ceramint.2014.06.034,3.0,1,False,1,1,False,1,False,resolved
882,NaCaLaV2O8,https://doi.org/10.1111/jace.12152,3.0,1,False,1,1,False,1,False,resolved
883,NaSrLaV2O8,https://doi.org/10.1111/jace.12152,3.0,1,False,1,1,False,1,False,resolved
884,NaBaLaV2O8,https://doi.org/10.1111/jace.12152,3.0,1,False,1,1,False,1,False,resolved
885,NaCaLaV2O8,https://doi.org/10.1111/jace.12152,3.0,1,False,1,1,False,1,False,resolved
886,LaV2O8,https://doi.org/10.1111/jace.12152,3.0,1,False,1,1,False,1,False,resolved
887,Gd6MoO12,https://doi.org/10.1007/s11051-013-1940-7,3.0,1,False,1,1,False,1,False,resolved
888,SrLa1.5Mg2W2O12,https://doi.org/10.1016/j.ceramint.2013.01.013,3.0,1,False,1,1,False,1,False,resolved
889,Ba0.99MoO4,https://doi.org/10.1016/j.saa.2013.12.007,3.0,1,False,1,1,False,1,False,resolved
890,Ba0.97MoO4,https://doi.org/10.1016/j.saa.2013.12.007,3.0,1,False,1,1,False,1,False,resolved
891,Ba0.94MoO4,https://doi.org/10.1016/j.saa.2013.12.007,3.0,1,False,1,1,False,1,False,resolved
892,Ba0.91MoO4,https://doi.org/10.1016/j.saa.2013.12.007,3.0,1,False,1,1,False,1,False,resolved
893,Ba0.88MoO4,https://doi.org/10.1016/j.saa.2013.12.007,3.0,1,False,1,1,False,1,False,resolved
894,SrBi1.96TeO7,https://doi.org/10.1016/j.materresbull.2017.08.002,3.0,1,False,1,1,False,1,False,resolved
895,SrBi1.7TeO7,https://doi.org/10.1016/j.materresbull.2017.08.002,3.0,1,False,1,1,False,1,False,resolved
896,SrBi1.4TeO7,https://doi.org/10.1016/j.materresbull.2017.08.002,3.0,1,False,1,1,False,1,False,resolved
897,NaGdW2O8,https://doi.org/10.1039/C3CE41712C,3.0,1,False,1,1,False,1,False,resolved
898,Ca2.97Mo0.2W0.8O6,https://doi.org/10.1016/j.jlumin.2020.117212,3.0,1,False,1,1,False,1,False,resolved
899,Ca2.95Mo0.2W0.8O6,https://doi.org/10.1016/j.jlumin.2020.117212,3.0,1,False,1,1,False,1,False,resolved
900,Ca2.93Mo0.2W0.8O6,https://doi.org/10.1016/j.jlumin.2020.117212,3.0,1,False,1,1,False,1,False,resolved
901,Ca2.91Mo0.2W0.8O6,https://doi.org/10.1016/j.jlumin.2020.117212,3.0,1,False,1,1,False,1,False,resolved
902,Ca2.89Mo0.2W0.8O6,https://doi.org/10.1016/j.jlumin.2020.117212,3.0,1,False,1,1,False,1,False,resolved
903,Ca2.87Mo0.2W0.8O6,https://doi.org/10.1016/j.jlumin.2020.117212,3.0,1,False,1,1,False,1,False,resolved
904,Ca2.85Mo0.2W0.8O6,https://doi.org/10.1016/j.jlumin.2020.117212,3.0,1,False,1,1,False,1,False,resolved
905,Ca2.83Mo0.2W0.8O6,https://doi.org/10.1016/j.jlumin.2020.117212,3.0,1,False,1,1,False,1,False,resolved
906,CaWO4,https://doi.org/10.1016/j.dyepig.2017.04.037,3.0,1,False,1,1,False,1,False,resolved
907,CaW0.9Mo0.1O4,https://doi.org/10.1016/j.dyepig.2017.04.037,3.0,1,False,1,1,False,1,False,resolved
908,CaW0.7Mo0.3O4,https://doi.org/10.1016/j.dyepig.2017.04.037,3.0,1,False,1,1,False,1,False,resolved
909,CaW0.4Mo0.6O4,https://doi.org/10.1016/j.dyepig.2017.04.037,3.0,1,False,1,1,False,1,False,resolved
910,CaW0.2Mo0.8O4,https://doi.org/10.1016/j.dyepig.2017.04.037,3.0,1,False,1,1,False,1,False,resolved
911,CaMoO4,https://doi.org/10.1016/j.dyepig.2017.04.037,3.0,1,False,1,1,False,1,False,resolved
912,Ca0.92WO4,https://doi.org/10.1016/j.dyepig.2017.04.037,3.0,1,False,1,1,False,1,False,resolved
913,Ca0.92W0.9Mo0.1O4,https://doi.org/10.1016/j.dyepig.2017.04.037,3.0,1,False,1,1,False,1,False,resolved
914,Ca0.92W0.7Mo0.3O4,https://doi.org/10.1016/j.dyepig.2017.04.037,3.0,1,False,1,1,False,1,False,resolved
915,Ca0.92W0.4Mo0.6O4,https://doi.org/10.1016/j.dyepig.2017.04.037,3.0,1,False,1,1,False,1,False,resolved
916,Ca0.92W0.2Mo0.8O4,https://doi.org/10.1016/j.dyepig.2017.04.037,3.0,1,False,1,1,False,1,False,resolved
917,Ca0.92MoO4,https://doi.org/10.1016/j.dyepig.2017.04.037,3.0,1,False,1,1,False,1,False,resolved
918,Ca2Y0.99SbO6,https://doi.org/10.1016/j.jallcom.2015.10.242,3.0,1,False,1,1,False,1,False,resolved
919,Ca2Y0.70SbO6,https://doi.org/10.1016/j.jallcom.2015.10.242,3.0,1,False,1,1,False,1,False,resolved
920,Ca2Y0.80SbO6,https://doi.org/10.1016/j.jallcom.2015.10.242,3.0,1,False,1,1,False,1,False,resolved
921,CsGd0.95Mo2O8,https://doi.org/10.1016/j.dyepig.2016.10.016,3.0,1,False,1,1,False,1,False,resolved
922,CsGd0.94Mo2O8,https://doi.org/10.1016/j.dyepig.2016.10.016,3.0,1,False,1,1,False,1,False,resolved
923,CsGd0.93Mo2O8,https://doi.org/10.1016/j.dyepig.2016.10.016,3.0,1,False,1,1,False,1,False,resolved
924,CsGd0.92Mo2O8,https://doi.org/10.1016/j.dyepig.2016.10.016,3.0,1,False,1,1,False,1,False,resolved
925,CaZrO3,https://doi.org/10.1007/s10854-018-0505-z,3.0,1,False,1,1,False,1,False,resolved
926,CaZrO3,https://doi.org/10.1007/s10854-018-0505-z,3.0,1,False,1,1,False,1,False,resolved
927,CaZrO3,https://doi.org/10.1007/s10854-018-0505-z,3.0,1,False,1,1,False,1,False,resolved
928,CaZrO3,https://doi.org/10.1007/s10854-018-0505-z,3.0,1,False,1,1,False,1,False,resolved
929,Sr1.9ZnWO6Li0.05,https://doi.org/10.1016/j.jallcom.2016.06.255,3.0,1,False,1,1,False,1,False,resolved
930,Sr1.9ZnW0.8Mo0.2O6Li0.05,https://doi.org/10.1016/j.jallcom.2016.06.255,3.0,1,False,1,1,False,1,False,resolved
931,Sr1.9ZnW0.6Mo0.4O6Li0.05,https://doi.org/10.1016/j.jallcom.2016.06.255,3.0,1,False,1,1,False,1,False,resolved
932,Sr1.9ZnW0.4Mo0.6O6Li0.05,https://doi.org/10.1016/j.jallcom.2016.06.255,3.0,1,False,1,1,False,1,False,resolved
933,Sr1.9ZnW0.2Mo0.8O6Li0.05,https://doi.org/10.1016/j.jallcom.2016.06.255,3.0,1,False,1,1,False,1,False,resolved
934,Sr1.9ZnMoO6Li0.05,https://doi.org/10.1016/j.jallcom.2016.06.255,3.0,1,False,1,1,False,1,False,resolved
935,Sr3Y0.98P3O12,https://doi.org/10.1016/j.mseb.2016.07.017,3.0,1,False,1,1,False,1,False,resolved
936,Li6Y0.15B3O9,https://doi.org/10.1016/j.optmat.2011.03.002,3.0,1,False,1,1,False,1,False,resolved
937,Na3Lu0.8P2O8,https://doi.org/10.1016/j.jallcom.2019.06.190,3.0,1,False,1,1,False,1,False,resolved
938,Na3Lu0.6P2O8,https://doi.org/10.1016/j.jallcom.2019.06.190,3.0,1,False,1,1,False,1,False,resolved
939,Na3Lu0.4P2O8,https://doi.org/10.1016/j.jallcom.2019.06.190,3.0,1,False,1,1,False,1,False,resolved
940,Na3Lu0.2P2O8,https://doi.org/10.1016/j.jallcom.2019.06.190,3.0,1,False,1,1,False,1,False,resolved
941,Na3P2O8,https://doi.org/10.1016/j.jallcom.2019.06.190,3.0,1,False,1,1,False,1,False,resolved
942,Na13Sr1.8Ta2P9O36,https://doi.org/10.1016/j.jlumin.2019.116976,3.0,1,False,1,1,False,1,False,resolved
943,Na13Sr1.6Ta2P9O36Li0.2,https://doi.org/10.1016/j.jlumin.2019.116976,3.0,1,False,1,1,False,1,False,resolved
944,Na13Sr1.6Ta2P9O36Na0.2,https://doi.org/10.1016/j.jlumin.2019.116976,3.0,1,False,1,1,False,1,False,resolved
945,Na13Sr1.6Ta2P9O36K0.2,https://doi.org/10.1016/j.jlumin.2019.116976,3.0,1,False,1,1,False,1,False,resolved
946,K2Y0.95WO8P,https://doi.org/10.1016/j.materresbull.2015.09.003,3.0,1,False,1,1,False,1,False,resolved
947,K2Y0.9WO8P,https://doi.org/10.1016/j.materresbull.2015.09.003,3.0,1,False,1,1,False,1,False,resolved
948,K2Y0.7WO8P,https://doi.org/10.1016/j.materresbull.2015.09.003,3.0,1,False,1,1,False,1,False,resolved
949,K2Y0.5WO8P,https://doi.org/10.1016/j.materresbull.2015.09.003,3.0,1,False,1,1,False,1,False,resolved
950,K2Y0.3WO8P,https://doi.org/10.1016/j.materresbull.2015.09.003,3.0,1,False,1,1,False,1,False,resolved
951,K2Y0.3WO8P,https://doi.org/10.1016/j.materresbull.2015.09.003,3.0,1,False,1,1,False,1,False,resolved
952,K2Y0.3WO8P,https://doi.org/10.1016/j.materresbull.2015.09.003,3.0,1,False,1,1,False,1,False,resolved
953,K2Y0.1WO8P,https://doi.org/10.1016/j.materresbull.2015.09.003,3.0,1,False,1,1,False,1,False,resolved
954,K2WO8P,https://doi.org/10.1016/j.materresbull.2015.09.003,3.0,1,False,1,1,False,1,False,resolved
955,CsGd0.95Mo2O8,https://doi.org/10.1016/j.dyepig.2016.10.016,3.0,1,False,1,1,False,1,False,resolved
956,CsGd0.94Mo2O8,https://doi.org/10.1016/j.dyepig.2016.10.016,3.0,1,False,1,1,False,1,False,resolved
957,CsGd0.93Mo2O8,https://doi.org/10.1016/j.dyepig.2016.10.016,3.0,1,False,1,1,False,1,False,resolved
958,CsGd0.92Mo2O8,https://doi.org/10.1016/j.dyepig.2016.10.016,3.0,1,False,1,1,False,1,False,resolved
959,Li6Y0.95B3O9,https://doi.org/10.1002/bio.3006,3.0,1,False,1,1,False,1,False,resolved
960,Li6Y0.9B3O9,https://doi.org/10.1002/bio.3006,3.0,1,False,1,1,False,1,False,resolved
961,Li6Y0.8B3O9,https://doi.org/10.1002/bio.3006,3.0,1,False,1,1,False,1,False,resolved
962,Li6Y0.5B3O9,https://doi.org/10.1002/bio.3006,3.0,1,False,1,1,False,1,False,resolved
963,Li6B3O9,https://doi.org/10.1002/bio.3006,3.0,1,False,1,1,False,1,False,resolved
964,CaZrO3,https://doi.org/10.1007/s10854-018-0505-z,3.0,1,False,1,1,False,1,False,resolved
965,CaZrO3,https://doi.org/10.1007/s10854-018-0505-z,3.0,1,False,1,1,False,1,False,resolved
966,CaZrO3,https://doi.org/10.1007/s10854-018-0505-z,3.0,1,False,1,1,False,1,False,resolved
967,CaZrO3,https://doi.org/10.1007/s10854-018-0505-z,3.0,1,False,1,1,False,1,False,resolved
968,CaZrO3,https://doi.org/10.1007/s10854-018-0505-z,3.0,1,False,1,1,False,1,False,resolved
969,CaZrO3,https://doi.org/10.1007/s10854-018-0505-z,3.0,1,False,1,1,False,1,False,resolved
970,CaZrO3,https://doi.org/10.1007/s10854-018-0505-z,3.0,1,False,1,1,False,1,False,resolved
971,BaGd0.99B9O16,https://doi.org/10.1016/S1002-0721(14)60394-X,3.0,1,False,1,1,False,1,False,resolved
972,BaGd0.91La0.08B9O16,https://doi.org/10.1016/S1002-0721(14)60394-X,3.0,1,False,1,1,False,1,False,resolved
973,BaGd0.91Y0.08B9O16,https://doi.org/10.1016/S1002-0721(14)60394-X,3.0,1,False,1,1,False,1,False,resolved
974,Sr1.4Zn0.3CeO4,https://doi.org/10.1021/am4041493,3.0,1,False,1,1,False,1,False,resolved
975,Ca2Y0.99SbO6,https://doi.org/10.1016/j.jallcom.2015.10.242,3.0,1,False,1,1,False,1,False,resolved
976,Ca2Y0.70SbO6,https://doi.org/10.1016/j.jallcom.2015.10.242,3.0,1,False,1,1,False,1,False,resolved
977,Ca2Y0.80SbO6,https://doi.org/10.1016/j.jallcom.2015.10.242,3.0,1,False,1,1,False,1,False,resolved
978,LiLa1.74O5B,https://doi.org/10.1149/1.2946482,3.0,1,False,1,1,False,1,False,resolved
979,Sr2MgTeO6,https://doi.org/10.1016/j.optlastec.2017.11.046,3.0,1,False,1,1,False,1,False,resolved
980,Ca2Y0.99SbO6,https://doi.org/10.1016/j.jallcom.2015.10.242,3.0,1,False,1,1,False,1,False,resolved
981,Ca2Y0.70SbO6,https://doi.org/10.1016/j.jallcom.2015.10.242,3.0,1,False,1,1,False,1,False,resolved
982,Ca2Y0.80SbO6,https://doi.org/10.1016/j.jallcom.2015.10.242,3.0,1,False,1,1,False,1,False,resolved
983,Ca9La0.9P7O28,https://doi.org/10.1007/s00339-017-1226-5,3.0,1,False,1,1,False,1,False,resolved
984,Ca9La0.7P7O28,https://doi.org/10.1007/s00339-017-1226-5,3.0,1,False,1,1,False,1,False,resolved
985,Ca9La0.4P7O28,https://doi.org/10.1007/s00339-017-1226-5,3.0,1,False,1,1,False,1,False,resolved
986,Ca9La0.1P7O28,https://doi.org/10.1007/s00339-017-1226-5,3.0,1,False,1,1,False,1,False,resolved
987,Ca9P7O28,https://doi.org/10.1007/s00339-017-1226-5,3.0,1,False,1,1,False,1,False,resolved
988,Cs0.99ZnPO4,https://doi.org/10.1016/j.solidstatesciences.2013.12.017,3.0,1,False,1,1,False,1,False,resolved
989,Cs0.95ZnPO4,https://doi.org/10.1016/j.solidstatesciences.2013.12.017,3.0,1,False,1,1,False,1,False,resolved
990,Cs0.93ZnPO4,https://doi.org/10.1016/j.solidstatesciences.2013.12.017,3.0,1,False,1,1,False,1,False,resolved
991,Ba3.96Na2W2O11,https://doi.org/10.1016/j.jallcom.2015.09.182,3.0,1,False,1,1,False,1,False,resolved
992,Ba3.88Na2W2O11,https://doi.org/10.1016/j.jallcom.2015.09.182,3.0,1,False,1,1,False,1,False,resolved
993,Ba3.8Na2W2O11,https://doi.org/10.1016/j.jallcom.2015.09.182,3.0,1,False,1,1,False,1,False,resolved
994,Ba3.72Na2W2O11,https://doi.org/10.1016/j.jallcom.2015.09.182,3.0,1,False,1,1,False,1,False,resolved
995,Ba3.72Na2W2O11,https://doi.org/10.1016/j.jallcom.2015.09.182,3.0,1,False,1,1,False,1,False,resolved
996,Sr0.93MoO4,https://doi.org/10.1039/C5RA06053B,3.0,2,False,1,1,False,1,False,resolved
997,Sr0.86MoO4Na0.07,https://doi.org/10.1039/C5RA06053B,3.0,2,False,1,1,False,1,False,resolved
998,Sr0.84MoO4Na0.09,https://doi.org/10.1039/C5RA06053B,3.0,2,False,1,1,False,1,False,resolved
999,Sr0.99MoO4,https://doi.org/10.1039/C5RA06053B,3.0,1,False,1,1,False,1,False,resolved
1000,Sr0.93MoO4,https://doi.org/10.1039/C5RA06053B,3.0,2,False,1,1,False,1,False,resolved
1001,Sr0.86MoO4Na0.07,https://doi.org/10.1039/C5RA06053B,3.0,2,False,1,1,False,1,False,resolved
1002,Sr0.84MoO4Na0.09,https://doi.org/10.1039/C5RA06053B,3.0,2,False,1,1,False,1,False,resolved
1003,Sr3Lu0.993V2O8,https://doi.org/10.1111/jace.17689,3.0,1,False,1,1,False,1,False,resolved
1004,Sr3Lu0.991V2O8,https://doi.org/10.1111/jace.17689,3.0,1,False,1,1,False,1,False,resolved
1005,Sr3Lu0.98V2O8,https://doi.org/10.1111/jace.17689,3.0,1,False,1,1,False,1,False,resolved
1006,Sr3Lu0.96V2O8,https://doi.org/10.1111/jace.17689,3.0,1,False,1,1,False,1,False,resolved
1007,Sr3Lu0.94V2O8,https://doi.org/10.1111/jace.17689,3.0,1,False,1,1,False,1,False,resolved
1008,Ba3.72Na2W2O11,https://doi.org/10.1016/j.jallcom.2015.09.182,3.0,1,False,1,1,False,1,False,resolved
1009,La0.995BMoO6,https://doi.org/10.1016/j.jallcom.2015.01.134,3.0,1,False,1,1,False,1,False,resolved
1010,La0.99BMoO6,https://doi.org/10.1016/j.jallcom.2015.01.134,3.0,1,False,1,1,False,1,False,resolved
1011,La0.98BMoO6,https://doi.org/10.1016/j.jallcom.2015.01.134,3.0,1,False,1,1,False,1,False,resolved
1012,La0.97BMoO6,https://doi.org/10.1016/j.jallcom.2015.01.134,3.0,1,False,1,1,False,1,False,resolved
1013,La0.96BMoO6,https://doi.org/10.1016/j.jallcom.2015.01.134,3.0,1,False,1,1,False,1,False,resolved
1014,La0.95BMoO6,https://doi.org/10.1016/j.jallcom.2015.01.134,3.0,1,False,1,1,False,1,False,resolved
1015,La0.94BMoO6,https://doi.org/10.1016/j.jallcom.2015.01.134,3.0,1,False,1,1,False,1,False,resolved
1016,La0.93BMoO6,https://doi.org/10.1016/j.jallcom.2015.01.134,3.0,1,False,1,1,False,1,False,resolved
1017,LiLaMgWO6,https://doi.org/10.1016/j.ceramint.2016.11.093,3.0,1,False,1,1,False,1,False,resolved
1018,LiLaMgWO6,https://doi.org/10.1016/j.ceramint.2016.11.093,3.0,1,False,1,1,False,1,False,resolved
1019,LiLaMgWO6,https://doi.org/10.1016/j.ceramint.2016.11.093,3.0,1,False,1,1,False,1,False,resolved
1020,LiLaMgWO6,https://doi.org/10.1016/j.ceramint.2016.11.093,3.0,1,False,1,1,False,1,False,resolved
1021,MgY3.8Si3O13,https://doi.org/10.1111/jace.13628,3.0,1,False,1,1,False,1,False,resolved
1022,MgY3.7Si3O13,https://doi.org/10.1111/jace.13628,3.0,1,False,1,1,False,1,False,resolved
1023,MgY3.6Si3O13,https://doi.org/10.1111/jace.13628,3.0,1,False,1,1,False,1,False,resolved
1024,MgY3.5Si3O13,https://doi.org/10.1111/jace.13628,3.0,1,False,1,1,False,1,False,resolved
1025,MgY3.4Si3O13,https://doi.org/10.1111/jace.13628,3.0,1,False,1,1,False,1,False,resolved
1026,MgY3.3Si3O13,https://doi.org/10.1111/jace.13628,3.0,1,False,1,1,False,1,False,resolved
1027,Rb2Bi0.99PO8Mo,https://doi.org/10.3390/ma12193275,3.0,1,False,1,1,False,1,False,resolved
1028,Rb2Bi0.99PO8Mo,https://doi.org/10.3390/ma12193275,3.0,1,False,1,1,False,1,False,resolved
1029,Rb2Bi0.99PO8Mo,https://doi.org/10.3390/ma12193275,3.0,1,False,1,1,False,1,False,resolved
1030,Rb2Bi0.99PO8Mo,https://doi.org/10.3390/ma12193275,3.0,1,False,1,1,False,1,False,resolved
1031,Rb2Bi0.99PO8Mo,https://doi.org/10.3390/ma12193275,3.0,1,False,1,1,False,1,False,resolved
1032,Rb2Bi0.99PO8Mo,https://doi.org/10.3390/ma12193275,3.0,1,False,1,1,False,1,False,resolved
1033,Rb2Bi0.95PO8Mo,https://doi.org/10.3390/ma12193275,3.0,1,False,1,1,False,1,False,resolved
1034,Rb2Bi0.9PO8Mo,https://doi.org/10.3390/ma12193275,3.0,1,False,1,1,False,1,False,resolved
1035,Rb2Bi0.75PO8Mo,https://doi.org/10.3390/ma12193275,3.0,1,False,1,1,False,1,False,resolved
1036,Rb2Bi0.5PO8Mo,https://doi.org/10.3390/ma12193275,3.0,1,False,1,1,False,1,False,resolved
1037,Rb2Bi0.5PO8Mo,https://doi.org/10.3390/ma12193275,3.0,1,False,1,1,False,1,False,resolved
1038,Rb2Bi0.5PO8Mo,https://doi.org/10.3390/ma12193275,3.0,1,False,1,1,False,1,False,resolved
1039,Rb2Bi0.5PO8Mo,https://doi.org/10.3390/ma12193275,3.0,1,False,1,1,False,1,False,resolved
1040,Rb2Bi0.5PO8Mo,https://doi.org/10.3390/ma12193275,3.0,1,False,1,1,False,1,False,resolved
1041,Rb2Bi0.5PO8Mo,https://doi.org/10.3390/ma12193275,3.0,1,False,1,1,False,1,False,resolved
1042,Rb2Bi0.25PO8Mo,https://doi.org/10.3390/ma12193275,3.0,1,False,1,1,False,1,False,resolved
1043,Rb2PO8Mo,https://doi.org/10.3390/ma12193275,3.0,1,False,1,1,False,1,False,resolved
1044,Rb2PO8Mo,https://doi.org/10.3390/ma12193275,3.0,1,False,1,1,False,1,False,resolved
1045,Rb2PO8Mo,https://doi.org/10.3390/ma12193275,3.0,1,False,1,1,False,1,False,resolved
1046,Rb2PO8Mo,https://doi.org/10.3390/ma12193275,3.0,1,False,1,1,False,1,False,resolved
1047,Rb2PO8Mo,https://doi.org/10.3390/ma12193275,3.0,1,False,1,1,False,1,False,resolved
1048,Rb2PO8Mo,https://doi.org/10.3390/ma12193275,3.0,1,False,1,1,False,1,False,resolved
1049,Y2Mo4O15,https://doi.org/10.1038/srep26098,3.0,1,False,1,1,False,1,False,resolved
1050,Y2Mo4O15,https://doi.org/10.1038/srep26098,3.0,1,False,1,1,False,1,False,resolved
1051,Y2Mo4O15,https://doi.org/10.1038/srep26098,3.0,1,False,1,1,False,1,False,resolved
1052,Y2Mo4O15,https://doi.org/10.1038/srep26098,3.0,1,False,1,1,False,1,False,resolved
1053,Y2Mo4O15,https://doi.org/10.1038/srep26098,3.0,1,False,1,1,False,1,False,resolved
1054,Y2Mo4O15,https://doi.org/10.1038/srep26098,3.0,1,False,1,1,False,1,False,resolved
1055,Y2Mo4O15,https://doi.org/10.1038/srep26098,3.0,1,False,1,1,False,1,False,resolved
1056,Y2Mo4O15,https://doi.org/10.1038/srep26098,3.0,1,False,1,1,False,1,False,resolved
1057,Y2Mo4O15,https://doi.org/10.1038/srep26098,3.0,1,False,1,1,False,1,False,resolved
1058,Y2Mo4O15,https://doi.org/10.1038/srep26098,3.0,1,False,1,1,False,1,False,resolved
1059,Y2Mo4O15,https://doi.org/10.1038/srep26098,3.0,1,False,1,1,False,1,False,resolved
1060,Y2Mo4O15,https://doi.org/10.1038/srep26098,3.0,1,False,1,1,False,1,False,resolved
1061,Y2Mo4O15,https://doi.org/10.1038/srep26098,3.0,1,False,1,1,False,1,False,resolved
1062,Y2Mo4O15,https://doi.org/10.1038/srep26098,3.0,1,False,1,1,False,1,False,resolved
1063,Y2Mo4O15,https://doi.org/10.1038/srep26098,3.0,1,False,1,1,False,1,False,resolved
1064,Y2Mo4O15,https://doi.org/10.1038/srep26098,3.0,1,False,1,1,False,1,False,resolved
1065,Y2Mo4O15,https://doi.org/10.1038/srep26098,3.0,1,False,1,1,False,1,False,resolved
1066,Y2Mo4O15,https://doi.org/10.1038/srep26098,3.0,1,False,1,1,False,1,False,resolved
1067,Y2Mo4O15,https://doi.org/10.1038/srep26098,3.0,1,False,1,1,False,1,False,resolved
1068,Y2Mo4O15,https://doi.org/10.1038/srep26098,3.0,1,False,1,1,False,1,False,resolved
1069,Y2Mo4O15,https://doi.org/10.1038/srep26098,3.0,1,False,1,1,False,1,False,resolved
1070,Y2O3,https://doi.org/10.1016/j.ceramint.2013.01.013,3.0,1,False,1,1,False,1,False,resolved
1071,La1.64LiSbO6,https://doi.org/10.1016/j.jallcom.2019.02.132,3.0,1,False,1,1,False,1,False,resolved
1072,LiGd2.7Mo5O20,https://doi.org/10.1364/OME.8.000259,3.0,1,False,1,1,False,1,False,resolved
1073,LiGd2.1Mo5O20,https://doi.org/10.1364/OME.8.000259,3.0,1,False,1,1,False,1,False,resolved
1074,LiGd1.5Mo5O20,https://doi.org/10.1364/OME.8.000259,3.0,1,False,1,1,False,1,False,resolved
1075,LiGd0.9Mo5O20,https://doi.org/10.1364/OME.8.000259,3.0,1,False,1,1,False,1,False,resolved
1076,LiGd0.6Mo5O20,https://doi.org/10.1364/OME.8.000259,3.0,1,False,1,1,False,1,False,resolved
1077,LiGd0.3Mo5O20,https://doi.org/10.1364/OME.8.000259,3.0,1,False,1,1,False,1,False,resolved
1078,LiGd0.3Mo5O20,https://doi.org/10.1364/OME.8.000259,3.0,1,False,1,1,False,1,False,resolved
1079,LiGd0.3Mo5O20,https://doi.org/10.1364/OME.8.000259,3.0,1,False,1,1,False,1,False,resolved
1080,LiGd0.3Mo5O20,https://doi.org/10.1364/OME.8.000259,3.0,1,False,1,1,False,1,False,resolved
1081,LiMo5O20,https://doi.org/10.1364/OME.8.000259,3.0,1,False,1,1,False,1,False,resolved
1082,Li3Ba2La2.9W8O32,https://doi.org/10.1364/OME.6.000181,3.0,1,False,1,1,False,1,False,resolved
1083,Li3Ba2La2.4W8O32,https://doi.org/10.1364/OME.6.000181,3.0,1,False,1,1,False,1,False,resolved
1084,Li3Ba2La1.8W8O32,https://doi.org/10.1364/OME.6.000181,3.0,1,False,1,1,False,1,False,resolved
1085,Li3Ba2La1.2W8O32,https://doi.org/10.1364/OME.6.000181,3.0,1,False,1,1,False,1,False,resolved
1086,Li3Ba2La0.9W8O32,https://doi.org/10.1364/OME.6.000181,3.0,1,False,1,1,False,1,False,resolved
1087,Li3Ba2La0.6W8O32,https://doi.org/10.1364/OME.6.000181,3.0,1,False,1,1,False,1,False,resolved
1088,Li3Ba2La0.3W8O32,https://doi.org/10.1364/OME.6.000181,3.0,1,False,1,1,False,1,False,resolved
1089,Li3Ba2W8O32,https://doi.org/10.1364/OME.6.000181,3.0,1,False,1,1,False,1,False,resolved
1090,CdY3.6MoO16,https://doi.org/10.1364/OME.6.002397,3.0,1,False,1,1,False,1,False,resolved
1091,CdY3.2MoO16,https://doi.org/10.1364/OME.6.002397,3.0,1,False,1,1,False,1,False,resolved
1092,CdY2.8MoO16,https://doi.org/10.1364/OME.6.002397,3.0,1,False,1,1,False,1,False,resolved
1093,CdY2.4MoO16,https://doi.org/10.1364/OME.6.002397,3.0,1,False,1,1,False,1,False,resolved
1094,CdY2MoO16,https://doi.org/10.1364/OME.6.002397,3.0,1,False,1,1,False,1,False,resolved
1095,CdY1.6MoO16,https://doi.org/10.1364/OME.6.002397,3.0,1,False,1,1,False,1,False,resolved
1096,NaGdW2O8,https://doi.org/10.1016/j.cap.2010.09.002,3.0,1,False,1,1,False,1,False,resolved
1097,NaLa3.6Mo3O15F,https://doi.org/10.1364/OME.4.000190,3.0,1,False,1,1,False,1,False,resolved
1098,NaLa3.2Mo3O15F,https://doi.org/10.1364/OME.4.000190,3.0,1,False,1,1,False,1,False,resolved
1099,NaLa2.8Mo3O15F,https://doi.org/10.1364/OME.4.000190,3.0,1,False,1,1,False,1,False,resolved
1100,NaLa2.4Mo3O15F,https://doi.org/10.1364/OME.4.000190,3.0,1,False,1,1,False,1,False,resolved
1101,NaLa2Mo3O15F,https://doi.org/10.1364/OME.4.000190,3.0,1,False,1,1,False,1,False,resolved
1102,NaLa1.6Mo3O15F,https://doi.org/10.1364/OME.4.000190,3.0,1,False,1,1,False,1,False,resolved
1103,NaLa1.2Mo3O15F,https://doi.org/10.1364/OME.4.000190,3.0,1,False,1,1,False,1,False,resolved
1104,NaLa0.8Mo3O15F,https://doi.org/10.1364/OME.4.000190,3.0,1,False,1,1,False,1,False,resolved
1105,NaLa0.4Mo3O15F,https://doi.org/10.1364/OME.4.000190,3.0,1,False,1,1,False,1,False,resolved
1106,NaMo3O15F,https://doi.org/10.1364/OME.4.000190,3.0,1,False,1,1,False,1,False,resolved
1107,Ba3.96Na2W2O11,https://doi.org/10.1016/j.jallcom.2015.09.182,3.0,1,False,1,1,False,1,False,resolved
1108,Ba3.72Na2W2O11,https://doi.org/10.1016/j.jallcom.2015.09.182,3.0,1,False,1,1,False,1,False,resolved
1109,Ba3.64Na2W2O11,https://doi.org/10.1016/j.jallcom.2015.09.182,3.0,1,False,1,1,False,1,False,resolved
1110,LiGd0.5MgWO6,https://doi.org/10.1016/j.dyepig.2018.08.013,3.0,1,False,1,1,False,1,False,resolved
1111,Ca0.5LaMo2O8,https://doi.org/10.1039/C5RA21208A,3.0,1,False,1,1,False,1,False,resolved
1112,Ca0.5LaMo2O8,https://doi.org/10.1039/C5RA21208A,3.0,1,False,1,1,False,1,False,resolved
1113,CaMoO4,https://doi.org/10.1039/C5RA21208A,3.0,1,False,1,1,False,1,False,resolved
1114,Na0.5Gd0.25MoO4,https://doi.org/10.1016/j.jlumin.2016.07.045,3.0,2,False,1,1,False,1,False,resolved
1115,Ba2La7.2Si6O26,https://doi.org/10.1016/j.dyepig.2017.03.048,3.0,1,False,1,1,False,1,False,resolved
1116,Ba2La6.4Si6O26,https://doi.org/10.1016/j.dyepig.2017.03.048,3.0,1,False,1,1,False,1,False,resolved
1117,Ba2La5.6Si6O26,https://doi.org/10.1016/j.dyepig.2017.03.048,3.0,1,False,1,1,False,1,False,resolved
1118,Ba2La4.8Si6O26,https://doi.org/10.1016/j.dyepig.2017.03.048,3.0,1,False,1,1,False,1,False,resolved
1119,Ba2La4Si6O26,https://doi.org/10.1016/j.dyepig.2017.03.048,3.0,1,False,1,1,False,1,False,resolved
1120,Ba2La3.2Si6O26,https://doi.org/10.1016/j.dyepig.2017.03.048,3.0,1,False,1,1,False,1,False,resolved
1121,Ba2La1.6Si6O26,https://doi.org/10.1016/j.dyepig.2017.03.048,3.0,1,False,1,1,False,1,False,resolved
1122,Ba2Si6O26,https://doi.org/10.1016/j.dyepig.2017.03.048,3.0,1,False,1,1,False,1,False,resolved
1123,Na0.5Gd0.25MoO4,https://doi.org/10.1016/j.jlumin.2016.07.045,3.0,2,False,1,1,False,1,False,resolved
1124,Ba2Gd4.9B5O17,https://doi.org/10.1016/j.optmat.2018.07.023,3.0,1,False,1,1,False,1,False,resolved
1125,Ba2Gd4.8B5O17,https://doi.org/10.1016/j.optmat.2018.07.023,3.0,1,False,1,1,False,1,False,resolved
1126,Ba2Gd4.6B5O17,https://doi.org/10.1016/j.optmat.2018.07.023,3.0,1,False,1,1,False,1,False,resolved
1127,Ba2Gd4.5B5O17,https://doi.org/10.1016/j.optmat.2018.07.023,3.0,1,False,1,1,False,1,False,resolved
1128,Ba2Gd4.4B5O17,https://doi.org/10.1016/j.optmat.2018.07.023,3.0,1,False,1,1,False,1,False,resolved
1129,Ba2Gd4.2B5O17,https://doi.org/10.1016/j.optmat.2018.07.023,3.0,1,False,1,1,False,1,False,resolved
1130,K2Gd0.95WPO8,https://doi.org/10.1016/j.ceramint.2017.05.123,3.0,1,False,1,1,False,1,False,resolved
1131,K2Gd0.8WPO8,https://doi.org/10.1016/j.ceramint.2017.05.123,3.0,1,False,1,1,False,1,False,resolved
1132,K2Gd0.5WPO8,https://doi.org/10.1016/j.ceramint.2017.05.123,3.0,1,False,1,1,False,1,False,resolved
1133,K2Gd0.3WPO8,https://doi.org/10.1016/j.ceramint.2017.05.123,3.0,1,False,1,1,False,1,False,resolved
1134,K2WPO8,https://doi.org/10.1016/j.ceramint.2017.05.123,3.0,1,False,1,1,False,1,False,resolved
1135,NaGdF4,https://doi.org/10.1039/C5CE01118C,3.0,1,False,1,1,False,1,False,resolved
1136,Ba0.94TiO3K0.01,https://doi.org/10.1016/j.ceramint.2017.07.069,3.0,1,False,1,1,False,1,False,resolved
1137,Ba0.93TiO3K0.02,https://doi.org/10.1016/j.ceramint.2017.07.069,3.0,1,False,1,1,False,1,False,resolved
1138,Ba0.91TiO3K0.04,https://doi.org/10.1016/j.ceramint.2017.07.069,3.0,1,False,1,1,False,1,False,resolved
1139,Ba0.89TiO3K0.06,https://doi.org/10.1016/j.ceramint.2017.07.069,3.0,1,False,1,1,False,1,False,resolved
1140,Ba0.87TiO3K0.08,https://doi.org/10.1016/j.ceramint.2017.07.069,3.0,1,False,1,1,False,1,False,resolved
1141,Ba0.89TiO3K0.06,https://doi.org/10.1016/j.ceramint.2017.07.069,3.0,1,False,1,1,False,1,False,resolved
1142,Ba0.89TiO3K0.06,https://doi.org/10.1016/j.ceramint.2017.07.069,3.0,1,False,1,1,False,1,False,resolved
1143,Ba0.89TiO3K0.06,https://doi.org/10.1016/j.ceramint.2017.07.069,3.0,1,False,1,1,False,1,False,resolved
1144,Ba0.89TiO3K0.06,https://doi.org/10.1016/j.ceramint.2017.07.069,3.0,1,False,1,1,False,1,False,resolved
1145,Ba0.89TiO3K0.06,https://doi.org/10.1016/j.ceramint.2017.07.069,3.0,1,False,1,1,False,1,False,resolved
1146,Ba0.89TiO3K0.06,https://doi.org/10.1016/j.ceramint.2017.07.069,3.0,1,False,1,1,False,1,False,resolved
1147,Sr1.96Si5N8,https://doi.org/10.1016/j.ceramint.2014.04.054,2.0,1,False,1,1,False,1,False,resolved
1148,Sr1.95Si5N8,https://doi.org/10.1016/j.ceramint.2014.04.054,2.0,1,False,1,1,False,1,False,resolved
1149,Sr1.94Si5N8,https://doi.org/10.1016/j.ceramint.2014.04.054,2.0,1,False,1,1,False,1,False,resolved
1150,Sr1.93Si5N8,https://doi.org/10.1016/j.ceramint.2014.04.054,2.0,1,False,1,1,False,1,False,resolved
1151,Sr1.92Si5N8,https://doi.org/10.1016/j.ceramint.2014.04.054,2.0,1,False,1,1,False,1,False,resolved
1152,Ca3.9Y6Si6O25,https://doi.org/10.1039/C4RA08283D,2.0,1,False,1,1,False,1,False,resolved
1153,Ca3.88Y6Si6O25,https://doi.org/10.1039/C4RA08283D,2.0,1,False,1,1,False,1,False,resolved
1154,Ca3.85Y6Si6O25,https://doi.org/10.1039/C4RA08283D,2.0,1,False,1,1,False,1,False,resolved
1155,LiLaMgWO6,https://doi.org/10.1016/j.ceramint.2016.11.093,3.0,1,False,1,1,False,1,False,resolved
1156,LiLaMgWO6,https://doi.org/10.1016/j.ceramint.2016.11.093,3.0,1,False,1,1,False,1,False,resolved
1157,LiLaMgWO6,https://doi.org/10.1016/j.ceramint.2016.11.093,3.0,1,False,1,1,False,1,False,resolved
1158,LiLaMgWO6,https://doi.org/10.1016/j.ceramint.2016.11.093,3.0,1,False,1,1,False,1,False,resolved
1159,LiLaMgWO6,https://doi.org/10.1016/j.ceramint.2016.11.093,3.0,1,False,1,1,False,1,False,resolved
1160,LiLaMgWO6,https://doi.org/10.1016/j.ceramint.2016.11.093,3.0,1,False,1,1,False,1,False,resolved
1161,NaLa0.6MgWO6,https://doi.org/10.1016/j.materresbull.2012.03.023,3.0,1,False,1,1,False,1,False,resolved
1162,SrBi2Ta2O9,https://doi.org/10.1016/j.jlumin.2019.03.057,3.0,1,False,1,1,False,1,False,resolved
1163,SrBi2Ta2O9,https://doi.org/10.1016/j.jlumin.2019.03.057,3.0,1,False,1,1,False,1,False,resolved
1164,SrBi2Ta2O9,https://doi.org/10.1016/j.jlumin.2019.03.057,3.0,1,False,1,1,False,1,False,resolved
1165,SrBi2Ta2O9,https://doi.org/10.1016/j.jlumin.2019.03.057,3.0,1,False,1,1,False,1,False,resolved
1166,SrBi2Ta2O9,https://doi.org/10.1016/j.jlumin.2019.03.057,3.0,1,False,1,1,False,1,False,resolved
1167,SrBi2Ta2O9,https://doi.org/10.1016/j.jlumin.2019.03.057,3.0,1,False,1,1,False,1,False,resolved
1168,SrBi2Ta2O9,https://doi.org/10.1016/j.jlumin.2019.03.057,3.0,1,False,1,1,False,1,False,resolved
1169,SrBi2Ta2O9,https://doi.org/10.1016/j.jlumin.2019.03.057,3.0,1,False,1,1,False,1,False,resolved
1170,Ba3.72Na2W2O11,https://doi.org/10.1016/j.jallcom.2015.09.182,3.0,1,False,1,1,False,1,False,resolved
1171,LiGd0.5MgWO6,https://doi.org/10.1016/j.dyepig.2018.08.013,3.0,1,False,1,1,False,1,False,resolved
1172,Ca2La0.6SbO6,,3.0,2,False,1,2,False,1,False,ambiguous_reference
1173,Ca2La0.9SbO6,https://doi.org/10.1016/j.jallcom.2017.11.242,3.0,1,False,1,1,False,1,False,resolved
1174,Ca2La0.8SbO6,https://doi.org/10.1016/j.jallcom.2017.11.242,3.0,1,False,1,1,False,1,False,resolved
1175,Ca2La0.7SbO6,https://doi.org/10.1016/j.jallcom.2017.11.242,3.0,1,False,1,1,False,1,False,resolved
1176,Ca2La0.6SbO6,,3.0,2,False,1,2,False,1,False,ambiguous_reference
1177,Ca2La0.5SbO6,https://doi.org/10.1016/j.jallcom.2017.11.242,3.0,1,False,1,1,False,1,False,resolved
1178,Ca2La0.4SbO6,https://doi.org/10.1016/j.jallcom.2017.11.242,3.0,1,False,1,1,False,1,False,resolved
1179,Ca2La0.3SbO6,https://doi.org/10.1016/j.jallcom.2017.11.242,3.0,1,False,1,1,False,1,False,resolved
1180,Ca2La0.2SbO6,https://doi.org/10.1016/j.jallcom.2017.11.242,3.0,1,False,1,1,False,1,False,resolved
1181,BaLa0.95MgSbO6,https://doi.org/10.1016/j.ceramint.2019.01.065,3.0,1,False,1,1,False,1,False,resolved
1182,BaLa0.95MgSb0.9Nb0.1O6,https://doi.org/10.1016/j.ceramint.2019.01.065,3.0,1,False,1,1,False,1,False,resolved
1183,BaLa0.95MgSb0.7Nb0.3O6,https://doi.org/10.1016/j.ceramint.2019.01.065,3.0,1,False,1,1,False,1,False,resolved
1184,BaLa0.95MgSb0.5Nb0.5O6,https://doi.org/10.1016/j.ceramint.2019.01.065,3.0,1,False,1,1,False,1,False,resolved
1185,BaLa0.95MgSb0.3Nb0.7O6,https://doi.org/10.1016/j.ceramint.2019.01.065,3.0,1,False,1,1,False,1,False,resolved
1186,BaLa0.95MgSb0.1Nb0.9O6,https://doi.org/10.1016/j.ceramint.2019.01.065,3.0,1,False,1,1,False,1,False,resolved
1187,BaLa0.95MgNbO6,https://doi.org/10.1016/j.ceramint.2019.01.065,3.0,1,False,1,1,False,1,False,resolved
1188,Ca2ZnWO6,https://doi.org/10.1016/j.jlumin.2014.01.045,3.0,1,False,1,1,False,1,False,resolved
1189,Na0.01Ca0.98WO4,https://doi.org/10.1016/j.matchemphys.2018.01.005,3.0,1,False,1,1,False,1,False,resolved
1190,Na0.02Ca0.96WO4,https://doi.org/10.1016/j.matchemphys.2018.01.005,3.0,1,False,1,1,False,1,False,resolved
1191,Na0.03Ca0.94WO4,https://doi.org/10.1016/j.matchemphys.2018.01.005,3.0,1,False,1,1,False,1,False,resolved
1192,Na0.04Ca0.92WO4,https://doi.org/10.1016/j.matchemphys.2018.01.005,3.0,1,False,1,1,False,1,False,resolved
1193,Na0.05Ca0.9WO4,https://doi.org/10.1016/j.matchemphys.2018.01.005,3.0,1,False,1,1,False,1,False,resolved
1194,Na0.1Ca0.8WO4,https://doi.org/10.1016/j.matchemphys.2018.01.005,3.0,1,False,1,1,False,1,False,resolved
1195,Na0.5WO4,https://doi.org/10.1016/j.matchemphys.2018.01.005,3.0,1,False,1,1,False,1,False,resolved
1196,NaGdF4,https://doi.org/10.1039/C4NJ00688G,3.0,1,False,1,1,False,1,False,resolved
1197,Bi3TiNbO9,https://doi.org/10.1016/j.matchemphys.2009.04.005,3.0,1,False,1,1,False,1,False,resolved
1198,Bi3TiNbO9,https://doi.org/10.1016/j.matchemphys.2009.04.005,3.0,1,False,1,1,False,1,False,resolved
1199,Bi3TiNbO9,https://doi.org/10.1016/j.matchemphys.2009.04.005,3.0,1,False,1,1,False,1,False,resolved
1200,Ca9NaZnP7O28,https://doi.org/10.1016/j.dyepig.2017.12.026,3.0,1,False,1,1,False,1,False,resolved
1201,Ca9NaZnP7O28,https://doi.org/10.1016/j.dyepig.2017.12.026,3.0,1,False,1,1,False,1,False,resolved
1202,Ca9NaZnP7O28,https://doi.org/10.1016/j.dyepig.2017.12.026,3.0,1,False,1,1,False,1,False,resolved
1203,Ca9NaZnP7O28,https://doi.org/10.1016/j.dyepig.2017.12.026,3.0,1,False,1,1,False,1,False,resolved
1204,Ca9NaZnP7O28,https://doi.org/10.1016/j.dyepig.2017.12.026,3.0,1,False,1,1,False,1,False,resolved
1205,Ca9NaZnP7O28,https://doi.org/10.1016/j.dyepig.2017.12.026,3.0,1,False,1,1,False,1,False,resolved
1206,Ca9NaZnP7O28,https://doi.org/10.1016/j.dyepig.2017.12.026,3.0,1,False,1,1,False,1,False,resolved
1207,Ca9NaZnP7O28,https://doi.org/10.1016/j.dyepig.2017.12.026,3.0,1,False,1,1,False,1,False,resolved
1208,Ca9NaZnP7O28,https://doi.org/10.1016/j.dyepig.2017.12.026,3.0,1,False,1,1,False,1,False,resolved
1209,Ca9NaZnP7O28,https://doi.org/10.1016/j.dyepig.2017.12.026,3.0,1,False,1,1,False,1,False,resolved
1210,Ca9NaZnP7O28,https://doi.org/10.1016/j.dyepig.2017.12.026,3.0,1,False,1,1,False,1,False,resolved
1211,Ca9NaZnP7O28,https://doi.org/10.1016/j.dyepig.2017.12.026,3.0,1,False,1,1,False,1,False,resolved
1212,Ca9NaZnP7O28,https://doi.org/10.1016/j.dyepig.2017.12.026,3.0,1,False,1,1,False,1,False,resolved
1213,Ca9NaZnP7O28,https://doi.org/10.1016/j.dyepig.2017.12.026,3.0,1,False,1,1,False,1,False,resolved
1214,Ca9NaZnP7O28,https://doi.org/10.1016/j.dyepig.2017.12.026,3.0,1,False,1,1,False,1,False,resolved
1215,Sr2.99Al2O5Cl2,https://doi.org/10.1021/acsami.8b13728,3.0,1,False,1,1,False,1,False,resolved
1216,Ba2ZnB2O6,https://doi.org/10.1039/C4RA11516C,3.0,1,False,1,1,False,1,False,resolved
1217,Ca1.85Ga2SiO7,https://doi.org/10.1021/acs.inorgchem.6b00989,3.0,1,False,1,1,False,1,False,resolved
1218,La1.95ZnTiO6,https://doi.org/10.1016/j.optlastec.2017.04.025,3.0,1,False,1,1,False,1,False,resolved
1219,La1.9ZnTiO6,https://doi.org/10.1016/j.optlastec.2017.04.025,3.0,1,False,1,1,False,1,False,resolved
1220,La1.8ZnTiO6,https://doi.org/10.1016/j.optlastec.2017.04.025,3.0,1,False,1,1,False,1,False,resolved
1221,La1.7ZnTiO6,https://doi.org/10.1016/j.optlastec.2017.04.025,3.0,1,False,1,1,False,1,False,resolved
1222,La1.6ZnTiO6,https://doi.org/10.1016/j.optlastec.2017.04.025,3.0,1,False,1,1,False,1,False,resolved
1223,NaYMgWO6,https://doi.org/10.1016/j.jallcom.2017.05.027,3.0,1,False,1,1,False,1,False,resolved
1224,Ca2.98TeO6,https://doi.org/10.1016/j.jlumin.2019.03.001,3.0,1,False,1,1,False,1,False,resolved
1225,Ca2.8TeO6,https://doi.org/10.1016/j.jlumin.2019.03.001,3.0,1,False,1,1,False,1,False,resolved
1226,Ca2.6TeO6,https://doi.org/10.1016/j.jlumin.2019.03.001,3.0,1,False,1,1,False,1,False,resolved
1227,NaBi0.9F4,https://doi.org/10.1016/j.cej.2017.12.063,3.0,1,False,1,1,False,1,False,resolved
1228,NaBi0.8F4,https://doi.org/10.1016/j.cej.2017.12.063,3.0,1,False,1,1,False,1,False,resolved
1229,NaBi0.6F4,https://doi.org/10.1016/j.cej.2017.12.063,3.0,1,False,1,1,False,1,False,resolved
1230,NaBi0.4F4,https://doi.org/10.1016/j.cej.2017.12.063,3.0,1,False,1,1,False,1,False,resolved
1231,NaBi0.3F4,https://doi.org/10.1016/j.cej.2017.12.063,3.0,1,False,1,1,False,1,False,resolved
1232,NaSr0.99B5O9,https://doi.org/10.1016/j.jpcs.2013.07.008,3.0,1,False,1,1,False,1,False,resolved
1233,NaSr0.97B5O9,https://doi.org/10.1016/j.jpcs.2013.07.008,3.0,1,False,1,1,False,1,False,resolved
1234,NaSr0.95B5O9,https://doi.org/10.1016/j.jpcs.2013.07.008,3.0,1,False,1,1,False,1,False,resolved
1235,NaSr0.93B5O9,https://doi.org/10.1016/j.jpcs.2013.07.008,3.0,1,False,1,1,False,1,False,resolved
1236,NaSr0.91B5O9,https://doi.org/10.1016/j.jpcs.2013.07.008,3.0,1,False,1,1,False,1,False,resolved
1237,Ba9.95F2P6O24,https://doi.org/10.1016/j.saa.2015.03.029,3.0,1,False,1,1,False,1,False,resolved
1238,Ba9.93F2P6O24,https://doi.org/10.1016/j.saa.2015.03.029,3.0,1,False,1,1,False,1,False,resolved
1239,Ba9.9F2P6O24,https://doi.org/10.1016/j.saa.2015.03.029,3.0,1,False,1,1,False,1,False,resolved
1240,Ba9.8F2P6O24,https://doi.org/10.1016/j.saa.2015.03.029,3.0,1,False,1,1,False,1,False,resolved
1241,Ba9.7F2P6O24,https://doi.org/10.1016/j.saa.2015.03.029,3.0,1,False,1,1,False,1,False,resolved
1242,Ba9.6F2P6O24,https://doi.org/10.1016/j.saa.2015.03.029,3.0,1,False,1,1,False,1,False,resolved
1243,Ba9.5F2P6O24,https://doi.org/10.1016/j.saa.2015.03.029,3.0,1,False,1,1,False,1,False,resolved
1244,Ba9.3F2P6O24,https://doi.org/10.1016/j.saa.2015.03.029,3.0,1,False,1,1,False,1,False,resolved
1245,Ba9F2P6O24,https://doi.org/10.1016/j.saa.2015.03.029,3.0,1,False,1,1,False,1,False,resolved
1246,Na0.5Gd0.375MoO4,https://doi.org/10.1111/j.1551-2916.2008.02598.x,3.0,1,False,1,1,False,1,False,resolved
1247,BaLa1.91WO7,https://doi.org/10.1016/j.jlumin.2016.11.003,3.0,1,False,1,1,False,1,False,resolved
1248,BaLa1.905WO7,https://doi.org/10.1016/j.jlumin.2016.11.003,3.0,1,False,1,1,False,1,False,resolved
1249,BaLa1.9WO7,https://doi.org/10.1016/j.jlumin.2016.11.003,3.0,1,False,1,1,False,1,False,resolved
1250,BaLa1.89WO7,https://doi.org/10.1016/j.jlumin.2016.11.003,3.0,1,False,1,1,False,1,False,resolved
1251,BaLa1.88WO7,https://doi.org/10.1016/j.jlumin.2016.11.003,3.0,1,False,1,1,False,1,False,resolved
1252,BaLa1.87WO7,https://doi.org/10.1016/j.jlumin.2016.11.003,3.0,1,False,1,1,False,1,False,resolved
1253,Na5W4O16,https://doi.org/10.1016/j.jlumin.2012.05.022,3.0,1,False,1,1,False,1,False,resolved
1254,Ca2In0.95SbO6,https://doi.org/10.1016/j.jallcom.2020.156249,3.0,1,False,1,1,False,1,False,resolved
1255,Ca2In0.9SbO6,https://doi.org/10.1016/j.jallcom.2020.156249,3.0,1,False,1,1,False,1,False,resolved
1256,Ca2In0.8SbO6,https://doi.org/10.1016/j.jallcom.2020.156249,3.0,1,False,1,1,False,1,False,resolved
1257,Ca2In0.6SbO6,https://doi.org/10.1016/j.jallcom.2020.156249,3.0,1,False,1,1,False,1,False,resolved
1258,Ca2In0.4SbO6,https://doi.org/10.1016/j.jallcom.2020.156249,3.0,1,False,1,1,False,1,False,resolved
1259,Ca2In0.2SbO6,https://doi.org/10.1016/j.jallcom.2020.156249,3.0,1,False,1,1,False,1,False,resolved
1260,Ca2SbO6,https://doi.org/10.1016/j.jallcom.2020.156249,3.0,1,False,1,1,False,1,False,resolved
1261,ZnMoO4,https://doi.org/10.1016/S1002-0721(14)60527-5,3.0,1,False,1,1,False,1,False,resolved
1262,Mg0.10Zn0.85MoO4,https://doi.org/10.1016/S1002-0721(14)60527-5,3.0,1,False,1,1,False,1,False,resolved
1263,Mg0.20Zn0.75MoO4,https://doi.org/10.1016/S1002-0721(14)60527-5,3.0,1,False,1,1,False,1,False,resolved
1264,Mg0.30Zn0.65MoO4,https://doi.org/10.1016/S1002-0721(14)60527-5,3.0,1,False,1,1,False,1,False,resolved
1265,Mg0.40Zn0.55MoO4,https://doi.org/10.1016/S1002-0721(14)60527-5,3.0,1,False,1,1,False,1,False,resolved
1266,Mg0.10Zn0.84MoO4,https://doi.org/10.1016/S1002-0721(14)60527-5,3.0,1,False,1,1,False,1,False,resolved
1267,Mg0.10Zn0.82MoO4,https://doi.org/10.1016/S1002-0721(14)60527-5,3.0,1,False,1,1,False,1,False,resolved
1268,Mg0.10Zn0.8MoO4,https://doi.org/10.1016/S1002-0721(14)60527-5,3.0,1,False,1,1,False,1,False,resolved
1269,Na2Lu0.8MoO8P,https://doi.org/10.1016/j.jallcom.2018.06.156,3.0,1,False,1,1,False,1,False,resolved
1270,Na2Lu0.6MoO8P,https://doi.org/10.1016/j.jallcom.2018.06.156,3.0,1,False,1,1,False,1,False,resolved
1271,Na2Lu0.5MoO8P,https://doi.org/10.1016/j.jallcom.2018.06.156,3.0,1,False,1,1,False,1,False,resolved
1272,Na2Lu0.4MoO8P,https://doi.org/10.1016/j.jallcom.2018.06.156,3.0,1,False,1,1,False,1,False,resolved
1273,Na2Lu0.2MoO8P,https://doi.org/10.1016/j.jallcom.2018.06.156,3.0,1,False,1,1,False,1,False,resolved
1274,Ca2Lu0.8TaO6,https://doi.org/10.1016/j.jallcom.2019.06.260,3.0,1,False,1,1,False,1,False,resolved
1275,Ca2Lu0.7TaO6,https://doi.org/10.1016/j.jallcom.2019.06.260,3.0,1,False,1,1,False,1,False,resolved
1276,Ca2Lu0.6TaO6,https://doi.org/10.1016/j.jallcom.2019.06.260,3.0,1,False,1,1,False,1,False,resolved
1277,Ca2Lu0.5TaO6,https://doi.org/10.1016/j.jallcom.2019.06.260,3.0,1,False,1,1,False,1,False,resolved
1278,Ca2Lu0.4TaO6,https://doi.org/10.1016/j.jallcom.2019.06.260,3.0,1,False,1,1,False,1,False,resolved
1279,Ca2Lu0.3TaO6,https://doi.org/10.1016/j.jallcom.2019.06.260,3.0,1,False,1,1,False,1,False,resolved
1280,Ca2Lu0.2TaO6,https://doi.org/10.1016/j.jallcom.2019.06.260,3.0,1,False,1,1,False,1,False,resolved
1281,Ca2Lu0.8NbO6,https://doi.org/10.1016/j.jlumin.2020.117373,3.0,1,False,1,1,False,1,False,resolved
1282,Ca2Lu0.7NbO6,https://doi.org/10.1016/j.jlumin.2020.117373,3.0,1,False,1,1,False,1,False,resolved
1283,Ca2Lu0.6NbO6,https://doi.org/10.1016/j.jlumin.2020.117373,3.0,1,False,1,1,False,1,False,resolved
1284,Ca2Lu0.5NbO6,https://doi.org/10.1016/j.jlumin.2020.117373,3.0,1,False,1,1,False,1,False,resolved
1285,Ca2Lu0.4NbO6,https://doi.org/10.1016/j.jlumin.2020.117373,3.0,1,False,1,1,False,1,False,resolved
1286,Ca2Lu0.3NbO6,https://doi.org/10.1016/j.jlumin.2020.117373,3.0,1,False,1,1,False,1,False,resolved
1287,Ca2Lu0.2NbO6,https://doi.org/10.1016/j.jlumin.2020.117373,3.0,1,False,1,1,False,1,False,resolved
1288,Ba2Lu4.88La0.02B5O17,https://doi.org/10.1039/C8RA06457A,3.0,1,False,1,1,False,1,False,resolved
1289,Ba2Lu4.68La0.02B5O17,https://doi.org/10.1039/C8RA06457A,3.0,1,False,1,1,False,1,False,resolved
1290,Ba2Lu4.48La0.02B5O17,https://doi.org/10.1039/C8RA06457A,3.0,1,False,1,1,False,1,False,resolved
1291,Ba2Lu4.38La0.02B5O17,https://doi.org/10.1039/C8RA06457A,3.0,1,False,1,1,False,1,False,resolved
1292,Ba2Lu4.28La0.02B5O17,https://doi.org/10.1039/C8RA06457A,3.0,1,False,1,1,False,1,False,resolved
1293,Ba2Lu4.08La0.02B5O17,https://doi.org/10.1039/C8RA06457A,3.0,1,False,1,1,False,1,False,resolved
1294,Ba2Lu3.98La0.02B5O17,https://doi.org/10.1039/C8RA06457A,3.0,1,False,1,1,False,1,False,resolved
1295,Ca0.95TiO3,https://doi.org/10.1016/j.ceramint.2014.03.083,3.0,1,False,1,1,False,1,False,resolved
1296,Ca0.9TiO3,https://doi.org/10.1016/j.ceramint.2014.03.083,3.0,1,False,1,1,False,1,False,resolved
1297,Ca0.85TiO3,https://doi.org/10.1016/j.ceramint.2014.03.083,3.0,1,False,1,1,False,1,False,resolved
1298,Ca0.8TiO3,https://doi.org/10.1016/j.ceramint.2014.03.083,3.0,1,False,1,1,False,1,False,resolved
1299,Ca0.95Ti0.995O3,https://doi.org/10.1016/j.ceramint.2014.03.083,3.0,1,False,1,1,False,1,False,resolved
1300,Ca0.95Ti0.99O3,https://doi.org/10.1016/j.ceramint.2014.03.083,3.0,1,False,1,1,False,1,False,resolved
1301,Ca0.95Ti0.97O3,https://doi.org/10.1016/j.ceramint.2014.03.083,3.0,1,False,1,1,False,1,False,resolved
1302,Ca0.95Ti0.95O3,https://doi.org/10.1016/j.ceramint.2014.03.083,3.0,1,False,1,1,False,1,False,resolved
1303,Ca0.985TiO3,https://doi.org/10.1111/j.1551-2916.2011.04967.x,3.0,1,False,1,1,False,1,False,resolved
1304,Ca0.925TiO3,https://doi.org/10.1111/j.1551-2916.2011.04967.x,3.0,1,False,1,1,False,1,False,resolved
1305,Ca0.85TiO3,https://doi.org/10.1111/j.1551-2916.2011.04967.x,3.0,1,False,1,1,False,1,False,resolved
1306,Ca0.775TiO3,https://doi.org/10.1111/j.1551-2916.2011.04967.x,3.0,1,False,1,1,False,1,False,resolved
1307,Ca0.7TiO3,https://doi.org/10.1111/j.1551-2916.2011.04967.x,3.0,1,False,1,1,False,1,False,resolved
1308,Ca0.55TiO3,https://doi.org/10.1111/j.1551-2916.2011.04967.x,3.0,1,False,1,1,False,1,False,resolved
1309,Ca0.98TiO3Li0.01,https://doi.org/10.1111/j.1551-2916.2011.04967.x,3.0,1,False,1,1,False,1,False,resolved
1310,Ca0.9TiO3Li0.05,https://doi.org/10.1111/j.1551-2916.2011.04967.x,3.0,1,False,1,1,False,1,False,resolved
1311,Ca0.8TiO3Li0.1,https://doi.org/10.1111/j.1551-2916.2011.04967.x,3.0,1,False,1,1,False,1,False,resolved
1312,Ca0.7TiO3Li0.15,https://doi.org/10.1111/j.1551-2916.2011.04967.x,3.0,1,False,1,1,False,1,False,resolved
1313,Ca0.6TiO3Li0.2,https://doi.org/10.1111/j.1551-2916.2011.04967.x,3.0,1,False,1,1,False,1,False,resolved
1314,Ca0.4TiO3Li0.3,https://doi.org/10.1111/j.1551-2916.2011.04967.x,3.0,1,False,1,1,False,1,False,resolved
1315,K0.457Na0.457NbO3,https://doi.org/10.1039/C4RA10888D,3.0,1,False,1,1,False,1,False,resolved
1316,K0.4725Na0.4725NbO3,https://doi.org/10.1039/C4RA10888D,3.0,1,False,1,1,False,1,False,resolved
1317,K0.4675Na0.4675NbO3,https://doi.org/10.1039/C4RA10888D,3.0,1,False,1,1,False,1,False,resolved
1318,K0.4625Na0.4625NbO3,https://doi.org/10.1039/C4RA10888D,3.0,1,False,1,1,False,1,False,resolved
1319,K0.455Na0.455NbO3,https://doi.org/10.1039/C4RA10888D,3.0,1,False,1,1,False,1,False,resolved
1320,K0.45Na0.45NbO3,https://doi.org/10.1039/C4RA10888D,3.0,1,False,1,1,False,1,False,resolved
1321,K0.44Na0.44NbO3,https://doi.org/10.1039/C4RA10888D,3.0,1,False,1,1,False,1,False,resolved
1322,K0.425Na0.425NbO3,https://doi.org/10.1039/C4RA10888D,3.0,1,False,1,1,False,1,False,resolved
1323,K0.4Na0.4NbO3,https://doi.org/10.1039/C4RA10888D,3.0,1,False,1,1,False,1,False,resolved
1324,LiSrBi0.6TeO6,https://doi.org/10.1016/j.jlumin.2018.05.013,3.0,1,False,1,1,False,1,False,resolved
1325,K4BaSi3O9,https://doi.org/10.1016/j.optmat.2014.06.036,3.0,2,False,1,1,False,1,False,resolved
1326,K4BaSi3O9,https://doi.org/10.1016/j.optmat.2014.06.036,3.0,2,False,1,1,False,1,False,resolved
1327,K4SrSi3O9,https://doi.org/10.1016/j.optmat.2013.07.018,3.0,1,False,1,1,False,1,False,resolved
1328,K4BaSi3O9,https://doi.org/10.1016/j.optmat.2014.06.036,3.0,2,False,1,1,False,1,False,resolved
1329,K4BaSi3O9,https://doi.org/10.1016/j.optmat.2014.06.036,3.0,2,False,1,1,False,1,False,resolved
1330,Sc2W3O12,https://doi.org/10.1016/j.ceramint.2019.02.107,3.0,1,False,1,1,False,1,False,resolved
1331,Sc2W3O12,https://doi.org/10.1016/j.ceramint.2019.02.107,3.0,1,False,1,1,False,1,False,resolved
1332,Sc2W3O12,https://doi.org/10.1016/j.ceramint.2019.02.107,3.0,1,False,1,1,False,1,False,resolved
1333,Sc2W3O12,https://doi.org/10.1016/j.ceramint.2019.02.107,3.0,1,False,1,1,False,1,False,resolved
1334,Sc2W3O12,https://doi.org/10.1016/j.ceramint.2019.02.107,3.0,1,False,1,1,False,1,False,resolved
1335,SrMoO4,https://doi.org/10.1016/j.materresbull.2010.12.016,3.0,1,False,1,1,False,1,False,resolved
1336,LiGdW2O8,https://doi.org/10.1039/C5RA19345A,3.0,1,False,1,1,False,1,False,resolved
1337,CaWO4,https://doi.org/10.1039/C6RA01862A,3.0,2,False,1,1,False,1,False,resolved
1338,CaWO4,https://doi.org/10.1039/C6RA01862A,3.0,2,False,1,1,False,1,False,resolved
1339,CaWO4,https://doi.org/10.1039/C6RA01862A,3.0,1,False,1,1,False,1,False,resolved
1340,CaWO4,https://doi.org/10.1039/C6RA01862A,3.0,1,False,1,1,False,1,False,resolved
1341,KGd0.7TiO4,https://doi.org/10.1039/C3TC32472A,3.0,1,False,1,1,False,1,False,resolved
1342,NaGd0.7TiO4,https://doi.org/10.1039/C3RA40375K,3.0,1,False,1,1,False,1,False,resolved
1343,NaY0.7TiO4,https://doi.org/10.1039/C3RA40375K,3.0,1,False,1,1,False,1,False,resolved
1344,Ba0.93Ca2In6O12,https://doi.org/10.1111/jace.13511,3.0,1,False,1,1,False,1,False,resolved
1345,Ba0.6Ca2In6O12,https://doi.org/10.1111/jace.13511,3.0,1,False,1,1,False,1,False,resolved
1346,Ca0.94SrAl2SiO7,https://doi.org/10.1016/j.physb.2012.04.001,3.0,1,False,1,1,False,1,False,resolved
1347,Ca0.9SrAl2SiO7,https://doi.org/10.1016/j.physb.2012.04.001,3.0,1,False,1,1,False,1,False,resolved
1348,Ca0.86SrAl2SiO7,https://doi.org/10.1016/j.physb.2012.04.001,3.0,1,False,1,1,False,1,False,resolved
1349,Ca0.78SrAl2SiO7,https://doi.org/10.1016/j.physb.2012.04.001,3.0,1,False,1,1,False,1,False,resolved
1350,Sr3TeO6,https://doi.org/10.1016/j.ceramint.2020.11.219,3.0,1,False,1,1,False,1,False,resolved
1351,Sr3TeO6,https://doi.org/10.1016/j.ceramint.2020.11.219,3.0,1,False,1,1,False,1,False,resolved
1352,Sr3TeO6,https://doi.org/10.1016/j.ceramint.2020.11.219,3.0,1,False,1,1,False,1,False,resolved
1353,Sr3TeO6,https://doi.org/10.1016/j.ceramint.2020.11.219,3.0,1,False,1,1,False,1,False,resolved
1354,Sr3TeO6,https://doi.org/10.1016/j.ceramint.2020.11.219,3.0,1,False,1,1,False,1,False,resolved
1355,Sr3TeO6Na0.25,https://doi.org/10.1016/j.ceramint.2020.11.219,3.0,1,False,1,1,False,1,False,resolved
1356,Sr3TeO6Li0.25,https://doi.org/10.1016/j.ceramint.2020.11.219,3.0,1,False,1,1,False,1,False,resolved
1357,Sr3TeO6K0.25,https://doi.org/10.1016/j.ceramint.2020.11.219,3.0,1,False,1,1,False,1,False,resolved
1358,Sr3TeO6,https://doi.org/10.1016/j.ceramint.2020.11.219,3.0,1,False,1,1,False,1,False,resolved
1359,LiBa0.97PO4,https://doi.org/10.1002/bio.2815,3.0,1,False,1,1,False,1,False,resolved
1360,LiGd0.9W2O8,https://doi.org/10.1039/C6NJ02734B,3.0,1,False,1,1,False,1,False,resolved
1361,LiGd0.8W2O8,https://doi.org/10.1039/C6NJ02734B,3.0,1,False,1,1,False,1,False,resolved
1362,LiGd0.6W2O8,https://doi.org/10.1039/C6NJ02734B,3.0,1,False,1,1,False,1,False,resolved
1363,LiGd0.4W2O8,https://doi.org/10.1039/C6NJ02734B,3.0,1,False,1,1,False,1,False,resolved
1364,LiGd0.2W2O8,https://doi.org/10.1039/C6NJ02734B,3.0,1,False,1,1,False,1,False,resolved
1365,LiW2O8,https://doi.org/10.1039/C6NJ02734B,3.0,1,False,1,1,False,1,False,resolved
1366,KGd0.7TiO4,https://doi.org/10.1039/C3TC32472A,3.0,1,False,1,1,False,1,False,resolved
1367,KBaGd0.5Mo3O12,https://doi.org/10.1016/j.optmat.2018.07.019,3.0,1,False,1,1,False,1,False,resolved
1368,KBaGd0.4Mo3O12,https://doi.org/10.1016/j.optmat.2018.07.019,3.0,1,False,1,1,False,1,False,resolved
1369,KBaGd0.3Mo3O12,https://doi.org/10.1016/j.optmat.2018.07.019,3.0,1,False,1,1,False,1,False,resolved
1370,KBaGd0.2Mo3O12,https://doi.org/10.1016/j.optmat.2018.07.019,3.0,1,False,1,1,False,1,False,resolved
1371,KBaGd0.1Mo3O12,https://doi.org/10.1016/j.optmat.2018.07.019,3.0,1,False,1,1,False,1,False,resolved
1372,KBaMo3O12,https://doi.org/10.1016/j.optmat.2018.07.019,3.0,1,False,1,1,False,1,False,resolved
1373,Na2Gd0.95PO8Mo,https://doi.org/10.1016/j.jallcom.2017.05.251,3.0,1,False,1,1,False,1,False,resolved
1374,Na2Gd0.9PO8Mo,https://doi.org/10.1016/j.jallcom.2017.05.251,3.0,1,False,1,1,False,1,False,resolved
1375,Na2Gd0.8PO8Mo,https://doi.org/10.1016/j.jallcom.2017.05.251,3.0,1,False,1,1,False,1,False,resolved
1376,Na2Gd0.7PO8Mo,https://doi.org/10.1016/j.jallcom.2017.05.251,3.0,1,False,1,1,False,1,False,resolved
1377,Na2Gd0.6PO8Mo,https://doi.org/10.1016/j.jallcom.2017.05.251,3.0,1,False,1,1,False,1,False,resolved
1378,Na2Gd0.5PO8Mo,https://doi.org/10.1016/j.jallcom.2017.05.251,3.0,1,False,1,1,False,1,False,resolved
1379,Na2Gd0.4PO8Mo,https://doi.org/10.1016/j.jallcom.2017.05.251,3.0,1,False,1,1,False,1,False,resolved
1380,Na2Gd0.3PO8Mo,https://doi.org/10.1016/j.jallcom.2017.05.251,3.0,1,False,1,1,False,1,False,resolved
1381,Na2Gd0.2PO8Mo,https://doi.org/10.1016/j.jallcom.2017.05.251,3.0,1,False,1,1,False,1,False,resolved
1382,Na2Gd0.1PO8Mo,https://doi.org/10.1016/j.jallcom.2017.05.251,3.0,1,False,1,1,False,1,False,resolved
1383,Na2PO8Mo,https://doi.org/10.1016/j.jallcom.2017.05.251,3.0,1,False,1,1,False,1,False,resolved
1384,Ba2Y1.6La4Si6O26,https://doi.org/10.1016/j.jallcom.2019.02.229,3.0,1,False,1,1,False,1,False,resolved
1385,Ba2Y3.2La2.4Si6O26,https://doi.org/10.1016/j.jallcom.2019.02.229,3.0,1,False,1,1,False,1,False,resolved
1386,Ba2Y4La1.6Si6O26,https://doi.org/10.1016/j.jallcom.2019.02.229,3.0,1,False,1,1,False,1,False,resolved
1387,Sr2Si5N8,https://doi.org/10.1016/j.jallcom.2016.01.192,2.0,1,False,1,1,False,1,False,resolved
1388,Sr2Si5N8,https://doi.org/10.1016/j.jallcom.2016.01.192,2.0,1,False,1,1,False,1,False,resolved
1389,Sr2Si5N8,https://doi.org/10.1016/j.jallcom.2016.01.192,2.0,1,False,1,1,False,1,False,resolved
1390,Sr2Si5N8,https://doi.org/10.1016/j.jallcom.2016.01.192,2.0,1,False,1,1,False,1,False,resolved
1391,La3.98GeO8,https://doi.org/10.1002/adfm.202102479,2.0,1,False,1,1,False,1,False,resolved
1392,La3.98GeO8,https://doi.org/10.1002/adfm.202102479,2.0,1,False,1,1,False,1,False,resolved
1393,La3.98GeO8,https://doi.org/10.1002/adfm.202102479,2.0,1,False,1,1,False,1,False,resolved
1394,Ba2Y3Si3O12F,https://doi.org/10.1039/C6TC04350J,2.0,1,False,1,1,False,1,False,resolved
1395,Ba2Y3Si3O12F,https://doi.org/10.1039/C6TC04350J,2.0,1,False,1,1,False,1,False,resolved
1396,Ba2Y3Si3O12F,https://doi.org/10.1039/C6TC04350J,2.0,1,False,1,1,False,1,False,resolved
1397,Cd2V2O7,https://doi.org/10.1016/j.ceramint.2018.02.173,3.0,1,False,1,1,False,1,False,resolved
1398,Cd2V2O7Li0.04,https://doi.org/10.1016/j.ceramint.2018.02.173,3.0,1,False,1,1,False,1,False,resolved
1399,Y2MoSiO8,https://doi.org/10.1016/j.ceramint.2018.10.050,3.0,1,False,1,1,False,1,False,resolved
1400,Y2MoSiO8,https://doi.org/10.1016/j.ceramint.2018.10.050,3.0,1,False,1,1,False,1,False,resolved
1401,Y2MoSiO8,https://doi.org/10.1016/j.ceramint.2018.10.050,3.0,1,False,1,1,False,1,False,resolved
1402,Y2MoSiO8,https://doi.org/10.1016/j.ceramint.2018.10.050,3.0,1,False,1,1,False,1,False,resolved
1403,LiYMgWO6,https://doi.org/10.1016/j.jallcom.2017.05.027,3.0,1,False,1,1,False,1,False,resolved
1404,LiYMgW0.9Mo0.1O6,https://doi.org/10.1016/j.jallcom.2017.05.027,3.0,1,False,1,1,False,1,False,resolved
1405,Li3BaSrLa2.4W8O32,https://doi.org/10.1039/C5TC03165F,3.0,1,False,1,1,False,1,False,resolved
1406,Li3BaSrLa1.8W8O32,https://doi.org/10.1039/C5TC03165F,3.0,1,False,1,1,False,1,False,resolved
1407,Li3BaSrLa1.2W8O32,https://doi.org/10.1039/C5TC03165F,3.0,1,False,1,1,False,1,False,resolved
1408,Li3BaSrLa0.9W8O32,https://doi.org/10.1039/C5TC03165F,3.0,1,False,1,1,False,1,False,resolved
1409,Li3BaSrLa0.6W8O32,https://doi.org/10.1039/C5TC03165F,3.0,1,False,1,1,False,1,False,resolved
1410,Li3BaSrLa0.3W8O32,https://doi.org/10.1039/C5TC03165F,3.0,1,False,1,1,False,1,False,resolved
1411,Li3BaSrW8O32,https://doi.org/10.1039/C5TC03165F,3.0,1,False,1,1,False,1,False,resolved
1412,Sr8.96Mg1.5P7O28,https://doi.org/10.1111/jace.16311,2.0,1,False,1,1,False,1,False,resolved
1413,Sr8.91Mg1.5P7O28,https://doi.org/10.1111/jace.16311,2.0,1,False,1,1,False,1,False,resolved
1414,Sr8.86Mg1.5P7O28,https://doi.org/10.1111/jace.16311,2.0,1,False,1,1,False,1,False,resolved
1415,Sr8.76Mg1.5P7O28,https://doi.org/10.1111/jace.16311,2.0,1,False,1,1,False,1,False,resolved
1416,Sr8.66Mg1.5P7O28,https://doi.org/10.1111/jace.16311,2.0,1,False,1,1,False,1,False,resolved
1417,Bi0.5Na0.5TiO3,https://doi.org/10.1016/j.matlet.2014.05.212,3.0,1,False,1,1,False,1,False,resolved
1418,KLa0.97Mo2O8,https://doi.org/10.1016/j.spmi.2015.06.041,3.0,1,False,1,1,False,1,False,resolved
1419,KLa0.93Mo2O8,https://doi.org/10.1016/j.spmi.2015.06.041,3.0,1,False,1,1,False,1,False,resolved
1420,KLa0.89Mo2O8,https://doi.org/10.1016/j.spmi.2015.06.041,3.0,1,False,1,1,False,1,False,resolved
1421,KLa0.85Mo2O8,https://doi.org/10.1016/j.spmi.2015.06.041,3.0,1,False,1,1,False,1,False,resolved
1422,KLa0.81Mo2O8,https://doi.org/10.1016/j.spmi.2015.06.041,3.0,1,False,1,1,False,1,False,resolved
1423,KLa0.77Mo2O8,https://doi.org/10.1016/j.spmi.2015.06.041,3.0,1,False,1,1,False,1,False,resolved
1424,LiYMgW0.9Mo0.1O6,https://doi.org/10.1016/j.jallcom.2017.05.027,3.0,1,False,1,1,False,1,False,resolved
1425,ZnO,https://doi.org/10.1016/j.saa.2017.03.067,3.0,1,False,1,1,False,1,False,resolved
1426,Y0.99VO4,https://doi.org/10.1021/cm061042a,3.0,1,False,1,1,False,1,False,resolved
1427,Y0.97VO4,https://doi.org/10.1021/cm061042a,3.0,1,False,1,1,False,1,False,resolved
1428,Y0.95VO4,https://doi.org/10.1021/cm061042a,3.0,1,False,1,1,False,1,False,resolved
1429,Y0.93VO4,https://doi.org/10.1021/cm061042a,3.0,1,False,1,1,False,1,False,resolved
1430,Y0.91VO4,https://doi.org/10.1021/cm061042a,3.0,1,False,1,1,False,1,False,resolved
1431,Y0.95V0.8P0.2O4,https://doi.org/10.1021/cm061042a,3.0,1,False,1,1,False,1,False,resolved
1432,Y0.95V0.6P0.4O4,https://doi.org/10.1021/cm061042a,3.0,1,False,1,1,False,1,False,resolved
1433,Y0.95V0.4P0.6O4,https://doi.org/10.1021/cm061042a,3.0,1,False,1,1,False,1,False,resolved
1434,Y0.95PO4,https://doi.org/10.1021/cm061042a,3.0,1,False,1,1,False,1,False,resolved
1435,Y0.75Gd0.2V0.6P0.4O4,https://doi.org/10.1021/cm061042a,3.0,1,False,1,1,False,1,False,resolved
1436,Y0.55Gd0.4V0.6P0.4O4,https://doi.org/10.1021/cm061042a,3.0,1,False,1,1,False,1,False,resolved
1437,Y0.35Gd0.6V0.6P0.4O4,https://doi.org/10.1021/cm061042a,3.0,1,False,1,1,False,1,False,resolved
1438,Y0.15Gd0.8V0.6P0.4O4,https://doi.org/10.1021/cm061042a,3.0,1,False,1,1,False,1,False,resolved
1439,Gd0.95V0.6P0.4O4,https://doi.org/10.1021/cm061042a,3.0,1,False,1,1,False,1,False,resolved
1440,YVO4,https://doi.org/10.1021/ic100953m,3.0,1,False,1,1,False,1,False,resolved
1441,Rb3LuV2O8,https://doi.org/10.1021/acs.inorgchem.0c00015,3.0,1,False,1,1,False,1,False,resolved
1442,Rb3LuV2O8,https://doi.org/10.1021/acs.inorgchem.0c00015,3.0,1,False,1,1,False,1,False,resolved
1443,Rb3LuV2O8,https://doi.org/10.1021/acs.inorgchem.0c00015,3.0,1,False,1,1,False,1,False,resolved
1444,Rb3LuV2O8,https://doi.org/10.1021/acs.inorgchem.0c00015,3.0,1,False,1,1,False,1,False,resolved
1445,Rb3LuV2O8,https://doi.org/10.1021/acs.inorgchem.0c00015,3.0,1,False,1,1,False,1,False,resolved
1446,Rb3LuV2O8,https://doi.org/10.1021/acs.inorgchem.0c00015,3.0,1,False,1,1,False,1,False,resolved
1447,SrS,https://doi.org/10.1016/j.radmeas.2009.09.010,2.0,1,False,1,1,False,1,False,resolved
1448,SrS,https://doi.org/10.1016/j.radmeas.2009.09.010,2.0,1,False,1,1,False,1,False,resolved
1449,Ca3Y0.7Ga3B4O15,https://doi.org/10.1039/C6DT04304F,3.0,1,False,1,1,False,1,False,resolved
1450,Ba2Bi0.95V3O11,https://doi.org/10.1016/j.dyepig.2016.04.052,3.0,1,False,1,1,False,1,False,resolved
1451,Ba2Bi0.8V3O11,https://doi.org/10.1016/j.dyepig.2016.04.052,3.0,1,False,1,1,False,1,False,resolved
1452,Ba2Bi0.6V3O11,https://doi.org/10.1016/j.dyepig.2016.04.052,3.0,1,False,1,1,False,1,False,resolved
1453,Ba2Bi0.4V3O11,https://doi.org/10.1016/j.dyepig.2016.04.052,3.0,1,False,1,1,False,1,False,resolved
1454,Ba2Bi0.2V3O11,https://doi.org/10.1016/j.dyepig.2016.04.052,3.0,1,False,1,1,False,1,False,resolved
1455,Ba2V3O11,https://doi.org/10.1016/j.dyepig.2016.04.052,3.0,1,False,1,1,False,1,False,resolved
1456,Na2Y1.9B2O7,https://doi.org/10.1016/j.jlumin.2018.09.008,3.0,1,False,1,1,False,1,False,resolved
1457,Na2Y1.7B2O7,https://doi.org/10.1016/j.jlumin.2018.09.008,3.0,1,False,1,1,False,1,False,resolved
1458,Na2Y1.5B2O7,https://doi.org/10.1016/j.jlumin.2018.09.008,3.0,1,False,1,1,False,1,False,resolved
1459,Na2Y1.3B2O7,https://doi.org/10.1016/j.jlumin.2018.09.008,3.0,1,False,1,1,False,1,False,resolved
1460,Na2Y1.1B2O7,https://doi.org/10.1016/j.jlumin.2018.09.008,3.0,1,False,1,1,False,1,False,resolved
1461,Na2YB2O7,https://doi.org/10.1016/j.jlumin.2018.09.008,3.0,1,False,1,1,False,1,False,resolved
1462,Sr1.98Si5N8,https://doi.org/10.1016/j.jlumin.2009.03.008,2.0,1,False,1,1,False,1,False,resolved
1463,Ca3Y0.5Al3B4O15,https://doi.org/10.1364/OE.19.0000A1,3.0,1,False,1,1,False,1,False,resolved
1464,GdVO4,https://doi.org/10.1039/C5CP04373E,3.0,1,False,1,1,False,1,False,resolved
1465,GdVO4,https://doi.org/10.1039/C5CP04373E,3.0,1,False,1,1,False,1,False,resolved
1466,Sr2.895ScP3O12,https://doi.org/10.1039/C3DT32946A,2.0,1,False,1,1,False,1,False,resolved
1467,Sr2.865ScP3O12,https://doi.org/10.1039/C3DT32946A,2.0,1,False,1,1,False,1,False,resolved
1468,Sr2.805ScP3O12,https://doi.org/10.1039/C3DT32946A,2.0,1,False,1,1,False,1,False,resolved
1469,Sr2.745ScP3O12,https://doi.org/10.1039/C3DT32946A,2.0,1,False,1,1,False,1,False,resolved
1470,Sr2.685ScP3O12,https://doi.org/10.1039/C3DT32946A,2.0,1,False,1,1,False,1,False,resolved
1471,Sr1.96Si5N8,https://doi.org/10.1111/j.1744-7402.2009.02370.x,2.0,1,False,1,1,False,1,False,resolved
1472,Sr9Mg1.5P7O28,https://doi.org/10.1021/acsami.5b06961,2.0,1,False,1,1,False,1,False,resolved
1473,Sr9Mg1.5P7O28,https://doi.org/10.1021/acsami.5b06961,2.0,1,False,1,1,False,1,False,resolved
1474,Sr9Mg1.5P7O28,https://doi.org/10.1021/acsami.5b06961,2.0,1,False,1,1,False,1,False,resolved
1475,Sr9Mg1.5P7O28,https://doi.org/10.1021/acsami.5b06961,2.0,1,False,1,1,False,1,False,resolved
1476,Sr9Mg1.5P7O28,https://doi.org/10.1021/acsami.5b06961,2.0,1,False,1,1,False,1,False,resolved
1477,Sr9Mg1.5P7O28,https://doi.org/10.1021/acsami.5b06961,2.0,1,False,1,1,False,1,False,resolved
1478,Sr9Mg1.5P7O28,https://doi.org/10.1021/acsami.5b06961,2.0,1,False,1,1,False,1,False,resolved
1479,Sr9Mg1.P7O28,https://doi.org/10.1021/acsami.5b06961,2.0,1,False,1,1,False,1,False,resolved
1480,Sr9Mg1.5P7O28,https://doi.org/10.1021/acsami.5b06961,2.0,1,False,1,1,False,1,False,resolved
1481,Sr9Mg1.5P7O28,https://doi.org/10.1021/acsami.5b06961,2.0,1,False,1,1,False,1,False,resolved
1482,Sr9Mg1.5P7O28,https://doi.org/10.1021/acsami.5b06961,2.0,1,False,1,1,False,1,False,resolved
1483,Sr9Mg1.5P7O28,https://doi.org/10.1021/acsami.5b06961,2.0,1,False,1,1,False,1,False,resolved
1484,Sr9Mg1.5P7O28,https://doi.org/10.1021/acsami.5b06961,2.0,1,False,1,1,False,1,False,resolved
1485,Sr9Mg1.5P7O28,https://doi.org/10.1021/acsami.5b06961,2.0,1,False,1,1,False,1,False,resolved
1486,Na3Bi0.87P2O8,https://doi.org/10.1016/j.jlumin.2016.12.012,2.0,1,False,1,1,False,1,False,resolved
1487,Na3Bi0.85P2O8,https://doi.org/10.1016/j.jlumin.2016.12.012,2.0,1,False,1,1,False,1,False,resolved
1488,Na3Bi0.8P2O8,https://doi.org/10.1016/j.jlumin.2016.12.012,2.0,1,False,1,1,False,1,False,resolved
1489,Na3Bi0.75P2O8,https://doi.org/10.1016/j.jlumin.2016.12.012,2.0,1,False,1,1,False,1,False,resolved
1490,Na3Bi0.88P2O8,https://doi.org/10.1016/j.jlumin.2016.12.012,3.0,1,False,1,1,False,1,False,resolved
1491,Na3Bi0.86P2O8,https://doi.org/10.1016/j.jlumin.2016.12.012,3.0,1,False,1,1,False,1,False,resolved
1492,Na3Bi0.84P2O8,https://doi.org/10.1016/j.jlumin.2016.12.012,3.0,1,False,1,1,False,1,False,resolved
1493,Na3Bi0.82P2O8,https://doi.org/10.1016/j.jlumin.2016.12.012,3.0,1,False,1,1,False,1,False,resolved
1494,Na3Bi0.8P2O8,https://doi.org/10.1016/j.jlumin.2016.12.012,3.0,1,False,1,1,False,1,False,resolved
1495,Na3Bi0.78P2O8,https://doi.org/10.1016/j.jlumin.2016.12.012,3.0,1,False,1,1,False,1,False,resolved
1496,Na3Bi0.75P2O8,https://doi.org/10.1016/j.jlumin.2016.12.012,3.0,1,False,1,1,False,1,False,resolved
1497,Na3Bi0.7P2O8,https://doi.org/10.1016/j.jlumin.2016.12.012,3.0,1,False,1,1,False,1,False,resolved
1498,Na3Sc1.8P3O12,https://doi.org/10.1016/j.jallcom.2017.12.316,3.0,1,False,1,1,False,1,False,resolved
1499,Na3Sc1.5P3O12,https://doi.org/10.1016/j.jallcom.2017.12.316,3.0,1,False,1,1,False,1,False,resolved
1500,Na3Sc1.4P3O12,https://doi.org/10.1016/j.jallcom.2017.12.316,3.0,1,False,1,1,False,1,False,resolved
1501,Na3Sc1.3P3O12,https://doi.org/10.1016/j.jallcom.2017.12.316,3.0,1,False,1,1,False,1,False,resolved
1502,Na3Sc1.1P3O12,https://doi.org/10.1016/j.jallcom.2017.12.316,3.0,1,False,1,1,False,1,False,resolved
1503,Na3Sc2P3O12,https://doi.org/10.1016/j.dyepig.2018.03.053,3.0,1,False,1,1,False,1,False,resolved
1504,Na3Bi1.95P3O12,https://doi.org/10.1016/S1002-0721(16)60106-0,3.0,1,False,1,1,False,1,False,resolved
1505,Na3Bi0.8P2O8,https://doi.org/10.1016/j.jlumin.2016.12.012,2.0,1,False,1,1,False,1,False,resolved
1506,Na3Bi0.75P2O8,https://doi.org/10.1016/j.jlumin.2016.12.012,2.0,1,False,1,1,False,1,False,resolved
1507,Na3Bi0.7P2O8,https://doi.org/10.1016/j.jlumin.2016.12.012,2.0,1,False,1,1,False,1,False,resolved
1508,Na3Bi0.65P2O8,https://doi.org/10.1016/j.jlumin.2016.12.012,2.0,1,False,1,1,False,1,False,resolved
1509,Na3Bi0.6P2O8,https://doi.org/10.1016/j.jlumin.2016.12.012,2.0,1,False,1,1,False,1,False,resolved
1510,Na3Bi0.8P2O8,https://doi.org/10.1016/j.jlumin.2016.12.012,3.0,1,False,1,1,False,1,False,resolved
1511,Na3Bi0.78P2O8,https://doi.org/10.1016/j.jlumin.2016.12.012,3.0,1,False,1,1,False,1,False,resolved
1512,Na3Bi0.75P2O8,https://doi.org/10.1016/j.jlumin.2016.12.012,3.0,1,False,1,1,False,1,False,resolved
1513,Na3Bi0.7P2O8,https://doi.org/10.1016/j.jlumin.2016.12.012,3.0,1,False,1,1,False,1,False,resolved
1514,Na3Bi0.65P2O8,https://doi.org/10.1016/j.jlumin.2016.12.012,3.0,1,False,1,1,False,1,False,resolved
1515,Na3Bi0.6P2O8,https://doi.org/10.1016/j.jlumin.2016.12.012,3.0,1,False,1,1,False,1,False,resolved
1516,Na3Bi0.8P2O8,https://doi.org/10.1016/j.jlumin.2016.12.012,3.0,1,False,1,1,False,1,False,resolved
1517,Na3Bi0.78P2O8,https://doi.org/10.1016/j.jlumin.2016.12.012,3.0,1,False,1,1,False,1,False,resolved
1518,Na3Bi0.75P2O8,https://doi.org/10.1016/j.jlumin.2016.12.012,3.0,1,False,1,1,False,1,False,resolved
1519,Na3Bi0.7P2O8,https://doi.org/10.1016/j.jlumin.2016.12.012,3.0,1,False,1,1,False,1,False,resolved
1520,Na3Bi0.65P2O8,https://doi.org/10.1016/j.jlumin.2016.12.012,3.0,1,False,1,1,False,1,False,resolved
1521,Na3Bi0.6P2O8,https://doi.org/10.1016/j.jlumin.2016.12.012,3.0,1,False,1,1,False,1,False,resolved
1522,Ca3La0.6Ga3O15B4,https://doi.org/10.1016/j.dyepig.2018.04.039,3.0,1,False,1,1,False,1,False,resolved
1523,Ca3La0.5Ga3O15B4,https://doi.org/10.1016/j.dyepig.2018.04.039,3.0,1,False,1,1,False,1,False,resolved
1524,Ca3La0.4Ga3O15B4,https://doi.org/10.1016/j.dyepig.2018.04.039,3.0,1,False,1,1,False,1,False,resolved
1525,Ca3La0.2Ga3O15B4,https://doi.org/10.1016/j.dyepig.2018.04.039,3.0,1,False,1,1,False,1,False,resolved
1526,Ca3Ga3O15B4,https://doi.org/10.1016/j.dyepig.2018.04.039,3.0,1,False,1,1,False,1,False,resolved
1527,Ca3Y0.9Al3O15B4,https://doi.org/10.1016/j.jlumin.2018.09.010,3.0,1,False,1,1,False,1,False,resolved
1528,Ca3Y0.7Al3O15B4,https://doi.org/10.1016/j.jlumin.2018.09.010,3.0,1,False,1,1,False,1,False,resolved
1529,Ca3Y0.5Al3O15B4,https://doi.org/10.1016/j.jlumin.2018.09.010,3.0,1,False,1,1,False,1,False,resolved
1530,Ca3Y0.3Al3O15B4,https://doi.org/10.1016/j.jlumin.2018.09.010,3.0,1,False,1,1,False,1,False,resolved
1531,Ca3Y0.1Al3O15B4,https://doi.org/10.1016/j.jlumin.2018.09.010,3.0,1,False,1,1,False,1,False,resolved
1532,Ca3Al3O15B4,,3.0,2,False,1,2,False,1,False,ambiguous_reference
1533,Ca3Gd0.9Al3O15B4,https://doi.org/10.1016/j.dyepig.2018.03.005,3.0,1,False,1,1,False,1,False,resolved
1534,Ca3Gd0.8Al3O15B4,https://doi.org/10.1016/j.dyepig.2018.03.005,3.0,1,False,1,1,False,1,False,resolved
1535,Ca3Gd0.7Al3O15B4,https://doi.org/10.1016/j.dyepig.2018.03.005,3.0,1,False,1,1,False,1,False,resolved
1536,Ca3Gd0.5Al3O15B4,https://doi.org/10.1016/j.dyepig.2018.03.005,3.0,1,False,1,1,False,1,False,resolved
1537,Ca3Gd0.2Al3O15B4,https://doi.org/10.1016/j.dyepig.2018.03.005,3.0,1,False,1,1,False,1,False,resolved
1538,Ca3Al3O15B4,,3.0,2,False,1,2,False,1,False,ambiguous_reference
1539,Ca3Lu0.9Ga3B4O15,https://doi.org/10.1016/j.jlumin.2018.06.010,3.0,1,False,1,1,False,1,False,resolved
1540,Ca3Lu0.7Ga3B4O15,https://doi.org/10.1016/j.jlumin.2018.06.010,3.0,1,False,1,1,False,1,False,resolved
1541,Ca3Lu0.5Ga3B4O15,https://doi.org/10.1016/j.jlumin.2018.06.010,3.0,1,False,1,1,False,1,False,resolved
1542,Ca3Lu0.3Ga3B4O15,https://doi.org/10.1016/j.jlumin.2018.06.010,3.0,1,False,1,1,False,1,False,resolved
1543,Ca3Lu0.1Ga3B4O15,https://doi.org/10.1016/j.jlumin.2018.06.010,3.0,1,False,1,1,False,1,False,resolved
1544,Ca3Ga3B4O15,https://doi.org/10.1016/j.jlumin.2018.06.010,3.0,1,False,1,1,False,1,False,resolved
1545,Na3Bi0.78P2O8,https://doi.org/10.1016/j.jlumin.2016.12.012,3.0,1,False,1,1,False,1,False,resolved
1546,Na3Bi0.7P2O8,https://doi.org/10.1016/j.jlumin.2016.12.012,3.0,1,False,1,1,False,1,False,resolved
1547,Na3Bi0.65P2O8,https://doi.org/10.1016/j.jlumin.2016.12.012,3.0,1,False,1,1,False,1,False,resolved
1548,Na3Bi0.6P2O8,https://doi.org/10.1016/j.jlumin.2016.12.012,3.0,1,False,1,1,False,1,False,resolved
1549,Rb3YSi2O7,https://doi.org/10.1002/ange.201905787,2.0,1,False,1,1,False,1,False,resolved
1550,CaYAlO4,https://doi.org/10.1039/C2DT12222G,3.0,1,False,1,1,False,1,False,resolved
1551,CaYAlO4,https://doi.org/10.1039/C2DT12222G,3.0,1,False,1,1,False,1,False,resolved
1552,CaYAlO4,https://doi.org/10.1039/C2DT12222G,3.0,1,False,1,1,False,1,False,resolved
1553,CaYAlO4,https://doi.org/10.1039/C2DT12222G,3.0,1,False,1,1,False,1,False,resolved
1554,CaYAlO4,https://doi.org/10.1039/C2DT12222G,3.0,1,False,1,1,False,1,False,resolved
1555,CaYAlO4,https://doi.org/10.1039/C2DT12222G,3.0,1,False,1,1,False,1,False,resolved
1556,CaYAlO4,https://doi.org/10.1039/C2DT12222G,3.0,1,False,1,1,False,1,False,resolved
1557,Na3Bi0.95P3O12,https://doi.org/10.1016/S1002-0721(16)60106-0,3.0,1,False,1,1,False,1,False,resolved
1558,Na3Bi0.9P3O12,https://doi.org/10.1016/S1002-0721(16)60106-0,3.0,1,False,1,1,False,1,False,resolved
1559,Na3Bi0.875P3O12,https://doi.org/10.1016/S1002-0721(16)60106-0,3.0,1,False,1,1,False,1,False,resolved
1560,Na3Bi0.85P3O12,https://doi.org/10.1016/S1002-0721(16)60106-0,3.0,1,False,1,1,False,1,False,resolved
1561,Na3Bi0.8P3O12,https://doi.org/10.1016/S1002-0721(16)60106-0,3.0,1,False,1,1,False,1,False,resolved
1562,Na3Bi0.75P3O12,https://doi.org/10.1016/S1002-0721(16)60106-0,3.0,1,False,1,1,False,1,False,resolved
1563,Na3Bi0.7P3O12,https://doi.org/10.1016/S1002-0721(16)60106-0,3.0,1,False,1,1,False,1,False,resolved
1564,Na3Bi0.9P2O8,https://doi.org/10.1016/j.jlumin.2016.12.012,3.0,1,False,1,1,False,1,False,resolved
1565,La3.98GeO8,https://doi.org/10.1002/adfm.202102479,2.0,1,False,1,1,False,1,False,resolved
1566,La3.98GeO8,https://doi.org/10.1002/adfm.202102479,2.0,1,False,1,1,False,1,False,resolved
1567,La3.98GeO8,https://doi.org/10.1002/adfm.202102479,2.0,1,False,1,1,False,1,False,resolved
1568,La3.98GeO8,https://doi.org/10.1002/adfm.202102479,2.0,1,False,1,1,False,1,False,resolved
1569,La3.98GeO8,https://doi.org/10.1002/adfm.202102479,2.0,1,False,1,1,False,1,False,resolved
1570,La3.98GeO8,https://doi.org/10.1002/adfm.202102479,2.0,1,False,1,1,False,1,False,resolved
1571,La3.98GeO8,https://doi.org/10.1002/adfm.202102479,2.0,1,False,1,1,False,1,False,resolved
1572,La3.98GeO8,https://doi.org/10.1002/adfm.202102479,2.0,1,False,1,1,False,1,False,resolved
1573,La3.98GeO8,https://doi.org/10.1002/adfm.202102479,2.0,1,False,1,1,False,1,False,resolved
1574,Ca8.55GdP7O28,https://doi.org/10.1039/C0JM01860K,2.0,1,False,1,1,False,1,False,resolved
1575,Ca8.505GdP7O28,https://doi.org/10.1039/C0JM01860K,2.0,1,False,1,1,False,1,False,resolved
1576,Ca8.46GdP7O28,https://doi.org/10.1039/C0JM01860K,2.0,1,False,1,1,False,1,False,resolved
1577,Ca8.28GdP7O28,https://doi.org/10.1039/C0JM01860K,2.0,1,False,1,1,False,1,False,resolved
1578,Ca8.01GdP7O28,https://doi.org/10.1039/C0JM01860K,2.0,1,False,1,1,False,1,False,resolved
1579,Sr1.96Si5N8,https://doi.org/10.1063/1.2196064,2.0,1,False,1,1,False,1,False,resolved
1580,Y2O2S,https://doi.org/10.1016/j.matlet.2007.06.016,3.0,1,False,1,1,False,1,False,resolved
1581,Lu2O2S,https://doi.org/10.1039/C6CE01441K,3.0,1,False,1,1,False,1,False,resolved
1582,Y2O2S,https://doi.org/10.1016/j.jallcom.2015.09.182,3.0,1,False,1,1,False,1,False,resolved
1583,Y2O2S,https://doi.org/10.1016/j.jallcom.2015.09.182,3.0,1,False,1,1,False,1,False,resolved
1584,Y1.99O2S,https://doi.org/10.1016/j.matlet.2012.06.051,3.0,1,False,1,1,False,1,False,resolved
1585,Y1.95O2S,https://doi.org/10.1149/1.3501964,3.0,1,False,1,1,False,1,False,resolved
1586,Ca8.46LuP7O28,https://doi.org/10.1021/ic101749g,2.0,1,False,1,1,False,1,False,resolved
1587,Ca8.37LuP7O28,https://doi.org/10.1021/ic101749g,2.0,1,False,1,1,False,1,False,resolved
1588,Ca8.19LuP7O28,https://doi.org/10.1021/ic101749g,2.0,1,False,1,1,False,1,False,resolved
1589,Ca8.01LuP7O28,https://doi.org/10.1021/ic101749g,2.0,1,False,1,1,False,1,False,resolved
1590,Sr2.88YP3O12,https://doi.org/10.1039/C1CP20635D,2.0,1,False,1,1,False,1,False,resolved
1591,Sr2.85YP3O12,https://doi.org/10.1039/C1CP20635D,2.0,1,False,1,1,False,1,False,resolved
1592,Sr2.79YP3O12,https://doi.org/10.1039/C1CP20635D,2.0,1,False,1,1,False,1,False,resolved
1593,Sr2.67YP3O12,https://doi.org/10.1039/C1CP20635D,2.0,1,False,1,1,False,1,False,resolved
1594,Ca4.167Sr4.5YP7O28,https://doi.org/10.1039/C1JM11018G,2.0,1,False,1,1,False,1,False,resolved
1595,Ca3.987Sr4.5YP7O28,https://doi.org/10.1039/C1JM11018G,2.0,1,False,1,1,False,1,False,resolved
1596,Ca3.807Sr4.5YP7O28,https://doi.org/10.1039/C1JM11018G,2.0,1,False,1,1,False,1,False,resolved
1597,Ca3.537Sr4.5YP7O28,https://doi.org/10.1039/C1JM11018G,2.0,1,False,1,1,False,1,False,resolved
1598,Ca0.2Sr0.8S,https://doi.org/10.1016/j.radmeas.2009.09.010,2.0,1,False,1,1,False,1,False,resolved
1599,Ca0.2Sr0.8S,https://doi.org/10.1016/j.radmeas.2009.09.010,2.0,1,False,1,1,False,1,False,resolved
1600,Ca9LaP7O28,https://doi.org/10.1364/OE.18.005089,2.0,1,False,1,1,False,1,False,resolved
1601,Ca9LaP7O28,https://doi.org/10.1364/OE.18.005089,2.0,1,False,1,1,False,1,False,resolved
1602,Ca9LaP7O28,https://doi.org/10.1364/OE.18.005089,2.0,1,False,1,1,False,1,False,resolved
1603,Ca8.46YP7O28,https://doi.org/10.1021/am900668r,2.0,1,False,1,1,False,1,False,resolved
1604,Ca8.01YP7O28,https://doi.org/10.1021/am900668r,2.0,1,False,1,1,False,1,False,resolved
1605,La2.97BrSi2S8,https://doi.org/10.1021/acsami.5b12125,2.0,1,False,1,1,False,1,False,resolved
1606,La2.94BrSi2S8,https://doi.org/10.1021/acsami.5b12125,2.0,1,False,1,1,False,1,False,resolved
1607,La2.91BrSi2S8,https://doi.org/10.1021/acsami.5b12125,2.0,1,False,1,1,False,1,False,resolved
1608,La2.88BrSi2S8,https://doi.org/10.1021/acsami.5b12125,2.0,1,False,1,1,False,1,False,resolved
1609,La2.85BrSi2S8,https://doi.org/10.1021/acsami.5b12125,2.0,1,False,1,1,False,1,False,resolved
1610,Ca8.61CeP7O28,https://doi.org/10.1039/C6CP05490K,2.0,1,False,1,1,False,1,False,resolved
1611,Ca8.51CeP7O28,https://doi.org/10.1039/C6CP05490K,2.0,1,False,1,1,False,1,False,resolved
1612,Ca8.41CeP7O28,https://doi.org/10.1039/C6CP05490K,2.0,1,False,1,1,False,1,False,resolved
1613,Ba0.98La2Si2S8,https://doi.org/10.1021/am505613s,2.0,2,False,1,1,False,1,False,resolved
1614,Ba0.98La2Si2S8,https://doi.org/10.1021/am505613s,2.0,2,False,1,1,False,1,False,resolved
1615,CaAlSiN3,https://doi.org/10.1016/j.actamat.2021.116813,2.0,1,False,1,1,False,1,False,resolved
1616,CaAlSiN3,https://doi.org/10.1016/j.actamat.2021.116813,2.0,1,False,1,1,False,1,False,resolved
1617,CaAlSiN3,https://doi.org/10.1016/j.actamat.2021.116813,2.0,1,False,1,1,False,1,False,resolved
1618,CaAlSiN3,https://doi.org/10.1016/j.actamat.2021.116813,2.0,1,False,1,1,False,1,False,resolved
1619,Ca2.94Mg2.6P4O16,https://doi.org/10.1039/C3RA40313K,2.0,1,False,1,1,False,1,False,resolved
1620,Ca2.94Mg2.5P4O16,https://doi.org/10.1039/C3RA40313K,2.0,1,False,1,1,False,1,False,resolved
1621,Ca2.94Mg2.4P4O16,https://doi.org/10.1039/C3RA40313K,2.0,1,False,1,1,False,1,False,resolved
1622,Sr0.8Ca0.2AlSiN3,https://doi.org/10.1149/2.008302jss,2.0,1,False,1,1,False,1,False,resolved
1623,Ca20Li8Al39N55,https://doi.org/10.1021/acs.chemmater.5b04929,2.0,1,False,1,1,False,1,False,resolved
1624,Ca18.75Li10.5Al39N55,https://doi.org/10.1021/acs.chemmater.5b04929,2.0,1,False,1,1,False,1,False,resolved
1625,Ca18Li12Al39N55,https://doi.org/10.1021/acs.chemmater.5b04929,2.0,1,False,1,1,False,1,False,resolved
1626,Ca0.96ZnOS,https://doi.org/10.1364/OE.18.008187,2.0,1,False,1,1,False,1,False,resolved
1627,Ca4P2O9,https://doi.org/10.1039/C5DT01018G,2.0,1,False,1,1,False,1,False,resolved
1628,Ca18Li12Al39N55,https://doi.org/10.1021/acs.chemmater.5b04929,2.0,1,False,1,1,False,1,False,resolved
1629,Ca8.1GdP7O28,https://doi.org/10.1021/jp106693z,2.0,1,False,1,1,False,1,False,resolved
1630,Ca7.92GdP7O28,https://doi.org/10.1021/jp106693z,2.0,1,False,1,1,False,1,False,resolved
1631,Ca7.74GdP7O28,https://doi.org/10.1021/jp106693z,2.0,1,False,1,1,False,1,False,resolved
1632,Ca7.47GdP7O28,https://doi.org/10.1021/jp106693z,2.0,1,False,1,1,False,1,False,resolved
1633,Ca1.2SiO4,https://doi.org/10.1002/anie.201402520,2.0,1,False,1,1,False,1,False,resolved
1634,Na2Ca3.96Mg1.88Si4O15,https://doi.org/10.1039/C3RA46474A,2.0,1,False,1,1,False,1,False,resolved
1635,Na2Ca3.96Mg1.84Si4O15,https://doi.org/10.1039/C3RA46474A,2.0,1,False,1,1,False,1,False,resolved
1636,Na2Ca3.96Mg1.8Si4O15,https://doi.org/10.1039/C3RA46474A,2.0,1,False,1,1,False,1,False,resolved
1637,Na2Ca3.96Mg1.76Si4O15,https://doi.org/10.1039/C3RA46474A,2.0,1,False,1,1,False,1,False,resolved
1638,Na0.95Sc0.85Si2O6,https://doi.org/10.1021/jp4062225,2.0,1,False,1,1,False,1,False,resolved
1639,Na0.95Sc0.8Si2O6,https://doi.org/10.1021/jp4062225,2.0,1,False,1,1,False,1,False,resolved
1640,KCaYP2O8,https://doi.org/10.1021/ic3007102,2.0,2,False,1,1,False,1,False,resolved
1641,KCaYP2O8,https://doi.org/10.1021/ic3007102,2.0,2,False,1,1,False,1,False,resolved
1642,KCaYP2O8,https://doi.org/10.1021/ic3007102,2.0,2,False,1,1,False,1,False,resolved
1643,KCaYP2O8,https://doi.org/10.1021/ic3007102,2.0,2,False,1,1,False,1,False,resolved
1644,Ca0.5Sr0.5S,https://doi.org/10.1016/j.radmeas.2009.09.010,2.0,1,False,1,1,False,1,False,resolved
1645,Ca0.5Sr0.5S,https://doi.org/10.1016/j.radmeas.2009.09.010,2.0,1,False,1,1,False,1,False,resolved
1646,Ba1.99ZnS3,https://doi.org/10.1016/j.jcrysgro.2008.09.044,2.0,1,False,1,1,False,1,False,resolved
1647,Ba1.79Sr0.2ZnS3,https://doi.org/10.1016/j.jcrysgro.2008.09.044,2.0,1,False,1,1,False,1,False,resolved
1648,Ba1.59Sr0.4ZnS3,https://doi.org/10.1016/j.jcrysgro.2008.09.044,2.0,1,False,1,1,False,1,False,resolved
1649,Ba1.39Sr0.6ZnS3,https://doi.org/10.1016/j.jcrysgro.2008.09.044,2.0,1,False,1,1,False,1,False,resolved
1650,Ca0.8Sr0.2S,https://doi.org/10.1016/j.radmeas.2009.09.010,2.0,1,False,1,1,False,1,False,resolved
1651,CaS,https://doi.org/10.1016/j.radmeas.2009.09.010,2.0,1,False,1,1,False,1,False,resolved
1652,CaS,https://doi.org/10.1016/j.radmeas.2009.09.010,2.0,1,False,1,1,False,1,False,resolved
1653,Sr4LiAl11N14,https://doi.org/10.1021/acs.chemmater.6b04519,2.0,1,False,1,1,False,1,False,resolved
1654,Mg3P2O8,https://doi.org/10.1002/ejic.201500236,2.0,1,False,1,1,False,1,False,resolved
1655,SrSi5N8,https://doi.org/10.1063/1.2196064,2.0,1,False,1,1,False,1,False,resolved
1656,Bi4Si3O12,https://doi.org/10.1038/srep42464,3.0,1,False,1,1,False,1,False,resolved
1657,Bi4Si3O12,https://doi.org/10.1038/srep42464,3.0,1,False,1,1,False,1,False,resolved
1658,Bi4Si3O12,https://doi.org/10.1038/srep42464,3.0,1,False,1,1,False,1,False,resolved
1659,Bi4Si3O12,https://doi.org/10.1038/srep42464,3.0,1,False,1,1,False,1,False,resolved
1660,Bi4Si3O12,https://doi.org/10.1038/srep42464,3.0,1,False,1,1,False,1,False,resolved
1661,Na1.89Ca0.89SiO4,https://doi.org/10.1016/j.jlumin.2012.12.015,3.0,1,False,1,1,False,1,False,resolved
1662,K3LuSi2O7,https://doi.org/10.1038/s41467-019-13293-0,2.0,1,False,1,1,False,1,False,resolved
1663,K3LuSi2O7,https://doi.org/10.1038/s41467-019-13293-0,2.0,1,False,1,1,False,1,False,resolved
1664,K3LuSi2O7,https://doi.org/10.1038/s41467-019-13293-0,2.0,1,False,1,1,False,1,False,resolved
