row_id,fold,protocol
0,0,group_formula
6,0,group_formula
10,0,group_formula
16,0,group_formula
18,0,group_formula
20,0,group_formula
25,0,group_formula
28,0,group_formula
36,0,group_formula
38,0,group_formula
42,0,group_formula
49,0,group_formula
53,0,group_formula
58,0,group_formula
59,0,group_formula
71,0,group_formula
86,0,group_formula
97,0,group_formula
101,0,group_formula
111,0,group_formula
112,0,group_formula
113,0,group_formula
114,0,group_formula
115,0,group_formula
132,0,group_formula
136,0,group_formula
149,0,group_formula
152,0,group_formula
163,0,group_formula
169,0,group_formula
172,0,group_formula
174,0,group_formula
175,0,group_formula
180,0,group_formula
182,0,group_formula
183,0,group_formula
185,0,group_formula
187,0,group_formula
195,0,group_formula
196,0,group_formula
210,0,group_formula
212,0,group_formula
214,0,group_formula
225,0,group_formula
228,0,group_formula
232,0,group_formula
241,0,group_formula
242,0,group_formula
249,0,group_formula
254,0,group_formula
256,0,group_formula
258,0,group_formula
286,0,group_formula
295,0,group_formula
303,0,group_formula
308,0,group_formula
321,0,group_formula
324,0,group_formula
333,0,group_formula
345,0,group_formula
346,0,group_formula
348,0,group_formula
353,0,group_formula
354,0,group_formula
361,0,group_formula
364,0,group_formula
368,0,group_formula
375,0,group_formula
405,0,group_formula
408,0,group_formula
414,0,group_formula
415,0,group_formula
421,0,group_formula
424,0,group_formula
432,0,group_formula
436,0,group_formula
443,0,group_formula
447,0,group_formula
457,0,group_formula
461,0,group_formula
462,0,group_formula
471,0,group_formula
473,0,group_formula
485,0,group_formula
486,0,group_formula
487,0,group_formula
490,0,group_formula
493,0,group_formula
494,0,group_formula
495,0,group_formula
496,0,group_formula
497,0,group_formula
498,0,group_formula
502,0,group_formula
511,0,group_formula
522,0,group_formula
536,0,group_formula
541,0,group_formula
544,0,group_formula
547,0,group_formula
549,0,group_formula
556,0,group_formula
563,0,group_formula
564,0,group_formula
572,0,group_formula
575,0,group_formula
577,0,group_formula
579,0,group_formula
583,0,group_formula
587,0,group_formula
597,0,group_formula
605,0,group_formula
609,0,group_formula
616,0,group_formula
617,0,group_formula
629,0,group_formula
642,0,group_formula
643,0,group_formula
653,0,group_formula
662,0,group_formula
682,0,group_formula
687,0,group_formula
689,0,group_formula
699,0,group_formula
701,0,group_formula
703,0,group_formula
706,0,group_formula
716,0,group_formula
718,0,group_formula
720,0,group_formula
722,0,group_formula
728,0,group_formula
731,0,group_formula
735,0,group_formula
739,0,group_formula
747,0,group_formula
760,0,group_formula
762,0,group_formula
764,0,group_formula
767,0,group_formula
768,0,group_formula
769,0,group_formula
770,0,group_formula
771,0,group_formula
772,0,group_formula
773,0,group_formula
774,0,group_formula
778,0,group_formula
780,0,group_formula
781,0,group_formula
788,0,group_formula
789,0,group_formula
790,0,group_formula
794,0,group_formula
799,0,group_formula
809,0,group_formula
817,0,group_formula
819,0,group_formula
827,0,group_formula
829,0,group_formula
831,0,group_formula
838,0,group_formula
842,0,group_formula
856,0,group_formula
860,0,group_formula
863,0,group_formula
868,0,group_formula
870,0,group_formula
889,0,group_formula
897,0,group_formula
900,0,group_formula
906,0,group_formula
914,0,group_formula
916,0,group_formula
919,0,group_formula
920,0,group_formula
921,0,group_formula
922,0,group_formula
924,0,group_formula
927,0,group_formula
929,0,group_formula
937,0,group_formula
939,0,group_formula
945,0,group_formula
948,0,group_formula
949,0,group_formula
955,0,group_formula
956,0,group_formula
958,0,group_formula
959,0,group_formula
960,0,group_formula
964,0,group_formula
965,0,group_formula
969,0,group_formula
976,0,group_formula
977,0,group_formula
979,0,group_formula
981,0,group_formula
982,0,group_formula
993,0,group_formula
998,0,group_formula
1002,0,group_formula
1011,0,group_formula
1016,0,group_formula
1021,0,group_formula
1023,0,group_formula
1026,0,group_formula
1027,0,group_formula
1028,0,group_formula
1029,0,group_formula
1030,0,group_formula
1031,0,group_formula
1032,0,group_formula
1034,0,group_formula
1043,0,group_formula
1044,0,group_formula
1045,0,group_formula
1046,0,group_formula
1047,0,group_formula
1048,0,group_formula
1049,0,group_formula
1050,0,group_formula
1051,0,group_formula
1052,0,group_formula
1053,0,group_formula
1054,0,group_formula
1055,0,group_formula
1073,0,group_formula
1076,0,group_formula
1081,0,group_formula
1089,0,group_formula
1090,0,group_formula
1092,0,group_formula
1095,0,group_formula
1097,0,group_formula
1105,0,group_formula
1111,0,group_formula
1116,0,group_formula
1121,0,group_formula
1125,0,group_formula
1127,0,group_formula
1134,0,group_formula
1135,0,group_formula
1147,0,group_formula
1149,0,group_formula
1152,0,group_formula
1153,0,group_formula
1154,0,group_formula
1160,0,group_formula
1161,0,group_formula
1162,0,group_formula
1165,0,group_formula
1181,0,group_formula
1187,0,group_formula
1188,0,group_formula
1190,0,group_formula
1192,0,group_formula
1195,0,group_formula
1196,0,group_formula
1197,0,group_formula
1207,0,group_formula
1208,0,group_formula
1209,0,group_formula
1210,0,group_formula
1211,0,group_formula
1212,0,group_formula
1213,0,group_formula
1214,0,group_formula
1220,0,group_formula
1222,0,group_formula
1229,0,group_formula
1230,0,group_formula
1234,0,group_formula
1252,0,group_formula
1256,0,group_formula
1259,0,group_formula
1264,0,group_formula
1286,0,group_formula
1295,0,group_formula
1302,0,group_formula
1303,0,group_formula
1307,0,group_formula
1314,0,group_formula
1327,0,group_formula
1331,0,group_formula
1339,0,group_formula
1351,0,group_formula
1352,0,group_formula
1357,0,group_formula
1359,0,group_formula
1362,0,group_formula
1379,0,group_formula
1380,0,group_formula
1386,0,group_formula
1388,0,group_formula
1391,0,group_formula
1392,0,group_formula
1393,0,group_formula
1397,0,group_formula
1398,0,group_formula
1399,0,group_formula
1402,0,group_formula
1405,0,group_formula
1417,0,group_formula
1422,0,group_formula
1423,0,group_formula
1440,0,group_formula
1442,0,group_formula
1447,0,group_formula
1448,0,group_formula
1449,0,group_formula
1450,0,group_formula
1452,0,group_formula
1456,0,group_formula
1460,0,group_formula
1464,0,group_formula
1465,0,group_formula
1468,0,group_formula
1471,0,group_formula
1482,0,group_formula
1490,0,group_formula
1491,0,group_formula
1499,0,group_formula
1500,0,group_formula
1515,0,group_formula
1522,0,group_formula
1524,0,group_formula
1532,0,group_formula
1534,0,group_formula
1538,0,group_formula
1554,0,group_formula
1563,0,group_formula
1565,0,group_formula
1566,0,group_formula
1567,0,group_formula
1568,0,group_formula
1569,0,group_formula
1570,0,group_formula
1571,0,group_formula
1572,0,group_formula
1573,0,group_formula
1576,0,group_formula
1578,0,group_formula
1581,0,group_formula
1584,0,group_formula
1586,0,group_formula
1589,0,group_formula
1601,0,group_formula
1615,0,group_formula
1616,0,group_formula
1617,0,group_formula
1618,0,group_formula
1622,0,group_formula
1624,0,group_formula
1631,0,group_formula
1633,0,group_formula
1636,0,group_formula
1641,0,group_formula
1643,0,group_formula
1646,0,group_formula
1648,0,group_formula
1649,0,group_formula
1664,0,group_formula
3,1,group_formula
7,1,group_formula
11,1,group_formula
24,1,group_formula
26,1,group_formula
29,1,group_formula
41,1,group_formula
52,1,group_formula
62,1,group_formula
65,1,group_formula
70,1,group_formula
72,1,group_formula
74,1,group_formula
75,1,group_formula
76,1,group_formula
77,1,group_formula
84,1,group_formula
100,1,group_formula
102,1,group_formula
103,1,group_formula
104,1,group_formula
105,1,group_formula
106,1,group_formula
107,1,group_formula
116,1,group_formula
117,1,group_formula
124,1,group_formula
127,1,group_formula
133,1,group_formula
135,1,group_formula
140,1,group_formula
146,1,group_formula
154,1,group_formula
155,1,group_formula
157,1,group_formula
161,1,group_formula
167,1,group_formula
171,1,group_formula
176,1,group_formula
178,1,group_formula
190,1,group_formula
194,1,group_formula
206,1,group_formula
216,1,group_formula
217,1,group_formula
218,1,group_formula
224,1,group_formula
229,1,group_formula
231,1,group_formula
243,1,group_formula
251,1,group_formula
255,1,group_formula
260,1,group_formula
261,1,group_formula
263,1,group_formula
282,1,group_formula
291,1,group_formula
301,1,group_formula
311,1,group_formula
317,1,group_formula
325,1,group_formula
326,1,group_formula
328,1,group_formula
329,1,group_formula
330,1,group_formula
334,1,group_formula
336,1,group_formula
338,1,group_formula
340,1,group_formula
341,1,group_formula
343,1,group_formula
352,1,group_formula
365,1,group_formula
366,1,group_formula
367,1,group_formula
371,1,group_formula
399,1,group_formula
420,1,group_formula
427,1,group_formula
429,1,group_formula
434,1,group_formula
444,1,group_formula
455,1,group_formula
456,1,group_formula
459,1,group_formula
464,1,group_formula
469,1,group_formula
477,1,group_formula
479,1,group_formula
482,1,group_formula
483,1,group_formula
484,1,group_formula
514,1,group_formula
515,1,group_formula
526,1,group_formula
534,1,group_formula
535,1,group_formula
539,1,group_formula
554,1,group_formula
555,1,group_formula
557,1,group_formula
561,1,group_formula
566,1,group_formula
567,1,group_formula
588,1,group_formula
593,1,group_formula
601,1,group_formula
602,1,group_formula
606,1,group_formula
607,1,group_formula
608,1,group_formula
618,1,group_formula
619,1,group_formula
622,1,group_formula
624,1,group_formula
633,1,group_formula
635,1,group_formula
636,1,group_formula
638,1,group_formula
641,1,group_formula
655,1,group_formula
659,1,group_formula
660,1,group_formula
661,1,group_formula
663,1,group_formula
665,1,group_formula
668,1,group_formula
677,1,group_formula
678,1,group_formula
683,1,group_formula
685,1,group_formula
688,1,group_formula
694,1,group_formula
698,1,group_formula
700,1,group_formula
709,1,group_formula
710,1,group_formula
711,1,group_formula
715,1,group_formula
734,1,group_formula
742,1,group_formula
746,1,group_formula
748,1,group_formula
777,1,group_formula
786,1,group_formula
795,1,group_formula
800,1,group_formula
803,1,group_formula
807,1,group_formula
808,1,group_formula
810,1,group_formula
811,1,group_formula
813,1,group_formula
816,1,group_formula
821,1,group_formula
822,1,group_formula
823,1,group_formula
828,1,group_formula
837,1,group_formula
840,1,group_formula
841,1,group_formula
843,1,group_formula
844,1,group_formula
846,1,group_formula
848,1,group_formula
850,1,group_formula
851,1,group_formula
855,1,group_formula
858,1,group_formula
878,1,group_formula
884,1,group_formula
887,1,group_formula
894,1,group_formula
895,1,group_formula
896,1,group_formula
898,1,group_formula
899,1,group_formula
901,1,group_formula
902,1,group_formula
904,1,group_formula
907,1,group_formula
908,1,group_formula
909,1,group_formula
923,1,group_formula
925,1,group_formula
942,1,group_formula
946,1,group_formula
954,1,group_formula
957,1,group_formula
966,1,group_formula
967,1,group_formula
974,1,group_formula
985,1,group_formula
987,1,group_formula
990,1,group_formula
991,1,group_formula
1003,1,group_formula
1014,1,group_formula
1015,1,group_formula
1022,1,group_formula
1033,1,group_formula
1075,1,group_formula
1084,1,group_formula
1085,1,group_formula
1093,1,group_formula
1106,1,group_formula
1107,1,group_formula
1112,1,group_formula
1118,1,group_formula
1139,1,group_formula
1141,1,group_formula
1142,1,group_formula
1143,1,group_formula
1144,1,group_formula
1145,1,group_formula
1146,1,group_formula
1148,1,group_formula
1150,1,group_formula
1151,1,group_formula
1168,1,group_formula
1172,1,group_formula
1173,1,group_formula
1174,1,group_formula
1176,1,group_formula
1178,1,group_formula
1180,1,group_formula
1184,1,group_formula
1185,1,group_formula
1204,1,group_formula
1215,1,group_formula
1219,1,group_formula
1225,1,group_formula
1227,1,group_formula
1228,1,group_formula
1237,1,group_formula
1239,1,group_formula
1246,1,group_formula
1248,1,group_formula
1253,1,group_formula
1254,1,group_formula
1257,1,group_formula
1261,1,group_formula
1263,1,group_formula
1269,1,group_formula
1272,1,group_formula
1273,1,group_formula
1274,1,group_formula
1275,1,group_formula
1277,1,group_formula
1278,1,group_formula
1279,1,group_formula
1280,1,group_formula
1281,1,group_formula
1283,1,group_formula
1289,1,group_formula
1298,1,group_formula
1299,1,group_formula
1300,1,group_formula
1308,1,group_formula
1319,1,group_formula
1320,1,group_formula
1322,1,group_formula
1332,1,group_formula
1334,1,group_formula
1337,1,group_formula
1338,1,group_formula
1342,1,group_formula
1343,1,group_formula
1345,1,group_formula
1348,1,group_formula
1354,1,group_formula
1371,1,group_formula
1382,1,group_formula
1395,1,group_formula
1408,1,group_formula
1409,1,group_formula
1414,1,group_formula
1421,1,group_formula
1427,1,group_formula
1429,1,group_formula
1433,1,group_formula
1441,1,group_formula
1458,1,group_formula
1459,1,group_formula
1462,1,group_formula
1467,1,group_formula
1488,1,group_formula
1494,1,group_formula
1498,1,group_formula
1502,1,group_formula
1503,1,group_formula
1505,1,group_formula
1510,1,group_formula
1512,1,group_formula
1521,1,group_formula
1523,1,group_formula
1530,1,group_formula
1535,1,group_formula
1537,1,group_formula
1553,1,group_formula
1558,1,group_formula
1559,1,group_formula
1575,1,group_formula
1577,1,group_formula
1579,1,group_formula
1580,1,group_formula
1582,1,group_formula
1583,1,group_formula
1585,1,group_formula
1588,1,group_formula
1597,1,group_formula
1600,1,group_formula
1604,1,group_formula
1606,1,group_formula
1609,1,group_formula
1619,1,group_formula
1620,1,group_formula
1621,1,group_formula
1629,1,group_formula
1638,1,group_formula
1639,1,group_formula
1654,1,group_formula
1661,1,group_formula
1663,1,group_formula
4,2,group_formula
8,2,group_formula
9,2,group_formula
12,2,group_formula
13,2,group_formula
14,2,group_formula
15,2,group_formula
22,2,group_formula
23,2,group_formula
30,2,group_formula
35,2,group_formula
46,2,group_formula
66,2,group_formula
78,2,group_formula
80,2,group_formula
82,2,group_formula
85,2,group_formula
89,2,group_formula
92,2,group_formula
93,2,group_formula
94,2,group_formula
96,2,group_formula
108,2,group_formula
109,2,group_formula
110,2,group_formula
119,2,group_formula
123,2,group_formula
139,2,group_formula
142,2,group_formula
144,2,group_formula
147,2,group_formula
150,2,group_formula
159,2,group_formula
165,2,group_formula
173,2,group_formula
186,2,group_formula
189,2,group_formula
191,2,group_formula
192,2,group_formula
201,2,group_formula
208,2,group_formula
209,2,group_formula
211,2,group_formula
215,2,group_formula
220,2,group_formula
226,2,group_formula
237,2,group_formula
240,2,group_formula
244,2,group_formula
247,2,group_formula
257,2,group_formula
262,2,group_formula
266,2,group_formula
267,2,group_formula
271,2,group_formula
272,2,group_formula
274,2,group_formula
276,2,group_formula
285,2,group_formula
292,2,group_formula
294,2,group_formula
305,2,group_formula
307,2,group_formula
310,2,group_formula
312,2,group_formula
314,2,group_formula
315,2,group_formula
320,2,group_formula
327,2,group_formula
331,2,group_formula
339,2,group_formula
347,2,group_formula
355,2,group_formula
356,2,group_formula
358,2,group_formula
360,2,group_formula
362,2,group_formula
369,2,group_formula
376,2,group_formula
406,2,group_formula
409,2,group_formula
416,2,group_formula
423,2,group_formula
426,2,group_formula
430,2,group_formula
431,2,group_formula
435,2,group_formula
438,2,group_formula
440,2,group_formula
445,2,group_formula
451,2,group_formula
454,2,group_formula
460,2,group_formula
465,2,group_formula
474,2,group_formula
488,2,group_formula
491,2,group_formula
492,2,group_formula
500,2,group_formula
503,2,group_formula
505,2,group_formula
508,2,group_formula
512,2,group_formula
520,2,group_formula
521,2,group_formula
523,2,group_formula
525,2,group_formula
537,2,group_formula
545,2,group_formula
548,2,group_formula
551,2,group_formula
559,2,group_formula
560,2,group_formula
562,2,group_formula
565,2,group_formula
568,2,group_formula
574,2,group_formula
578,2,group_formula
580,2,group_formula
585,2,group_formula
611,2,group_formula
615,2,group_formula
620,2,group_formula
627,2,group_formula
667,2,group_formula
691,2,group_formula
693,2,group_formula
697,2,group_formula
707,2,group_formula
713,2,group_formula
717,2,group_formula
724,2,group_formula
725,2,group_formula
727,2,group_formula
730,2,group_formula
733,2,group_formula
737,2,group_formula
738,2,group_formula
743,2,group_formula
745,2,group_formula
759,2,group_formula
761,2,group_formula
775,2,group_formula
779,2,group_formula
791,2,group_formula
793,2,group_formula
796,2,group_formula
804,2,group_formula
805,2,group_formula
814,2,group_formula
820,2,group_formula
826,2,group_formula
847,2,group_formula
849,2,group_formula
854,2,group_formula
857,2,group_formula
859,2,group_formula
862,2,group_formula
864,2,group_formula
865,2,group_formula
869,2,group_formula
874,2,group_formula
876,2,group_formula
881,2,group_formula
882,2,group_formula
890,2,group_formula
893,2,group_formula
905,2,group_formula
911,2,group_formula
912,2,group_formula
918,2,group_formula
936,2,group_formula
940,2,group_formula
944,2,group_formula
947,2,group_formula
961,2,group_formula
962,2,group_formula
963,2,group_formula
972,2,group_formula
973,2,group_formula
975,2,group_formula
978,2,group_formula
980,2,group_formula
983,2,group_formula
988,2,group_formula
996,2,group_formula
1000,2,group_formula
1005,2,group_formula
1035,2,group_formula
1074,2,group_formula
1077,2,group_formula
1078,2,group_formula
1079,2,group_formula
1080,2,group_formula
1098,2,group_formula
1102,2,group_formula
1109,2,group_formula
1117,2,group_formula
1119,2,group_formula
1120,2,group_formula
1124,2,group_formula
1126,2,group_formula
1163,2,group_formula
1164,2,group_formula
1166,2,group_formula
1167,2,group_formula
1169,2,group_formula
1183,2,group_formula
1189,2,group_formula
1193,2,group_formula
1198,2,group_formula
1200,2,group_formula
1203,2,group_formula
1217,2,group_formula
1223,2,group_formula
1224,2,group_formula
1236,2,group_formula
1250,2,group_formula
1255,2,group_formula
1258,2,group_formula
1262,2,group_formula
1265,2,group_formula
1270,2,group_formula
1271,2,group_formula
1276,2,group_formula
1284,2,group_formula
1288,2,group_formula
1291,2,group_formula
1293,2,group_formula
1297,2,group_formula
1306,2,group_formula
1309,2,group_formula
1311,2,group_formula
1313,2,group_formula
1315,2,group_formula
1325,2,group_formula
1326,2,group_formula
1328,2,group_formula
1329,2,group_formula
1330,2,group_formula
1341,2,group_formula
1346,2,group_formula
1347,2,group_formula
1364,2,group_formula
1366,2,group_formula
1373,2,group_formula
1374,2,group_formula
1375,2,group_formula
1376,2,group_formula
1381,2,group_formula
1384,2,group_formula
1385,2,group_formula
1387,2,group_formula
1390,2,group_formula
1396,2,group_formula
1400,2,group_formula
1401,2,group_formula
1403,2,group_formula
1411,2,group_formula
1419,2,group_formula
1425,2,group_formula
1426,2,group_formula
1431,2,group_formula
1432,2,group_formula
1443,2,group_formula
1446,2,group_formula
1453,2,group_formula
1455,2,group_formula
1457,2,group_formula
1466,2,group_formula
1472,2,group_formula
1474,2,group_formula
1475,2,group_formula
1476,2,group_formula
1477,2,group_formula
1478,2,group_formula
1480,2,group_formula
1481,2,group_formula
1484,2,group_formula
1485,2,group_formula
1495,2,group_formula
1497,2,group_formula
1501,2,group_formula
1506,2,group_formula
1507,2,group_formula
1509,2,group_formula
1519,2,group_formula
1526,2,group_formula
1531,2,group_formula
1540,2,group_formula
1544,2,group_formula
1545,2,group_formula
1548,2,group_formula
1561,2,group_formula
1562,2,group_formula
1587,2,group_formula
1590,2,group_formula
1596,2,group_formula
1603,2,group_formula
1605,2,group_formula
1610,2,group_formula
1630,2,group_formula
1640,2,group_formula
1642,2,group_formula
1644,2,group_formula
1645,2,group_formula
1647,2,group_formula
1650,2,group_formula
1651,2,group_formula
1652,2,group_formula
1653,2,group_formula
1662,2,group_formula
1,3,group_formula
5,3,group_formula
17,3,group_formula
19,3,group_formula
21,3,group_formula
27,3,group_formula
31,3,group_formula
33,3,group_formula
39,3,group_formula
40,3,group_formula
45,3,group_formula
47,3,group_formula
50,3,group_formula
51,3,group_formula
54,3,group_formula
55,3,group_formula
56,3,group_formula
68,3,group_formula
69,3,group_formula
79,3,group_formula
81,3,group_formula
83,3,group_formula
88,3,group_formula
90,3,group_formula
95,3,group_formula
118,3,group_formula
120,3,group_formula
126,3,group_formula
128,3,group_formula
131,3,group_formula
134,3,group_formula
137,3,group_formula
138,3,group_formula
141,3,group_formula
143,3,group_formula
148,3,group_formula
162,3,group_formula
166,3,group_formula
200,3,group_formula
202,3,group_formula
203,3,group_formula
207,3,group_formula
213,3,group_formula
219,3,group_formula
234,3,group_formula
245,3,group_formula
246,3,group_formula
252,3,group_formula
253,3,group_formula
259,3,group_formula
264,3,group_formula
265,3,group_formula
268,3,group_formula
269,3,group_formula
270,3,group_formula
273,3,group_formula
277,3,group_formula
278,3,group_formula
279,3,group_formula
280,3,group_formula
289,3,group_formula
290,3,group_formula
296,3,group_formula
300,3,group_formula
306,3,group_formula
335,3,group_formula
337,3,group_formula
344,3,group_formula
349,3,group_formula
351,3,group_formula
357,3,group_formula
359,3,group_formula
370,3,group_formula
372,3,group_formula
373,3,group_formula
374,3,group_formula
388,3,group_formula
389,3,group_formula
390,3,group_formula
391,3,group_formula
392,3,group_formula
393,3,group_formula
394,3,group_formula
395,3,group_formula
396,3,group_formula
397,3,group_formula
398,3,group_formula
403,3,group_formula
404,3,group_formula
412,3,group_formula
428,3,group_formula
437,3,group_formula
442,3,group_formula
446,3,group_formula
448,3,group_formula
449,3,group_formula
452,3,group_formula
463,3,group_formula
467,3,group_formula
470,3,group_formula
475,3,group_formula
476,3,group_formula
478,3,group_formula
480,3,group_formula
489,3,group_formula
501,3,group_formula
504,3,group_formula
507,3,group_formula
510,3,group_formula
516,3,group_formula
518,3,group_formula
524,3,group_formula
550,3,group_formula
553,3,group_formula
558,3,group_formula
570,3,group_formula
571,3,group_formula
573,3,group_formula
576,3,group_formula
581,3,group_formula
582,3,group_formula
589,3,group_formula
590,3,group_formula
599,3,group_formula
600,3,group_formula
604,3,group_formula
610,3,group_formula
612,3,group_formula
613,3,group_formula
621,3,group_formula
623,3,group_formula
625,3,group_formula
632,3,group_formula
637,3,group_formula
639,3,group_formula
640,3,group_formula
645,3,group_formula
647,3,group_formula
648,3,group_formula
649,3,group_formula
652,3,group_formula
654,3,group_formula
656,3,group_formula
669,3,group_formula
670,3,group_formula
671,3,group_formula
679,3,group_formula
681,3,group_formula
684,3,group_formula
686,3,group_formula
690,3,group_formula
695,3,group_formula
696,3,group_formula
702,3,group_formula
708,3,group_formula
712,3,group_formula
719,3,group_formula
721,3,group_formula
723,3,group_formula
726,3,group_formula
732,3,group_formula
736,3,group_formula
765,3,group_formula
766,3,group_formula
784,3,group_formula
785,3,group_formula
787,3,group_formula
806,3,group_formula
812,3,group_formula
815,3,group_formula
818,3,group_formula
825,3,group_formula
833,3,group_formula
834,3,group_formula
836,3,group_formula
845,3,group_formula
853,3,group_formula
861,3,group_formula
866,3,group_formula
867,3,group_formula
871,3,group_formula
872,3,group_formula
873,3,group_formula
875,3,group_formula
877,3,group_formula
883,3,group_formula
886,3,group_formula
888,3,group_formula
903,3,group_formula
913,3,group_formula
915,3,group_formula
928,3,group_formula
930,3,group_formula
931,3,group_formula
932,3,group_formula
935,3,group_formula
953,3,group_formula
970,3,group_formula
984,3,group_formula
986,3,group_formula
997,3,group_formula
1001,3,group_formula
1006,3,group_formula
1009,3,group_formula
1010,3,group_formula
1012,3,group_formula
1013,3,group_formula
1017,3,group_formula
1018,3,group_formula
1020,3,group_formula
1024,3,group_formula
1042,3,group_formula
1063,3,group_formula
1070,3,group_formula
1072,3,group_formula
1087,3,group_formula
1088,3,group_formula
1091,3,group_formula
1099,3,group_formula
1100,3,group_formula
1110,3,group_formula
1122,3,group_formula
1128,3,group_formula
1129,3,group_formula
1132,3,group_formula
1133,3,group_formula
1137,3,group_formula
1138,3,group_formula
1155,3,group_formula
1156,3,group_formula
1158,3,group_formula
1159,3,group_formula
1171,3,group_formula
1179,3,group_formula
1182,3,group_formula
1186,3,group_formula
1194,3,group_formula
1201,3,group_formula
1202,3,group_formula
1206,3,group_formula
1216,3,group_formula
1218,3,group_formula
1226,3,group_formula
1235,3,group_formula
1238,3,group_formula
1240,3,group_formula
1244,3,group_formula
1245,3,group_formula
1247,3,group_formula
1249,3,group_formula
1251,3,group_formula
1260,3,group_formula
1267,3,group_formula
1285,3,group_formula
1287,3,group_formula
1292,3,group_formula
1305,3,group_formula
1321,3,group_formula
1333,3,group_formula
1335,3,group_formula
1344,3,group_formula
1350,3,group_formula
1353,3,group_formula
1360,3,group_formula
1361,3,group_formula
1365,3,group_formula
1368,3,group_formula
1369,3,group_formula
1377,3,group_formula
1378,3,group_formula
1383,3,group_formula
1389,3,group_formula
1394,3,group_formula
1404,3,group_formula
1406,3,group_formula
1416,3,group_formula
1420,3,group_formula
1424,3,group_formula
1438,3,group_formula
1439,3,group_formula
1445,3,group_formula
1454,3,group_formula
1473,3,group_formula
1486,3,group_formula
1487,3,group_formula
1492,3,group_formula
1493,3,group_formula
1496,3,group_formula
1508,3,group_formula
1511,3,group_formula
1516,3,group_formula
1518,3,group_formula
1527,3,group_formula
1528,3,group_formula
1536,3,group_formula
1543,3,group_formula
1546,3,group_formula
1549,3,group_formula
1555,3,group_formula
1556,3,group_formula
1557,3,group_formula
1574,3,group_formula
1592,3,group_formula
1593,3,group_formula
1594,3,group_formula
1595,3,group_formula
1602,3,group_formula
1611,3,group_formula
1623,3,group_formula
1625,3,group_formula
1626,3,group_formula
1628,3,group_formula
1634,3,group_formula
1635,3,group_formula
1637,3,group_formula
2,4,group_formula
32,4,group_formula
34,4,group_formula
37,4,group_formula
43,4,group_formula
44,4,group_formula
48,4,group_formula
57,4,group_formula
60,4,group_formula
61,4,group_formula
63,4,group_formula
64,4,group_formula
67,4,group_formula
73,4,group_formula
87,4,group_formula
91,4,group_formula
98,4,group_formula
99,4,group_formula
121,4,group_formula
122,4,group_formula
125,4,group_formula
129,4,group_formula
130,4,group_formula
145,4,group_formula
151,4,group_formula
153,4,group_formula
156,4,group_formula
158,4,group_formula
160,4,group_formula
164,4,group_formula
168,4,group_formula
170,4,group_formula
177,4,group_formula
179,4,group_formula
181,4,group_formula
184,4,group_formula
188,4,group_formula
193,4,group_formula
197,4,group_formula
198,4,group_formula
199,4,group_formula
204,4,group_formula
205,4,group_formula
221,4,group_formula
222,4,group_formula
223,4,group_formula
227,4,group_formula
230,4,group_formula
233,4,group_formula
235,4,group_formula
236,4,group_formula
238,4,group_formula
239,4,group_formula
248,4,group_formula
250,4,group_formula
275,4,group_formula
281,4,group_formula
283,4,group_formula
284,4,group_formula
287,4,group_formula
288,4,group_formula
293,4,group_formula
297,4,group_formula
298,4,group_formula
299,4,group_formula
302,4,group_formula
304,4,group_formula
309,4,group_formula
313,4,group_formula
316,4,group_formula
318,4,group_formula
319,4,group_formula
322,4,group_formula
323,4,group_formula
332,4,group_formula
342,4,group_formula
350,4,group_formula
363,4,group_formula
377,4,group_formula
378,4,group_formula
379,4,group_formula
380,4,group_formula
381,4,group_formula
382,4,group_formula
383,4,group_formula
384,4,group_formula
385,4,group_formula
386,4,group_formula
387,4,group_formula
400,4,group_formula
401,4,group_formula
402,4,group_formula
407,4,group_formula
410,4,group_formula
411,4,group_formula
413,4,group_formula
417,4,group_formula
418,4,group_formula
419,4,group_formula
422,4,group_formula
425,4,group_formula
433,4,group_formula
439,4,group_formula
441,4,group_formula
450,4,group_formula
453,4,group_formula
458,4,group_formula
466,4,group_formula
468,4,group_formula
472,4,group_formula
481,4,group_formula
499,4,group_formula
506,4,group_formula
509,4,group_formula
513,4,group_formula
517,4,group_formula
519,4,group_formula
527,4,group_formula
528,4,group_formula
529,4,group_formula
530,4,group_formula
531,4,group_formula
532,4,group_formula
533,4,group_formula
538,4,group_formula
540,4,group_formula
542,4,group_formula
543,4,group_formula
546,4,group_formula
552,4,group_formula
569,4,group_formula
584,4,group_formula
586,4,group_formula
591,4,group_formula
592,4,group_formula
594,4,group_formula
595,4,group_formula
596,4,group_formula
598,4,group_formula
603,4,group_formula
614,4,group_formula
626,4,group_formula
628,4,group_formula
630,4,group_formula
631,4,group_formula
634,4,group_formula
644,4,group_formula
646,4,group_formula
650,4,group_formula
651,4,group_formula
657,4,group_formula
658,4,group_formula
664,4,group_formula
666,4,group_formula
672,4,group_formula
673,4,group_formula
674,4,group_formula
675,4,group_formula
676,4,group_formula
680,4,group_formula
692,4,group_formula
704,4,group_formula
705,4,group_formula
714,4,group_formula
729,4,group_formula
740,4,group_formula
741,4,group_formula
744,4,group_formula
749,4,group_formula
750,4,group_formula
751,4,group_formula
752,4,group_formula
753,4,group_formula
754,4,group_formula
755,4,group_formula
756,4,group_formula
757,4,group_formula
758,4,group_formula
763,4,group_formula
776,4,group_formula
782,4,group_formula
783,4,group_formula
792,4,group_formula
797,4,group_formula
798,4,group_formula
801,4,group_formula
802,4,group_formula
824,4,group_formula
830,4,group_formula
832,4,group_formula
835,4,group_formula
839,4,group_formula
852,4,group_formula
879,4,group_formula
880,4,group_formula
885,4,group_formula
891,4,group_formula
892,4,group_formula
910,4,group_formula
917,4,group_formula
926,4,group_formula
933,4,group_formula
934,4,group_formula
938,4,group_formula
941,4,group_formula
943,4,group_formula
950,4,group_formula
951,4,group_formula
952,4,group_formula
968,4,group_formula
971,4,group_formula
989,4,group_formula
992,4,group_formula
994,4,group_formula
995,4,group_formula
999,4,group_formula
1004,4,group_formula
1007,4,group_formula
1008,4,group_formula
1019,4,group_formula
1025,4,group_formula
1036,4,group_formula
1037,4,group_formula
1038,4,group_formula
1039,4,group_formula
1040,4,group_formula
1041,4,group_formula
1056,4,group_formula
1057,4,group_formula
1058,4,group_formula
1059,4,group_formula
1060,4,group_formula
1061,4,group_formula
1062,4,group_formula
1064,4,group_formula
1065,4,group_formula
1066,4,group_formula
1067,4,group_formula
1068,4,group_formula
1069,4,group_formula
1071,4,group_formula
1082,4,group_formula
1083,4,group_formula
1086,4,group_formula
1094,4,group_formula
1096,4,group_formula
1101,4,group_formula
1103,4,group_formula
1104,4,group_formula
1108,4,group_formula
1113,4,group_formula
1114,4,group_formula
1115,4,group_formula
1123,4,group_formula
1130,4,group_formula
1131,4,group_formula
1136,4,group_formula
1140,4,group_formula
1157,4,group_formula
1170,4,group_formula
1175,4,group_formula
1177,4,group_formula
1191,4,group_formula
1199,4,group_formula
1205,4,group_formula
1221,4,group_formula
1231,4,group_formula
1232,4,group_formula
1233,4,group_formula
1241,4,group_formula
1242,4,group_formula
1243,4,group_formula
1266,4,group_formula
1268,4,group_formula
1282,4,group_formula
1290,4,group_formula
1294,4,group_formula
1296,4,group_formula
1301,4,group_formula
1304,4,group_formula
1310,4,group_formula
1312,4,group_formula
1316,4,group_formula
1317,4,group_formula
1318,4,group_formula
1323,4,group_formula
1324,4,group_formula
1336,4,group_formula
1340,4,group_formula
1349,4,group_formula
1355,4,group_formula
1356,4,group_formula
1358,4,group_formula
1363,4,group_formula
1367,4,group_formula
1370,4,group_formula
1372,4,group_formula
1407,4,group_formula
1410,4,group_formula
1412,4,group_formula
1413,4,group_formula
1415,4,group_formula
1418,4,group_formula
1428,4,group_formula
1430,4,group_formula
1434,4,group_formula
1435,4,group_formula
1436,4,group_formula
1437,4,group_formula
1444,4,group_formula
1451,4,group_formula
1461,4,group_formula
1463,4,group_formula
1469,4,group_formula
1470,4,group_formula
1479,4,group_formula
1483,4,group_formula
1489,4,group_formula
1504,4,group_formula
1513,4,group_formula
1514,4,group_formula
1517,4,group_formula
1520,4,group_formula
1525,4,group_formula
1529,4,group_formula
1533,4,group_formula
1539,4,group_formula
1541,4,group_formula
1542,4,group_formula
1547,4,group_formula
1550,4,group_formula
1551,4,group_formula
1552,4,group_formula
1560,4,group_formula
1564,4,group_formula
1591,4,group_formula
1598,4,group_formula
1599,4,group_formula
1607,4,group_formula
1608,4,group_formula
1612,4,group_formula
1613,4,group_formula
1614,4,group_formula
1627,4,group_formula
1632,4,group_formula
1655,4,group_formula
1656,4,group_formula
1657,4,group_formula
1658,4,group_formula
1659,4,group_formula
1660,4,group_formula
12,0,group_host
28,0,group_host
31,0,group_host
52,0,group_host
84,0,group_host
93,0,group_host
94,0,group_host
95,0,group_host
96,0,group_host
97,0,group_host
98,0,group_host
99,0,group_host
100,0,group_host
102,0,group_host
105,0,group_host
106,0,group_host
107,0,group_host
108,0,group_host
109,0,group_host
110,0,group_host
117,0,group_host
121,0,group_host
122,0,group_host
123,0,group_host
124,0,group_host
125,0,group_host
126,0,group_host
138,0,group_host
140,0,group_host
152,0,group_host
155,0,group_host
156,0,group_host
162,0,group_host
172,0,group_host
175,0,group_host
206,0,group_host
207,0,group_host
211,0,group_host
223,0,group_host
229,0,group_host
230,0,group_host
240,0,group_host
254,0,group_host
258,0,group_host
260,0,group_host
274,0,group_host
279,0,group_host
282,0,group_host
286,0,group_host
291,0,group_host
310,0,group_host
321,0,group_host
324,0,group_host
343,0,group_host
344,0,group_host
352,0,group_host
354,0,group_host
359,0,group_host
361,0,group_host
365,0,group_host
367,0,group_host
401,0,group_host
426,0,group_host
427,0,group_host
428,0,group_host
432,0,group_host
434,0,group_host
436,0,group_host
441,0,group_host
443,0,group_host
456,0,group_host
491,0,group_host
493,0,group_host
494,0,group_host
495,0,group_host
496,0,group_host
497,0,group_host
522,0,group_host
524,0,group_host
535,0,group_host
536,0,group_host
549,0,group_host
550,0,group_host
551,0,group_host
552,0,group_host
553,0,group_host
554,0,group_host
555,0,group_host
564,0,group_host
572,0,group_host
573,0,group_host
584,0,group_host
585,0,group_host
591,0,group_host
595,0,group_host
597,0,group_host
599,0,group_host
606,0,group_host
610,0,group_host
616,0,group_host
625,0,group_host
634,0,group_host
642,0,group_host
653,0,group_host
658,0,group_host
660,0,group_host
664,0,group_host
665,0,group_host
677,0,group_host
691,0,group_host
702,0,group_host
708,0,group_host
715,0,group_host
719,0,group_host
726,0,group_host
736,0,group_host
743,0,group_host
745,0,group_host
747,0,group_host
764,0,group_host
765,0,group_host
777,0,group_host
784,0,group_host
785,0,group_host
786,0,group_host
790,0,group_host
793,0,group_host
798,0,group_host
799,0,group_host
800,0,group_host
801,0,group_host
802,0,group_host
804,0,group_host
810,0,group_host
814,0,group_host
815,0,group_host
818,0,group_host
823,0,group_host
829,0,group_host
831,0,group_host
832,0,group_host
834,0,group_host
835,0,group_host
836,0,group_host
843,0,group_host
847,0,group_host
848,0,group_host
860,0,group_host
861,0,group_host
862,0,group_host
863,0,group_host
864,0,group_host
865,0,group_host
866,0,group_host
869,0,group_host
872,0,group_host
873,0,group_host
883,0,group_host
889,0,group_host
894,0,group_host
895,0,group_host
901,0,group_host
905,0,group_host
914,0,group_host
919,0,group_host
920,0,group_host
922,0,group_host
923,0,group_host
924,0,group_host
937,0,group_host
940,0,group_host
943,0,group_host
944,0,group_host
949,0,group_host
950,0,group_host
951,0,group_host
952,0,group_host
954,0,group_host
956,0,group_host
957,0,group_host
958,0,group_host
976,0,group_host
977,0,group_host
981,0,group_host
982,0,group_host
985,0,group_host
986,0,group_host
991,0,group_host
992,0,group_host
1007,0,group_host
1012,0,group_host
1013,0,group_host
1015,0,group_host
1021,0,group_host
1025,0,group_host
1027,0,group_host
1028,0,group_host
1029,0,group_host
1030,0,group_host
1031,0,group_host
1032,0,group_host
1070,0,group_host
1071,0,group_host
1081,0,group_host
1085,0,group_host
1094,0,group_host
1103,0,group_host
1104,0,group_host
1105,0,group_host
1107,0,group_host
1119,0,group_host
1120,0,group_host
1127,0,group_host
1130,0,group_host
1131,0,group_host
1134,0,group_host
1139,0,group_host
1141,0,group_host
1142,0,group_host
1143,0,group_host
1144,0,group_host
1145,0,group_host
1146,0,group_host
1151,0,group_host
1182,0,group_host
1184,0,group_host
1185,0,group_host
1187,0,group_host
1191,0,group_host
1195,0,group_host
1197,0,group_host
1198,0,group_host
1199,0,group_host
1231,0,group_host
1233,0,group_host
1234,0,group_host
1237,0,group_host
1246,0,group_host
1254,0,group_host
1263,0,group_host
1264,0,group_host
1269,0,group_host
1270,0,group_host
1273,0,group_host
1277,0,group_host
1278,0,group_host
1291,0,group_host
1293,0,group_host
1297,0,group_host
1298,0,group_host
1299,0,group_host
1305,0,group_host
1309,0,group_host
1321,0,group_host
1327,0,group_host
1345,0,group_host
1349,0,group_host
1361,0,group_host
1368,0,group_host
1379,0,group_host
1382,0,group_host
1385,0,group_host
1387,0,group_host
1388,0,group_host
1389,0,group_host
1390,0,group_host
1391,0,group_host
1392,0,group_host
1393,0,group_host
1394,0,group_host
1395,0,group_host
1396,0,group_host
1407,0,group_host
1408,0,group_host
1425,0,group_host
1429,0,group_host
1430,0,group_host
1432,0,group_host
1447,0,group_host
1448,0,group_host
1449,0,group_host
1452,0,group_host
1458,0,group_host
1466,0,group_host
1472,0,group_host
1473,0,group_host
1474,0,group_host
1475,0,group_host
1476,0,group_host
1477,0,group_host
1478,0,group_host
1480,0,group_host
1481,0,group_host
1482,0,group_host
1483,0,group_host
1484,0,group_host
1485,0,group_host
1492,0,group_host
1498,0,group_host
1522,0,group_host
1523,0,group_host
1526,0,group_host
1529,0,group_host
1532,0,group_host
1533,0,group_host
1538,0,group_host
1542,0,group_host
1543,0,group_host
1559,0,group_host
1562,0,group_host
1565,0,group_host
1566,0,group_host
1567,0,group_host
1568,0,group_host
1569,0,group_host
1570,0,group_host
1571,0,group_host
1572,0,group_host
1573,0,group_host
1575,0,group_host
1580,0,group_host
1582,0,group_host
1583,0,group_host
1586,0,group_host
1588,0,group_host
1589,0,group_host
1594,0,group_host
1595,0,group_host
1611,0,group_host
1627,0,group_host
1631,0,group_host
1639,0,group_host
1646,0,group_host
1648,0,group_host
2,1,group_host
5,1,group_host
29,1,group_host
30,1,group_host
33,1,group_host
48,1,group_host
50,1,group_host
53,1,group_host
62,1,group_host
63,1,group_host
64,1,group_host
66,1,group_host
69,1,group_host
70,1,group_host
80,1,group_host
103,1,group_host
104,1,group_host
133,1,group_host
137,1,group_host
139,1,group_host
142,1,group_host
143,1,group_host
144,1,group_host
145,1,group_host
146,1,group_host
147,1,group_host
148,1,group_host
149,1,group_host
150,1,group_host
151,1,group_host
160,1,group_host
183,1,group_host
185,1,group_host
187,1,group_host
197,1,group_host
200,1,group_host
201,1,group_host
202,1,group_host
214,1,group_host
216,1,group_host
234,1,group_host
236,1,group_host
241,1,group_host
244,1,group_host
246,1,group_host
247,1,group_host
253,1,group_host
262,1,group_host
268,1,group_host
273,1,group_host
275,1,group_host
292,1,group_host
293,1,group_host
296,1,group_host
299,1,group_host
304,1,group_host
307,1,group_host
311,1,group_host
312,1,group_host
313,1,group_host
314,1,group_host
315,1,group_host
316,1,group_host
317,1,group_host
318,1,group_host
319,1,group_host
347,1,group_host
348,1,group_host
351,1,group_host
353,1,group_host
356,1,group_host
358,1,group_host
370,1,group_host
377,1,group_host
378,1,group_host
379,1,group_host
380,1,group_host
381,1,group_host
382,1,group_host
383,1,group_host
384,1,group_host
385,1,group_host
386,1,group_host
387,1,group_host
399,1,group_host
405,1,group_host
425,1,group_host
431,1,group_host
444,1,group_host
445,1,group_host
447,1,group_host
448,1,group_host
451,1,group_host
457,1,group_host
465,1,group_host
466,1,group_host
467,1,group_host
468,1,group_host
469,1,group_host
470,1,group_host
473,1,group_host
475,1,group_host
476,1,group_host
477,1,group_host
478,1,group_host
479,1,group_host
480,1,group_host
511,1,group_host
512,1,group_host
513,1,group_host
517,1,group_host
519,1,group_host
520,1,group_host
521,1,group_host
523,1,group_host
525,1,group_host
534,1,group_host
540,1,group_host
546,1,group_host
547,1,group_host
561,1,group_host
576,1,group_host
586,1,group_host
588,1,group_host
592,1,group_host
593,1,group_host
605,1,group_host
609,1,group_host
612,1,group_host
614,1,group_host
615,1,group_host
618,1,group_host
626,1,group_host
633,1,group_host
635,1,group_host
636,1,group_host
637,1,group_host
638,1,group_host
639,1,group_host
640,1,group_host
663,1,group_host
671,1,group_host
683,1,group_host
689,1,group_host
696,1,group_host
699,1,group_host
701,1,group_host
707,1,group_host
709,1,group_host
717,1,group_host
727,1,group_host
728,1,group_host
729,1,group_host
730,1,group_host
731,1,group_host
732,1,group_host
735,1,group_host
741,1,group_host
742,1,group_host
761,1,group_host
762,1,group_host
775,1,group_host
780,1,group_host
788,1,group_host
807,1,group_host
808,1,group_host
809,1,group_host
811,1,group_host
825,1,group_host
828,1,group_host
833,1,group_host
839,1,group_host
840,1,group_host
841,1,group_host
842,1,group_host
844,1,group_host
849,1,group_host
850,1,group_host
852,1,group_host
853,1,group_host
854,1,group_host
855,1,group_host
857,1,group_host
870,1,group_host
874,1,group_host
875,1,group_host
876,1,group_host
886,1,group_host
890,1,group_host
893,1,group_host
896,1,group_host
898,1,group_host
899,1,group_host
900,1,group_host
902,1,group_host
907,1,group_host
908,1,group_host
911,1,group_host
916,1,group_host
918,1,group_host
929,1,group_host
930,1,group_host
931,1,group_host
939,1,group_host
947,1,group_host
948,1,group_host
953,1,group_host
963,1,group_host
975,1,group_host
980,1,group_host
983,1,group_host
987,1,group_host
994,1,group_host
995,1,group_host
996,1,group_host
1000,1,group_host
1003,1,group_host
1004,1,group_host
1006,1,group_host
1008,1,group_host
1010,1,group_host
1011,1,group_host
1014,1,group_host
1017,1,group_host
1018,1,group_host
1019,1,group_host
1020,1,group_host
1026,1,group_host
1072,1,group_host
1086,1,group_host
1093,1,group_host
1095,1,group_host
1108,1,group_host
1110,1,group_host
1113,1,group_host
1115,1,group_host
1118,1,group_host
1125,1,group_host
1126,1,group_host
1132,1,group_host
1155,1,group_host
1156,1,group_host
1157,1,group_host
1158,1,group_host
1159,1,group_host
1160,1,group_host
1170,1,group_host
1171,1,group_host
1172,1,group_host
1176,1,group_host
1177,1,group_host
1186,1,group_host
1193,1,group_host
1194,1,group_host
1216,1,group_host
1219,1,group_host
1220,1,group_host
1221,1,group_host
1222,1,group_host
1227,1,group_host
1228,1,group_host
1236,1,group_host
1250,1,group_host
1251,1,group_host
1255,1,group_host
1256,1,group_host
1259,1,group_host
1260,1,group_host
1261,1,group_host
1268,1,group_host
1275,1,group_host
1279,1,group_host
1282,1,group_host
1285,1,group_host
1287,1,group_host
1313,1,group_host
1316,1,group_host
1322,1,group_host
1341,1,group_host
1350,1,group_host
1351,1,group_host
1352,1,group_host
1353,1,group_host
1354,1,group_host
1358,1,group_host
1366,1,group_host
1370,1,group_host
1380,1,group_host
1397,1,group_host
1405,1,group_host
1406,1,group_host
1412,1,group_host
1417,1,group_host
1419,1,group_host
1422,1,group_host
1427,1,group_host
1437,1,group_host
1438,1,group_host
1450,1,group_host
1453,1,group_host
1464,1,group_host
1465,1,group_host
1469,1,group_host
1486,1,group_host
1488,1,group_host
1491,1,group_host
1494,1,group_host
1505,1,group_host
1510,1,group_host
1516,1,group_host
1525,1,group_host
1534,1,group_host
1540,1,group_host
1558,1,group_host
1584,1,group_host
1585,1,group_host
1592,1,group_host
1596,1,group_host
1597,1,group_host
1623,1,group_host
1624,1,group_host
1632,1,group_host
1633,1,group_host
1637,1,group_host
1638,1,group_host
1650,1,group_host
1662,1,group_host
1663,1,group_host
1664,1,group_host
7,2,group_host
22,2,group_host
23,2,group_host
24,2,group_host
25,2,group_host
37,2,group_host
38,2,group_host
39,2,group_host
46,2,group_host
51,2,group_host
54,2,group_host
56,2,group_host
65,2,group_host
82,2,group_host
83,2,group_host
92,2,group_host
118,2,group_host
119,2,group_host
127,2,group_host
128,2,group_host
129,2,group_host
130,2,group_host
131,2,group_host
132,2,group_host
136,2,group_host
141,2,group_host
157,2,group_host
161,2,group_host
165,2,group_host
166,2,group_host
167,2,group_host
188,2,group_host
189,2,group_host
196,2,group_host
198,2,group_host
203,2,group_host
210,2,group_host
215,2,group_host
217,2,group_host
224,2,group_host
226,2,group_host
231,2,group_host
235,2,group_host
242,2,group_host
245,2,group_host
252,2,group_host
256,2,group_host
266,2,group_host
269,2,group_host
271,2,group_host
278,2,group_host
280,2,group_host
283,2,group_host
284,2,group_host
285,2,group_host
295,2,group_host
298,2,group_host
306,2,group_host
320,2,group_host
331,2,group_host
333,2,group_host
334,2,group_host
340,2,group_host
341,2,group_host
349,2,group_host
350,2,group_host
355,2,group_host
360,2,group_host
362,2,group_host
368,2,group_host
406,2,group_host
407,2,group_host
417,2,group_host
423,2,group_host
460,2,group_host
463,2,group_host
482,2,group_host
483,2,group_host
484,2,group_host
485,2,group_host
486,2,group_host
487,2,group_host
488,2,group_host
490,2,group_host
492,2,group_host
499,2,group_host
500,2,group_host
515,2,group_host
527,2,group_host
528,2,group_host
529,2,group_host
530,2,group_host
531,2,group_host
532,2,group_host
533,2,group_host
538,2,group_host
539,2,group_host
544,2,group_host
548,2,group_host
568,2,group_host
571,2,group_host
575,2,group_host
577,2,group_host
578,2,group_host
604,2,group_host
608,2,group_host
619,2,group_host
620,2,group_host
624,2,group_host
627,2,group_host
629,2,group_host
644,2,group_host
649,2,group_host
652,2,group_host
654,2,group_host
662,2,group_host
669,2,group_host
679,2,group_host
684,2,group_host
685,2,group_host
686,2,group_host
690,2,group_host
693,2,group_host
694,2,group_host
698,2,group_host
700,2,group_host
704,2,group_host
705,2,group_host
706,2,group_host
710,2,group_host
714,2,group_host
739,2,group_host
740,2,group_host
746,2,group_host
748,2,group_host
766,2,group_host
778,2,group_host
789,2,group_host
794,2,group_host
796,2,group_host
812,2,group_host
816,2,group_host
817,2,group_host
820,2,group_host
821,2,group_host
824,2,group_host
826,2,group_host
837,2,group_host
845,2,group_host
856,2,group_host
858,2,group_host
859,2,group_host
867,2,group_host
871,2,group_host
877,2,group_host
878,2,group_host
884,2,group_host
888,2,group_host
903,2,group_host
909,2,group_host
913,2,group_host
917,2,group_host
934,2,group_host
935,2,group_host
942,2,group_host
972,2,group_host
973,2,group_host
984,2,group_host
988,2,group_host
989,2,group_host
993,2,group_host
1005,2,group_host
1034,2,group_host
1035,2,group_host
1076,2,group_host
1084,2,group_host
1088,2,group_host
1091,2,group_host
1101,2,group_host
1111,2,group_host
1112,2,group_host
1117,2,group_host
1121,2,group_host
1122,2,group_host
1124,2,group_host
1128,2,group_host
1129,2,group_host
1133,2,group_host
1138,2,group_host
1147,2,group_host
1148,2,group_host
1154,2,group_host
1178,2,group_host
1183,2,group_host
1190,2,group_host
1223,2,group_host
1225,2,group_host
1226,2,group_host
1240,2,group_host
1241,2,group_host
1249,2,group_host
1253,2,group_host
1258,2,group_host
1267,2,group_host
1271,2,group_host
1272,2,group_host
1280,2,group_host
1283,2,group_host
1286,2,group_host
1289,2,group_host
1290,2,group_host
1300,2,group_host
1306,2,group_host
1310,2,group_host
1311,2,group_host
1317,2,group_host
1323,2,group_host
1330,2,group_host
1331,2,group_host
1332,2,group_host
1333,2,group_host
1334,2,group_host
1335,2,group_host
1343,2,group_host
1344,2,group_host
1346,2,group_host
1359,2,group_host
1371,2,group_host
1374,2,group_host
1375,2,group_host
1383,2,group_host
1384,2,group_host
1403,2,group_host
1410,2,group_host
1416,2,group_host
1418,2,group_host
1428,2,group_host
1441,2,group_host
1442,2,group_host
1443,2,group_host
1444,2,group_host
1445,2,group_host
1446,2,group_host
1454,2,group_host
1457,2,group_host
1471,2,group_host
1479,2,group_host
1489,2,group_host
1490,2,group_host
1495,2,group_host
1496,2,group_host
1503,2,group_host
1506,2,group_host
1511,2,group_host
1512,2,group_host
1517,2,group_host
1518,2,group_host
1530,2,group_host
1535,2,group_host
1537,2,group_host
1541,2,group_host
1545,2,group_host
1549,2,group_host
1557,2,group_host
1561,2,group_host
1564,2,group_host
1574,2,group_host
1578,2,group_host
1579,2,group_host
1593,2,group_host
1604,2,group_host
1612,2,group_host
1622,2,group_host
1625,2,group_host
1628,2,group_host
1630,2,group_host
1644,2,group_host
1645,2,group_host
1649,2,group_host
1655,2,group_host
0,3,group_host
3,3,group_host
13,3,group_host
14,3,group_host
15,3,group_host
16,3,group_host
17,3,group_host
18,3,group_host
19,3,group_host
20,3,group_host
21,3,group_host
32,3,group_host
49,3,group_host
55,3,group_host
60,3,group_host
68,3,group_host
71,3,group_host
72,3,group_host
73,3,group_host
81,3,group_host
101,3,group_host
116,3,group_host
134,3,group_host
153,3,group_host
168,3,group_host
169,3,group_host
170,3,group_host
171,3,group_host
173,3,group_host
174,3,group_host
176,3,group_host
177,3,group_host
178,3,group_host
179,3,group_host
180,3,group_host
181,3,group_host
182,3,group_host
184,3,group_host
190,3,group_host
191,3,group_host
192,3,group_host
193,3,group_host
194,3,group_host
199,3,group_host
208,3,group_host
212,3,group_host
220,3,group_host
222,3,group_host
227,3,group_host
233,3,group_host
248,3,group_host
249,3,group_host
251,3,group_host
264,3,group_host
270,3,group_host
276,3,group_host
287,3,group_host
288,3,group_host
289,3,group_host
290,3,group_host
294,3,group_host
300,3,group_host
301,3,group_host
303,3,group_host
308,3,group_host
325,3,group_host
326,3,group_host
327,3,group_host
328,3,group_host
329,3,group_host
330,3,group_host
335,3,group_host
336,3,group_host
337,3,group_host
338,3,group_host
342,3,group_host
363,3,group_host
373,3,group_host
374,3,group_host
375,3,group_host
376,3,group_host
402,3,group_host
408,3,group_host
409,3,group_host
410,3,group_host
411,3,group_host
412,3,group_host
413,3,group_host
414,3,group_host
415,3,group_host
416,3,group_host
418,3,group_host
419,3,group_host
420,3,group_host
421,3,group_host
422,3,group_host
424,3,group_host
429,3,group_host
430,3,group_host
433,3,group_host
437,3,group_host
438,3,group_host
439,3,group_host
440,3,group_host
442,3,group_host
446,3,group_host
449,3,group_host
450,3,group_host
458,3,group_host
459,3,group_host
464,3,group_host
474,3,group_host
481,3,group_host
489,3,group_host
498,3,group_host
501,3,group_host
502,3,group_host
503,3,group_host
504,3,group_host
505,3,group_host
506,3,group_host
507,3,group_host
508,3,group_host
509,3,group_host
510,3,group_host
516,3,group_host
518,3,group_host
526,3,group_host
537,3,group_host
541,3,group_host
542,3,group_host
543,3,group_host
545,3,group_host
556,3,group_host
557,3,group_host
558,3,group_host
559,3,group_host
562,3,group_host
567,3,group_host
569,3,group_host
570,3,group_host
589,3,group_host
598,3,group_host
600,3,group_host
602,3,group_host
613,3,group_host
622,3,group_host
630,3,group_host
632,3,group_host
641,3,group_host
643,3,group_host
645,3,group_host
646,3,group_host
647,3,group_host
655,3,group_host
656,3,group_host
661,3,group_host
666,3,group_host
667,3,group_host
668,3,group_host
681,3,group_host
687,3,group_host
697,3,group_host
703,3,group_host
711,3,group_host
712,3,group_host
713,3,group_host
720,3,group_host
721,3,group_host
722,3,group_host
723,3,group_host
724,3,group_host
725,3,group_host
733,3,group_host
734,3,group_host
737,3,group_host
738,3,group_host
759,3,group_host
763,3,group_host
767,3,group_host
776,3,group_host
779,3,group_host
781,3,group_host
783,3,group_host
787,3,group_host
792,3,group_host
822,3,group_host
827,3,group_host
838,3,group_host
868,3,group_host
879,3,group_host
880,3,group_host
912,3,group_host
915,3,group_host
921,3,group_host
938,3,group_host
941,3,group_host
946,3,group_host
955,3,group_host
959,3,group_host
962,3,group_host
974,3,group_host
978,3,group_host
997,3,group_host
998,3,group_host
999,3,group_host
1001,3,group_host
1002,3,group_host
1016,3,group_host
1024,3,group_host
1036,3,group_host
1037,3,group_host
1038,3,group_host
1039,3,group_host
1040,3,group_host
1041,3,group_host
1073,3,group_host
1074,3,group_host
1075,3,group_host
1083,3,group_host
1089,3,group_host
1090,3,group_host
1097,3,group_host
1099,3,group_host
1102,3,group_host
1109,3,group_host
1114,3,group_host
1123,3,group_host
1135,3,group_host
1137,3,group_host
1140,3,group_host
1149,3,group_host
1150,3,group_host
1152,3,group_host
1153,3,group_host
1174,3,group_host
1179,3,group_host
1180,3,group_host
1181,3,group_host
1188,3,group_host
1192,3,group_host
1196,3,group_host
1200,3,group_host
1201,3,group_host
1202,3,group_host
1203,3,group_host
1204,3,group_host
1205,3,group_host
1206,3,group_host
1207,3,group_host
1208,3,group_host
1209,3,group_host
1210,3,group_host
1211,3,group_host
1212,3,group_host
1213,3,group_host
1214,3,group_host
1230,3,group_host
1232,3,group_host
1235,3,group_host
1238,3,group_host
1242,3,group_host
1243,3,group_host
1244,3,group_host
1247,3,group_host
1248,3,group_host
1252,3,group_host
1262,3,group_host
1274,3,group_host
1276,3,group_host
1295,3,group_host
1296,3,group_host
1301,3,group_host
1302,3,group_host
1303,3,group_host
1304,3,group_host
1308,3,group_host
1312,3,group_host
1318,3,group_host
1324,3,group_host
1336,3,group_host
1342,3,group_host
1348,3,group_host
1355,3,group_host
1356,3,group_host
1357,3,group_host
1362,3,group_host
1373,3,group_host
1376,3,group_host
1386,3,group_host
1398,3,group_host
1404,3,group_host
1423,3,group_host
1424,3,group_host
1433,3,group_host
1435,3,group_host
1436,3,group_host
1440,3,group_host
1459,3,group_host
1460,3,group_host
1461,3,group_host
1463,3,group_host
1468,3,group_host
1487,3,group_host
1497,3,group_host
1499,3,group_host
1507,3,group_host
1509,3,group_host
1513,3,group_host
1515,3,group_host
1519,3,group_host
1521,3,group_host
1527,3,group_host
1536,3,group_host
1544,3,group_host
1546,3,group_host
1548,3,group_host
1581,3,group_host
1587,3,group_host
1590,3,group_host
1591,3,group_host
1598,3,group_host
1599,3,group_host
1600,3,group_host
1601,3,group_host
1602,3,group_host
1605,3,group_host
1606,3,group_host
1607,3,group_host
1609,3,group_host
1613,3,group_host
1614,3,group_host
1626,3,group_host
1629,3,group_host
1634,3,group_host
1640,3,group_host
1641,3,group_host
1642,3,group_host
1643,3,group_host
1647,3,group_host
1651,3,group_host
1652,3,group_host
1,4,group_host
4,4,group_host
6,4,group_host
8,4,group_host
9,4,group_host
10,4,group_host
11,4,group_host
26,4,group_host
27,4,group_host
34,4,group_host
35,4,group_host
36,4,group_host
40,4,group_host
41,4,group_host
42,4,group_host
43,4,group_host
44,4,group_host
45,4,group_host
47,4,group_host
57,4,group_host
58,4,group_host
59,4,group_host
61,4,group_host
67,4,group_host
74,4,group_host
75,4,group_host
76,4,group_host
77,4,group_host
78,4,group_host
79,4,group_host
85,4,group_host
86,4,group_host
87,4,group_host
88,4,group_host
89,4,group_host
90,4,group_host
91,4,group_host
111,4,group_host
112,4,group_host
113,4,group_host
114,4,group_host
115,4,group_host
120,4,group_host
135,4,group_host
154,4,group_host
158,4,group_host
159,4,group_host
163,4,group_host
164,4,group_host
186,4,group_host
195,4,group_host
204,4,group_host
205,4,group_host
209,4,group_host
213,4,group_host
218,4,group_host
219,4,group_host
221,4,group_host
225,4,group_host
228,4,group_host
232,4,group_host
237,4,group_host
238,4,group_host
239,4,group_host
243,4,group_host
250,4,group_host
255,4,group_host
257,4,group_host
259,4,group_host
261,4,group_host
263,4,group_host
265,4,group_host
267,4,group_host
272,4,group_host
277,4,group_host
281,4,group_host
297,4,group_host
302,4,group_host
305,4,group_host
309,4,group_host
322,4,group_host
323,4,group_host
332,4,group_host
339,4,group_host
345,4,group_host
346,4,group_host
357,4,group_host
364,4,group_host
366,4,group_host
369,4,group_host
371,4,group_host
372,4,group_host
388,4,group_host
389,4,group_host
390,4,group_host
391,4,group_host
392,4,group_host
393,4,group_host
394,4,group_host
395,4,group_host
396,4,group_host
397,4,group_host
398,4,group_host
400,4,group_host
403,4,group_host
404,4,group_host
435,4,group_host
452,4,group_host
453,4,group_host
454,4,group_host
455,4,group_host
461,4,group_host
462,4,group_host
471,4,group_host
472,4,group_host
514,4,group_host
560,4,group_host
563,4,group_host
565,4,group_host
566,4,group_host
574,4,group_host
579,4,group_host
580,4,group_host
581,4,group_host
582,4,group_host
583,4,group_host
587,4,group_host
590,4,group_host
594,4,group_host
596,4,group_host
601,4,group_host
603,4,group_host
607,4,group_host
611,4,group_host
617,4,group_host
621,4,group_host
623,4,group_host
628,4,group_host
631,4,group_host
648,4,group_host
650,4,group_host
651,4,group_host
657,4,group_host
659,4,group_host
670,4,group_host
672,4,group_host
673,4,group_host
674,4,group_host
675,4,group_host
676,4,group_host
678,4,group_host
680,4,group_host
682,4,group_host
688,4,group_host
692,4,group_host
695,4,group_host
716,4,group_host
718,4,group_host
744,4,group_host
749,4,group_host
750,4,group_host
751,4,group_host
752,4,group_host
753,4,group_host
754,4,group_host
755,4,group_host
756,4,group_host
757,4,group_host
758,4,group_host
760,4,group_host
768,4,group_host
769,4,group_host
770,4,group_host
771,4,group_host
772,4,group_host
773,4,group_host
774,4,group_host
782,4,group_host
791,4,group_host
795,4,group_host
797,4,group_host
803,4,group_host
805,4,group_host
806,4,group_host
813,4,group_host
819,4,group_host
830,4,group_host
846,4,group_host
851,4,group_host
881,4,group_host
882,4,group_host
885,4,group_host
887,4,group_host
891,4,group_host
892,4,group_host
897,4,group_host
904,4,group_host
906,4,group_host
910,4,group_host
925,4,group_host
926,4,group_host
927,4,group_host
928,4,group_host
932,4,group_host
933,4,group_host
936,4,group_host
945,4,group_host
960,4,group_host
961,4,group_host
964,4,group_host
965,4,group_host
966,4,group_host
967,4,group_host
968,4,group_host
969,4,group_host
970,4,group_host
971,4,group_host
979,4,group_host
990,4,group_host
1009,4,group_host
1022,4,group_host
1023,4,group_host
1033,4,group_host
1042,4,group_host
1043,4,group_host
1044,4,group_host
1045,4,group_host
1046,4,group_host
1047,4,group_host
1048,4,group_host
1049,4,group_host
1050,4,group_host
1051,4,group_host
1052,4,group_host
1053,4,group_host
1054,4,group_host
1055,4,group_host
1056,4,group_host
1057,4,group_host
1058,4,group_host
1059,4,group_host
1060,4,group_host
1061,4,group_host
1062,4,group_host
1063,4,group_host
1064,4,group_host
1065,4,group_host
1066,4,group_host
1067,4,group_host
1068,4,group_host
1069,4,group_host
1077,4,group_host
1078,4,group_host
1079,4,group_host
1080,4,group_host
1082,4,group_host
1087,4,group_host
1092,4,group_host
1096,4,group_host
1098,4,group_host
1100,4,group_host
1106,4,group_host
1116,4,group_host
1136,4,group_host
1161,4,group_host
1162,4,group_host
1163,4,group_host
1164,4,group_host
1165,4,group_host
1166,4,group_host
1167,4,group_host
1168,4,group_host
1169,4,group_host
1173,4,group_host
1175,4,group_host
1189,4,group_host
1215,4,group_host
1217,4,group_host
1218,4,group_host
1224,4,group_host
1229,4,group_host
1239,4,group_host
1245,4,group_host
1257,4,group_host
1265,4,group_host
1266,4,group_host
1281,4,group_host
1284,4,group_host
1288,4,group_host
1292,4,group_host
1294,4,group_host
1307,4,group_host
1314,4,group_host
1315,4,group_host
1319,4,group_host
1320,4,group_host
1325,4,group_host
1326,4,group_host
1328,4,group_host
1329,4,group_host
1337,4,group_host
1338,4,group_host
1339,4,group_host
1340,4,group_host
1347,4,group_host
1360,4,group_host
1363,4,group_host
1364,4,group_host
1365,4,group_host
1367,4,group_host
1369,4,group_host
1372,4,group_host
1377,4,group_host
1378,4,group_host
1381,4,group_host
1399,4,group_host
1400,4,group_host
1401,4,group_host
1402,4,group_host
1409,4,group_host
1411,4,group_host
1413,4,group_host
1414,4,group_host
1415,4,group_host
1420,4,group_host
1421,4,group_host
1426,4,group_host
1431,4,group_host
1434,4,group_host
1439,4,group_host
1451,4,group_host
1455,4,group_host
1456,4,group_host
1462,4,group_host
1467,4,group_host
1470,4,group_host
1493,4,group_host
1500,4,group_host
1501,4,group_host
1502,4,group_host
1504,4,group_host
1508,4,group_host
1514,4,group_host
1520,4,group_host
1524,4,group_host
1528,4,group_host
1531,4,group_host
1539,4,group_host
1547,4,group_host
1550,4,group_host
1551,4,group_host
1552,4,group_host
1553,4,group_host
1554,4,group_host
1555,4,group_host
1556,4,group_host
1560,4,group_host
1563,4,group_host
1576,4,group_host
1577,4,group_host
1603,4,group_host
1608,4,group_host
1610,4,group_host
1615,4,group_host
1616,4,group_host
1617,4,group_host
1618,4,group_host
1619,4,group_host
1620,4,group_host
1621,4,group_host
1635,4,group_host
1636,4,group_host
1653,4,group_host
1654,4,group_host
1656,4,group_host
1657,4,group_host
1658,4,group_host
1659,4,group_host
1660,4,group_host
1661,4,group_host
10,0,group_reference
11,0,group_reference
13,0,group_reference
14,0,group_reference
15,0,group_reference
16,0,group_reference
17,0,group_reference
51,0,group_reference
53,0,group_reference
54,0,group_reference
55,0,group_reference
62,0,group_reference
63,0,group_reference
64,0,group_reference
66,0,group_reference
67,0,group_reference
70,0,group_reference
80,0,group_reference
81,0,group_reference
82,0,group_reference
83,0,group_reference
84,0,group_reference
105,0,group_reference
106,0,group_reference
107,0,group_reference
108,0,group_reference
109,0,group_reference
110,0,group_reference
111,0,group_reference
112,0,group_reference
113,0,group_reference
114,0,group_reference
115,0,group_reference
195,0,group_reference
196,0,group_reference
250,0,group_reference
251,0,group_reference
252,0,group_reference
253,0,group_reference
254,0,group_reference
255,0,group_reference
287,0,group_reference
288,0,group_reference
289,0,group_reference
290,0,group_reference
292,0,group_reference
293,0,group_reference
294,0,group_reference
295,0,group_reference
296,0,group_reference
309,0,group_reference
325,0,group_reference
326,0,group_reference
327,0,group_reference
328,0,group_reference
329,0,group_reference
330,0,group_reference
377,0,group_reference
378,0,group_reference
379,0,group_reference
380,0,group_reference
381,0,group_reference
382,0,group_reference
383,0,group_reference
384,0,group_reference
385,0,group_reference
386,0,group_reference
387,0,group_reference
388,0,group_reference
389,0,group_reference
390,0,group_reference
391,0,group_reference
392,0,group_reference
393,0,group_reference
394,0,group_reference
395,0,group_reference
396,0,group_reference
397,0,group_reference
398,0,group_reference
411,0,group_reference
412,0,group_reference
413,0,group_reference
414,0,group_reference
415,0,group_reference
416,0,group_reference
447,0,group_reference
448,0,group_reference
449,0,group_reference
450,0,group_reference
466,0,group_reference
467,0,group_reference
468,0,group_reference
469,0,group_reference
470,0,group_reference
473,0,group_reference
474,0,group_reference
482,0,group_reference
483,0,group_reference
484,0,group_reference
485,0,group_reference
486,0,group_reference
487,0,group_reference
504,0,group_reference
505,0,group_reference
506,0,group_reference
507,0,group_reference
508,0,group_reference
509,0,group_reference
510,0,group_reference
578,0,group_reference
590,0,group_reference
591,0,group_reference
594,0,group_reference
595,0,group_reference
596,0,group_reference
597,0,group_reference
598,0,group_reference
599,0,group_reference
600,0,group_reference
601,0,group_reference
602,0,group_reference
604,0,group_reference
605,0,group_reference
606,0,group_reference
607,0,group_reference
608,0,group_reference
609,0,group_reference
610,0,group_reference
611,0,group_reference
612,0,group_reference
629,0,group_reference
630,0,group_reference
633,0,group_reference
634,0,group_reference
635,0,group_reference
636,0,group_reference
637,0,group_reference
638,0,group_reference
639,0,group_reference
640,0,group_reference
641,0,group_reference
642,0,group_reference
643,0,group_reference
644,0,group_reference
661,0,group_reference
662,0,group_reference
663,0,group_reference
664,0,group_reference
686,0,group_reference
687,0,group_reference
688,0,group_reference
689,0,group_reference
690,0,group_reference
691,0,group_reference
692,0,group_reference
693,0,group_reference
696,0,group_reference
703,0,group_reference
710,0,group_reference
732,0,group_reference
733,0,group_reference
734,0,group_reference
735,0,group_reference
736,0,group_reference
739,0,group_reference
740,0,group_reference
741,0,group_reference
742,0,group_reference
743,0,group_reference
744,0,group_reference
789,0,group_reference
790,0,group_reference
791,0,group_reference
792,0,group_reference
793,0,group_reference
796,0,group_reference
797,0,group_reference
803,0,group_reference
804,0,group_reference
805,0,group_reference
806,0,group_reference
816,0,group_reference
817,0,group_reference
818,0,group_reference
819,0,group_reference
820,0,group_reference
925,0,group_reference
926,0,group_reference
927,0,group_reference
928,0,group_reference
936,0,group_reference
937,0,group_reference
938,0,group_reference
939,0,group_reference
940,0,group_reference
941,0,group_reference
964,0,group_reference
965,0,group_reference
966,0,group_reference
967,0,group_reference
968,0,group_reference
969,0,group_reference
970,0,group_reference
978,0,group_reference
996,0,group_reference
997,0,group_reference
998,0,group_reference
999,0,group_reference
1000,0,group_reference
1001,0,group_reference
1002,0,group_reference
1021,0,group_reference
1022,0,group_reference
1023,0,group_reference
1024,0,group_reference
1025,0,group_reference
1026,0,group_reference
1082,0,group_reference
1083,0,group_reference
1084,0,group_reference
1085,0,group_reference
1086,0,group_reference
1087,0,group_reference
1088,0,group_reference
1089,0,group_reference
1110,0,group_reference
1135,0,group_reference
1147,0,group_reference
1148,0,group_reference
1149,0,group_reference
1150,0,group_reference
1151,0,group_reference
1171,0,group_reference
1216,0,group_reference
1223,0,group_reference
1269,0,group_reference
1270,0,group_reference
1271,0,group_reference
1272,0,group_reference
1273,0,group_reference
1330,0,group_reference
1331,0,group_reference
1332,0,group_reference
1333,0,group_reference
1334,0,group_reference
1335,0,group_reference
1359,0,group_reference
1360,0,group_reference
1361,0,group_reference
1362,0,group_reference
1363,0,group_reference
1364,0,group_reference
1365,0,group_reference
1367,0,group_reference
1368,0,group_reference
1369,0,group_reference
1370,0,group_reference
1371,0,group_reference
1372,0,group_reference
1397,0,group_reference
1398,0,group_reference
1403,0,group_reference
1404,0,group_reference
1405,0,group_reference
1406,0,group_reference
1407,0,group_reference
1408,0,group_reference
1409,0,group_reference
1410,0,group_reference
1411,0,group_reference
1412,0,group_reference
1413,0,group_reference
1414,0,group_reference
1415,0,group_reference
1416,0,group_reference
1418,0,group_reference
1419,0,group_reference
1420,0,group_reference
1421,0,group_reference
1422,0,group_reference
1423,0,group_reference
1424,0,group_reference
1426,0,group_reference
1427,0,group_reference
1428,0,group_reference
1429,0,group_reference
1430,0,group_reference
1431,0,group_reference
1432,0,group_reference
1433,0,group_reference
1434,0,group_reference
1435,0,group_reference
1436,0,group_reference
1437,0,group_reference
1438,0,group_reference
1439,0,group_reference
1472,0,group_reference
1473,0,group_reference
1474,0,group_reference
1475,0,group_reference
1476,0,group_reference
1477,0,group_reference
1478,0,group_reference
1479,0,group_reference
1480,0,group_reference
1481,0,group_reference
1482,0,group_reference
1483,0,group_reference
1484,0,group_reference
1485,0,group_reference
1486,0,group_reference
1487,0,group_reference
1488,0,group_reference
1489,0,group_reference
1490,0,group_reference
1491,0,group_reference
1492,0,group_reference
1493,0,group_reference
1494,0,group_reference
1495,0,group_reference
1496,0,group_reference
1497,0,group_reference
1498,0,group_reference
1499,0,group_reference
1500,0,group_reference
1501,0,group_reference
1502,0,group_reference
1503,0,group_reference
1504,0,group_reference
1505,0,group_reference
1506,0,group_reference
1507,0,group_reference
1508,0,group_reference
1509,0,group_reference
1510,0,group_reference
1511,0,group_reference
1512,0,group_reference
1513,0,group_reference
1514,0,group_reference
1515,0,group_reference
1516,0,group_reference
1517,0,group_reference
1518,0,group_reference
1519,0,group_reference
1520,0,group_reference
1521,0,group_reference
1545,0,group_reference
1546,0,group_reference
1547,0,group_reference
1548,0,group_reference
1557,0,group_reference
1558,0,group_reference
1559,0,group_reference
1560,0,group_reference
1561,0,group_reference
1562,0,group_reference
1563,0,group_reference
1564,0,group_reference
1600,0,group_reference
1601,0,group_reference
1602,0,group_reference
1613,0,group_reference
1614,0,group_reference
1661,0,group_reference
35,1,group_reference
36,1,group_reference
37,1,group_reference
38,1,group_reference
39,1,group_reference
40,1,group_reference
41,1,group_reference
56,1,group_reference
57,1,group_reference
58,1,group_reference
59,1,group_reference
60,1,group_reference
61,1,group_reference
71,1,group_reference
72,1,group_reference
73,1,group_reference
101,1,group_reference
102,1,group_reference
103,1,group_reference
104,1,group_reference
119,1,group_reference
133,1,group_reference
134,1,group_reference
135,1,group_reference
136,1,group_reference
137,1,group_reference
138,1,group_reference
139,1,group_reference
140,1,group_reference
176,1,group_reference
177,1,group_reference
178,1,group_reference
179,1,group_reference
180,1,group_reference
181,1,group_reference
190,1,group_reference
191,1,group_reference
192,1,group_reference
193,1,group_reference
194,1,group_reference
212,1,group_reference
213,1,group_reference
214,1,group_reference
215,1,group_reference
223,1,group_reference
224,1,group_reference
225,1,group_reference
226,1,group_reference
227,1,group_reference
228,1,group_reference
229,1,group_reference
230,1,group_reference
231,1,group_reference
232,1,group_reference
266,1,group_reference
267,1,group_reference
268,1,group_reference
274,1,group_reference
275,1,group_reference
276,1,group_reference
277,1,group_reference
319,1,group_reference
342,1,group_reference
344,1,group_reference
345,1,group_reference
346,1,group_reference
362,1,group_reference
363,1,group_reference
364,1,group_reference
365,1,group_reference
366,1,group_reference
460,1,group_reference
501,1,group_reference
502,1,group_reference
503,1,group_reference
527,1,group_reference
528,1,group_reference
529,1,group_reference
530,1,group_reference
531,1,group_reference
532,1,group_reference
533,1,group_reference
534,1,group_reference
535,1,group_reference
536,1,group_reference
537,1,group_reference
538,1,group_reference
539,1,group_reference
540,1,group_reference
541,1,group_reference
542,1,group_reference
543,1,group_reference
544,1,group_reference
545,1,group_reference
546,1,group_reference
547,1,group_reference
548,1,group_reference
549,1,group_reference
550,1,group_reference
551,1,group_reference
552,1,group_reference
553,1,group_reference
554,1,group_reference
584,1,group_reference
585,1,group_reference
586,1,group_reference
587,1,group_reference
588,1,group_reference
657,1,group_reference
658,1,group_reference
659,1,group_reference
660,1,group_reference
677,1,group_reference
678,1,group_reference
679,1,group_reference
680,1,group_reference
681,1,group_reference
682,1,group_reference
683,1,group_reference
684,1,group_reference
685,1,group_reference
694,1,group_reference
697,1,group_reference
698,1,group_reference
701,1,group_reference
719,1,group_reference
764,1,group_reference
765,1,group_reference
766,1,group_reference
777,1,group_reference
778,1,group_reference
779,1,group_reference
780,1,group_reference
781,1,group_reference
782,1,group_reference
783,1,group_reference
784,1,group_reference
785,1,group_reference
795,1,group_reference
807,1,group_reference
808,1,group_reference
809,1,group_reference
810,1,group_reference
811,1,group_reference
812,1,group_reference
813,1,group_reference
814,1,group_reference
830,1,group_reference
832,1,group_reference
833,1,group_reference
834,1,group_reference
835,1,group_reference
836,1,group_reference
837,1,group_reference
838,1,group_reference
839,1,group_reference
840,1,group_reference
841,1,group_reference
842,1,group_reference
843,1,group_reference
844,1,group_reference
845,1,group_reference
846,1,group_reference
847,1,group_reference
850,1,group_reference
851,1,group_reference
860,1,group_reference
861,1,group_reference
862,1,group_reference
863,1,group_reference
864,1,group_reference
865,1,group_reference
866,1,group_reference
867,1,group_reference
887,1,group_reference
888,1,group_reference
894,1,group_reference
895,1,group_reference
896,1,group_reference
898,1,group_reference
899,1,group_reference
900,1,group_reference
901,1,group_reference
902,1,group_reference
903,1,group_reference
904,1,group_reference
905,1,group_reference
918,1,group_reference
919,1,group_reference
920,1,group_reference
942,1,group_reference
943,1,group_reference
944,1,group_reference
945,1,group_reference
959,1,group_reference
960,1,group_reference
961,1,group_reference
962,1,group_reference
963,1,group_reference
971,1,group_reference
972,1,group_reference
973,1,group_reference
975,1,group_reference
976,1,group_reference
977,1,group_reference
980,1,group_reference
981,1,group_reference
982,1,group_reference
991,1,group_reference
992,1,group_reference
993,1,group_reference
994,1,group_reference
995,1,group_reference
1008,1,group_reference
1009,1,group_reference
1010,1,group_reference
1011,1,group_reference
1012,1,group_reference
1013,1,group_reference
1014,1,group_reference
1015,1,group_reference
1016,1,group_reference
1070,1,group_reference
1071,1,group_reference
1090,1,group_reference
1091,1,group_reference
1092,1,group_reference
1093,1,group_reference
1094,1,group_reference
1095,1,group_reference
1107,1,group_reference
1108,1,group_reference
1109,1,group_reference
1152,1,group_reference
1153,1,group_reference
1154,1,group_reference
1170,1,group_reference
1173,1,group_reference
1174,1,group_reference
1175,1,group_reference
1177,1,group_reference
1178,1,group_reference
1179,1,group_reference
1180,1,group_reference
1196,1,group_reference
1224,1,group_reference
1225,1,group_reference
1226,1,group_reference
1303,1,group_reference
1304,1,group_reference
1305,1,group_reference
1306,1,group_reference
1307,1,group_reference
1308,1,group_reference
1309,1,group_reference
1310,1,group_reference
1311,1,group_reference
1312,1,group_reference
1313,1,group_reference
1314,1,group_reference
1325,1,group_reference
1326,1,group_reference
1328,1,group_reference
1329,1,group_reference
1336,1,group_reference
1387,1,group_reference
1388,1,group_reference
1389,1,group_reference
1390,1,group_reference
1425,1,group_reference
1447,1,group_reference
1448,1,group_reference
1466,1,group_reference
1467,1,group_reference
1468,1,group_reference
1469,1,group_reference
1470,1,group_reference
1533,1,group_reference
1534,1,group_reference
1535,1,group_reference
1536,1,group_reference
1537,1,group_reference
1579,1,group_reference
1582,1,group_reference
1583,1,group_reference
1584,1,group_reference
1585,1,group_reference
1586,1,group_reference
1587,1,group_reference
1588,1,group_reference
1589,1,group_reference
1598,1,group_reference
1599,1,group_reference
1627,1,group_reference
1629,1,group_reference
1630,1,group_reference
1631,1,group_reference
1632,1,group_reference
1640,1,group_reference
1641,1,group_reference
1642,1,group_reference
1643,1,group_reference
1644,1,group_reference
1645,1,group_reference
1646,1,group_reference
1647,1,group_reference
1648,1,group_reference
1649,1,group_reference
1650,1,group_reference
1651,1,group_reference
1652,1,group_reference
1655,1,group_reference
0,2,group_reference
1,2,group_reference
2,2,group_reference
3,2,group_reference
4,2,group_reference
5,2,group_reference
6,2,group_reference
7,2,group_reference
8,2,group_reference
9,2,group_reference
12,2,group_reference
26,2,group_reference
27,2,group_reference
34,2,group_reference
46,2,group_reference
47,2,group_reference
48,2,group_reference
50,2,group_reference
52,2,group_reference
69,2,group_reference
74,2,group_reference
75,2,group_reference
77,2,group_reference
78,2,group_reference
79,2,group_reference
93,2,group_reference
94,2,group_reference
95,2,group_reference
96,2,group_reference
97,2,group_reference
98,2,group_reference
99,2,group_reference
100,2,group_reference
118,2,group_reference
120,2,group_reference
143,2,group_reference
144,2,group_reference
145,2,group_reference
146,2,group_reference
147,2,group_reference
148,2,group_reference
149,2,group_reference
150,2,group_reference
151,2,group_reference
174,2,group_reference
182,2,group_reference
183,2,group_reference
184,2,group_reference
185,2,group_reference
186,2,group_reference
187,2,group_reference
188,2,group_reference
197,2,group_reference
198,2,group_reference
199,2,group_reference
204,2,group_reference
207,2,group_reference
208,2,group_reference
209,2,group_reference
210,2,group_reference
211,2,group_reference
216,2,group_reference
217,2,group_reference
218,2,group_reference
219,2,group_reference
238,2,group_reference
239,2,group_reference
240,2,group_reference
241,2,group_reference
242,2,group_reference
243,2,group_reference
244,2,group_reference
245,2,group_reference
246,2,group_reference
247,2,group_reference
248,2,group_reference
249,2,group_reference
265,2,group_reference
269,2,group_reference
271,2,group_reference
272,2,group_reference
273,2,group_reference
278,2,group_reference
279,2,group_reference
280,2,group_reference
281,2,group_reference
282,2,group_reference
283,2,group_reference
284,2,group_reference
285,2,group_reference
291,2,group_reference
298,2,group_reference
299,2,group_reference
300,2,group_reference
301,2,group_reference
302,2,group_reference
303,2,group_reference
306,2,group_reference
307,2,group_reference
311,2,group_reference
312,2,group_reference
313,2,group_reference
314,2,group_reference
315,2,group_reference
316,2,group_reference
317,2,group_reference
318,2,group_reference
322,2,group_reference
331,2,group_reference
332,2,group_reference
333,2,group_reference
334,2,group_reference
335,2,group_reference
336,2,group_reference
339,2,group_reference
358,2,group_reference
359,2,group_reference
360,2,group_reference
367,2,group_reference
368,2,group_reference
369,2,group_reference
370,2,group_reference
371,2,group_reference
372,2,group_reference
399,2,group_reference
400,2,group_reference
401,2,group_reference
402,2,group_reference
403,2,group_reference
404,2,group_reference
405,2,group_reference
406,2,group_reference
407,2,group_reference
408,2,group_reference
409,2,group_reference
417,2,group_reference
418,2,group_reference
423,2,group_reference
424,2,group_reference
425,2,group_reference
428,2,group_reference
429,2,group_reference
438,2,group_reference
439,2,group_reference
440,2,group_reference
441,2,group_reference
442,2,group_reference
443,2,group_reference
444,2,group_reference
445,2,group_reference
446,2,group_reference
452,2,group_reference
453,2,group_reference
454,2,group_reference
455,2,group_reference
456,2,group_reference
457,2,group_reference
458,2,group_reference
459,2,group_reference
461,2,group_reference
462,2,group_reference
481,2,group_reference
488,2,group_reference
489,2,group_reference
490,2,group_reference
491,2,group_reference
498,2,group_reference
499,2,group_reference
511,2,group_reference
512,2,group_reference
513,2,group_reference
525,2,group_reference
526,2,group_reference
555,2,group_reference
618,2,group_reference
631,2,group_reference
645,2,group_reference
646,2,group_reference
647,2,group_reference
648,2,group_reference
649,2,group_reference
650,2,group_reference
671,2,group_reference
707,2,group_reference
708,2,group_reference
709,2,group_reference
711,2,group_reference
717,2,group_reference
761,2,group_reference
767,2,group_reference
768,2,group_reference
769,2,group_reference
770,2,group_reference
771,2,group_reference
772,2,group_reference
773,2,group_reference
774,2,group_reference
775,2,group_reference
776,2,group_reference
787,2,group_reference
798,2,group_reference
799,2,group_reference
800,2,group_reference
801,2,group_reference
802,2,group_reference
848,2,group_reference
849,2,group_reference
935,2,group_reference
974,2,group_reference
979,2,group_reference
983,2,group_reference
984,2,group_reference
985,2,group_reference
986,2,group_reference
987,2,group_reference
1017,2,group_reference
1018,2,group_reference
1019,2,group_reference
1020,2,group_reference
1096,2,group_reference
1155,2,group_reference
1156,2,group_reference
1157,2,group_reference
1158,2,group_reference
1159,2,group_reference
1160,2,group_reference
1161,2,group_reference
1162,2,group_reference
1163,2,group_reference
1164,2,group_reference
1165,2,group_reference
1166,2,group_reference
1167,2,group_reference
1168,2,group_reference
1169,2,group_reference
1200,2,group_reference
1201,2,group_reference
1202,2,group_reference
1203,2,group_reference
1204,2,group_reference
1205,2,group_reference
1206,2,group_reference
1207,2,group_reference
1208,2,group_reference
1209,2,group_reference
1210,2,group_reference
1211,2,group_reference
1212,2,group_reference
1213,2,group_reference
1214,2,group_reference
1215,2,group_reference
1227,2,group_reference
1228,2,group_reference
1229,2,group_reference
1230,2,group_reference
1231,2,group_reference
1232,2,group_reference
1233,2,group_reference
1234,2,group_reference
1235,2,group_reference
1236,2,group_reference
1254,2,group_reference
1255,2,group_reference
1256,2,group_reference
1257,2,group_reference
1258,2,group_reference
1259,2,group_reference
1260,2,group_reference
1274,2,group_reference
1275,2,group_reference
1276,2,group_reference
1277,2,group_reference
1278,2,group_reference
1279,2,group_reference
1280,2,group_reference
1281,2,group_reference
1282,2,group_reference
1283,2,group_reference
1284,2,group_reference
1285,2,group_reference
1286,2,group_reference
1287,2,group_reference
1327,2,group_reference
1337,2,group_reference
1338,2,group_reference
1339,2,group_reference
1340,2,group_reference
1341,2,group_reference
1342,2,group_reference
1343,2,group_reference
1344,2,group_reference
1345,2,group_reference
1346,2,group_reference
1347,2,group_reference
1348,2,group_reference
1349,2,group_reference
1366,2,group_reference
1373,2,group_reference
1374,2,group_reference
1375,2,group_reference
1376,2,group_reference
1377,2,group_reference
1378,2,group_reference
1379,2,group_reference
1380,2,group_reference
1381,2,group_reference
1382,2,group_reference
1383,2,group_reference
1440,2,group_reference
1441,2,group_reference
1442,2,group_reference
1443,2,group_reference
1444,2,group_reference
1445,2,group_reference
1446,2,group_reference
1449,2,group_reference
1464,2,group_reference
1465,2,group_reference
1471,2,group_reference
1549,2,group_reference
1550,2,group_reference
1551,2,group_reference
1552,2,group_reference
1553,2,group_reference
1554,2,group_reference
1555,2,group_reference
1556,2,group_reference
1580,2,group_reference
1594,2,group_reference
1595,2,group_reference
1596,2,group_reference
1597,2,group_reference
1610,2,group_reference
1611,2,group_reference
1612,2,group_reference
1634,2,group_reference
1635,2,group_reference
1636,2,group_reference
1637,2,group_reference
1638,2,group_reference
1639,2,group_reference
1653,2,group_reference
29,3,group_reference
30,3,group_reference
31,3,group_reference
32,3,group_reference
33,3,group_reference
42,3,group_reference
43,3,group_reference
44,3,group_reference
45,3,group_reference
49,3,group_reference
65,3,group_reference
68,3,group_reference
85,3,group_reference
86,3,group_reference
87,3,group_reference
88,3,group_reference
89,3,group_reference
90,3,group_reference
91,3,group_reference
92,3,group_reference
116,3,group_reference
127,3,group_reference
128,3,group_reference
129,3,group_reference
130,3,group_reference
131,3,group_reference
132,3,group_reference
141,3,group_reference
142,3,group_reference
157,3,group_reference
158,3,group_reference
159,3,group_reference
160,3,group_reference
161,3,group_reference
162,3,group_reference
163,3,group_reference
164,3,group_reference
165,3,group_reference
166,3,group_reference
167,3,group_reference
189,3,group_reference
203,3,group_reference
206,3,group_reference
221,3,group_reference
222,3,group_reference
256,3,group_reference
257,3,group_reference
258,3,group_reference
259,3,group_reference
260,3,group_reference
261,3,group_reference
262,3,group_reference
263,3,group_reference
264,3,group_reference
270,3,group_reference
304,3,group_reference
321,3,group_reference
338,3,group_reference
341,3,group_reference
348,3,group_reference
349,3,group_reference
350,3,group_reference
351,3,group_reference
352,3,group_reference
353,3,group_reference
354,3,group_reference
410,3,group_reference
419,3,group_reference
420,3,group_reference
421,3,group_reference
422,3,group_reference
463,3,group_reference
464,3,group_reference
465,3,group_reference
471,3,group_reference
475,3,group_reference
476,3,group_reference
477,3,group_reference
478,3,group_reference
479,3,group_reference
480,3,group_reference
493,3,group_reference
494,3,group_reference
495,3,group_reference
496,3,group_reference
497,3,group_reference
514,3,group_reference
520,3,group_reference
521,3,group_reference
522,3,group_reference
523,3,group_reference
524,3,group_reference
556,3,group_reference
557,3,group_reference
558,3,group_reference
559,3,group_reference
565,3,group_reference
566,3,group_reference
567,3,group_reference
589,3,group_reference
603,3,group_reference
632,3,group_reference
672,3,group_reference
673,3,group_reference
674,3,group_reference
675,3,group_reference
676,3,group_reference
704,3,group_reference
705,3,group_reference
706,3,group_reference
712,3,group_reference
713,3,group_reference
714,3,group_reference
715,3,group_reference
716,3,group_reference
745,3,group_reference
746,3,group_reference
747,3,group_reference
748,3,group_reference
749,3,group_reference
750,3,group_reference
751,3,group_reference
752,3,group_reference
753,3,group_reference
754,3,group_reference
755,3,group_reference
756,3,group_reference
757,3,group_reference
758,3,group_reference
759,3,group_reference
760,3,group_reference
762,3,group_reference
786,3,group_reference
852,3,group_reference
853,3,group_reference
854,3,group_reference
855,3,group_reference
856,3,group_reference
857,3,group_reference
858,3,group_reference
859,3,group_reference
868,3,group_reference
869,3,group_reference
870,3,group_reference
871,3,group_reference
872,3,group_reference
873,3,group_reference
889,3,group_reference
890,3,group_reference
891,3,group_reference
892,3,group_reference
893,3,group_reference
897,3,group_reference
929,3,group_reference
930,3,group_reference
931,3,group_reference
932,3,group_reference
933,3,group_reference
934,3,group_reference
946,3,group_reference
947,3,group_reference
948,3,group_reference
949,3,group_reference
950,3,group_reference
951,3,group_reference
952,3,group_reference
953,3,group_reference
954,3,group_reference
988,3,group_reference
989,3,group_reference
990,3,group_reference
1003,3,group_reference
1004,3,group_reference
1005,3,group_reference
1006,3,group_reference
1007,3,group_reference
1111,3,group_reference
1112,3,group_reference
1113,3,group_reference
1130,3,group_reference
1131,3,group_reference
1132,3,group_reference
1133,3,group_reference
1134,3,group_reference
1136,3,group_reference
1137,3,group_reference
1138,3,group_reference
1139,3,group_reference
1140,3,group_reference
1141,3,group_reference
1142,3,group_reference
1143,3,group_reference
1144,3,group_reference
1145,3,group_reference
1146,3,group_reference
1181,3,group_reference
1182,3,group_reference
1183,3,group_reference
1184,3,group_reference
1185,3,group_reference
1186,3,group_reference
1187,3,group_reference
1188,3,group_reference
1189,3,group_reference
1190,3,group_reference
1191,3,group_reference
1192,3,group_reference
1193,3,group_reference
1194,3,group_reference
1195,3,group_reference
1197,3,group_reference
1198,3,group_reference
1199,3,group_reference
1217,3,group_reference
1218,3,group_reference
1219,3,group_reference
1220,3,group_reference
1221,3,group_reference
1222,3,group_reference
1246,3,group_reference
1247,3,group_reference
1248,3,group_reference
1249,3,group_reference
1250,3,group_reference
1251,3,group_reference
1252,3,group_reference
1261,3,group_reference
1262,3,group_reference
1263,3,group_reference
1264,3,group_reference
1265,3,group_reference
1266,3,group_reference
1267,3,group_reference
1268,3,group_reference
1288,3,group_reference
1289,3,group_reference
1290,3,group_reference
1291,3,group_reference
1292,3,group_reference
1293,3,group_reference
1294,3,group_reference
1295,3,group_reference
1296,3,group_reference
1297,3,group_reference
1298,3,group_reference
1299,3,group_reference
1300,3,group_reference
1301,3,group_reference
1302,3,group_reference
1350,3,group_reference
1351,3,group_reference
1352,3,group_reference
1353,3,group_reference
1354,3,group_reference
1355,3,group_reference
1356,3,group_reference
1357,3,group_reference
1358,3,group_reference
1391,3,group_reference
1392,3,group_reference
1393,3,group_reference
1463,3,group_reference
1539,3,group_reference
1540,3,group_reference
1541,3,group_reference
1542,3,group_reference
1543,3,group_reference
1544,3,group_reference
1565,3,group_reference
1566,3,group_reference
1567,3,group_reference
1568,3,group_reference
1569,3,group_reference
1570,3,group_reference
1571,3,group_reference
1572,3,group_reference
1573,3,group_reference
1574,3,group_reference
1575,3,group_reference
1576,3,group_reference
1577,3,group_reference
1578,3,group_reference
1590,3,group_reference
1591,3,group_reference
1592,3,group_reference
1593,3,group_reference
1615,3,group_reference
1616,3,group_reference
1617,3,group_reference
1618,3,group_reference
1623,3,group_reference
1624,3,group_reference
1625,3,group_reference
1626,3,group_reference
1628,3,group_reference
1654,3,group_reference
1656,3,group_reference
1657,3,group_reference
1658,3,group_reference
1659,3,group_reference
1660,3,group_reference
1662,3,group_reference
1663,3,group_reference
1664,3,group_reference
18,4,group_reference
19,4,group_reference
20,4,group_reference
21,4,group_reference
22,4,group_reference
23,4,group_reference
24,4,group_reference
25,4,group_reference
28,4,group_reference
117,4,group_reference
121,4,group_reference
122,4,group_reference
123,4,group_reference
124,4,group_reference
125,4,group_reference
126,4,group_reference
152,4,group_reference
153,4,group_reference
154,4,group_reference
155,4,group_reference
156,4,group_reference
168,4,group_reference
169,4,group_reference
170,4,group_reference
171,4,group_reference
172,4,group_reference
173,4,group_reference
175,4,group_reference
200,4,group_reference
201,4,group_reference
202,4,group_reference
205,4,group_reference
220,4,group_reference
233,4,group_reference
234,4,group_reference
235,4,group_reference
236,4,group_reference
237,4,group_reference
286,4,group_reference
297,4,group_reference
305,4,group_reference
308,4,group_reference
310,4,group_reference
320,4,group_reference
323,4,group_reference
324,4,group_reference
337,4,group_reference
340,4,group_reference
343,4,group_reference
347,4,group_reference
355,4,group_reference
356,4,group_reference
357,4,group_reference
361,4,group_reference
373,4,group_reference
374,4,group_reference
375,4,group_reference
376,4,group_reference
426,4,group_reference
427,4,group_reference
430,4,group_reference
431,4,group_reference
432,4,group_reference
433,4,group_reference
434,4,group_reference
435,4,group_reference
436,4,group_reference
437,4,group_reference
451,4,group_reference
472,4,group_reference
492,4,group_reference
500,4,group_reference
515,4,group_reference
516,4,group_reference
517,4,group_reference
518,4,group_reference
519,4,group_reference
560,4,group_reference
561,4,group_reference
562,4,group_reference
563,4,group_reference
564,4,group_reference
568,4,group_reference
569,4,group_reference
570,4,group_reference
571,4,group_reference
572,4,group_reference
573,4,group_reference
574,4,group_reference
575,4,group_reference
576,4,group_reference
577,4,group_reference
579,4,group_reference
580,4,group_reference
581,4,group_reference
582,4,group_reference
583,4,group_reference
592,4,group_reference
593,4,group_reference
613,4,group_reference
614,4,group_reference
615,4,group_reference
616,4,group_reference
617,4,group_reference
619,4,group_reference
620,4,group_reference
621,4,group_reference
622,4,group_reference
623,4,group_reference
624,4,group_reference
625,4,group_reference
626,4,group_reference
627,4,group_reference
628,4,group_reference
651,4,group_reference
652,4,group_reference
653,4,group_reference
654,4,group_reference
655,4,group_reference
656,4,group_reference
665,4,group_reference
666,4,group_reference
667,4,group_reference
668,4,group_reference
669,4,group_reference
670,4,group_reference
695,4,group_reference
699,4,group_reference
700,4,group_reference
702,4,group_reference
718,4,group_reference
720,4,group_reference
721,4,group_reference
722,4,group_reference
723,4,group_reference
724,4,group_reference
725,4,group_reference
726,4,group_reference
727,4,group_reference
728,4,group_reference
729,4,group_reference
730,4,group_reference
731,4,group_reference
737,4,group_reference
738,4,group_reference
763,4,group_reference
788,4,group_reference
794,4,group_reference
821,4,group_reference
822,4,group_reference
823,4,group_reference
824,4,group_reference
825,4,group_reference
826,4,group_reference
827,4,group_reference
828,4,group_reference
829,4,group_reference
831,4,group_reference
874,4,group_reference
875,4,group_reference
876,4,group_reference
877,4,group_reference
878,4,group_reference
879,4,group_reference
880,4,group_reference
881,4,group_reference
882,4,group_reference
883,4,group_reference
884,4,group_reference
885,4,group_reference
886,4,group_reference
906,4,group_reference
907,4,group_reference
908,4,group_reference
909,4,group_reference
910,4,group_reference
911,4,group_reference
912,4,group_reference
913,4,group_reference
914,4,group_reference
915,4,group_reference
916,4,group_reference
917,4,group_reference
921,4,group_reference
922,4,group_reference
923,4,group_reference
924,4,group_reference
955,4,group_reference
956,4,group_reference
957,4,group_reference
958,4,group_reference
1027,4,group_reference
1028,4,group_reference
1029,4,group_reference
1030,4,group_reference
1031,4,group_reference
1032,4,group_reference
1033,4,group_reference
1034,4,group_reference
1035,4,group_reference
1036,4,group_reference
1037,4,group_reference
1038,4,group_reference
1039,4,group_reference
1040,4,group_reference
1041,4,group_reference
1042,4,group_reference
1043,4,group_reference
1044,4,group_reference
1045,4,group_reference
1046,4,group_reference
1047,4,group_reference
1048,4,group_reference
1049,4,group_reference
1050,4,group_reference
1051,4,group_reference
1052,4,group_reference
1053,4,group_reference
1054,4,group_reference
1055,4,group_reference
1056,4,group_reference
1057,4,group_reference
1058,4,group_reference
1059,4,group_reference
1060,4,group_reference
1061,4,group_reference
1062,4,group_reference
1063,4,group_reference
1064,4,group_reference
1065,4,group_reference
1066,4,group_reference
1067,4,group_reference
1068,4,group_reference
1069,4,group_reference
1072,4,group_reference
1073,4,group_reference
1074,4,group_reference
1075,4,group_reference
1076,4,group_reference
1077,4,group_reference
1078,4,group_reference
1079,4,group_reference
1080,4,group_reference
1081,4,group_reference
1097,4,group_reference
1098,4,group_reference
1099,4,group_reference
1100,4,group_reference
1101,4,group_reference
1102,4,group_reference
1103,4,group_reference
1104,4,group_reference
1105,4,group_reference
1106,4,group_reference
1114,4,group_reference
1115,4,group_reference
1116,4,group_reference
1117,4,group_reference
1118,4,group_reference
1119,4,group_reference
1120,4,group_reference
1121,4,group_reference
1122,4,group_reference
1123,4,group_reference
1124,4,group_reference
1125,4,group_reference
1126,4,group_reference
1127,4,group_reference
1128,4,group_reference
1129,4,group_reference
1237,4,group_reference
1238,4,group_reference
1239,4,group_reference
1240,4,group_reference
1241,4,group_reference
1242,4,group_reference
1243,4,group_reference
1244,4,group_reference
1245,4,group_reference
1253,4,group_reference
1315,4,group_reference
1316,4,group_reference
1317,4,group_reference
1318,4,group_reference
1319,4,group_reference
1320,4,group_reference
1321,4,group_reference
1322,4,group_reference
1323,4,group_reference
1324,4,group_reference
1384,4,group_reference
1385,4,group_reference
1386,4,group_reference
1394,4,group_reference
1395,4,group_reference
1396,4,group_reference
1399,4,group_reference
1400,4,group_reference
1401,4,group_reference
1402,4,group_reference
1417,4,group_reference
1450,4,group_reference
1451,4,group_reference
1452,4,group_reference
1453,4,group_reference
1454,4,group_reference
1455,4,group_reference
1456,4,group_reference
1457,4,group_reference
1458,4,group_reference
1459,4,group_reference
1460,4,group_reference
1461,4,group_reference
1462,4,group_reference
1522,4,group_reference
1523,4,group_reference
1524,4,group_reference
1525,4,group_reference
1526,4,group_reference
1527,4,group_reference
1528,4,group_reference
1529,4,group_reference
1530,4,group_reference
1531,4,group_reference
1581,4,group_reference
1603,4,group_reference
1604,4,group_reference
1605,4,group_reference
1606,4,group_reference
1607,4,group_reference
1608,4,group_reference
1609,4,group_reference
1619,4,group_reference
1620,4,group_reference
1621,4,group_reference
1622,4,group_reference
1633,4,group_reference
15,0,random_row
23,0,random_row
29,0,random_row
30,0,random_row
32,0,random_row
43,0,random_row
44,0,random_row
49,0,random_row
51,0,random_row
56,0,random_row
59,0,random_row
65,0,random_row
67,0,random_row
69,0,random_row
70,0,random_row
73,0,random_row
76,0,random_row
78,0,random_row
99,0,random_row
100,0,random_row
101,0,random_row
107,0,random_row
109,0,random_row
115,0,random_row
123,0,random_row
124,0,random_row
128,0,random_row
135,0,random_row
141,0,random_row
162,0,random_row
163,0,random_row
168,0,random_row
170,0,random_row
173,0,random_row
175,0,random_row
184,0,random_row
185,0,random_row
188,0,random_row
198,0,random_row
199,0,random_row
203,0,random_row
210,0,random_row
212,0,random_row
220,0,random_row
226,0,random_row
231,0,random_row
237,0,random_row
239,0,random_row
240,0,random_row
244,0,random_row
247,0,random_row
251,0,random_row
259,0,random_row
261,0,random_row
270,0,random_row
271,0,random_row
274,0,random_row
275,0,random_row
289,0,random_row
297,0,random_row
298,0,random_row
300,0,random_row
303,0,random_row
316,0,random_row
324,0,random_row
331,0,random_row
332,0,random_row
339,0,random_row
342,0,random_row
344,0,random_row
350,0,random_row
351,0,random_row
352,0,random_row
353,0,random_row
361,0,random_row
366,0,random_row
367,0,random_row
371,0,random_row
374,0,random_row
381,0,random_row
382,0,random_row
383,0,random_row
394,0,random_row
405,0,random_row
408,0,random_row
411,0,random_row
413,0,random_row
415,0,random_row
416,0,random_row
420,0,random_row
425,0,random_row
426,0,random_row
427,0,random_row
429,0,random_row
432,0,random_row
438,0,random_row
439,0,random_row
451,0,random_row
453,0,random_row
462,0,random_row
464,0,random_row
478,0,random_row
479,0,random_row
482,0,random_row
483,0,random_row
485,0,random_row
486,0,random_row
495,0,random_row
506,0,random_row
513,0,random_row
514,0,random_row
526,0,random_row
529,0,random_row
530,0,random_row
532,0,random_row
534,0,random_row
543,0,random_row
548,0,random_row
552,0,random_row
555,0,random_row
561,0,random_row
566,0,random_row
567,0,random_row
575,0,random_row
576,0,random_row
583,0,random_row
589,0,random_row
591,0,random_row
598,0,random_row
599,0,random_row
602,0,random_row
607,0,random_row
610,0,random_row
619,0,random_row
628,0,random_row
629,0,random_row
631,0,random_row
634,0,random_row
637,0,random_row
643,0,random_row
650,0,random_row
651,0,random_row
654,0,random_row
668,0,random_row
669,0,random_row
670,0,random_row
674,0,random_row
677,0,random_row
678,0,random_row
682,0,random_row
692,0,random_row
701,0,random_row
707,0,random_row
710,0,random_row
711,0,random_row
715,0,random_row
721,0,random_row
722,0,random_row
723,0,random_row
736,0,random_row
741,0,random_row
743,0,random_row
745,0,random_row
752,0,random_row
755,0,random_row
757,0,random_row
759,0,random_row
774,0,random_row
777,0,random_row
781,0,random_row
785,0,random_row
786,0,random_row
787,0,random_row
792,0,random_row
810,0,random_row
811,0,random_row
816,0,random_row
820,0,random_row
829,0,random_row
834,0,random_row
836,0,random_row
838,0,random_row
841,0,random_row
857,0,random_row
859,0,random_row
867,0,random_row
879,0,random_row
881,0,random_row
886,0,random_row
888,0,random_row
889,0,random_row
898,0,random_row
903,0,random_row
907,0,random_row
910,0,random_row
916,0,random_row
923,0,random_row
930,0,random_row
931,0,random_row
932,0,random_row
937,0,random_row
938,0,random_row
940,0,random_row
942,0,random_row
949,0,random_row
950,0,random_row
964,0,random_row
968,0,random_row
978,0,random_row
982,0,random_row
983,0,random_row
986,0,random_row
987,0,random_row
1000,0,random_row
1006,0,random_row
1007,0,random_row
1009,0,random_row
1013,0,random_row
1022,0,random_row
1030,0,random_row
1034,0,random_row
1037,0,random_row
1040,0,random_row
1052,0,random_row
1054,0,random_row
1067,0,random_row
1073,0,random_row
1078,0,random_row
1079,0,random_row
1080,0,random_row
1085,0,random_row
1089,0,random_row
1090,0,random_row
1097,0,random_row
1108,0,random_row
1112,0,random_row
1114,0,random_row
1117,0,random_row
1118,0,random_row
1128,0,random_row
1132,0,random_row
1133,0,random_row
1149,0,random_row
1155,0,random_row
1160,0,random_row
1163,0,random_row
1167,0,random_row
1168,0,random_row
1172,0,random_row
1174,0,random_row
1175,0,random_row
1176,0,random_row
1177,0,random_row
1178,0,random_row
1181,0,random_row
1182,0,random_row
1185,0,random_row
1188,0,random_row
1198,0,random_row
1202,0,random_row
1203,0,random_row
1206,0,random_row
1212,0,random_row
1214,0,random_row
1220,0,random_row
1223,0,random_row
1227,0,random_row
1231,0,random_row
1233,0,random_row
1240,0,random_row
1251,0,random_row
1258,0,random_row
1259,0,random_row
1273,0,random_row
1278,0,random_row
1283,0,random_row
1290,0,random_row
1295,0,random_row
1305,0,random_row
1308,0,random_row
1322,0,random_row
1333,0,random_row
1341,0,random_row
1342,0,random_row
1350,0,random_row
1362,0,random_row
1364,0,random_row
1376,0,random_row
1379,0,random_row
1401,0,random_row
1415,0,random_row
1416,0,random_row
1418,0,random_row
1428,0,random_row
1431,0,random_row
1438,0,random_row
1443,0,random_row
1453,0,random_row
1454,0,random_row
1461,0,random_row
1469,0,random_row
1471,0,random_row
1473,0,random_row
1492,0,random_row
1493,0,random_row
1503,0,random_row
1511,0,random_row
1520,0,random_row
1527,0,random_row
1529,0,random_row
1530,0,random_row
1532,0,random_row
1542,0,random_row
1544,0,random_row
1549,0,random_row
1550,0,random_row
1554,0,random_row
1555,0,random_row
1573,0,random_row
1588,0,random_row
1598,0,random_row
1604,0,random_row
1606,0,random_row
1607,0,random_row
1610,0,random_row
1611,0,random_row
1616,0,random_row
1629,0,random_row
1633,0,random_row
1644,0,random_row
1646,0,random_row
1653,0,random_row
1660,0,random_row
10,1,random_row
18,1,random_row
31,1,random_row
41,1,random_row
48,1,random_row
54,1,random_row
58,1,random_row
63,1,random_row
81,1,random_row
83,1,random_row
86,1,random_row
88,1,random_row
96,1,random_row
111,1,random_row
113,1,random_row
126,1,random_row
129,1,random_row
131,1,random_row
140,1,random_row
142,1,random_row
147,1,random_row
148,1,random_row
155,1,random_row
156,1,random_row
158,1,random_row
164,1,random_row
174,1,random_row
177,1,random_row
178,1,random_row
179,1,random_row
181,1,random_row
192,1,random_row
195,1,random_row
196,1,random_row
208,1,random_row
209,1,random_row
214,1,random_row
218,1,random_row
221,1,random_row
233,1,random_row
236,1,random_row
243,1,random_row
254,1,random_row
265,1,random_row
266,1,random_row
277,1,random_row
282,1,random_row
285,1,random_row
286,1,random_row
287,1,random_row
290,1,random_row
291,1,random_row
292,1,random_row
294,1,random_row
296,1,random_row
306,1,random_row
308,1,random_row
309,1,random_row
310,1,random_row
312,1,random_row
322,1,random_row
323,1,random_row
326,1,random_row
327,1,random_row
341,1,random_row
346,1,random_row
348,1,random_row
354,1,random_row
355,1,random_row
358,1,random_row
360,1,random_row
363,1,random_row
365,1,random_row
370,1,random_row
377,1,random_row
380,1,random_row
390,1,random_row
398,1,random_row
410,1,random_row
414,1,random_row
419,1,random_row
422,1,random_row
423,1,random_row
428,1,random_row
430,1,random_row
433,1,random_row
435,1,random_row
447,1,random_row
450,1,random_row
461,1,random_row
468,1,random_row
471,1,random_row
477,1,random_row
481,1,random_row
490,1,random_row
493,1,random_row
494,1,random_row
497,1,random_row
500,1,random_row
516,1,random_row
518,1,random_row
522,1,random_row
527,1,random_row
528,1,random_row
535,1,random_row
538,1,random_row
544,1,random_row
551,1,random_row
554,1,random_row
560,1,random_row
570,1,random_row
571,1,random_row
578,1,random_row
582,1,random_row
584,1,random_row
585,1,random_row
588,1,random_row
590,1,random_row
596,1,random_row
597,1,random_row
601,1,random_row
611,1,random_row
613,1,random_row
614,1,random_row
615,1,random_row
617,1,random_row
618,1,random_row
620,1,random_row
621,1,random_row
626,1,random_row
636,1,random_row
660,1,random_row
664,1,random_row
679,1,random_row
680,1,random_row
694,1,random_row
700,1,random_row
704,1,random_row
705,1,random_row
706,1,random_row
712,1,random_row
714,1,random_row
720,1,random_row
724,1,random_row
727,1,random_row
744,1,random_row
756,1,random_row
764,1,random_row
767,1,random_row
772,1,random_row
780,1,random_row
782,1,random_row
798,1,random_row
802,1,random_row
806,1,random_row
813,1,random_row
817,1,random_row
818,1,random_row
819,1,random_row
832,1,random_row
839,1,random_row
844,1,random_row
846,1,random_row
855,1,random_row
861,1,random_row
864,1,random_row
865,1,random_row
874,1,random_row
887,1,random_row
892,1,random_row
893,1,random_row
899,1,random_row
900,1,random_row
905,1,random_row
914,1,random_row
915,1,random_row
921,1,random_row
926,1,random_row
941,1,random_row
943,1,random_row
944,1,random_row
952,1,random_row
962,1,random_row
965,1,random_row
976,1,random_row
984,1,random_row
988,1,random_row
990,1,random_row
998,1,random_row
1005,1,random_row
1018,1,random_row
1029,1,random_row
1043,1,random_row
1046,1,random_row
1049,1,random_row
1074,1,random_row
1084,1,random_row
1101,1,random_row
1102,1,random_row
1103,1,random_row
1106,1,random_row
1110,1,random_row
1111,1,random_row
1113,1,random_row
1125,1,random_row
1145,1,random_row
1151,1,random_row
1156,1,random_row
1159,1,random_row
1165,1,random_row
1169,1,random_row
1170,1,random_row
1173,1,random_row
1190,1,random_row
1191,1,random_row
1193,1,random_row
1204,1,random_row
1208,1,random_row
1209,1,random_row
1216,1,random_row
1221,1,random_row
1222,1,random_row
1228,1,random_row
1229,1,random_row
1230,1,random_row
1232,1,random_row
1235,1,random_row
1239,1,random_row
1244,1,random_row
1246,1,random_row
1249,1,random_row
1252,1,random_row
1260,1,random_row
1262,1,random_row
1272,1,random_row
1277,1,random_row
1281,1,random_row
1287,1,random_row
1298,1,random_row
1299,1,random_row
1301,1,random_row
1303,1,random_row
1311,1,random_row
1312,1,random_row
1314,1,random_row
1315,1,random_row
1318,1,random_row
1319,1,random_row
1320,1,random_row
1323,1,random_row
1325,1,random_row
1336,1,random_row
1346,1,random_row
1347,1,random_row
1348,1,random_row
1353,1,random_row
1358,1,random_row
1360,1,random_row
1365,1,random_row
1368,1,random_row
1370,1,random_row
1373,1,random_row
1377,1,random_row
1378,1,random_row
1383,1,random_row
1385,1,random_row
1389,1,random_row
1391,1,random_row
1399,1,random_row
1402,1,random_row
1406,1,random_row
1407,1,random_row
1414,1,random_row
1419,1,random_row
1420,1,random_row
1421,1,random_row
1425,1,random_row
1432,1,random_row
1441,1,random_row
1442,1,random_row
1449,1,random_row
1452,1,random_row
1458,1,random_row
1460,1,random_row
1464,1,random_row
1465,1,random_row
1467,1,random_row
1494,1,random_row
1507,1,random_row
1509,1,random_row
1517,1,random_row
1518,1,random_row
1524,1,random_row
1525,1,random_row
1531,1,random_row
1535,1,random_row
1538,1,random_row
1545,1,random_row
1546,1,random_row
1547,1,random_row
1548,1,random_row
1553,1,random_row
1557,1,random_row
1564,1,random_row
1565,1,random_row
1567,1,random_row
1570,1,random_row
1572,1,random_row
1574,1,random_row
1575,1,random_row
1577,1,random_row
1578,1,random_row
1591,1,random_row
1593,1,random_row
1596,1,random_row
1601,1,random_row
1603,1,random_row
1605,1,random_row
1609,1,random_row
1615,1,random_row
1620,1,random_row
1623,1,random_row
1628,1,random_row
1630,1,random_row
1634,1,random_row
1645,1,random_row
1647,1,random_row
1651,1,random_row
1652,1,random_row
1655,1,random_row
1656,1,random_row
1658,1,random_row
1659,1,random_row
0,2,random_row
2,2,random_row
3,2,random_row
5,2,random_row
6,2,random_row
7,2,random_row
12,2,random_row
24,2,random_row
25,2,random_row
27,2,random_row
33,2,random_row
39,2,random_row
42,2,random_row
45,2,random_row
47,2,random_row
52,2,random_row
55,2,random_row
60,2,random_row
62,2,random_row
66,2,random_row
68,2,random_row
71,2,random_row
72,2,random_row
74,2,random_row
77,2,random_row
80,2,random_row
82,2,random_row
84,2,random_row
85,2,random_row
92,2,random_row
94,2,random_row
97,2,random_row
102,2,random_row
104,2,random_row
105,2,random_row
106,2,random_row
110,2,random_row
117,2,random_row
120,2,random_row
125,2,random_row
132,2,random_row
136,2,random_row
137,2,random_row
138,2,random_row
139,2,random_row
144,2,random_row
165,2,random_row
167,2,random_row
171,2,random_row
182,2,random_row
183,2,random_row
193,2,random_row
194,2,random_row
204,2,random_row
211,2,random_row
213,2,random_row
215,2,random_row
222,2,random_row
223,2,random_row
224,2,random_row
227,2,random_row
228,2,random_row
232,2,random_row
235,2,random_row
238,2,random_row
242,2,random_row
248,2,random_row
249,2,random_row
256,2,random_row
258,2,random_row
260,2,random_row
267,2,random_row
272,2,random_row
273,2,random_row
280,2,random_row
281,2,random_row
299,2,random_row
302,2,random_row
305,2,random_row
307,2,random_row
311,2,random_row
314,2,random_row
318,2,random_row
319,2,random_row
321,2,random_row
325,2,random_row
328,2,random_row
329,2,random_row
333,2,random_row
334,2,random_row
336,2,random_row
349,2,random_row
359,2,random_row
362,2,random_row
364,2,random_row
368,2,random_row
375,2,random_row
376,2,random_row
388,2,random_row
393,2,random_row
404,2,random_row
409,2,random_row
421,2,random_row
424,2,random_row
434,2,random_row
436,2,random_row
440,2,random_row
442,2,random_row
445,2,random_row
446,2,random_row
448,2,random_row
457,2,random_row
458,2,random_row
465,2,random_row
467,2,random_row
480,2,random_row
503,2,random_row
505,2,random_row
507,2,random_row
519,2,random_row
523,2,random_row
525,2,random_row
531,2,random_row
533,2,random_row
536,2,random_row
541,2,random_row
542,2,random_row
545,2,random_row
547,2,random_row
549,2,random_row
553,2,random_row
558,2,random_row
572,2,random_row
573,2,random_row
579,2,random_row
581,2,random_row
594,2,random_row
603,2,random_row
605,2,random_row
609,2,random_row
622,2,random_row
624,2,random_row
630,2,random_row
638,2,random_row
644,2,random_row
649,2,random_row
661,2,random_row
665,2,random_row
666,2,random_row
672,2,random_row
673,2,random_row
676,2,random_row
688,2,random_row
691,2,random_row
693,2,random_row
695,2,random_row
716,2,random_row
718,2,random_row
730,2,random_row
733,2,random_row
737,2,random_row
746,2,random_row
754,2,random_row
762,2,random_row
765,2,random_row
770,2,random_row
771,2,random_row
778,2,random_row
788,2,random_row
793,2,random_row
796,2,random_row
799,2,random_row
803,2,random_row
807,2,random_row
808,2,random_row
809,2,random_row
812,2,random_row
824,2,random_row
826,2,random_row
842,2,random_row
843,2,random_row
845,2,random_row
847,2,random_row
849,2,random_row
852,2,random_row
858,2,random_row
862,2,random_row
869,2,random_row
873,2,random_row
901,2,random_row
904,2,random_row
906,2,random_row
909,2,random_row
917,2,random_row
918,2,random_row
922,2,random_row
925,2,random_row
936,2,random_row
939,2,random_row
946,2,random_row
948,2,random_row
963,2,random_row
966,2,random_row
973,2,random_row
974,2,random_row
979,2,random_row
985,2,random_row
989,2,random_row
993,2,random_row
994,2,random_row
997,2,random_row
999,2,random_row
1001,2,random_row
1004,2,random_row
1010,2,random_row
1023,2,random_row
1026,2,random_row
1027,2,random_row
1036,2,random_row
1041,2,random_row
1047,2,random_row
1050,2,random_row
1053,2,random_row
1057,2,random_row
1058,2,random_row
1061,2,random_row
1068,2,random_row
1083,2,random_row
1087,2,random_row
1088,2,random_row
1091,2,random_row
1093,2,random_row
1094,2,random_row
1096,2,random_row
1107,2,random_row
1116,2,random_row
1124,2,random_row
1134,2,random_row
1137,2,random_row
1138,2,random_row
1140,2,random_row
1142,2,random_row
1144,2,random_row
1179,2,random_row
1187,2,random_row
1189,2,random_row
1192,2,random_row
1196,2,random_row
1197,2,random_row
1200,2,random_row
1205,2,random_row
1210,2,random_row
1211,2,random_row
1225,2,random_row
1236,2,random_row
1242,2,random_row
1247,2,random_row
1253,2,random_row
1255,2,random_row
1261,2,random_row
1263,2,random_row
1268,2,random_row
1271,2,random_row
1274,2,random_row
1280,2,random_row
1284,2,random_row
1288,2,random_row
1289,2,random_row
1292,2,random_row
1302,2,random_row
1310,2,random_row
1316,2,random_row
1317,2,random_row
1324,2,random_row
1328,2,random_row
1329,2,random_row
1331,2,random_row
1335,2,random_row
1338,2,random_row
1339,2,random_row
1340,2,random_row
1343,2,random_row
1344,2,random_row
1345,2,random_row
1351,2,random_row
1352,2,random_row
1361,2,random_row
1375,2,random_row
1384,2,random_row
1392,2,random_row
1393,2,random_row
1394,2,random_row
1395,2,random_row
1417,2,random_row
1424,2,random_row
1429,2,random_row
1436,2,random_row
1440,2,random_row
1444,2,random_row
1446,2,random_row
1448,2,random_row
1450,2,random_row
1463,2,random_row
1466,2,random_row
1474,2,random_row
1477,2,random_row
1480,2,random_row
1481,2,random_row
1483,2,random_row
1487,2,random_row
1489,2,random_row
1496,2,random_row
1498,2,random_row
1502,2,random_row
1506,2,random_row
1514,2,random_row
1516,2,random_row
1521,2,random_row
1539,2,random_row
1540,2,random_row
1541,2,random_row
1552,2,random_row
1586,2,random_row
1592,2,random_row
1594,2,random_row
1599,2,random_row
1612,2,random_row
1627,2,random_row
1631,2,random_row
1637,2,random_row
1640,2,random_row
1641,2,random_row
1663,2,random_row
4,3,random_row
9,3,random_row
11,3,random_row
16,3,random_row
17,3,random_row
19,3,random_row
22,3,random_row
28,3,random_row
35,3,random_row
36,3,random_row
38,3,random_row
46,3,random_row
50,3,random_row
57,3,random_row
61,3,random_row
75,3,random_row
79,3,random_row
89,3,random_row
90,3,random_row
93,3,random_row
108,3,random_row
114,3,random_row
116,3,random_row
118,3,random_row
119,3,random_row
127,3,random_row
133,3,random_row
145,3,random_row
149,3,random_row
153,3,random_row
154,3,random_row
157,3,random_row
159,3,random_row
169,3,random_row
172,3,random_row
176,3,random_row
180,3,random_row
190,3,random_row
191,3,random_row
217,3,random_row
234,3,random_row
245,3,random_row
250,3,random_row
255,3,random_row
257,3,random_row
263,3,random_row
264,3,random_row
268,3,random_row
278,3,random_row
284,3,random_row
301,3,random_row
304,3,random_row
313,3,random_row
320,3,random_row
335,3,random_row
338,3,random_row
340,3,random_row
347,3,random_row
356,3,random_row
357,3,random_row
369,3,random_row
372,3,random_row
373,3,random_row
386,3,random_row
389,3,random_row
395,3,random_row
396,3,random_row
399,3,random_row
407,3,random_row
412,3,random_row
417,3,random_row
431,3,random_row
443,3,random_row
444,3,random_row
449,3,random_row
454,3,random_row
456,3,random_row
460,3,random_row
470,3,random_row
473,3,random_row
475,3,random_row
476,3,random_row
487,3,random_row
489,3,random_row
491,3,random_row
496,3,random_row
498,3,random_row
499,3,random_row
501,3,random_row
504,3,random_row
511,3,random_row
512,3,random_row
515,3,random_row
517,3,random_row
521,3,random_row
537,3,random_row
539,3,random_row
546,3,random_row
557,3,random_row
559,3,random_row
568,3,random_row
569,3,random_row
574,3,random_row
580,3,random_row
587,3,random_row
593,3,random_row
595,3,random_row
604,3,random_row
606,3,random_row
616,3,random_row
625,3,random_row
633,3,random_row
635,3,random_row
652,3,random_row
653,3,random_row
655,3,random_row
656,3,random_row
657,3,random_row
658,3,random_row
662,3,random_row
667,3,random_row
671,3,random_row
675,3,random_row
684,3,random_row
685,3,random_row
689,3,random_row
690,3,random_row
696,3,random_row
697,3,random_row
703,3,random_row
708,3,random_row
713,3,random_row
717,3,random_row
726,3,random_row
728,3,random_row
731,3,random_row
732,3,random_row
734,3,random_row
735,3,random_row
738,3,random_row
739,3,random_row
740,3,random_row
750,3,random_row
753,3,random_row
758,3,random_row
760,3,random_row
761,3,random_row
768,3,random_row
773,3,random_row
783,3,random_row
784,3,random_row
789,3,random_row
790,3,random_row
801,3,random_row
814,3,random_row
822,3,random_row
823,3,random_row
825,3,random_row
827,3,random_row
828,3,random_row
830,3,random_row
833,3,random_row
837,3,random_row
848,3,random_row
850,3,random_row
851,3,random_row
853,3,random_row
866,3,random_row
868,3,random_row
872,3,random_row
875,3,random_row
876,3,random_row
882,3,random_row
884,3,random_row
885,3,random_row
890,3,random_row
894,3,random_row
895,3,random_row
902,3,random_row
908,3,random_row
911,3,random_row
912,3,random_row
919,3,random_row
920,3,random_row
924,3,random_row
927,3,random_row
933,3,random_row
934,3,random_row
935,3,random_row
945,3,random_row
947,3,random_row
953,3,random_row
958,3,random_row
959,3,random_row
961,3,random_row
967,3,random_row
969,3,random_row
970,3,random_row
971,3,random_row
977,3,random_row
980,3,random_row
991,3,random_row
992,3,random_row
996,3,random_row
1002,3,random_row
1003,3,random_row
1008,3,random_row
1011,3,random_row
1015,3,random_row
1019,3,random_row
1024,3,random_row
1031,3,random_row
1032,3,random_row
1033,3,random_row
1035,3,random_row
1039,3,random_row
1042,3,random_row
1048,3,random_row
1055,3,random_row
1062,3,random_row
1063,3,random_row
1065,3,random_row
1066,3,random_row
1069,3,random_row
1070,3,random_row
1072,3,random_row
1075,3,random_row
1077,3,random_row
1081,3,random_row
1092,3,random_row
1098,3,random_row
1099,3,random_row
1100,3,random_row
1105,3,random_row
1115,3,random_row
1119,3,random_row
1120,3,random_row
1121,3,random_row
1127,3,random_row
1131,3,random_row
1139,3,random_row
1141,3,random_row
1146,3,random_row
1148,3,random_row
1150,3,random_row
1157,3,random_row
1161,3,random_row
1164,3,random_row
1166,3,random_row
1195,3,random_row
1199,3,random_row
1201,3,random_row
1213,3,random_row
1217,3,random_row
1219,3,random_row
1226,3,random_row
1234,3,random_row
1237,3,random_row
1243,3,random_row
1245,3,random_row
1265,3,random_row
1269,3,random_row
1270,3,random_row
1276,3,random_row
1279,3,random_row
1285,3,random_row
1286,3,random_row
1293,3,random_row
1296,3,random_row
1304,3,random_row
1307,3,random_row
1309,3,random_row
1313,3,random_row
1326,3,random_row
1330,3,random_row
1334,3,random_row
1356,3,random_row
1357,3,random_row
1359,3,random_row
1366,3,random_row
1374,3,random_row
1381,3,random_row
1386,3,random_row
1387,3,random_row
1398,3,random_row
1404,3,random_row
1405,3,random_row
1423,3,random_row
1427,3,random_row
1433,3,random_row
1435,3,random_row
1439,3,random_row
1447,3,random_row
1455,3,random_row
1468,3,random_row
1476,3,random_row
1479,3,random_row
1486,3,random_row
1488,3,random_row
1491,3,random_row
1505,3,random_row
1510,3,random_row
1519,3,random_row
1534,3,random_row
1551,3,random_row
1556,3,random_row
1559,3,random_row
1560,3,random_row
1569,3,random_row
1579,3,random_row
1580,3,random_row
1581,3,random_row
1582,3,random_row
1583,3,random_row
1589,3,random_row
1595,3,random_row
1602,3,random_row
1608,3,random_row
1617,3,random_row
1619,3,random_row
1624,3,random_row
1625,3,random_row
1626,3,random_row
1632,3,random_row
1636,3,random_row
1639,3,random_row
1642,3,random_row
1643,3,random_row
1649,3,random_row
1650,3,random_row
1654,3,random_row
1662,3,random_row
1664,3,random_row
1,4,random_row
8,4,random_row
13,4,random_row
14,4,random_row
20,4,random_row
21,4,random_row
26,4,random_row
34,4,random_row
37,4,random_row
40,4,random_row
53,4,random_row
64,4,random_row
87,4,random_row
91,4,random_row
95,4,random_row
98,4,random_row
103,4,random_row
112,4,random_row
121,4,random_row
122,4,random_row
130,4,random_row
134,4,random_row
143,4,random_row
146,4,random_row
150,4,random_row
151,4,random_row
152,4,random_row
160,4,random_row
161,4,random_row
166,4,random_row
186,4,random_row
187,4,random_row
189,4,random_row
197,4,random_row
200,4,random_row
201,4,random_row
202,4,random_row
205,4,random_row
206,4,random_row
207,4,random_row
216,4,random_row
219,4,random_row
225,4,random_row
229,4,random_row
230,4,random_row
241,4,random_row
246,4,random_row
252,4,random_row
253,4,random_row
262,4,random_row
269,4,random_row
276,4,random_row
279,4,random_row
283,4,random_row
288,4,random_row
293,4,random_row
295,4,random_row
315,4,random_row
317,4,random_row
330,4,random_row
337,4,random_row
343,4,random_row
345,4,random_row
378,4,random_row
379,4,random_row
384,4,random_row
385,4,random_row
387,4,random_row
391,4,random_row
392,4,random_row
397,4,random_row
400,4,random_row
401,4,random_row
402,4,random_row
403,4,random_row
406,4,random_row
418,4,random_row
437,4,random_row
441,4,random_row
452,4,random_row
455,4,random_row
459,4,random_row
463,4,random_row
466,4,random_row
469,4,random_row
472,4,random_row
474,4,random_row
484,4,random_row
488,4,random_row
492,4,random_row
502,4,random_row
508,4,random_row
509,4,random_row
510,4,random_row
520,4,random_row
524,4,random_row
540,4,random_row
550,4,random_row
556,4,random_row
562,4,random_row
563,4,random_row
564,4,random_row
565,4,random_row
577,4,random_row
586,4,random_row
592,4,random_row
600,4,random_row
608,4,random_row
612,4,random_row
623,4,random_row
627,4,random_row
632,4,random_row
639,4,random_row
640,4,random_row
641,4,random_row
642,4,random_row
645,4,random_row
646,4,random_row
647,4,random_row
648,4,random_row
659,4,random_row
663,4,random_row
681,4,random_row
683,4,random_row
686,4,random_row
687,4,random_row
698,4,random_row
699,4,random_row
702,4,random_row
709,4,random_row
719,4,random_row
725,4,random_row
729,4,random_row
742,4,random_row
747,4,random_row
748,4,random_row
749,4,random_row
751,4,random_row
763,4,random_row
766,4,random_row
769,4,random_row
775,4,random_row
776,4,random_row
779,4,random_row
791,4,random_row
794,4,random_row
795,4,random_row
797,4,random_row
800,4,random_row
804,4,random_row
805,4,random_row
815,4,random_row
821,4,random_row
831,4,random_row
835,4,random_row
840,4,random_row
854,4,random_row
856,4,random_row
860,4,random_row
863,4,random_row
870,4,random_row
871,4,random_row
877,4,random_row
878,4,random_row
880,4,random_row
883,4,random_row
891,4,random_row
896,4,random_row
897,4,random_row
913,4,random_row
928,4,random_row
929,4,random_row
951,4,random_row
954,4,random_row
955,4,random_row
956,4,random_row
957,4,random_row
960,4,random_row
972,4,random_row
975,4,random_row
981,4,random_row
995,4,random_row
1012,4,random_row
1014,4,random_row
1016,4,random_row
1017,4,random_row
1020,4,random_row
1021,4,random_row
1025,4,random_row
1028,4,random_row
1038,4,random_row
1044,4,random_row
1045,4,random_row
1051,4,random_row
1056,4,random_row
1059,4,random_row
1060,4,random_row
1064,4,random_row
1071,4,random_row
1076,4,random_row
1082,4,random_row
1086,4,random_row
1095,4,random_row
1104,4,random_row
1109,4,random_row
1122,4,random_row
1123,4,random_row
1126,4,random_row
1129,4,random_row
1130,4,random_row
1135,4,random_row
1136,4,random_row
1143,4,random_row
1147,4,random_row
1152,4,random_row
1153,4,random_row
1154,4,random_row
1158,4,random_row
1162,4,random_row
1171,4,random_row
1180,4,random_row
1183,4,random_row
1184,4,random_row
1186,4,random_row
1194,4,random_row
1207,4,random_row
1215,4,random_row
1218,4,random_row
1224,4,random_row
1238,4,random_row
1241,4,random_row
1248,4,random_row
1250,4,random_row
1254,4,random_row
1256,4,random_row
1257,4,random_row
1264,4,random_row
1266,4,random_row
1267,4,random_row
1275,4,random_row
1282,4,random_row
1291,4,random_row
1294,4,random_row
1297,4,random_row
1300,4,random_row
1306,4,random_row
1321,4,random_row
1327,4,random_row
1332,4,random_row
1337,4,random_row
1349,4,random_row
1354,4,random_row
1355,4,random_row
1363,4,random_row
1367,4,random_row
1369,4,random_row
1371,4,random_row
1372,4,random_row
1380,4,random_row
1382,4,random_row
1388,4,random_row
1390,4,random_row
1396,4,random_row
1397,4,random_row
1400,4,random_row
1403,4,random_row
1408,4,random_row
1409,4,random_row
1410,4,random_row
1411,4,random_row
1412,4,random_row
1413,4,random_row
1422,4,random_row
1426,4,random_row
1430,4,random_row
1434,4,random_row
1437,4,random_row
1445,4,random_row
1451,4,random_row
1456,4,random_row
1457,4,random_row
1459,4,random_row
1462,4,random_row
1470,4,random_row
1472,4,random_row
1475,4,random_row
1478,4,random_row
1482,4,random_row
1484,4,random_row
1485,4,random_row
1490,4,random_row
1495,4,random_row
1497,4,random_row
1499,4,random_row
1500,4,random_row
1501,4,random_row
1504,4,random_row
1508,4,random_row
1512,4,random_row
1513,4,random_row
1515,4,random_row
1522,4,random_row
1523,4,random_row
1526,4,random_row
1528,4,random_row
1533,4,random_row
1536,4,random_row
1537,4,random_row
1543,4,random_row
1558,4,random_row
1561,4,random_row
1562,4,random_row
1563,4,random_row
1566,4,random_row
1568,4,random_row
1571,4,random_row
1576,4,random_row
1584,4,random_row
1585,4,random_row
1587,4,random_row
1590,4,random_row
1597,4,random_row
1600,4,random_row
1613,4,random_row
1614,4,random_row
1618,4,random_row
1621,4,random_row
1622,4,random_row
1635,4,random_row
1638,4,random_row
1648,4,random_row
1657,4,random_row
1661,4,random_row
