Tag,Inorganic phosphor,Host,1st dopant,1st dopant valency,1st doping concentration,2nd dopant,2nd dopant valency,2nd doping concentration ,Temp. (K),Emission max. (nm),CIE x coordinate,CIE y coordinate,Int. quantum efficiency (%),Ext. quantum efficiency (%),Thermal quenching temp. (K),Excitation source (nm),1st Excitation max. (nm),2nd Excitation max. (nm),3rd Excitation max. (nm),Log10 Decay time ( log10[ns]),Decay time (ns),Monitoring energy (nm),Reference,Publisher,MP-ID,ICSD-ID,LOF-Score,Journal,ISSN,Year
1,Ba2Bi0.95V3O11Eu0.05,Ba2Bi0.95V3O11,Eu,3,0.05,,,,298,619,,,,,,394,394,465,,6.017033339,1040000,619,https://doi.org/10.1016/j.dyepig.2016.04.052,ESV,mp-559941 , icsd-78156,0.965171867,Dyes and Pigments,0143-7208,2016
2,Ba2Bi0.8V3O11Eu0.2,Ba2Bi0.8V3O11,Eu,3,0.2,,,,298,619,,,,,,394,394,465,,6,1000000,619,https://doi.org/10.1016/j.dyepig.2016.04.052,ESV,mp-559941 , icsd-78156,0.979538963,Dyes and Pigments,0143-7208,2016
3,Ba2Bi0.6V3O11Eu0.4,Ba2Bi0.6V3O11,Eu,3,0.4,,,,298,619,,,,,,394,394,465,,6,1000000,619,https://doi.org/10.1016/j.dyepig.2016.04.052,ESV,mp-559941 , icsd-78156,0.979536504,Dyes and Pigments,0143-7208,2016
4,Ba2Bi0.4V3O11Eu0.6,Ba2Bi0.4V3O11,Eu,3,0.6,,,,298,619,0.65,0.35,,,451,394,394,465,,5.982271233,960000,619,https://doi.org/10.1016/j.dyepig.2016.04.052,ESV,mp-559941 , icsd-78156,1.035120852,Dyes and Pigments,0143-7208,2016
5,Ba2Bi0.2V3O11Eu0.8,Ba2Bi0.2V3O11,Eu,3,0.8,,,,298,619,,,,,,394,394,465,,5.755874856,570000,619,https://doi.org/10.1016/j.dyepig.2016.04.052,ESV,mp-559941 , icsd-78156,0.989919239,Dyes and Pigments,0143-7208,2016
6,Ba2V3O11Eu1,Ba2V3O11,Eu,3,1,,,,298,619,,,,,,394,394,465,,5.278753601,190000,619,https://doi.org/10.1016/j.dyepig.2016.04.052,ESV,mp-559941 , icsd-78156,0.968880417,Dyes and Pigments,0143-7208,2016
7,CaLa0.98B7O13Eu0.02,CaLa0.98B7O13,Eu,3,0.02,,,,298,613,0.544,0.455,13.2,,,395,,,,,,613,https://doi.org/10.1016/j.ijleo.2017.10.161,ESV,,,1.085866348,Optik,0030-4026,2018
8,CaLa0.92B7O13Eu0.08,CaLa0.92B7O13,Eu,3,0.08,,,,298,613,0.564,0.435,16.1,,,395,,,,,,613,https://doi.org/10.1016/j.ijleo.2017.10.161,ESV,,,1.08092588,Optik,0030-4026,2018
9,CaLa0.85B7O13Eu0.15,CaLa0.85B7O13,Eu,3,0.15,,,,298,613,0.579,0.418,18.9,,,395,,,,,,613,https://doi.org/10.1016/j.ijleo.2017.10.161,ESV,,,1.07928537,Optik,0030-4026,2018
10,CaLa0.65B7O13Eu0.35,CaLa0.65B7O13,Eu,3,0.35,,,,298,613,0.611,0.388,15.6,,,395,395,378,465,,,613,https://doi.org/10.1016/j.ijleo.2017.10.161,ESV,,,1.119337437,Optik,0030-4026,2018
11,CaLa0.55B7O13Eu0.45,CaLa0.55B7O13,Eu,3,0.45,,,,298,613,0.607,0.393,12.6,,,395,,,,,,613,https://doi.org/10.1016/j.ijleo.2017.10.161,ESV,,,1.106730554,Optik,0030-4026,2018
12,CaLa0.45B7O13Eu0.55,CaLa0.45B7O13,Eu,3,0.55,,,,298,613,0.594,0.405,10.1,,,395,,,,,,613,https://doi.org/10.1016/j.ijleo.2017.10.161,ESV,,,1.112098081,Optik,0030-4026,2018
13,Sr8ZnScP7O28Tb0.02,Sr8ZnScP7O28,Tb,3,0.02,,,,298,546,0.205,0.186,,,,370,370,378,352,0.068185862,1.17,546,https://doi.org/10.1039/C8TC03515F,RSC,,,1.195259044,Journal of Materials Chemistry C,2050-7526,2018
14,Sr8ZnScP7O28Tb0.06,Sr8ZnScP7O28,Tb,3,0.06,,,,298,546,0.215,0.273,,,,370,370,378,352,,,546,https://doi.org/10.1039/C8TC03515F,RSC,,,1.976398099,Journal of Materials Chemistry C,2050-7526,2018
15,Sr8ZnScP7O28Tb0.1,Sr8ZnScP7O28,Tb,3,0.1,,,,298,546,0.219,0.303,,,,370,,,,0.021189299,1.05,546,https://doi.org/10.1039/C8TC03515F,RSC,,,1.194739651,Journal of Materials Chemistry C,2050-7526,2018
16,Sr8ZnScP7O28Tb0.12,Sr8ZnScP7O28,Tb,3,0.12,,,,298,546,0.241,0.376,,,,370,,,,,,546,https://doi.org/10.1039/C8TC03515F,RSC,,,1.978353916,Journal of Materials Chemistry C,2050-7526,2018
17,Sr8ZnScP7O28Tb0.14,Sr8ZnScP7O28,Tb,3,0.14,,,,298,546,0.245,0.411,,,,370,370,378,352,0.23299611,1.71,546,https://doi.org/10.1039/C8TC03515F,RSC,,,1.199701184,Journal of Materials Chemistry C,2050-7526,2018
18,Na2.98Sc2P3O12Eu0.01,Na2.98Sc2P3O12,Eu,2,0.01,,,,298,453,,,31.5,,,370,320,250,,2.612783857,410,453,https://doi.org/10.1038/nmat4843,SN,"mp-16956, mp-1221280, mp-555608", icsd-65406 icsd-20740,1.091234641,Nature Materials,1476-1122,2017
19,Na2.98Sc2P3O12Eu0.01,Na2.98Sc2P3O12,Eu,2,0.01,,,,323,453,,,33,,,370,320,250,,2.62324929,420,453,https://doi.org/10.1038/nmat4843,SN,"mp-16956, mp-1221280, mp-555608", icsd-65406 icsd-20740,1.08832491,Nature Materials,1476-1122,2017
20,Na2.98Sc2P3O12Eu0.01,Na2.98Sc2P3O12,Eu,2,0.01,,,,373,453,,,59.7,,,370,320,250,,2.643452676,440,453,https://doi.org/10.1038/nmat4843,SN,"mp-16956, mp-1221280, mp-555608", icsd-65406 icsd-20740,1.086799486,Nature Materials,1476-1122,2017
21,Na2.98Sc2P3O12Eu0.01,Na2.98Sc2P3O12,Eu,2,0.01,,,,423,453,,,69.6,,,370,320,250,,2.633468456,430,453,https://doi.org/10.1038/nmat4843,SN,"mp-16956, mp-1221280, mp-555608", icsd-65406 icsd-20740,1.10073604,Nature Materials,1476-1122,2017
22,Na2.98Sc2P3O12Eu0.01,Na2.98Sc2P3O12,Eu,2,0.01,,,,473,453,,,,,,370,320,250,,2.62324929,420,453,https://doi.org/10.1038/nmat4843,SN,"mp-16956, mp-1221280, mp-555608", icsd-65406 icsd-20740,1.118192064,Nature Materials,1476-1122,2017
23,Na2.94Sc2P3O12Eu0.03,Na2.94Sc2P3O12,Eu,2,0.03,,,,298,453,0.295,0.36,64.1,,,370,313,250,,2.591064607,390,453,https://doi.org/10.1038/nmat4843,SN,"mp-16956, mp-1221280, mp-555608", icsd-65406 icsd-20740,1.099733465,Nature Materials,1476-1122,2017
24,Na2.94Sc2P3O12Eu0.03,Na2.94Sc2P3O12,Eu,2,0.03,,,,323,453,,,66.2,,,370,313,250,,2.602059991,400,453,https://doi.org/10.1038/nmat4843,SN,"mp-16956, mp-1221280, mp-555608", icsd-65406 icsd-20740,1.096378502,Nature Materials,1476-1122,2017
25,Na2.94Sc2P3O12Eu0.03,Na2.94Sc2P3O12,Eu,2,0.03,,,,373,453,,,67.5,,,370,313,250,,2.633468456,430,453,https://doi.org/10.1038/nmat4843,SN,"mp-16956, mp-1221280, mp-555608", icsd-65406 icsd-20740,1.090146217,Nature Materials,1476-1122,2017
26,Na2.94Sc2P3O12Eu0.03,Na2.94Sc2P3O12,Eu,2,0.03,,,,423,453,,,72.4,,,370,313,250,,2.653212514,450,453,https://doi.org/10.1038/nmat4843,SN,"mp-16956, mp-1221280, mp-555608", icsd-65406 icsd-20740,1.094112679,Nature Materials,1476-1122,2017
27,Na2.94Sc2P3O12Eu0.03,Na2.94Sc2P3O12,Eu,2,0.03,,,,473,453,,,,,,370,313,250,,2.62324929,420,453,https://doi.org/10.1038/nmat4843,SN,"mp-16956, mp-1221280, mp-555608", icsd-65406 icsd-20740,1.118148577,Nature Materials,1476-1122,2017
28,Na2.86Sc2P3O12Eu0.07,Na2.86Sc2P3O12,Eu,2,0.07,,,,298,453,,,50,,,370,300,250,,2.447158031,280,453,https://doi.org/10.1038/nmat4843,SN,"mp-16956, mp-1221280, mp-555608", icsd-65406 icsd-20740,1.054777552,Nature Materials,1476-1122,2017
29,Na2.86Sc2P3O12Eu0.07,Na2.86Sc2P3O12,Eu,2,0.07,,,,323,453,,,50.7,,,370,300,250,,2.462397998,290,453,https://doi.org/10.1038/nmat4843,SN,"mp-16956, mp-1221280, mp-555608", icsd-65406 icsd-20740,1.055018814,Nature Materials,1476-1122,2017
30,Na2.86Sc2P3O12Eu0.07,Na2.86Sc2P3O12,Eu,2,0.07,,,,373,453,,,52.6,,,370,300,250,,2.477121255,300,453,https://doi.org/10.1038/nmat4843,SN,"mp-16956, mp-1221280, mp-555608", icsd-65406 icsd-20740,1.073218214,Nature Materials,1476-1122,2017
31,Na2.86Sc2P3O12Eu0.07,Na2.86Sc2P3O12,Eu,2,0.07,,,,423,453,,,54.7,,,370,300,250,,2.51851394,330,453,https://doi.org/10.1038/nmat4843,SN,"mp-16956, mp-1221280, mp-555608", icsd-65406 icsd-20740,1.083513306,Nature Materials,1476-1122,2017
32,Na2.86Sc2P3O12Eu0.07,Na2.86Sc2P3O12,Eu,2,0.07,,,,473,453,,,,,,370,300,250,,2.505149978,320,453,https://doi.org/10.1038/nmat4843,SN,"mp-16956, mp-1221280, mp-555608", icsd-65406 icsd-20740,1.095751306,Nature Materials,1476-1122,2017
33,Ba3YAl2O7.5Ce0.03,Ba3YAl2O7.5,Ce,3,0.03,,,,298,478,,,,,,330,325,,,0.913283902,8.19,400,https://doi.org/10.1016/j.cej.2017.01.044,ESV,mp-1214519,,1.02001926,Chemical Engineering Journal,1385-8947,2017
34,Ba3YAl2O7.5Ce0.03,Ba3YAl2O7.5,Ce,3,0.03,,,,298,478,,,,,,330,368,,,1.546912643,35.23,480,https://doi.org/10.1016/j.cej.2017.01.044,ESV,mp-1214519,,1.007890988,Chemical Engineering Journal,1385-8947,2017
35,Ba3YAl2O7.5Ce0.03,Ba3YAl2O7.5,Ce,3,0.03,,,,298,478,,,,,,330,368,,,1.521661015,33.24,520,https://doi.org/10.1016/j.cej.2017.01.044,ESV,mp-1214519,,1.012409343,Chemical Engineering Journal,1385-8947,2017
36,Ba3YAl2O7.5Ce0.03,Ba3YAl2O7.5,Ce,3,0.03,,,,298,478,0.1852,0.3139,,,423,375,368,,,1.545430829,35.11,480,https://doi.org/10.1016/j.cej.2017.01.044,ESV,mp-1214519,,1.009813857,Chemical Engineering Journal,1385-8947,2017
37,Ba3Y0.9Lu0.1Al2O7.5Ce0.03,Ba3Y0.9Lu0.1Al2O7.5,Ce,3,0.03,,,,298,478,0.193,0.336,,,,375,373,,,1.499136995,31.56,480,https://doi.org/10.1016/j.cej.2017.01.044,ESV,mp-1214519,,1.079954621,Chemical Engineering Journal,1385-8947,2017
38,Ba3Y0.8Lu0.2Al2O7.5Ce0.03,Ba3Y0.8Lu0.2Al2O7.5,Ce,3,0.03,,,,298,481,0.197,0.3427,,,,375,374,,,1.461198289,28.92,480,https://doi.org/10.1016/j.cej.2017.01.044,ESV,mp-1214519,,1.080348573,Chemical Engineering Journal,1385-8947,2017
39,Ba3Y0.7Lu0.3Al2O7.5Ce0.03,Ba3Y0.7Lu0.3Al2O7.5,Ce,3,0.03,,,,298,485,0.1978,0.3719,,,,375,383,,,1.418798291,26.23,480,https://doi.org/10.1016/j.cej.2017.01.044,ESV,mp-1214519,,1.080790877,Chemical Engineering Journal,1385-8947,2017
40,Ba3Y0.6Lu0.4Al2O7.5Ce0.03,Ba3Y0.6Lu0.4Al2O7.5,Ce,3,0.03,,,,298,489,0.2053,0.3864,,,,375,388,,,1.363235804,23.08,480,https://doi.org/10.1016/j.cej.2017.01.044,ESV,mp-1214519,,1.083179043,Chemical Engineering Journal,1385-8947,2017
41,Ba3Y0.5Lu0.5Al2O7.5Ce0.03,Ba3Y0.5Lu0.5Al2O7.5,Ce,3,0.03,,,,298,493,0.2099,0.3992,,,410,375,397,,,1.353339095,22.56,480,https://doi.org/10.1016/j.cej.2017.01.044,ESV,mp-1214519,,1.071729853,Chemical Engineering Journal,1385-8947,2017
53,Ca11Si4O22B2Eu0.005,Ca11Si4O22B2,Eu,2,0.005,,,,298,502,0.247,0.478,,,,365,365,,,,,505,https://doi.org/10.1039/C3TC30933A,RSC,,,2.098937762,Journal of Materials Chemistry C,2050-7526,2013
54,Ca11Si4O22B2Ce0.02,Ca11Si4O22B2,Ce,3,0.02,,,,298,430,0.154,0.082,,,,353,,,,,,,https://doi.org/10.1039/C3TC30933A,RSC,,,2.064472265,Journal of Materials Chemistry C,2050-7526,2013
55,Rb2Bi0.99PO8MoEu0.01,Rb2Bi0.99PO8Mo,Eu,3,0.01,,,,298,615,0.6484,0.3512,25,,,393.5,394,362,380,6.261738547,1827000,615,https://doi.org/10.3390/ma12193275,MDPI,mp-1197894, icsd-426593,1.020531714,Materials,1996-1944,2019
56,Rb2Bi0.99PO8MoEu0.01,Rb2Bi0.99PO8Mo,Eu,3,0.01,,,,300,615,0.6509,0.34877,,,,393.5,394,362,380,6.264817823,1840000,615,https://doi.org/10.3390/ma12193275,MDPI,mp-1197894, icsd-426593,0.964352694,Materials,1996-1944,2019
57,Rb2Bi0.99PO8MoEu0.01,Rb2Bi0.99PO8Mo,Eu,3,0.01,,,,350,615,0.65049,0.34917,,,,393.5,394,362,380,6.25791845,1811000,615,https://doi.org/10.3390/ma12193275,MDPI,mp-1197894, icsd-426593,1.027158049,Materials,1996-1944,2019
58,Rb2Bi0.99PO8MoEu0.01,Rb2Bi0.99PO8Mo,Eu,3,0.01,,,,400,615,0.64938,0.35026,,,,393.5,394,362,380,6.251881455,1786000,615,https://doi.org/10.3390/ma12193275,MDPI,mp-1197894, icsd-426593,0.993379067,Materials,1996-1944,2019
59,Rb2Bi0.99PO8MoEu0.01,Rb2Bi0.99PO8Mo,Eu,3,0.01,,,,450,615,0.64787,0.35172,,,,393.5,394,362,380,6.242789809,1749000,615,https://doi.org/10.3390/ma12193275,MDPI,mp-1197894, icsd-426593,1.010691649,Materials,1996-1944,2019
60,Rb2Bi0.99PO8MoEu0.01,Rb2Bi0.99PO8Mo,Eu,3,0.01,,,,500,615,0.64547,0.35406,,,,393.5,394,362,380,6.23350376,1712000,615,https://doi.org/10.3390/ma12193275,MDPI,mp-1197894, icsd-426593,0.999414507,Materials,1996-1944,2019
61,Rb2Bi0.95PO8MoEu0.05,Rb2Bi0.95PO8Mo,Eu,3,0.05,,,,298,615,0.64663,0.35294,53,,,393.5,394,362,380,6.266231697,1846000,615,https://doi.org/10.3390/ma12193275,MDPI,mp-1197894, icsd-426593,0.991647252,Materials,1996-1944,2019
62,Rb2Bi0.9PO8MoEu0.1,Rb2Bi0.9PO8Mo,Eu,3,0.1,,,,298,615,0.64841,0.35121,70,,,393.5,394,362,380,6.265525335,1843000,615,https://doi.org/10.3390/ma12193275,MDPI,mp-1197894, icsd-426593,0.967609097,Materials,1996-1944,2019
63,Rb2Bi0.75PO8MoEu0.25,Rb2Bi0.75PO8Mo,Eu,3,0.25,,,,298,615,0.65025,0.3494,89,,,393.5,394,362,380,6.277150614,1893000,615,https://doi.org/10.3390/ma12193275,MDPI,mp-1197894, icsd-426593,0.987612847,Materials,1996-1944,2019
64,Rb2Bi0.5PO8MoEu0.5,Rb2Bi0.5PO8Mo,Eu,3,0.5,,,,298,615,0.65099,0.34868,98,,,393.5,394,362,380,6.310480891,2044000,615,https://doi.org/10.3390/ma12193275,MDPI,mp-1197894, icsd-426593,0.995439281,Materials,1996-1944,2019
65,Rb2Bi0.5PO8MoEu0.5,Rb2Bi0.5PO8Mo,Eu,3,0.5,,,,300,615,0.64754,0.35193,,,,393.5,394,362,380,6.304705898,2017000,615,https://doi.org/10.3390/ma12193275,MDPI,mp-1197894, icsd-426593,1.012931979,Materials,1996-1944,2019
66,Rb2Bi0.5PO8MoEu0.5,Rb2Bi0.5PO8Mo,Eu,3,0.5,,,,350,615,0.64752,0.35196,,,,393.5,394,362,380,6.2999429,1995000,615,https://doi.org/10.3390/ma12193275,MDPI,mp-1197894, icsd-426593,1.052854683,Materials,1996-1944,2019
67,Rb2Bi0.5PO8MoEu0.5,Rb2Bi0.5PO8Mo,Eu,3,0.5,,,,400,615,0.64674,0.35273,,,,393.5,394,362,380,6.29578694,1976000,615,https://doi.org/10.3390/ma12193275,MDPI,mp-1197894, icsd-426593,1.017430697,Materials,1996-1944,2019
68,Rb2Bi0.5PO8MoEu0.5,Rb2Bi0.5PO8Mo,Eu,3,0.5,,,,450,615,0.64573,0.3537,,,,393.5,394,362,380,6.290702243,1953000,615,https://doi.org/10.3390/ma12193275,MDPI,mp-1197894, icsd-426593,1.015858395,Materials,1996-1944,2019
69,Rb2Bi0.5PO8MoEu0.5,Rb2Bi0.5PO8Mo,Eu,3,0.5,,,,500,615,0.64379,0.35557,,,,393.5,394,362,380,6.28171497,1913000,615,https://doi.org/10.3390/ma12193275,MDPI,mp-1197894, icsd-426593,1.026143793,Materials,1996-1944,2019
70,Rb2Bi0.25PO8MoEu0.75,Rb2Bi0.25PO8Mo,Eu,3,0.75,,,,298,615,0.651,0.34868,94,,,393.5,394,362,380,6.291146762,1955000,615,https://doi.org/10.3390/ma12193275,MDPI,mp-1197894, icsd-426593,1.015811725,Materials,1996-1944,2019
71,Rb2PO8MoEu1,Rb2PO8Mo,Eu,3,1,,,,298,615,0.65152,0.34816,92,,716,393.5,394,362,380,6.286007122,1932000,615,https://doi.org/10.3390/ma12193275,MDPI,mp-1197894, icsd-426593,1.023120297,Materials,1996-1944,2019
72,Rb2PO8MoEu1,Rb2PO8Mo,Eu,3,1,,,,300,615,0.65081,0.34886,,,,393.5,394,362,380,6.288249226,1942000,615,https://doi.org/10.3390/ma12193275,MDPI,mp-1197894, icsd-426593,1.044835785,Materials,1996-1944,2019
73,Rb2PO8MoEu1,Rb2PO8Mo,Eu,3,1,,,,350,615,0.65048,0.34918,,,,393.5,394,362,380,6.292477594,1961000,615,https://doi.org/10.3390/ma12193275,MDPI,mp-1197894, icsd-426593,1.008875678,Materials,1996-1944,2019
74,Rb2PO8MoEu1,Rb2PO8Mo,Eu,3,1,,,,400,615,0.64974,0.3499,,,,393.5,394,362,380,6.293362555,1965000,615,https://doi.org/10.3390/ma12193275,MDPI,mp-1197894, icsd-426593,1.003755102,Materials,1996-1944,2019
75,Rb2PO8MoEu1,Rb2PO8Mo,Eu,3,1,,,,450,615,0.6483,0.35129,,,,393.5,394,362,380,6.29136885,1956000,615,https://doi.org/10.3390/ma12193275,MDPI,mp-1197894, icsd-426593,1.014087236,Materials,1996-1944,2019
76,Rb2PO8MoEu1,Rb2PO8Mo,Eu,3,1,,,,500,615,0.6461,0.35344,,,,393.5,394,362,380,6.27989498,1905000,615,https://doi.org/10.3390/ma12193275,MDPI,mp-1197894, icsd-426593,0.999047991,Materials,1996-1944,2019
77,Y2Mo4O15Eu0.01,Y2Mo4O15,Eu,3,0.01,,,,298,615,0.6656,0.3341,,30,,393.5,394,465,360,5.911690159,816000,616,https://doi.org/10.1038/srep26098,SN,mp-1203448, icsd-422017,1.097322923,Scientific Reports,2045-2322,2016
78,Y2Mo4O15Eu0.01,Y2Mo4O15,Eu,3,0.01,,,,300,615,0.6639,0.3356,,,,393.5,,,,5.909556029,812000,,https://doi.org/10.1038/srep26098,SN,mp-1203448, icsd-422017,1.058497593,Scientific Reports,2045-2322,2016
79,Y2Mo4O15Eu0.01,Y2Mo4O15,Eu,3,0.01,,,,350,615,0.6632,0.3363,,,,393.5,,,,5.904174368,802000,,https://doi.org/10.1038/srep26098,SN,mp-1203448, icsd-422017,0.992652913,Scientific Reports,2045-2322,2016
80,Y2Mo4O15Eu0.01,Y2Mo4O15,Eu,3,0.01,,,,400,615,0.6613,0.3382,,,,393.5,,,,5.900913068,796000,,https://doi.org/10.1038/srep26098,SN,mp-1203448, icsd-422017,0.999602506,Scientific Reports,2045-2322,2016
81,Y2Mo4O15Eu0.01,Y2Mo4O15,Eu,3,0.01,,,,450,615,0.6578,0.3415,,,,393.5,,,,5.893761762,783000,,https://doi.org/10.1038/srep26098,SN,mp-1203448, icsd-422017,0.996113227,Scientific Reports,2045-2322,2016
82,Y2Mo4O15Eu0.01,Y2Mo4O15,Eu,3,0.01,,,,500,615,0.6527,0.3464,,,,393.5,,,,5.879669206,758000,,https://doi.org/10.1038/srep26098,SN,mp-1203448, icsd-422017,1.041295664,Scientific Reports,2045-2322,2016
83,Y2Mo4O15Eu0.05,Y2Mo4O15,Eu,3,0.05,,,,298,615,0.6656,0.3341,,38,,393.5,394,465,360,5.910090546,813000,616,https://doi.org/10.1038/srep26098,SN,mp-1203448, icsd-422017,1.064906917,Scientific Reports,2045-2322,2016
84,Y2Mo4O15Eu0.1,Y2Mo4O15,Eu,3,0.1,,,,298,615,0.6661,0.3336,,62,349,393.5,394,465,360,5.907411361,808000,616,https://doi.org/10.1038/srep26098,SN,mp-1203448, icsd-422017,1.040110669,Scientific Reports,2045-2322,2016
85,Y2Mo4O15Eu0.1,Y2Mo4O15,Eu,3,0.1,,,,300,615,0.6666,0.3331,,,,393.5,,,,5.903632516,801000,,https://doi.org/10.1038/srep26098,SN,mp-1203448, icsd-422017,0.991232764,Scientific Reports,2045-2322,2016
86,Y2Mo4O15Eu0.1,Y2Mo4O15,Eu,3,0.1,,,,350,615,0.6663,0.3334,,,,393.5,,,,5.900913068,796000,,https://doi.org/10.1038/srep26098,SN,mp-1203448, icsd-422017,0.999607476,Scientific Reports,2045-2322,2016
87,Y2Mo4O15Eu0.1,Y2Mo4O15,Eu,3,0.1,,,,400,615,0.6651,0.3346,,,,393.5,,,,5.895974732,787000,,https://doi.org/10.1038/srep26098,SN,mp-1203448, icsd-422017,1.000186069,Scientific Reports,2045-2322,2016
88,Y2Mo4O15Eu0.1,Y2Mo4O15,Eu,3,0.1,,,,450,615,0.6628,0.3368,,,,393.5,,,,5.88592634,769000,,https://doi.org/10.1038/srep26098,SN,mp-1203448, icsd-422017,1.022773279,Scientific Reports,2045-2322,2016
89,Y2Mo4O15Eu0.1,Y2Mo4O15,Eu,3,0.1,,,,500,615,0.6603,0.3392,,,,393.5,,,,5.86569606,734000,,https://doi.org/10.1038/srep26098,SN,mp-1203448, icsd-422017,1.005996933,Scientific Reports,2045-2322,2016
90,Y2Mo4O15Eu0.25,Y2Mo4O15,Eu,3,0.25,,,,298,615,0.6665,0.3332,,73,,393.5,394,465,360,5.894316063,784000,616,https://doi.org/10.1038/srep26098,SN,mp-1203448, icsd-422017,1.000544061,Scientific Reports,2045-2322,2016
91,Y2Mo4O15Eu0.5,Y2Mo4O15,Eu,3,0.5,,,,298,615,0.6669,0.3328,,77,,393.5,394,465,360,5.861534411,727000,616,https://doi.org/10.1038/srep26098,SN,mp-1203448, icsd-422017,1.039002799,Scientific Reports,2045-2322,2016
92,Y2Mo4O15Eu0.75,Y2Mo4O15,Eu,3,0.75,,,,298,615,0.6668,0.3329,,59,449,393.5,394,465,360,5.778874472,601000,616,https://doi.org/10.1038/srep26098,SN,mp-1203448, icsd-422017,0.980927141,Scientific Reports,2045-2322,2016
93,Y2Mo4O15Eu0.75,Y2Mo4O15,Eu,3,0.75,,,,300,615,0.6672,0.3325,,,,393.5,,,,5.775974331,597000,,https://doi.org/10.1038/srep26098,SN,mp-1203448, icsd-422017,0.992932086,Scientific Reports,2045-2322,2016
94,Y2Mo4O15Eu0.75,Y2Mo4O15,Eu,3,0.75,,,,350,615,0.6667,0.3331,,,,393.5,,,,5.790988475,618000,,https://doi.org/10.1038/srep26098,SN,mp-1203448, icsd-422017,1.019757989,Scientific Reports,2045-2322,2016
95,Y2Mo4O15Eu0.75,Y2Mo4O15,Eu,3,0.75,,,,400,615,0.6654,0.3343,,,,393.5,,,,5.788875116,615000,,https://doi.org/10.1038/srep26098,SN,mp-1203448, icsd-422017,1.02432714,Scientific Reports,2045-2322,2016
96,Y2Mo4O15Eu0.75,Y2Mo4O15,Eu,3,0.75,,,,450,615,0.6636,0.3361,,,,393.5,,,,5.719331287,524000,,https://doi.org/10.1038/srep26098,SN,mp-1203448, icsd-422017,1.089578785,Scientific Reports,2045-2322,2016
97,Y2Mo4O15Eu0.75,Y2Mo4O15,Eu,3,0.75,,,,500,615,0.6611,0.3385,,,,393.5,,,,5.686636269,486000,,https://doi.org/10.1038/srep26098,SN,mp-1203448, icsd-422017,1.01998148,Scientific Reports,2045-2322,2016
98,Sr4Al14O25Ce0.16,Sr4Al14O25,Ce,3,0.16,,,,298,448,0.1677,0.1288,,,,361,361,,,7.126780577,13390000,448,https://doi.org/10.1039/D0TC04618C,RSC,mp-5512, icsd-88527 icsd-27744,1.167626675,Journal of Materials Chemistry C,2050-7526,2021
99,Sr4Al14O25Tb0.12,Sr4Al14O25,Tb,3,0.12,,,,298,544,0.2875,0.4841,,,,378,378,,,,,544,https://doi.org/10.1039/D0TC04618C,RSC,mp-5512, icsd-88527 icsd-27744,1.23665356,Journal of Materials Chemistry C,2050-7526,2021
100,Sr4Al14O25Ce0.16Tb0.02,Sr4Al14O25,Ce,3,0.16,Tb,3,0.02,298,544,0.2627,0.4276,,,,348,348,,,6.761175813,5770000,544,https://doi.org/10.1039/D0TC04618C,RSC,mp-5512, icsd-88527 icsd-27744,1.030680858,Journal of Materials Chemistry C,2050-7526,2021
101,Sr4Al14O25Ce0.16Tb0.04,Sr4Al14O25,Ce,3,0.16,Tb,3,0.04,298,544,0.2877,0.4944,,,,348,348,,,6.768638101,5870000,544,https://doi.org/10.1039/D0TC04618C,RSC,mp-5512, icsd-88527 icsd-27744,1.037147999,Journal of Materials Chemistry C,2050-7526,2021
102,Sr4Al14O25Ce0.16Tb0.08,Sr4Al14O25,Ce,3,0.16,Tb,3,0.08,298,544,0.304,0.5303,47.04,,,348,348,,,6.523746467,3340000,544,https://doi.org/10.1039/D0TC04618C,RSC,mp-5512, icsd-88527 icsd-27744,130.688996,Journal of Materials Chemistry C,2050-7526,2021
103,Sr4Al14O25Ce0.16Tb0.1,Sr4Al14O25,Ce,3,0.16,Tb,3,0.1,298,544,0.3047,0.5359,,,,348,348,,,,,544,https://doi.org/10.1039/D0TC04618C,RSC,mp-5512, icsd-88527 icsd-27744,1.34753627,Journal of Materials Chemistry C,2050-7526,2021
104,Sr4Al14O25Ce0.16Tb0.12,Sr4Al14O25,Ce,3,0.16,Tb,3,0.12,298,544,0.3067,0.5458,,,,348,348,,,6.361727836,2300000,544,https://doi.org/10.1039/D0TC04618C,RSC,mp-5512, icsd-88527 icsd-27744,1.016624998,Journal of Materials Chemistry C,2050-7526,2021
105,Sr4Al14O25Ce0.16Tb0.16,Sr4Al14O25,Ce,3,0.16,Tb,3,0.16,298,544,0.3066,0.5475,,,,348,348,,,6.361727836,2300000,544,https://doi.org/10.1039/D0TC04618C,RSC,mp-5512, icsd-88527 icsd-27744,1.016624998,Journal of Materials Chemistry C,2050-7526,2021
106,Sr4Al14O25Ce0.16Tb0.2,Sr4Al14O25,Ce,3,0.16,Tb,3,0.2,298,544,0.3058,0.5458,,,,348,348,,,6.390935107,2460000,544,https://doi.org/10.1039/D0TC04618C,RSC,mp-5512, icsd-88527 icsd-27744,0.98189271,Journal of Materials Chemistry C,2050-7526,2021
107,Mg3Y1.8Ge3O12Eu0.1,Mg3Y1.8Ge3O12,Eu,3,0.1,,,,298,610,,,,,,348,,,,6.380211242,2400000,544,https://doi.org/10.1039/D0TC04618C,RSC,mp-1216309,,0.973185715,Journal of Materials Chemistry C,2050-7526,2021
108,Mg3Y1.6Ge3O12Eu0.2,Mg3Y1.6Ge3O12,Eu,3,0.2,,,,298,610,,,,,,393,394,464,,6.322219295,2100000,610,https://doi.org/10.1002/advs.201903060,RSC,mp-1216309,,1.028960427,Advanced Science,2198-3844,2020
109,Mg3Y1.4Ge3O12Eu0.3,Mg3Y1.4Ge3O12,Eu,3,0.3,,,,298,610,,,,,,393,,,,6.204119983,1600000,610,https://doi.org/10.1002/advs.201903060,RSC,mp-1216309,,0.956578128,Advanced Science,2198-3844,2020
110,Mg3Y1.2Ge3O12Eu0.4,Mg3Y1.2Ge3O12,Eu,3,0.4,,,,298,610,,,,,,393,394,464,,6.204119983,1600000,610,https://doi.org/10.1002/advs.201903060,RSC,mp-1216309,,0.956579055,Advanced Science,2198-3844,2020
111,Mg3YGe3O12Eu0.5,Mg3YGe3O12,Eu,3,0.5,,,,298,610,,,,,,393,394,464,,6.146128036,1400000,610,https://doi.org/10.1002/advs.201903060,RSC,mp-1216309,,0.991163743,Advanced Science,2198-3844,2020
112,Mg3Y0.4Ge3O12Eu0.8,Mg3Y0.4Ge3O12,Eu,3,0.8,,,,298,610,,,,,,393,394,464,,5.477121255,300000,610,https://doi.org/10.1002/advs.201903060,RSC,mp-1216309,,1.083748512,Advanced Science,2198-3844,2020
113,Mg3Ge3O12Eu1,Mg3Ge3O12,Eu,3,1,,,,298,610,0.637,0.362,,,,393,394,464,,4.698970004,50000,610,https://doi.org/10.1002/advs.201903060,RSC,mp-1216309,,1.038821111,Advanced Science,2198-3844,2020
114,Y3Al5O12Ce0.01,Y3Al5O12,Ce,3,0.01,,,,300,,,,79,,583,454,,,,,,,https://doi.org/10.1039/D0TC03821K,RSC,mp-3050, icsd-67102 icsd-236589 icsd-280104 icsd-41144 icsd-74607 icsd-41145 icsd-67103 icsd-170157 icsd-20090 icsd-93635 icsd-16825 icsd-170158 icsd-31496 icsd-23848 icsd-93634,1.125081121,Journal of Materials Chemistry C,2050-7526,2020
115,Y3Al5O12Ce0.02,Y3Al5O12,Ce,3,0.02,,,,300,,,,85,,488,454,,,,,,,https://doi.org/10.1039/D0TC03821K,RSC,mp-3050, icsd-67102 icsd-236589 icsd-280104 icsd-41144 icsd-74607 icsd-41145 icsd-67103 icsd-170157 icsd-20090 icsd-93635 icsd-16825 icsd-170158 icsd-31496 icsd-23848 icsd-93634,1.097291121,Journal of Materials Chemistry C,2050-7526,2020
116,Y3Al5O12Ce0.03,Y3Al5O12,Ce,3,0.03,,,,300,,,,84,,525,454,,,,,,,https://doi.org/10.1039/D0TC03821K,RSC,mp-3050, icsd-67102 icsd-236589 icsd-280104 icsd-41144 icsd-74607 icsd-41145 icsd-67103 icsd-170157 icsd-20090 icsd-93635 icsd-16825 icsd-170158 icsd-31496 icsd-23848 icsd-93634,1.096697486,Journal of Materials Chemistry C,2050-7526,2020
117,Y3Al5O12Ce0.01,Y3Al5O12,Ce,3,0.01,,,,300,,,,51,,642,340,,,,,,,https://doi.org/10.1039/D0TC03821K,RSC,mp-3050, icsd-67102 icsd-236589 icsd-280104 icsd-41144 icsd-74607 icsd-41145 icsd-67103 icsd-170157 icsd-20090 icsd-93635 icsd-16825 icsd-170158 icsd-31496 icsd-23848 icsd-93634,1.147118973,Journal of Materials Chemistry C,2050-7526,2020
118,Y3Al5O12Ce0.02,Y3Al5O12,Ce,3,0.02,,,,300,,,,42,,607,340,,,,,,,https://doi.org/10.1039/D0TC03821K,RSC,mp-3050, icsd-67102 icsd-236589 icsd-280104 icsd-41144 icsd-74607 icsd-41145 icsd-67103 icsd-170157 icsd-20090 icsd-93635 icsd-16825 icsd-170158 icsd-31496 icsd-23848 icsd-93634,1.122242203,Journal of Materials Chemistry C,2050-7526,2020
119,Y3Al5O12Ce0.03,Y3Al5O12,Ce,3,0.03,,,,300,,,,61,,577,340,,,,,,,https://doi.org/10.1039/D0TC03821K,RSC,mp-3050, icsd-67102 icsd-236589 icsd-280104 icsd-41144 icsd-74607 icsd-41145 icsd-67103 icsd-170157 icsd-20090 icsd-93635 icsd-16825 icsd-170158 icsd-31496 icsd-23848 icsd-93634,1.08530553,Journal of Materials Chemistry C,2050-7526,2020
120,Y3Al5O12Ce1,Y3Al5O12,Ce,3,1,,,,298,535,,,93,,,450,,,,1.783903579,60.8,,https://doi.org/10.1016/j.actamat.2021.116813,ESV,mp-3050, icsd-67102 icsd-236589 icsd-280104 icsd-41144 icsd-74607 icsd-41145 icsd-67103 icsd-170157 icsd-20090 icsd-93635 icsd-16825 icsd-170158 icsd-31496 icsd-23848 icsd-93634,1.41775056,Acta Materialia,1359-6454,2021
121,Y3Al5O12Ce1,Y3Al5O12,Ce,3,1,,,,323,535,,,,,,450,,,,1.795880017,62.5,,https://doi.org/10.1016/j.actamat.2021.116813,ESV,mp-3050, icsd-67102 icsd-236589 icsd-280104 icsd-41144 icsd-74607 icsd-41145 icsd-67103 icsd-170157 icsd-20090 icsd-93635 icsd-16825 icsd-170158 icsd-31496 icsd-23848 icsd-93634,1.416301515,Acta Materialia,1359-6454,2021
122,Y3Al5O12Ce1,Y3Al5O12,Ce,3,1,,,,373,535,,,,,,450,,,,1.78604121,61.1,,https://doi.org/10.1016/j.actamat.2021.116813,ESV,mp-3050, icsd-67102 icsd-236589 icsd-280104 icsd-41144 icsd-74607 icsd-41145 icsd-67103 icsd-170157 icsd-20090 icsd-93635 icsd-16825 icsd-170158 icsd-31496 icsd-23848 icsd-93634,1.423260664,Acta Materialia,1359-6454,2021
123,Y3Al5O12Ce1,Y3Al5O12,Ce,3,1,,,,423,535,,,,,,450,,,,1.788875116,61.5,,https://doi.org/10.1016/j.actamat.2021.116813,ESV,mp-3050, icsd-67102 icsd-236589 icsd-280104 icsd-41144 icsd-74607 icsd-41145 icsd-67103 icsd-170157 icsd-20090 icsd-93635 icsd-16825 icsd-170158 icsd-31496 icsd-23848 icsd-93634,1.436700202,Acta Materialia,1359-6454,2021
124,La3Si6N11Ce1,La3Si6N11,Ce,3,1,,,,298,533,,,89.5,,563,450,,,,1.608526034,40.6,,https://doi.org/10.1016/j.actamat.2021.116813,ESV,mp-1019893, icsd-248709,1.502026818,Acta Materialia,1359-6454,2021
125,La3Si6N11Ce1,La3Si6N11,Ce,3,1,,,,323,533,,,,,,450,,,,1.614897216,41.2,,https://doi.org/10.1016/j.actamat.2021.116813,ESV,mp-1019893, icsd-248709,1.465887705,Acta Materialia,1359-6454,2021
126,La3Si6N11Ce1,La3Si6N11,Ce,3,1,,,,373,533,,,,,,450,,,,1.622214023,41.9,,https://doi.org/10.1016/j.actamat.2021.116813,ESV,mp-1019893, icsd-248709,1.472038466,Acta Materialia,1359-6454,2021
127,La3Si6N11Ce1,La3Si6N11,Ce,3,1,,,,423,533,,,,,,450,,,,1.625312451,42.2,,https://doi.org/10.1016/j.actamat.2021.116813,ESV,mp-1019893, icsd-248709,1.485715549,Acta Materialia,1359-6454,2021
128,CaAlSiN3Ce1,CaAlSiN3,Ce,3,1,,,,298,570,,,78.9,,,450,,,,1.763427994,58,,https://doi.org/10.1016/j.actamat.2021.116813,ESV,,,1.425625802,Acta Materialia,1359-6454,2021
129,CaAlSiN3Ce1,CaAlSiN3,Ce,3,1,,,,323,570,,,,,,450,,,,1.770852012,59,,https://doi.org/10.1016/j.actamat.2021.116813,ESV,,,1.424315505,Acta Materialia,1359-6454,2021
130,CaAlSiN3Ce1,CaAlSiN3,Ce,3,1,,,,373,570,,,,,,450,,,,1.750508395,56.3,,https://doi.org/10.1016/j.actamat.2021.116813,ESV,,,1.482978192,Acta Materialia,1359-6454,2021
131,CaAlSiN3Ce1,CaAlSiN3,Ce,3,1,,,,423,570,,,,,,450,,,,1.737987326,54.7,,https://doi.org/10.1016/j.actamat.2021.116813,ESV,,,1.562899267,Acta Materialia,1359-6454,2021
132,CaAlSiN3Eu1,CaAlSiN3,Eu,2,1,,,,298,645,,,88.8,,590,450,,,,2.871572936,744,,https://doi.org/10.1016/j.actamat.2021.116813,ESV,,,1.021641587,Acta Materialia,1359-6454,2021
133,CaAlSiN3Eu1,CaAlSiN3,Eu,2,1,,,,323,645,,,,,,450,,,,2.872156273,745,,https://doi.org/10.1016/j.actamat.2021.116813,ESV,,,1.014915334,Acta Materialia,1359-6454,2021
134,CaAlSiN3Eu1,CaAlSiN3,Eu,2,1,,,,373,645,,,,,,450,,,,2.874481818,749,,https://doi.org/10.1016/j.actamat.2021.116813,ESV,,,1.016837018,Acta Materialia,1359-6454,2021
135,CaAlSiN3Eu1,CaAlSiN3,Eu,2,1,,,,423,645,,,,,,450,,,,2.868644438,739,,https://doi.org/10.1016/j.actamat.2021.116813,ESV,,,1.024549292,Acta Materialia,1359-6454,2021
136,SrSi2O2N2Eu1,SrSi2O2N2,Eu,2,1,,,,298,540,,,87.5,,610,450,,,,,,,https://doi.org/10.1016/j.actamat.2021.116813,ESV,,,1.63807073,Acta Materialia,1359-6454,2021
137,BaSi2O2N2Eu1,BaSi2O2N2,Eu,2,1,,,,298,495,,,57.4,,480,450,,,,,,,https://doi.org/10.1016/j.actamat.2021.116813,ESV,,,1.618251462,Acta Materialia,1359-6454,2021
138,SrBaSiO4Eu1,SrBaSiO4,Eu,2,1,,,,298,520,,,86.6,,485,450,,,,,,,https://doi.org/10.1016/j.actamat.2021.116813,ESV,,,1.541742203,Acta Materialia,1359-6454,2021
139,ZnGa2S4Eu0.005,ZnGa2S4,Eu,2,0.005,,,,298,540,,,,,,460,,,,2.100370545,126,540,https://doi.org/10.1149/2.099205jes,IOP,"mp-5350,mp-34467,mp-1078049,mp-1094008,mp-1094002,mp-1094007,mp-1094013,mp-1094006,mp-1094011,mp-1094022,mp-1094014", icsd-659772 icsd-53604 icsd-656808 icsd-63242 icsd-635305 icsd-635295 icsd-635296 icsd-44886 icsd-635306 icsd-635300,0.992258877,Journal of The Electrochemical Society,0013-4651,2012
140,ZnGa2S4Eu0.01,ZnGa2S4,Eu,2,0.01,,,,298,540,,,,,,460,,,,2.06069784,115,540,https://doi.org/10.1149/2.099205jes,IOP,"mp-5350,mp-34467,mp-1078049,mp-1094008,mp-1094002,mp-1094007,mp-1094013,mp-1094006,mp-1094011,mp-1094022,mp-1094014", icsd-659772 icsd-53604 icsd-656808 icsd-63242 icsd-635305 icsd-635295 icsd-635296 icsd-44886 icsd-635306 icsd-635300,0.988652568,Journal of The Electrochemical Society,0013-4651,2012
141,ZnGa2S4Eu0.03,ZnGa2S4,Eu,2,0.03,,,,298,540,,,,,,460,,,,2.008600172,102,540,https://doi.org/10.1149/2.099205jes,IOP,"mp-5350,mp-34467,mp-1078049,mp-1094008,mp-1094002,mp-1094007,mp-1094013,mp-1094006,mp-1094011,mp-1094022,mp-1094014", icsd-659772 icsd-53604 icsd-656808 icsd-63242 icsd-635305 icsd-635295 icsd-635296 icsd-44886 icsd-635306 icsd-635300,0.984774322,Journal of The Electrochemical Society,0013-4651,2012
142,ZnGa2S4Eu0.05,ZnGa2S4,Eu,2,0.05,,,,298,540,0.299,0.673,,,407,460,460,,,1.959041392,91,540,https://doi.org/10.1149/2.099205jes,IOP,"mp-5350,mp-34467,mp-1078049,mp-1094008,mp-1094002,mp-1094007,mp-1094013,mp-1094006,mp-1094011,mp-1094022,mp-1094014", icsd-659772 icsd-53604 icsd-656808 icsd-63242 icsd-635305 icsd-635295 icsd-635296 icsd-44886 icsd-635306 icsd-635300,1.049831615,Journal of The Electrochemical Society,0013-4651,2012
143,ZnGa2S4Eu0.07,ZnGa2S4,Eu,2,0.07,,,,298,540,,,,,,460,,,,1.929418926,85,540,https://doi.org/10.1149/2.099205jes,IOP,"mp-5350,mp-34467,mp-1078049,mp-1094008,mp-1094002,mp-1094007,mp-1094013,mp-1094006,mp-1094011,mp-1094022,mp-1094014", icsd-659772 icsd-53604 icsd-656808 icsd-63242 icsd-635305 icsd-635295 icsd-635296 icsd-44886 icsd-635306 icsd-635300,0.981038498,Journal of The Electrochemical Society,0013-4651,2012
144,ZnGa2S4Eu0.1,ZnGa2S4,Eu,2,0.1,,,,298,540,,,,,,460,,,,1.897627091,79,540,https://doi.org/10.1149/2.099205jes,IOP,"mp-5350,mp-34467,mp-1078049,mp-1094008,mp-1094002,mp-1094007,mp-1094013,mp-1094006,mp-1094011,mp-1094022,mp-1094014", icsd-659772 icsd-53604 icsd-656808 icsd-63242 icsd-635305 icsd-635295 icsd-635296 icsd-44886 icsd-635306 icsd-635300,0.9801665,Journal of The Electrochemical Society,0013-4651,2012
145,MgGa2S4Eu0.06,MgGa2S4,Eu,2,0.06,,,,298,538,0.309,0.664,,,402,430,430,,,2.172018809,148.6,538,https://doi.org/10.1111/jace.12257,Wiley,"mp-667323,mp-1246286", icsd-15350,1.006225402,Journal of the American Ceramic Society,0002-7820,2013
146,MgGa2S4Eu0.06,MgGa2S4,Eu,2,0.06,,,,320,538,0.309,0.662,,,,430,,,,2.14176323,138.6,538,https://doi.org/10.1111/jace.12257,Wiley,"mp-667323,mp-1246286", icsd-15350,0.985276396,Journal of the American Ceramic Society,0002-7820,2013
147,MgGa2S4Eu0.06,MgGa2S4,Eu,2,0.06,,,,340,538,0.311,0.659,,,,430,,,,2.080265627,120.3,538,https://doi.org/10.1111/jace.12257,Wiley,"mp-667323,mp-1246286", icsd-15350,0.988128086,Journal of the American Ceramic Society,0002-7820,2013
148,MgGa2S4Eu0.06,MgGa2S4,Eu,2,0.06,,,,360,538,0.312,0.657,,,,430,,,,2.068185862,117,538,https://doi.org/10.1111/jace.12257,Wiley,"mp-667323,mp-1246286", icsd-15350,0.990465367,Journal of the American Ceramic Society,0002-7820,2013
149,MgGa2S4Eu0.06,MgGa2S4,Eu,2,0.06,,,,380,538,0.313,0.654,,,,430,,,,1.950364854,89.2,538,https://doi.org/10.1111/jace.12257,Wiley,"mp-667323,mp-1246286", icsd-15350,0.990425297,Journal of the American Ceramic Society,0002-7820,2013
150,MgGa2S4Eu0.06,MgGa2S4,Eu,2,0.06,,,,400,538,0.314,0.651,,,,430,,,,1.939019776,86.9,538,https://doi.org/10.1111/jace.12257,Wiley,"mp-667323,mp-1246286", icsd-15350,0.994783718,Journal of the American Ceramic Society,0002-7820,2013
151,MgGa2S4Eu0.06,MgGa2S4,Eu,2,0.06,,,,420,538,0.315,0.648,,,,430,,,,1.862131379,72.8,538,https://doi.org/10.1111/jace.12257,Wiley,"mp-667323,mp-1246286", icsd-15350,1.006144965,Journal of the American Ceramic Society,0002-7820,2013
152,MgGa2S4Eu0.06,MgGa2S4,Eu,2,0.06,,,,440,538,0.317,0.645,,,,430,,,,1.777426822,59.9,538,https://doi.org/10.1111/jace.12257,Wiley,"mp-667323,mp-1246286", icsd-15350,1.011770296,Journal of the American Ceramic Society,0002-7820,2013
153,MgGa2S4Eu0.06,MgGa2S4,Eu,2,0.06,,,,460,538,0.318,0.642,,,,430,,,,1.674861141,47.3,538,https://doi.org/10.1111/jace.12257,Wiley,"mp-667323,mp-1246286", icsd-15350,1.001412927,Journal of the American Ceramic Society,0002-7820,2013
154,MgGa2S4Eu0.06,MgGa2S4,Eu,2,0.06,,,,480,538,0.319,0.638,,,,430,,,,1.564666064,36.7,538,https://doi.org/10.1111/jace.12257,Wiley,"mp-667323,mp-1246286", icsd-15350,1.004998315,Journal of the American Ceramic Society,0002-7820,2013
155,MgGa2S4Eu0.06,MgGa2S4,Eu,2,0.06,,,,500,538,0.318,0.635,,,,430,,,,1.477121255,30,538,https://doi.org/10.1111/jace.12257,Wiley,"mp-667323,mp-1246286", icsd-15350,1.037645055,Journal of the American Ceramic Society,0002-7820,2013
156,Ba5Si2O6Cl6Eu0.005,Ba5Si2O6Cl6,Eu,2,0.005,,,,298,510,,,,,,400,400,,,2.7599925,575.43,510,https://doi.org/10.1039/C7RA07221J,RSC,,,1.023553661,RSC Advances,2046-2069,2017
157,Ba5Si2O6Cl6Eu0.01,Ba5Si2O6Cl6,Eu,2,0.01,,,,298,510,,,,,,400,400,,,2.728402485,535.06,510,https://doi.org/10.1039/C7RA07221J,RSC,,,1.020284191,RSC Advances,2046-2069,2017
158,Ba5Si2O6Cl6Eu0.02,Ba5Si2O6Cl6,Eu,2,0.02,,,,298,510,,,44,,430,400,400,,,2.714094943,517.72,510,https://doi.org/10.1039/C7RA07221J,RSC,,,1.019507728,RSC Advances,2046-2069,2017
159,Ba5Si2O6Cl6Eu0.03,Ba5Si2O6Cl6,Eu,2,0.03,,,,298,510,,,,,,400,400,,,2.677104852,475.45,510,https://doi.org/10.1039/C7RA07221J,RSC,,,1.016655639,RSC Advances,2046-2069,2017
160,Ba5Si2O6Cl6Eu0.04,Ba5Si2O6Cl6,Eu,2,0.04,,,,298,510,,,,,,400,400,,,2.64267222,439.21,510,https://doi.org/10.1039/C7RA07221J,RSC,,,1.016577956,RSC Advances,2046-2069,2017
161,Ba5Si2O6Cl6Eu0.05,Ba5Si2O6Cl6,Eu,2,0.05,,,,298,510,,,,,,400,400,,,2.640183192,436.7,510,https://doi.org/10.1039/C7RA07221J,RSC,,,1.016863971,RSC Advances,2046-2069,2017
162,Ba5Si2O6Cl6Eu0.06,Ba5Si2O6Cl6,Eu,2,0.06,,,,298,510,,,,,,400,400,,,2.631220476,427.78,510,https://doi.org/10.1039/C7RA07221J,RSC,,,1.017496509,RSC Advances,2046-2069,2017
163,CaLaGa3S7Eu0.15,CaLaGa3S7,Eu,2,0.15,,,,300,554,0.4,0.58,,,414,405,,,,2.334453751,216,,https://doi.org/10.1016/j.jlumin.2012.05.004,ESV,,,1.063722613,Journal of Luminescence,0022-2313,2012
164,CaLaGa3S7Eu0.15,CaLaGa3S7,Eu,2,0.15,,,,400,554,,,,,,405,,,,2.149219113,141,554,https://doi.org/10.1016/j.jlumin.2012.05.004,ESV,,,1.021792685,Journal of Luminescence,0022-2313,2012
165,CaLaGa3S7Eu0.15,CaLaGa3S7,Eu,2,0.15,,,,500,554,,,,,,405,,,,1.681241237,48,554,https://doi.org/10.1016/j.jlumin.2012.05.004,ESV,,,1.003646116,Journal of Luminescence,0022-2313,2012
166,Ca8La1.98P6O26Ce0.02,Ca8La1.98P6O26,Ce,3,0.02,,,,298,415,0.157,0.123,59,,,310,,,,,,,https://doi.org/10.1021/jp302252k,ACS,,,1.024564758,Journal of Physical Chemistry C,1932-7447,2012
167,Ca8La1.96P6O26Ce0.04,Ca8La1.96P6O26,Ce,3,0.04,,,,298,415,0.16,0.115,67,,,310,310,,,,,415,https://doi.org/10.1021/jp302252k,ACS,,,1.00873596,Journal of Physical Chemistry C,1932-7447,2012
168,Ca7.98La1.96P6O26Ce0.04Eu0.02,Ca7.98La1.96P6O26,Ce,3,0.04,Eu,2,0.02,298,438,0.179,0.169,43,,,310,,,,1.460597189,28.88,,https://doi.org/10.1021/jp302252k,ACS,,,0.971657829,Journal of Physical Chemistry C,1932-7447,2012
169,Ca7.95La1.96P6O26Ce0.04Eu0.05,Ca7.95La1.96P6O26,Ce,3,0.04,Eu,2,0.05,298,,0.184,0.181,31,,,310,,,,,,,https://doi.org/10.1021/jp302252k,ACS,,,1.074774513,Journal of Physical Chemistry C,1932-7447,2012
170,Ca7.94La1.96P6O26Ce0.04Eu0.06,Ca7.94La1.96P6O26,Ce,3,0.04,Eu,2,0.06,298,453,0.19,0.192,19,,,310,,,,1.174059808,14.93,,https://doi.org/10.1021/jp302252k,ACS,,,0.977048596,Journal of Physical Chemistry C,1932-7447,2012
171,Ca7.92La1.96P6O26Ce0.04Eu0.08,Ca7.92La1.96P6O26,Ce,3,0.04,Eu,2,0.08,298,453,0.198,0.201,13,,,310,,,,,,,https://doi.org/10.1021/jp302252k,ACS,,,1.015594417,Journal of Physical Chemistry C,1932-7447,2012
172,Ca8La1.94P6O26Ce0.06,Ca8La1.94P6O26,Ce,3,0.06,,,,298,415,0.168,0.158,47,,,310,,,,,,,https://doi.org/10.1021/jp302252k,ACS,,,1.024145689,Journal of Physical Chemistry C,1932-7447,2012
173,Ca8La1.92P6O26Ce0.08,Ca8La1.92P6O26,Ce,3,0.08,,,,298,415,0.171,0.159,44,,,310,,,,,,,https://doi.org/10.1021/jp302252k,ACS,,,1.024264307,Journal of Physical Chemistry C,1932-7447,2012
174,Ca7.98La2P6O26Eu0.02,Ca7.98La2P6O26,Eu,2,0.02,,,,298,453,0.184,0.156,13,,,318,,,,,,,https://doi.org/10.1021/jp302252k,ACS,,,1.02217897,Journal of Physical Chemistry C,1932-7447,2012
175,Ca7.95La2P6O26Eu0.05,Ca7.95La2P6O26,Eu,2,0.05,,,,298,453,0.187,0.164,14,,,318,318,370,252,,,453,https://doi.org/10.1021/jp302252k,ACS,,,1.032633482,Journal of Physical Chemistry C,1932-7447,2012
176,Ca7.94La2P6O26Eu0.06,Ca7.94La2P6O26,Eu,2,0.06,,,,298,453,0.196,0.185,9,,,318,,,,,,,https://doi.org/10.1021/jp302252k,ACS,,,0.995804003,Journal of Physical Chemistry C,1932-7447,2012
177,Ca7.92La2P6O26Eu0.08,Ca7.92La2P6O26,Eu,2,0.08,,,,298,453,0.199,0.192,7,,,318,,,,,,,https://doi.org/10.1021/jp302252k,ACS,,,0.995804003,Journal of Physical Chemistry C,1932-7447,2012
178,Ba2Y2.995Si3O12FCe0.005,Ba2Y2.995Si3O12F,Ce,3,0.005,,,,298,425,,,26,,,355,,,,,,,https://doi.org/10.1111/jace.12765,Wiley,,,1.022467126,Journal of the American Ceramic Society,0002-7820,2014
179,Ba2Y2.99Si3O12FCe0.01,Ba2Y2.99Si3O12F,Ce,3,0.01,,,,298,428,,,42,,,355,,,,,,,https://doi.org/10.1111/jace.12765,Wiley,,,1.02071424,Journal of the American Ceramic Society,0002-7820,2014
180,Ba2Y2.97Si3O12FCe0.03,Ba2Y2.97Si3O12F,Ce,3,0.03,,,,298,435,,,51,,,355,,,,,,,https://doi.org/10.1111/jace.12765,Wiley,,,1.017848632,Journal of the American Ceramic Society,0002-7820,2014
181,Ba2Y2.95Si3O12FCe0.05,Ba2Y2.95Si3O12F,Ce,3,0.05,,,,298,442,,,53,,,355,,,,,,,https://doi.org/10.1111/jace.12765,Wiley,,,1.015016134,Journal of the American Ceramic Society,0002-7820,2014
182,Ba2Y2.93Si3O12FCe0.07,Ba2Y2.93Si3O12F,Ce,3,0.07,,,,298,460,,,47,,,355,,,,,,,https://doi.org/10.1111/jace.12765,Wiley,,,1.019483076,Journal of the American Ceramic Society,0002-7820,2014
183,Ba2Y2.85Si3O12FCe0.15,Ba2Y2.85Si3O12F,Ce,3,0.15,,,,298,,0.231,0.301,,,,355,,,,,,,https://doi.org/10.1111/jace.12765,Wiley,,,0.994357102,Journal of the American Ceramic Society,0002-7820,2014
184,Cs0.99MgPO4Eu0.01,Cs0.99MgPO4,Eu,3,0.01,,,,300,593,0.56,0.42,,,,266,395,,,6.220108088,1660000,593,https://doi.org/10.1016/j.solidstatesciences.2013.12.017,ESV,mp-18329, icsd-260423,1.020471267,Solid State Sciences,1293-2558,2014
185,Cs0.95MgPO4Eu0.05,Cs0.95MgPO4,Eu,3,0.05,,,,300,593,0.56,0.42,,,,266,,,,6.178976947,1510000,593,https://doi.org/10.1016/j.solidstatesciences.2013.12.017,ESV,mp-18329, icsd-260423,1.09102712,Solid State Sciences,1293-2558,2014
186,Cs0.93MgPO4Eu0.07,Cs0.93MgPO4,Eu,3,0.07,,,,300,593,0.56,0.42,,,,266,395,,,6.08278537,1210000,593,https://doi.org/10.1016/j.solidstatesciences.2013.12.017,ESV,mp-18329, icsd-260423,0.977429765,Solid State Sciences,1293-2558,2014
187,Cs0.95MgPO4Eu0.05,Cs0.95MgPO4,Eu,3,0.05,,,,300,,,,39,,,395,,,,,,,https://doi.org/10.1016/j.solidstatesciences.2013.12.017,ESV,mp-18329, icsd-260423,0.985088217,Solid State Sciences,1293-2558,2014
188,Cs0.99ZnPO4Eu0.01,Cs0.99ZnPO4,Eu,3,0.01,,,,300,615,0.62,0.34,,,,266,395,,,,,615,https://doi.org/10.1016/j.solidstatesciences.2013.12.017,ESV,"mp-557693,mp-559752,mp-18673", icsd-85455 icsd-236912 icsd-85456 icsd-85457,1.013270922,Solid State Sciences,1293-2558,2014
189,Cs0.95ZnPO4Eu0.05,Cs0.95ZnPO4,Eu,3,0.05,,,,300,615,0.62,0.34,,,,266,,,,5.991226076,980000,615,https://doi.org/10.1016/j.solidstatesciences.2013.12.017,ESV,"mp-557693,mp-559752,mp-18673", icsd-85455 icsd-236912 icsd-85456 icsd-85457,0.959062397,Solid State Sciences,1293-2558,2014
190,Cs0.93ZnPO4Eu0.07,Cs0.93ZnPO4,Eu,3,0.07,,,,300,615,0.62,0.34,,,,266,395,,,,,615,https://doi.org/10.1016/j.solidstatesciences.2013.12.017,ESV,"mp-557693,mp-559752,mp-18673", icsd-85455 icsd-236912 icsd-85456 icsd-85457,1.004457444,Solid State Sciences,1293-2558,2014
191,Cs0.95ZnPO4Eu0.05,Cs0.95ZnPO4,Eu,3,0.05,,,,300,,,,47,,,395,,,,,,,https://doi.org/10.1016/j.solidstatesciences.2013.12.017,ESV,"mp-557693,mp-559752,mp-18673", icsd-85455 icsd-236912 icsd-85456 icsd-85457,0.985773412,Solid State Sciences,1293-2558,2014
192,K2Ca2Si2O7Bi0.02,K2Ca2Si2O7,Bi,3,0.02,,,,298,490,0.222,0.321,,,,309,309,,,1.053078443,11.3,490,https://doi.org/10.1016/j.optmat.2021.111293,ESV,,,1.128122091,Optical Materials,0925-3467,2021
193,K2Ca2Si2O7Bi0.04,K2Ca2Si2O7,Bi,3,0.04,,,,298,490,0.218,0.316,,,,309,309,,,,,490,https://doi.org/10.1016/j.optmat.2021.111293,ESV,,,1.105887636,Optical Materials,0925-3467,2021
194,K2Ca2Si2O7Bi0.06,K2Ca2Si2O7,Bi,3,0.06,,,,298,490,0.217,0.309,,,,309,309,,,,,490,https://doi.org/10.1016/j.optmat.2021.111293,ESV,,,1.107497687,Optical Materials,0925-3467,2021
195,K2Ca2Si2O7Bi0.08,K2Ca2Si2O7,Bi,3,0.08,,,,298,490,0.217,0.299,,,,309,309,,,,,490,https://doi.org/10.1016/j.optmat.2021.111293,ESV,,,1.109794715,Optical Materials,0925-3467,2021
196,K2Ca2Si2O7Bi0.1,K2Ca2Si2O7,Bi,3,0.1,,,,298,490,0.216,0.292,,,,309,309,,,,,490,https://doi.org/10.1016/j.optmat.2021.111293,ESV,,,1.113166113,Optical Materials,0925-3467,2021
197,K2Ca2Si2O7Bi0.12,K2Ca2Si2O7,Bi,3,0.12,,,,298,490,0.217,0.292,,,,309,309,,,1.747411808,55.9,490,https://doi.org/10.1016/j.optmat.2021.111293,ESV,,,1.153806015,Optical Materials,0925-3467,2021
198,Sr3TeO6Eu0.02,Sr3TeO6,Eu,3,0.02,,,,298,617,0.616,0.381,,,,394,,,,,,617,https://doi.org/10.1016/j.ceramint.2020.11.219,ESV,"mp-768941,mp-1200112,mp-768907,mp-772918", icsd-421175,1.123819108,Ceramics International,0272-8842,2021
199,Sr3TeO6Eu0.05,Sr3TeO6,Eu,3,0.05,,,,298,617,0.594,0.4,,,,394,,,,,,617,https://doi.org/10.1016/j.ceramint.2020.11.219,ESV,"mp-768941,mp-1200112,mp-768907,mp-772918", icsd-421175,1.13913953,Ceramics International,0272-8842,2021
200,Sr3TeO6Eu0.1,Sr3TeO6,Eu,3,0.1,,,,298,617,0.637,0.362,,,,394,,,,,,617,https://doi.org/10.1016/j.ceramint.2020.11.219,ESV,"mp-768941,mp-1200112,mp-768907,mp-772918", icsd-421175,1.126190736,Ceramics International,0272-8842,2021
201,Sr3TeO6Eu0.15,Sr3TeO6,Eu,3,0.15,,,,298,617,0.643,0.356,,,,394,,,,6.058805487,1145000,617,https://doi.org/10.1016/j.ceramint.2020.11.219,ESV,"mp-768941,mp-1200112,mp-768907,mp-772918", icsd-421175,1.059616913,Ceramics International,0272-8842,2021
202,Sr3TeO6Eu0.2,Sr3TeO6,Eu,3,0.2,,,,298,617,0.644,0.355,,,,394,,,,6.042181595,1102000,617,https://doi.org/10.1016/j.ceramint.2020.11.219,ESV,"mp-768941,mp-1200112,mp-768907,mp-772918", icsd-421175,1.003139115,Ceramics International,0272-8842,2021
203,Sr3TeO6Eu0.25,Sr3TeO6,Eu,3,0.25,,,,298,617,0.652,0.347,45.26,,,394,394,465,385,6.027757205,1066000,617,https://doi.org/10.1016/j.ceramint.2020.11.219,ESV,"mp-768941,mp-1200112,mp-768907,mp-772918", icsd-421175,1.049667164,Ceramics International,0272-8842,2021
204,Sr3TeO6Na0.25Eu0.25,Sr3TeO6Na0.25,Eu,3,0.25,,,,298,617,,,,,,394,394,465,385,6.031408464,1075000,617,https://doi.org/10.1016/j.ceramint.2020.11.219,ESV,"mp-768941,mp-1200112,mp-768907,mp-772918", icsd-421175,1.098839182,Ceramics International,0272-8842,2021
205,Sr3TeO6Li0.25Eu0.25,Sr3TeO6Li0.25,Eu,3,0.25,,,,298,617,,,,,,394,394,465,385,6.169380495,1477000,617,https://doi.org/10.1016/j.ceramint.2020.11.219,ESV,"mp-768941,mp-1200112,mp-768907,mp-772918", icsd-421175,1.030899788,Ceramics International,0272-8842,2021
206,Sr3TeO6K0.25Eu0.25,Sr3TeO6K0.25,Eu,3,0.25,,,,298,617,,,,,,394,394,465,385,6.230448921,1700000,617,https://doi.org/10.1016/j.ceramint.2020.11.219,ESV,"mp-768941,mp-1200112,mp-768907,mp-772918", icsd-421175,1.006016215,Ceramics International,0272-8842,2021
207,Sr3TeO6Eu0.3,Sr3TeO6,Eu,3,0.3,,,,298,617,0.643,0.356,,,,394,,,,6.002597981,1006000,617,https://doi.org/10.1016/j.ceramint.2020.11.219,ESV,"mp-768941,mp-1200112,mp-768907,mp-772918", icsd-421175,1.020371197,Ceramics International,0272-8842,2021
208,Ca3La0.6Ga3O15B4Eu0.4,Ca3La0.6Ga3O15B4,Eu,3,0.4,,,,298,621,,,59.7,,,397,,,,6.149527014,1411000,621,https://doi.org/10.1016/j.dyepig.2018.04.039,ESV,,,0.99250464,Dyes and Pigments,0143-7208,2018
209,Ca3La0.5Ga3O15B4Eu0.5,Ca3La0.5Ga3O15B4,Eu,3,0.5,,,,298,621,,,75.9,,,397,,,,6.144262774,1394000,621,https://doi.org/10.1016/j.dyepig.2018.04.039,ESV,,,1.008097666,Dyes and Pigments,0143-7208,2018
210,Ca3La0.4Ga3O15B4Eu0.6,Ca3La0.4Ga3O15B4,Eu,3,0.6,,,,298,621,0.6592,0.3389,82.2,,,397,397,377,467,6.141449773,1385000,621,https://doi.org/10.1016/j.dyepig.2018.04.039,ESV,,,1.037197637,Dyes and Pigments,0143-7208,2018
211,Ca3La0.2Ga3O15B4Eu0.8,Ca3La0.2Ga3O15B4,Eu,3,0.8,,,,298,621,,,77.2,,,397,,,,6.102433706,1266000,621,https://doi.org/10.1016/j.dyepig.2018.04.039,ESV,,,1.078843797,Dyes and Pigments,0143-7208,2018
212,Ca3Ga3O15B4Eu1,Ca3Ga3O15B4,Eu,3,1,,,,298,621,,,58.1,,,397,,,,6.024485668,1058000,621,https://doi.org/10.1016/j.dyepig.2018.04.039,ESV,,,1.021660604,Dyes and Pigments,0143-7208,2018
213,Ba2TiGe1.997O8Mn0.003,Ba2TiGe1.997O8,Mn,4,0.003,,,,298,666,,,,,,300,,,,6.209515015,1620000,,https://doi.org/10.1016/j.dyepig.2017.06.061,ESV,mp-6289, icsd-281271,0.991319862,Dyes and Pigments,0143-7208,2017
214,Ba2TiGe1.994O8Mn0.006,Ba2TiGe1.994O8,Mn,4,0.006,,,,298,666,0.7188,0.2811,,,,300,300,435,,6.206825876,1610000,666,https://doi.org/10.1016/j.dyepig.2017.06.061,ESV,mp-6289, icsd-281271,0.965318816,Dyes and Pigments,0143-7208,2017
215,Ba2TiGe1.991O8Mn0.009,Ba2TiGe1.991O8,Mn,4,0.009,,,,298,666,,,,,,300,,,,6.204119983,1600000,,https://doi.org/10.1016/j.dyepig.2017.06.061,ESV,mp-6289, icsd-281271,0.956605884,Dyes and Pigments,0143-7208,2017
216,Ba2TiGe1.988O8Mn0.012,Ba2TiGe1.988O8,Mn,4,0.012,,,,298,666,,,,,,300,,,,6.195899652,1570000,,https://doi.org/10.1016/j.dyepig.2017.06.061,ESV,mp-6289, icsd-281271,1.056836168,Dyes and Pigments,0143-7208,2017
217,Ba2TiGe1.985O8Mn0.015,Ba2TiGe1.985O8,Mn,4,0.015,,,,298,666,,,,,,300,,,,6.181843588,1520000,,https://doi.org/10.1016/j.dyepig.2017.06.061,ESV,mp-6289, icsd-281271,1.102486502,Dyes and Pigments,0143-7208,2017
218,Ca3Gd0.95Ga3O15B4Ce0.05,Ca3Gd0.95Ga3O15B4,Ce,3,0.05,,,,298,400,0.1661,0.0686,60,,,344,344,,,1.429913698,26.91,400,https://doi.org/10.1016/j.ceramint.2017.12.082,ESV,,,0.997558527,Ceramics International,0272-8842,2018
219,Ca3Gd0.9Ga3O15B4Ce0.05Tb0.05,Ca3Gd0.9Ga3O15B4,Ce,3,0.05,Tb,3,0.05,298,544,0.2068,0.1852,65.2,,,344,,,,1.403977964,25.35,400,https://doi.org/10.1016/j.ceramint.2017.12.082,ESV,,,1.029029273,Ceramics International,0272-8842,2018
220,Ca3Gd0.85Ga3O15B4Ce0.05Tb0.1,Ca3Gd0.85Ga3O15B4,Ce,3,0.05,Tb,3,0.1,298,544,0.237,0.2618,69.3,,,344,,,,1.371806459,23.54,400,https://doi.org/10.1016/j.ceramint.2017.12.082,ESV,,,1.029185318,Ceramics International,0272-8842,2018
221,Ca3Gd0.65Ga3O15B4Ce0.05Tb0.3,Ca3Gd0.65Ga3O15B4,Ce,3,0.05,Tb,3,0.3,298,544,0.298,0.4105,75.5,,,344,,,,1.273001272,18.75,400,https://doi.org/10.1016/j.ceramint.2017.12.082,ESV,,,1.029546435,Ceramics International,0272-8842,2018
222,Ca3Gd0.45Ga3O15B4Ce0.05Tb0.5,Ca3Gd0.45Ga3O15B4,Ce,3,0.05,Tb,3,0.5,298,544,0.3263,0.4791,61.2,,,344,,,,1.149527014,14.11,400,https://doi.org/10.1016/j.ceramint.2017.12.082,ESV,,,1.030401706,Ceramics International,0272-8842,2018
226,Mg7Ga1.990GeO12Mn0.005,Mg7Ga1.990GeO12,Mn,4,0.005,,,,298,660,0.7133,0.2866,,,,420,420,310,,,,660,https://doi.org/10.1016/j.jallcom.2015.06.166,SN,,,1.480941748,Journal of Alloys and Compounds,0925-8388,2015
227,CaLaMgSbO6Mn0.001,CaLaMgSbO6,Mn,4,0.001,,,,298,708,,,,,,370,,,,6.051923916,1127000,708,https://doi.org/10.1039/C8RA06708B,RSC,,,0.975251066,RSC Advances,2046-2069,2018
228,CaLaMgSbO6Mn0.003,CaLaMgSbO6,Mn,4,0.003,,,,298,708,,,,,,370,,,,6.049605613,1121000,708,https://doi.org/10.1039/C8RA06708B,RSC,,,0.961925131,RSC Advances,2046-2069,2018
229,CaLaMgSbO6Mn0.005,CaLaMgSbO6,Mn,4,0.005,,,,298,708,,,,,,370,,,,6.048053173,1117000,708,https://doi.org/10.1039/C8RA06708B,RSC,,,0.97870538,RSC Advances,2046-2069,2018
230,CaLaMgSbO6Mn0.007,CaLaMgSbO6,Mn,4,0.007,,,,298,708,0.7251,0.2748,88,,420,370,371,468,,6.046495164,1113000,708,https://doi.org/10.1039/C8RA06708B,RSC,,,0.983485531,RSC Advances,2046-2069,2018
231,CaLaMgSbO6Mn0.01,CaLaMgSbO6,Mn,4,0.01,,,,298,708,,,,,,370,,,,6.036628895,1088000,708,https://doi.org/10.1039/C8RA06708B,RSC,,,1.09873526,RSC Advances,2046-2069,2018
232,CaLaMgSbO6Mn0.012,CaLaMgSbO6,Mn,4,0.012,,,,298,708,,,,,,370,,,,6.026533265,1063000,708,https://doi.org/10.1039/C8RA06708B,RSC,,,1.043030928,RSC Advances,2046-2069,2018
233,CaLaMgSbO6Mn0.015,CaLaMgSbO6,Mn,4,0.015,,,,298,708,,,,,,370,,,,6.016615548,1039000,708,https://doi.org/10.1039/C8RA06708B,RSC,,,0.977155692,RSC Advances,2046-2069,2018
234,KMgLaTeO6Mn0.006,KMgLaTeO6,Mn,4,0.006,,,,298,696,0.73,0.27,68.9,,,365,347,472,,6.118925753,1315000,696,https://doi.org/10.1039/C7DT04811D,RSC,,,1.095080256,Dalton Transactions,1477-9226,2018
235,KMgLaTeO6Mn0.01,KMgLaTeO6,Mn,4,0.01,,,,298,696,,,,,,365,,,,5.950851459,893000,,https://doi.org/10.1039/C7DT04811D,RSC,,,1.003964256,Dalton Transactions,1477-9226,2018
236,KMgLaTeO6Mn0.02,KMgLaTeO6,Mn,4,0.02,,,,298,696,,,,,,365,,,,5.871572936,744000,,https://doi.org/10.1039/C7DT04811D,RSC,,,1.057082743,Dalton Transactions,1477-9226,2018
237,KMgLaTeO6Mn0.04,KMgLaTeO6,Mn,4,0.04,,,,298,696,,,,,,365,,,,5.775974331,597000,,https://doi.org/10.1039/C7DT04811D,RSC,,,0.989165362,Dalton Transactions,1477-9226,2018
238,NaSr0.999PO4Sm0.001,NaSr0.999PO4,Sm,3,0.001,,,,298,600,0.6,0.39,,,,403,403,,,6.542825427,3490000,600,https://doi.org/10.1007/s12034-016-1270-3,SN,mp-1210115,,1.645440132,Bulletin of Materials Science,0250-4707,2016
239,NaSr0.997PO4Sm0.003,NaSr0.997PO4,Sm,3,0.003,,,,298,600,0.6,0.39,,,,403,403,,,6.540329475,3470000,600,https://doi.org/10.1007/s12034-016-1270-3,SN,mp-1210115,,1.585250143,Bulletin of Materials Science,0250-4707,2016
240,NaSr0.993PO4Sm0.007,NaSr0.993PO4,Sm,3,0.007,,,,298,600,0.6,0.39,,,623,403,403,,,6.53529412,3430000,600,https://doi.org/10.1007/s12034-016-1270-3,SN,mp-1210115,,2.036863821,Bulletin of Materials Science,0250-4707,2016
241,NaSr0.99PO4Sm0.01,NaSr0.99PO4,Sm,3,0.01,,,,298,600,0.6,0.39,,,,403,403,,,6.527629901,3370000,600,https://doi.org/10.1007/s12034-016-1270-3,SN,mp-1210115,,1.852309938,Bulletin of Materials Science,0250-4707,2016
242,NaSr0.98PO4Sm0.02,NaSr0.98PO4,Sm,3,0.02,,,,298,600,0.6,0.39,,,,403,403,,,6.469822016,2950000,600,https://doi.org/10.1007/s12034-016-1270-3,SN,mp-1210115,,1.007259197,Bulletin of Materials Science,0250-4707,2016
243,NaSr0.97PO4Sm0.03,NaSr0.97PO4,Sm,3,0.03,,,,298,600,0.6,0.39,,,,403,403,,,6.45331834,2840000,600,https://doi.org/10.1007/s12034-016-1270-3,SN,mp-1210115,,1.02114757,Bulletin of Materials Science,0250-4707,2016
244,NaSr0.96PO4Sm0.04,NaSr0.96PO4,Sm,3,0.04,,,,298,600,0.6,0.39,,,,403,403,,,6.40654018,2550000,600,https://doi.org/10.1007/s12034-016-1270-3,SN,mp-1210115,,1.077889304,Bulletin of Materials Science,0250-4707,2016
245,Gd2ZnTi0.9995O6Mn0.0005,Gd2ZnTi0.9995O6,Mn,4,0.0005,,,,298,705,,,,,,365,365,,,5.831229694,678000,705,https://doi.org/10.1039/C6TC00313C,RSC,mp-1105276, icsd-251934,0.983285119,Journal of Materials Chemistry C,2050-7526,2016
246,Gd2ZnTi0.999O6Mn0.001,Gd2ZnTi0.999O6,Mn,4,0.001,,,,298,705,,,,,,365,365,,,5.82672252,671000,705,https://doi.org/10.1039/C6TC00313C,RSC,mp-1105276, icsd-251934,0.988991876,Journal of Materials Chemistry C,2050-7526,2016
247,Gd2ZnTi0.998O6Mn0.002,Gd2ZnTi0.998O6,Mn,4,0.002,,,,298,705,0.729,0.271,39.7,,,365,365,,,5.8162413,655000,705,https://doi.org/10.1039/C6TC00313C,RSC,mp-1105276, icsd-251934,1.152514074,Journal of Materials Chemistry C,2050-7526,2016
248,Gd2ZnTi0.996O6Mn0.004,Gd2ZnTi0.996O6,Mn,4,0.004,,,,298,705,,,,,,365,365,,,5.790285164,617000,705,https://doi.org/10.1039/C6TC00313C,RSC,mp-1105276, icsd-251934,1.018666668,Journal of Materials Chemistry C,2050-7526,2016
249,Gd2ZnTi0.992O6Mn0.008,Gd2ZnTi0.992O6,Mn,4,0.008,,,,298,705,,,,,,365,365,,,5.707570176,510000,705,https://doi.org/10.1039/C6TC00313C,RSC,mp-1105276, icsd-251934,0.978424623,Journal of Materials Chemistry C,2050-7526,2016
250,Li2MgTi0.9999O4Mn0.0001,Li2MgTi0.9999O4,Mn,4,0.0001,,,,298,676,,,,,,476,330,476,,5.806179974,640000,676,https://doi.org/10.1016/j.cej.2015.12.027,ESV,,,1.117588736,Chemical Engineering Journal,1385-8947,2016
251,Li2MgTi0.9996O4Mn0.0004,Li2MgTi0.9996O4,Mn,4,0.0004,,,,298,676,,,,,,476,330,476,,5.794488047,623000,676,https://doi.org/10.1016/j.cej.2015.12.027,ESV,,,1.003307409,Chemical Engineering Journal,1385-8947,2016
252,Li2MgTi0.9993O4Mn0.0007,Li2MgTi0.9993O4,Mn,4,0.0007,,,,298,676,,,,,,476,330,476,,5.780317312,603000,676,https://doi.org/10.1016/j.cej.2015.12.027,ESV,,,0.994590568,Chemical Engineering Journal,1385-8947,2016
253,Li2MgTi0.999O4Mn0.001,Li2MgTi0.999O4,Mn,4,0.001,,,,298,676,,,34,15,435,476,330,476,,5.752048448,565000,676,https://doi.org/10.1016/j.cej.2015.12.027,ESV,,,1.035622658,Chemical Engineering Journal,1385-8947,2016
254,Li2MgTi0.997O4Mn0.003,Li2MgTi0.997O4,Mn,4,0.003,,,,298,676,,,,,,476,330,476,,5.745074792,556000,676,https://doi.org/10.1016/j.cej.2015.12.027,ESV,,,1.031235083,Chemical Engineering Journal,1385-8947,2016
255,Li2MgTi0.995O4Mn0.005,Li2MgTi0.995O4,Mn,4,0.005,,,,298,676,,,,,,476,330,476,,5.700703717,502000,676,https://doi.org/10.1016/j.cej.2015.12.027,ESV,,,0.990712615,Chemical Engineering Journal,1385-8947,2016
256,Li2MgTi0.99O4Mn0.01,Li2MgTi0.99O4,Mn,4,0.01,,,,298,676,,,,,,476,330,476,,5.491361694,310000,676,https://doi.org/10.1016/j.cej.2015.12.027,ESV,,,1.00683687,Chemical Engineering Journal,1385-8947,2016
257,Ba2GdNbO6Mn0.001,Ba2GdNbO6,Mn,4,0.001,,,,298,676,0.709,0.291,,,,360,,,,5.605305046,403000,676,https://doi.org/10.1016/j.ceramint.2017.02.044,ESV,"mp-22531,mp-19996", icsd-172405 icsd-109155,0.985556437,Ceramics International,0272-8842,2017
258,Ba2GdNbO6Mn0.005,Ba2GdNbO6,Mn,4,0.005,,,,298,676,0.71,0.29,,,,360,360,,,5.604226053,402000,676,https://doi.org/10.1016/j.ceramint.2017.02.044,ESV,"mp-22531,mp-19996", icsd-172405 icsd-109155,0.985838107,Ceramics International,0272-8842,2017
259,Ba2GdNbO6Mn0.01,Ba2GdNbO6,Mn,4,0.01,,,,298,676,0.713,0.287,,,,360,,,,5.558708571,362000,676,https://doi.org/10.1016/j.ceramint.2017.02.044,ESV,"mp-22531,mp-19996", icsd-172405 icsd-109155,1.053661688,Ceramics International,0272-8842,2017
260,Ba2GdNbO6Mn0.015,Ba2GdNbO6,Mn,4,0.015,,,,298,676,0.708,0.292,,,,360,,,,5.45331834,284000,676,https://doi.org/10.1016/j.ceramint.2017.02.044,ESV,"mp-22531,mp-19996", icsd-172405 icsd-109155,0.987426794,Ceramics International,0272-8842,2017
261,Ba2GdNbO6Mn0.02,Ba2GdNbO6,Mn,4,0.02,,,,298,676,0.703,0.297,,,,360,,,,5.403120521,253000,676,https://doi.org/10.1016/j.ceramint.2017.02.044,ESV,"mp-22531,mp-19996", icsd-172405 icsd-109155,1.071037105,Ceramics International,0272-8842,2017
262,Ba2GdNbO6Mn0.025,Ba2GdNbO6,Mn,4,0.025,,,,298,676,0.711,0.289,,,,360,,,,,,676,https://doi.org/10.1016/j.ceramint.2017.02.044,ESV,"mp-22531,mp-19996", icsd-172405 icsd-109155,1.003421768,Ceramics International,0272-8842,2017
263,CaMg2Al16O27Mn0.016,CaMg2Al16O27,Mn,4,0.016,,,,298,655,,,,,,468,,,,6.008600172,1020000,665,https://doi.org/10.1021/am507316b,ACS,,,0.990288311,ACS Applied Materials &amp; Interfaces,1944-8244,2014
264,CaMg2Al16O27Mn0.032,CaMg2Al16O27,Mn,4,0.032,,,,298,655,,,,,,468,,,,5.984977126,966000,665,https://doi.org/10.1021/am507316b,ACS,,,1.006940302,ACS Applied Materials &amp; Interfaces,1944-8244,2014
265,CaMg2Al16O27Mn0.08,CaMg2Al16O27,Mn,4,0.08,,,,298,655,0.7205,0.2778,35.6,16,,468,345,468,,5.968949681,931000,665,https://doi.org/10.1021/am507316b,ACS,,,1.271566472,ACS Applied Materials &amp; Interfaces,1944-8244,2014
266,CaMg2Al16O27Mn0.16,CaMg2Al16O27,Mn,4,0.16,,,,298,655,,,,,,468,,,,5.909020854,811000,665,https://doi.org/10.1021/am507316b,ACS,,,1.054248854,ACS Applied Materials &amp; Interfaces,1944-8244,2014
267,CaMg2Al16O27Mn0.24,CaMg2Al16O27,Mn,4,0.24,,,,298,655,,,,,,468,,,,5.827369273,672000,665,https://doi.org/10.1021/am507316b,ACS,,,0.983615828,ACS Applied Materials &amp; Interfaces,1944-8244,2014
268,CaMg2Al16O27Mn0.48,CaMg2Al16O27,Mn,4,0.48,,,,298,655,,,,,,468,,,,5.751279104,564000,665,https://doi.org/10.1021/am507316b,ACS,,,1.04979995,ACS Applied Materials &amp; Interfaces,1944-8244,2014
269,Ca3WO6Dy0.005,Ca3WO6,Dy,3,0.005,,,,298,577,,,,,,351,,,,6.012837225,1030000,577,https://doi.org/10.1007/s10854-016-4848-z,SN,"mp-781505,mp-779906", icsd-262323,1.011447388,Journal of Materials Science: Materials in Electronics,0957-4522,2016
270,Ca3WO6Dy0.02,Ca3WO6,Dy,3,0.02,,,,298,577,,,,,,351,,,,5.984977126,966000,577,https://doi.org/10.1007/s10854-016-4848-z,SN,"mp-781505,mp-779906", icsd-262323,1.007209818,Journal of Materials Science: Materials in Electronics,0957-4522,2016
271,Ca3WO6Dy0.04,Ca3WO6,Dy,3,0.04,,,,298,577,0.3482,0.366,,,550,351,351,385,454,5.958085849,908000,577,https://doi.org/10.1007/s10854-016-4848-z,SN,"mp-781505,mp-779906", icsd-262323,1.123661594,Journal of Materials Science: Materials in Electronics,0957-4522,2016
272,La1.95ZnTiO6Eu0.05,La1.95ZnTiO6,Eu,3,0.05,,,,298,616,0.66,0.33,,,,394,,,,5.684845362,484000,616,https://doi.org/10.1016/j.optlastec.2017.04.025,ESV,"mp-558528,mvc-11053", icsd-172755,0.999687087,Optics and Laser Technology,0030-3992,2017
273,La1.9ZnTiO6Eu0.1,La1.9ZnTiO6,Eu,3,0.1,,,,298,616,0.66,0.34,,,,394,,,,5.718501689,523000,616,https://doi.org/10.1016/j.optlastec.2017.04.025,ESV,"mp-558528,mvc-11053", icsd-172755,1.085631386,Optics and Laser Technology,0030-3992,2017
274,La1.8ZnTiO6Eu0.2,La1.8ZnTiO6,Eu,3,0.2,,,,298,616,0.67,0.34,,,,394,,,,5.736396502,545000,616,https://doi.org/10.1016/j.optlastec.2017.04.025,ESV,"mp-558528,mvc-11053", icsd-172755,0.966671389,Optics and Laser Technology,0030-3992,2017
275,La1.7ZnTiO6Eu0.3,La1.7ZnTiO6,Eu,3,0.3,,,,298,616,0.66,0.34,,,,394,,,,,,616,https://doi.org/10.1016/j.optlastec.2017.04.025,ESV,"mp-558528,mvc-11053", icsd-172755,1.049613902,Optics and Laser Technology,0030-3992,2017
276,La1.6ZnTiO6Eu0.4,La1.6ZnTiO6,Eu,3,0.4,,,,298,616,0.66,0.34,,,,394,399,472,,5.7355989,544000,616,https://doi.org/10.1016/j.optlastec.2017.04.025,ESV,"mp-558528,mvc-11053", icsd-172755,0.97386499,Optics and Laser Technology,0030-3992,2017
277,Ba2YNbO6Mn0.001,Ba2YNbO6,Mn,4,0.001,,,,298,695,0.705,0.295,,,,350,,,,5.731588765,539000,695,https://doi.org/10.1016/j.optmat.2017.05.028,ESV,mp-7251, icsd-172407,0.987174284,Optical Materials,0925-3467,2017
278,Ba2YNbO6Mn0.005,Ba2YNbO6,Mn,4,0.005,,,,298,695,0.702,0.298,29.2,,,350,350,,,5.684845362,484000,695,https://doi.org/10.1016/j.optmat.2017.05.028,ESV,mp-7251, icsd-172407,0.999689587,Optical Materials,0925-3467,2017
279,Ba2YNbO6Mn0.01,Ba2YNbO6,Mn,4,0.01,,,,298,695,0.704,0.296,,,,350,,,,5.675778342,474000,695,https://doi.org/10.1016/j.optmat.2017.05.028,ESV,mp-7251, icsd-172407,1.012349057,Optical Materials,0925-3467,2017
280,Ba2YNbO6Mn0.015,Ba2YNbO6,Mn,4,0.015,,,,298,695,0.703,0.297,,,,350,,,,5.644438589,441000,695,https://doi.org/10.1016/j.optmat.2017.05.028,ESV,mp-7251, icsd-172407,1.008085988,Optical Materials,0925-3467,2017
281,Ba2YNbO6Mn0.02,Ba2YNbO6,Mn,4,0.02,,,,298,695,0.705,0.295,,,,350,,,,5.591064607,390000,695,https://doi.org/10.1016/j.optmat.2017.05.028,ESV,mp-7251, icsd-172407,0.995336288,Optical Materials,0925-3467,2017
282,Ba2YNbO6Mn0.025,Ba2YNbO6,Mn,4,0.025,,,,298,695,0.704,0.296,,,,350,,,,,,695,https://doi.org/10.1016/j.optmat.2017.05.028,ESV,mp-7251, icsd-172407,1.076564018,Optical Materials,0925-3467,2017
283,Mg2Al4Si5O18Mn0.005,Mg2Al4Si5O18,Mn,4,0.005,,,,298,680,0.706,0.294,,,,323,,,,,,680,https://doi.org/10.1016/j.dyepig.2017.08.050,ESV,"mp-6174,mp-684265", icsd-158750 icsd-165866 icsd-190522 icsd-190521 icsd-86347 icsd-261438 icsd-158748 icsd-158747 icsd-156362 icsd-190520 icsd-158749 icsd-86346 icsd-158751 icsd-190523 icsd-261437 icsd-158752,1.577838943,Dyes and Pigments,0143-7208,2018
284,Mg2Al4Si5O18Mn0.01,Mg2Al4Si5O18,Mn,4,0.01,,,,298,680,0.708,0.292,,,,323,,,,6.063333359,1157000,680,https://doi.org/10.1016/j.dyepig.2017.08.050,ESV,"mp-6174,mp-684265", icsd-158750 icsd-165866 icsd-190522 icsd-190521 icsd-86347 icsd-261438 icsd-158748 icsd-158747 icsd-156362 icsd-190520 icsd-158749 icsd-86346 icsd-158751 icsd-190523 icsd-261437 icsd-158752,1.099973517,Dyes and Pigments,0143-7208,2018
285,Mg2Al4Si5O18Mn0.015,Mg2Al4Si5O18,Mn,4,0.015,,,,298,680,0.706,0.294,,,,323,,,,6.036628895,1088000,680,https://doi.org/10.1016/j.dyepig.2017.08.050,ESV,"mp-6174,mp-684265", icsd-158750 icsd-165866 icsd-190522 icsd-190521 icsd-86347 icsd-261438 icsd-158748 icsd-158747 icsd-156362 icsd-190520 icsd-158749 icsd-86346 icsd-158751 icsd-190523 icsd-261437 icsd-158752,1.102668062,Dyes and Pigments,0143-7208,2018
286,Mg2Al4Si5O18Mn0.02,Mg2Al4Si5O18,Mn,4,0.02,,,,298,680,0.702,0.298,,,,323,328,,,6.018700499,1044000,680,https://doi.org/10.1016/j.dyepig.2017.08.050,ESV,"mp-6174,mp-684265", icsd-158750 icsd-165866 icsd-190522 icsd-190521 icsd-86347 icsd-261438 icsd-158748 icsd-158747 icsd-156362 icsd-190520 icsd-158749 icsd-86346 icsd-158751 icsd-190523 icsd-261437 icsd-158752,0.973086102,Dyes and Pigments,0143-7208,2018
287,Mg2Al4Si5O18Mn0.02,Mg2Al4Si5O18,Mn,4,0.02,,,,300,680,,,,,,323,,,,6.000434077,1001000,,https://doi.org/10.1016/j.dyepig.2017.08.050,ESV,"mp-6174,mp-684265", icsd-158750 icsd-165866 icsd-190522 icsd-190521 icsd-86347 icsd-261438 icsd-158748 icsd-158747 icsd-156362 icsd-190520 icsd-158749 icsd-86346 icsd-158751 icsd-190523 icsd-261437 icsd-158752,0.989174602,Dyes and Pigments,0143-7208,2018
288,Mg2Al4Si5O18Mn0.02,Mg2Al4Si5O18,Mn,4,0.02,,,,320,680,,,,,,323,,,,5.990782692,979000,,https://doi.org/10.1016/j.dyepig.2017.08.050,ESV,"mp-6174,mp-684265", icsd-158750 icsd-165866 icsd-190522 icsd-190521 icsd-86347 icsd-261438 icsd-158748 icsd-158747 icsd-156362 icsd-190520 icsd-158749 icsd-86346 icsd-158751 icsd-190523 icsd-261437 icsd-158752,0.954832448,Dyes and Pigments,0143-7208,2018
289,Mg2Al4Si5O18Mn0.02,Mg2Al4Si5O18,Mn,4,0.02,,,,340,680,,,,,,323,,,,5.990338855,978000,,https://doi.org/10.1016/j.dyepig.2017.08.050,ESV,"mp-6174,mp-684265", icsd-158750 icsd-165866 icsd-190522 icsd-190521 icsd-86347 icsd-261438 icsd-158748 icsd-158747 icsd-156362 icsd-190520 icsd-158749 icsd-86346 icsd-158751 icsd-190523 icsd-261437 icsd-158752,0.953488224,Dyes and Pigments,0143-7208,2018
290,Mg2Al4Si5O18Mn0.02,Mg2Al4Si5O18,Mn,4,0.02,,,,360,680,,,,,,323,,,,5.976808337,948000,,https://doi.org/10.1016/j.dyepig.2017.08.050,ESV,"mp-6174,mp-684265", icsd-158750 icsd-165866 icsd-190522 icsd-190521 icsd-86347 icsd-261438 icsd-158748 icsd-158747 icsd-156362 icsd-190520 icsd-158749 icsd-86346 icsd-158751 icsd-190523 icsd-261437 icsd-158752,1.149145791,Dyes and Pigments,0143-7208,2018
291,Mg2Al4Si5O18Mn0.02,Mg2Al4Si5O18,Mn,4,0.02,,,,380,680,,,,,,323,,,,5.935003151,861000,,https://doi.org/10.1016/j.dyepig.2017.08.050,ESV,"mp-6174,mp-684265", icsd-158750 icsd-165866 icsd-190522 icsd-190521 icsd-86347 icsd-261438 icsd-158748 icsd-158747 icsd-156362 icsd-190520 icsd-158749 icsd-86346 icsd-158751 icsd-190523 icsd-261437 icsd-158752,0.993507643,Dyes and Pigments,0143-7208,2018
292,Mg2Al4Si5O18Mn0.02,Mg2Al4Si5O18,Mn,4,0.02,,,,400,680,,,,,,323,,,,5.82672252,671000,,https://doi.org/10.1016/j.dyepig.2017.08.050,ESV,"mp-6174,mp-684265", icsd-158750 icsd-165866 icsd-190522 icsd-190521 icsd-86347 icsd-261438 icsd-158748 icsd-158747 icsd-156362 icsd-190520 icsd-158749 icsd-86346 icsd-158751 icsd-190523 icsd-261437 icsd-158752,0.988659912,Dyes and Pigments,0143-7208,2018
293,Mg2Al4Si5O18Mn0.02,Mg2Al4Si5O18,Mn,4,0.02,,,,420,680,,,,,,323,,,,5.591064607,390000,,https://doi.org/10.1016/j.dyepig.2017.08.050,ESV,"mp-6174,mp-684265", icsd-158750 icsd-165866 icsd-190522 icsd-190521 icsd-86347 icsd-261438 icsd-158748 icsd-158747 icsd-156362 icsd-190520 icsd-158749 icsd-86346 icsd-158751 icsd-190523 icsd-261437 icsd-158752,0.995024298,Dyes and Pigments,0143-7208,2018
294,Mg2Al4Si5O18Mn0.02,Mg2Al4Si5O18,Mn,4,0.02,,,,440,680,,,,,,323,,,,5.235528447,172000,,https://doi.org/10.1016/j.dyepig.2017.08.050,ESV,"mp-6174,mp-684265", icsd-158750 icsd-165866 icsd-190522 icsd-190521 icsd-86347 icsd-261438 icsd-158748 icsd-158747 icsd-156362 icsd-190520 icsd-158749 icsd-86346 icsd-158751 icsd-190523 icsd-261437 icsd-158752,0.999722521,Dyes and Pigments,0143-7208,2018
295,Mg2Al4Si5O18Mn0.02,Mg2Al4Si5O18,Mn,4,0.02,,,,460,680,,,,,,323,,,,4.875061263,75000,,https://doi.org/10.1016/j.dyepig.2017.08.050,ESV,"mp-6174,mp-684265", icsd-158750 icsd-165866 icsd-190522 icsd-190521 icsd-86347 icsd-261438 icsd-158748 icsd-158747 icsd-156362 icsd-190520 icsd-158749 icsd-86346 icsd-158751 icsd-190523 icsd-261437 icsd-158752,1.041931441,Dyes and Pigments,0143-7208,2018
296,Mg2Al4Si5O18Mn0.02,Mg2Al4Si5O18,Mn,4,0.02,,,,480,680,,,,,,323,,,,4.531478917,34000,,https://doi.org/10.1016/j.dyepig.2017.08.050,ESV,"mp-6174,mp-684265", icsd-158750 icsd-165866 icsd-190522 icsd-190521 icsd-86347 icsd-261438 icsd-158748 icsd-158747 icsd-156362 icsd-190520 icsd-158749 icsd-86346 icsd-158751 icsd-190523 icsd-261437 icsd-158752,1.065536774,Dyes and Pigments,0143-7208,2018
297,Mg2Al4Si5O18Mn0.02,Mg2Al4Si5O18,Mn,4,0.02,,,,500,680,,,,,,323,,,,4.255272505,18000,,https://doi.org/10.1016/j.dyepig.2017.08.050,ESV,"mp-6174,mp-684265", icsd-158750 icsd-165866 icsd-190522 icsd-190521 icsd-86347 icsd-261438 icsd-158748 icsd-158747 icsd-156362 icsd-190520 icsd-158749 icsd-86346 icsd-158751 icsd-190523 icsd-261437 icsd-158752,1.033946315,Dyes and Pigments,0143-7208,2018
298,Mg2Al4Si5O18Mn0.025,Mg2Al4Si5O18,Mn,4,0.025,,,,298,680,,,,,,323,,,,6.001300933,1003000,680,https://doi.org/10.1016/j.dyepig.2017.08.050,ESV,"mp-6174,mp-684265", icsd-158750 icsd-165866 icsd-190522 icsd-190521 icsd-86347 icsd-261438 icsd-158748 icsd-158747 icsd-156362 icsd-190520 icsd-158749 icsd-86346 icsd-158751 icsd-190523 icsd-261437 icsd-158752,1.005225131,Dyes and Pigments,0143-7208,2018
299,Mg2Al4Si5O18Mn0.03,Mg2Al4Si5O18,Mn,4,0.03,,,,298,680,0.707,0.293,,,,323,,,,5.984977126,966000,680,https://doi.org/10.1016/j.dyepig.2017.08.050,ESV,"mp-6174,mp-684265", icsd-158750 icsd-165866 icsd-190522 icsd-190521 icsd-86347 icsd-261438 icsd-158748 icsd-158747 icsd-156362 icsd-190520 icsd-158749 icsd-86346 icsd-158751 icsd-190523 icsd-261437 icsd-158752,1.007392272,Dyes and Pigments,0143-7208,2018
300,SrGe3.999O9Mn0.001,SrGe3.999O9,Mn,4,0.001,,,,298,655,,,,,,430,276,,,6.02201574,1052000,655,https://doi.org/10.1016/j.powtec.2016.01.017,ESV,mp-9380, icsd-82393,0.999687732,Powder Technology,0032-5910,2016
301,SrGe3.996O9Mn0.004,SrGe3.996O9,Mn,4,0.004,,,,298,655,,,,,,430,276,,,6.011570444,1027000,655,https://doi.org/10.1016/j.powtec.2016.01.017,ESV,mp-9380, icsd-82393,1.002942125,Powder Technology,0032-5910,2016
302,SrGe3.993O9Mn0.007,SrGe3.993O9,Mn,4,0.007,,,,298,655,,,,,,430,276,,,6.008174184,1019000,655,https://doi.org/10.1016/j.powtec.2016.01.017,ESV,mp-9380, icsd-82393,0.991022495,Powder Technology,0032-5910,2016
303,SrGe3.99O9Mn0.01,SrGe3.99O9,Mn,4,0.01,,,,298,655,,,,,448,430,276,,,6.004751156,1011000,655,https://doi.org/10.1016/j.powtec.2016.01.017,ESV,mp-9380, icsd-82393,1.023874989,Powder Technology,0032-5910,2016
304,SrGe3.985O9Mn0.015,SrGe3.985O9,Mn,4,0.015,,,,298,655,,,,,,430,276,,,6.003460532,1008000,655,https://doi.org/10.1016/j.powtec.2016.01.017,ESV,mp-9380, icsd-82393,1.020712667,Powder Technology,0032-5910,2016
305,SrGe3.98O9Mn0.02,SrGe3.98O9,Mn,4,0.02,,,,298,655,,,,,,430,276,,,6.000434077,1001000,655,https://doi.org/10.1016/j.powtec.2016.01.017,ESV,mp-9380, icsd-82393,0.98848156,Powder Technology,0032-5910,2016
306,SrGe3.97O9Mn0.03,SrGe3.97O9,Mn,4,0.03,,,,298,655,,,,,,430,276,,,5.993876915,986000,655,https://doi.org/10.1016/j.powtec.2016.01.017,ESV,mp-9380, icsd-82393,1.029813712,Powder Technology,0032-5910,2016
307,Sr6Ca4P6O24F2Eu0.01,Sr6Ca4P6O24F2,Eu,2,0.01,,,,298,452,,,,,,368,293,,,,,452,https://doi.org/10.1016/j.materresbull.2015.07.031,ESV,mp-1218615,,1.00399624,Materials Research Bulletin,0025-5408,2015
308,Sr6Ca4P6O24F2Eu0.05,Sr6Ca4P6O24F2,Eu,2,0.05,,,,298,452,0.143,0.065,,,,368,293,,,2.468051791,293.8,452,https://doi.org/10.1016/j.materresbull.2015.07.031,ESV,mp-1218615,,1.116702135,Materials Research Bulletin,0025-5408,2015
309,Sr6Ca4P6O24F2Eu0.09,Sr6Ca4P6O24F2,Eu,2,0.09,,,,298,452,,,,,,368,293,,,,,452,https://doi.org/10.1016/j.materresbull.2015.07.031,ESV,mp-1218615,,1.007508529,Materials Research Bulletin,0025-5408,2015
310,Sr6Ca4P6O24F2Eu0.13,Sr6Ca4P6O24F2,Eu,2,0.13,,,,298,452,,,,,,368,293,,,,,452,https://doi.org/10.1016/j.materresbull.2015.07.031,ESV,mp-1218615,,1.009744824,Materials Research Bulletin,0025-5408,2015
311,Sr6Ca4P6O24F2Eu0.17,Sr6Ca4P6O24F2,Eu,2,0.17,,,,298,452,,,,,,368,293,,,2.415307292,260.2,452,https://doi.org/10.1016/j.materresbull.2015.07.031,ESV,mp-1218615,,1.099786618,Materials Research Bulletin,0025-5408,2015
312,Sr6Ca4P6O24F2Eu0.25,Sr6Ca4P6O24F2,Eu,2,0.25,,,,298,452,,,,,,368,293,,,2.343802333,220.7,452,https://doi.org/10.1016/j.materresbull.2015.07.031,ESV,mp-1218615,,1.101369516,Materials Research Bulletin,0025-5408,2015
313,Sr6Ca4P6O24F2Eu0.4,Sr6Ca4P6O24F2,Eu,2,0.4,,,,298,452,,,,,,368,293,,,2.1775365,150.5,452,https://doi.org/10.1016/j.materresbull.2015.07.031,ESV,mp-1218615,,1.104228927,Materials Research Bulletin,0025-5408,2015
314,Sr6Ca4P6O24F2Eu0.5,Sr6Ca4P6O24F2,Eu,2,0.5,,,,298,452,,,,,,368,293,,,1.437750563,27.4,452,https://doi.org/10.1016/j.materresbull.2015.07.031,ESV,mp-1218615,,1.059485979,Materials Research Bulletin,0025-5408,2015
315,Ca14Zn6Ga9.95O35Mn0.05,Ca14Zn6Ga9.95O35,Mn,4,0.05,,,,298,711,,,,,,462,,,,6.503790683,3190000,711,https://doi.org/10.1016/j.jallcom.2016.10.162,ESV,,,14.1370461,Journal of Alloys and Compounds,0925-8388,2017
316,Ca14Zn6Ga9.9O35Mn0.1,Ca14Zn6Ga9.9O35,Mn,4,0.1,,,,298,711,,,,,,462,,,,6.496929648,3140000,711,https://doi.org/10.1016/j.jallcom.2016.10.162,ESV,,,15.98786626,Journal of Alloys and Compounds,0925-8388,2017
317,Ca14Zn6Ga9.85O35Mn0.15,Ca14Zn6Ga9.85O35,Mn,4,0.15,,,,298,711,,,,,445,462,313,462,,6.482873584,3040000,711,https://doi.org/10.1016/j.jallcom.2016.10.162,ESV,,,1.080901717,Journal of Alloys and Compounds,0925-8388,2017
318,Ca14Zn6Ga9.8O35Mn0.2,Ca14Zn6Ga9.8O35,Mn,4,0.2,,,,298,711,,,,,,462,,,,6.480006943,3020000,711,https://doi.org/10.1016/j.jallcom.2016.10.162,ESV,,,1.038183335,Journal of Alloys and Compounds,0925-8388,2017
319,Ca14Zn6Ga9.75O35Mn0.25,Ca14Zn6Ga9.75O35,Mn,4,0.25,,,,298,711,,,,,,462,,,,6.475671188,2990000,711,https://doi.org/10.1016/j.jallcom.2016.10.162,ESV,,,1.025673507,Journal of Alloys and Compounds,0925-8388,2017
320,Ca14Zn6Ga9.7O35Mn0.3,Ca14Zn6Ga9.7O35,Mn,4,0.3,,,,298,711,,,,,,462,,,,6.45331834,2840000,711,https://doi.org/10.1016/j.jallcom.2016.10.162,ESV,,,1.02114757,Journal of Alloys and Compounds,0925-8388,2017
321,Sr2LaNbO6Mn0.001,Sr2LaNbO6,Mn,4,0.001,,,,298,694,,,,,,320,,,,,,694,https://doi.org/10.1016/j.materresbull.2016.12.045,ESV,mp-1206761,,1.10924414,Materials Research Bulletin,0025-5408,2017
322,Sr2LaNbO6Mn0.005,Sr2LaNbO6,Mn,4,0.005,,,,298,694,0.7,0.3,,,,320,,,,5.911157609,815000,694,https://doi.org/10.1016/j.materresbull.2016.12.045,ESV,mp-1206761,,1.078697841,Materials Research Bulletin,0025-5408,2017
323,Sr2LaNbO6Mn0.01,Sr2LaNbO6,Mn,4,0.01,,,,298,694,0.702,0.298,,,,320,323,,,5.889861721,776000,694,https://doi.org/10.1016/j.materresbull.2016.12.045,ESV,mp-1206761,,0.946719581,Materials Research Bulletin,0025-5408,2017
324,Sr2LaNbO6Mn0.01,Sr2LaNbO6,Mn,4,0.01,,,,300,694,,,,,,320,,,,5.688419822,488000,,https://doi.org/10.1016/j.materresbull.2016.12.045,ESV,mp-1206761,,1.024963814,Materials Research Bulletin,0025-5408,2017
325,Sr2LaNbO6Mn0.01,Sr2LaNbO6,Mn,4,0.01,,,,325,694,,,,,,320,,,,5.672097858,470000,,https://doi.org/10.1016/j.materresbull.2016.12.045,ESV,mp-1206761,,1.009670658,Materials Research Bulletin,0025-5408,2017
326,Sr2LaNbO6Mn0.01,Sr2LaNbO6,Mn,4,0.01,,,,350,694,,,,,,320,,,,5.627365857,424000,,https://doi.org/10.1016/j.materresbull.2016.12.045,ESV,mp-1206761,,0.970237392,Materials Research Bulletin,0025-5408,2017
327,Sr2LaNbO6Mn0.01,Sr2LaNbO6,Mn,4,0.01,,,,375,694,,,,,,320,,,,5.58546073,385000,,https://doi.org/10.1016/j.materresbull.2016.12.045,ESV,mp-1206761,,0.975865064,Materials Research Bulletin,0025-5408,2017
328,Sr2LaNbO6Mn0.01,Sr2LaNbO6,Mn,4,0.01,,,,400,694,,,,,,320,,,,5.511883361,325000,,https://doi.org/10.1016/j.materresbull.2016.12.045,ESV,mp-1206761,,1.02470828,Materials Research Bulletin,0025-5408,2017
329,Sr2LaNbO6Mn0.01,Sr2LaNbO6,Mn,4,0.01,,,,425,694,,,,,,320,,,,5.380211242,240000,,https://doi.org/10.1016/j.materresbull.2016.12.045,ESV,mp-1206761,,1.078536304,Materials Research Bulletin,0025-5408,2017
330,Sr2LaNbO6Mn0.01,Sr2LaNbO6,Mn,4,0.01,,,,450,694,,,,,,320,,,,5.176091259,150000,,https://doi.org/10.1016/j.materresbull.2016.12.045,ESV,mp-1206761,,1.022880476,Materials Research Bulletin,0025-5408,2017
331,Sr2LaNbO6Mn0.01,Sr2LaNbO6,Mn,4,0.01,,,,475,694,,,,,,320,,,,4.872738827,74600,,https://doi.org/10.1016/j.materresbull.2016.12.045,ESV,mp-1206761,,1.027642528,Materials Research Bulletin,0025-5408,2017
332,Sr2LaNbO6Mn0.01,Sr2LaNbO6,Mn,4,0.01,,,,500,694,,,,,,320,,,,4.495544338,31300,,https://doi.org/10.1016/j.materresbull.2016.12.045,ESV,mp-1206761,,1.097202828,Materials Research Bulletin,0025-5408,2017
333,Sr2LaNbO6Mn0.015,Sr2LaNbO6,Mn,4,0.015,,,,298,694,0.701,0.299,,,,320,,,,5.830588669,677000,694,https://doi.org/10.1016/j.materresbull.2016.12.045,ESV,mp-1206761,,0.983286589,Materials Research Bulletin,0025-5408,2017
334,Sr2LaNbO6Mn0.02,Sr2LaNbO6,Mn,4,0.02,,,,298,694,0.699,0.301,,,,320,,,,5.824776462,668000,694,https://doi.org/10.1016/j.materresbull.2016.12.045,ESV,mp-1206761,,0.98366301,Materials Research Bulletin,0025-5408,2017
335,Sr2LaNbO6Mn0.25,Sr2LaNbO6,Mn,4,0.25,,,,298,694,0.699,0.301,,,,320,,,,5.709269961,512000,694,https://doi.org/10.1016/j.materresbull.2016.12.045,ESV,mp-1206761,,0.975241231,Materials Research Bulletin,0025-5408,2017
336,LiGd2.7Mo5O20Eu0.1,LiGd2.7Mo5O20,Eu,3,0.1,,,,298,615,,,,,,395,,,,5.619093331,416000,615,https://doi.org/10.1364/OME.8.000259,OSA,,,1.022392837,Optical Materials Express,2159-3930,2018
337,LiGd2.1Mo5O20Eu0.3,LiGd2.1Mo5O20,Eu,3,0.3,,,,298,615,,,,,,395,,,,5.62324929,420000,615,https://doi.org/10.1364/OME.8.000259,OSA,,,0.983465468,Optical Materials Express,2159-3930,2018
338,LiGd1.5Mo5O20Eu0.5,LiGd1.5Mo5O20,Eu,3,0.5,,,,298,615,,,,,,395,,,,5.625312451,422000,615,https://doi.org/10.1364/OME.8.000259,OSA,,,0.97489637,Optical Materials Express,2159-3930,2018
339,LiGd0.9Mo5O20Eu0.7,LiGd0.9Mo5O20,Eu,3,0.7,,,,298,615,,,,,,395,,,,5.62838893,425000,615,https://doi.org/10.1364/OME.8.000259,OSA,,,0.977218633,Optical Materials Express,2159-3930,2018
340,LiGd0.6Mo5O20Eu0.8,LiGd0.6Mo5O20,Eu,3,0.8,,,,298,615,,,,,,395,,,,5.62324929,420000,615,https://doi.org/10.1364/OME.8.000259,OSA,,,0.983558749,Optical Materials Express,2159-3930,2018
341,LiGd0.3Mo5O20Eu0.9,LiGd0.3Mo5O20,Eu,3,0.9,,,,298,615,0.6705,0.3292,41,,483,395,395,465,,5.625312451,422000,615,https://doi.org/10.1364/OME.8.000259,OSA,,,0.97489637,Optical Materials Express,2159-3930,2018
342,LiGd0.3Mo5O20Eu0.9,LiGd0.3Mo5O20,Eu,3,0.9,,,,375,615,0.6695,0.3303,,,,395,,,,,,,https://doi.org/10.1364/OME.8.000259,OSA,,,1.243611326,Optical Materials Express,2159-3930,2018
343,LiGd0.3Mo5O20Eu0.9,LiGd0.3Mo5O20,Eu,3,0.9,,,,450,615,0.6683,0.3314,,,,395,,,,,,,https://doi.org/10.1364/OME.8.000259,OSA,,,1.257881598,Optical Materials Express,2159-3930,2018
344,LiGd0.3Mo5O20Eu0.9,LiGd0.3Mo5O20,Eu,3,0.9,,,,550,615,0.6658,0.334,,,,395,,,,,,,https://doi.org/10.1364/OME.8.000259,OSA,,,1.323790147,Optical Materials Express,2159-3930,2018
345,LiMo5O20Eu1,LiMo5O20,Eu,3,1,,,,298,615,,,,,,395,,,,5.625312451,422000,615,https://doi.org/10.1364/OME.8.000259,OSA,,,0.97489637,Optical Materials Express,2159-3930,2018
346,Li3Ba2La2.9W8O32Eu0.1,Li3Ba2La2.9W8O32,Eu,3,0.1,,,,298,615,,,,,,395,,,,5.802089258,634000,615,https://doi.org/10.1364/OME.6.000181,OSA,,,1.005892332,Optical Materials Express,2159-3930,2015
347,Li3Ba2La2.4W8O32Eu0.6,Li3Ba2La2.4W8O32,Eu,3,0.6,,,,298,615,,,,,,395,,,,5.804820679,638000,615,https://doi.org/10.1364/OME.6.000181,OSA,,,1.084485666,Optical Materials Express,2159-3930,2015
348,Li3Ba2La1.8W8O32Eu1.2,Li3Ba2La1.8W8O32,Eu,3,1.2,,,,298,615,,,,,,395,,,,5.802773725,635000,615,https://doi.org/10.1364/OME.6.000181,OSA,,,1.014809096,Optical Materials Express,2159-3930,2015
349,Li3Ba2La1.2W8O32Eu1.8,Li3Ba2La1.2W8O32,Eu,3,1.8,,,,298,615,,,,,,395,,,,5.799340549,630000,615,https://doi.org/10.1364/OME.6.000181,OSA,,,0.967134684,Optical Materials Express,2159-3930,2015
350,Li3Ba2La0.9W8O32Eu2.1,Li3Ba2La0.9W8O32,Eu,3,2.1,,,,298,615,,,,,,395,,,,,,615,https://doi.org/10.1364/OME.6.000181,OSA,,,1.205563352,Optical Materials Express,2159-3930,2015
351,Li3Ba2La0.6W8O32Eu2.4,Li3Ba2La0.6W8O32,Eu,3,2.4,,,,298,615,,,,,,395,,,,5.797267541,627000,615,https://doi.org/10.1364/OME.6.000181,OSA,,,0.984056536,Optical Materials Express,2159-3930,2015
352,Li3Ba2La0.3W8O32Eu2.7,Li3Ba2La0.3W8O32,Eu,3,2.7,,,,298,615,,,,,510,395,,,,5.756636108,571000,615,https://doi.org/10.1364/OME.6.000181,OSA,,,1.013833768,Optical Materials Express,2159-3930,2015
353,Li3Ba2W8O32Eu3,Li3Ba2W8O32,Eu,3,3,,,,298,615,0.67,0.33,,,,395,465,395,,5.722633923,528000,615,https://doi.org/10.1364/OME.6.000181,OSA,,,1.068178693,Optical Materials Express,2159-3930,2015
354,Ba2Gd4.99B5O17Dy0.01,Ba2Gd4.99B5O17,Dy,3,0.01,,,,298,575,0.404,0.419,,,,354,,,,5.741151599,551000,575,https://doi.org/10.1007/s10854-018-9640-9,SN,,,0.999881222,Journal of Materials Science: Materials in Electronics,0957-4522,2018
355,Ba2Gd4.97B5O17Dy0.03,Ba2Gd4.97B5O17,Dy,3,0.03,,,,298,575,0.412,0.433,,,,354,,,,5.688419822,488000,575,https://doi.org/10.1007/s10854-018-9640-9,SN,,,1.048025023,Journal of Materials Science: Materials in Electronics,0957-4522,2018
356,Ba2Gd4.95B5O17Dy0.05,Ba2Gd4.95B5O17,Dy,3,0.05,,,,298,575,0.414,0.435,,,,354,,,,5.655138435,452000,575,https://doi.org/10.1007/s10854-018-9640-9,SN,,,1.037147112,Journal of Materials Science: Materials in Electronics,0957-4522,2018
357,Ba2Gd4.93B5O17Dy0.07,Ba2Gd4.93B5O17,Dy,3,0.07,,,,298,575,0.415,0.435,,,413,354,276,314,,5.622214023,419000,575,https://doi.org/10.1007/s10854-018-9640-9,SN,,,0.999005051,Journal of Materials Science: Materials in Electronics,0957-4522,2018
358,Ba2Gd4.91B5O17Dy0.09,Ba2Gd4.91B5O17,Dy,3,0.09,,,,298,575,0.414,0.436,,,,354,,,,5.587710965,387000,575,https://doi.org/10.1007/s10854-018-9640-9,SN,,,0.975128504,Journal of Materials Science: Materials in Electronics,0957-4522,2018
359,Ba2Gd4.89B5O17Dy0.11,Ba2Gd4.89B5O17,Dy,3,0.11,,,,298,575,0.414,0.436,,,,354,,,,5.564666064,367000,575,https://doi.org/10.1007/s10854-018-9640-9,SN,,,1.03862898,Journal of Materials Science: Materials in Electronics,0957-4522,2018
367,Na2Y1.9B2O7Eu0.05,Na2Y1.9B2O7,Eu,3,0.05,,,,298,619,0.649,0.35,,,,395,,,,6.235528447,1720000,619,https://doi.org/10.1016/j.jlumin.2018.09.008,ESV,mp-6331, icsd-191128 icsd-245226 icsd-99206,1.060948919,Journal of Luminescence,0022-2313,2019
368,Na2Y1.7B2O7Eu0.15,Na2Y1.7B2O7,Eu,3,0.15,,,,298,619,0.651,0.347,,,,395,,,,6.23299611,1710000,619,https://doi.org/10.1016/j.jlumin.2018.09.008,ESV,mp-6331, icsd-191128 icsd-245226 icsd-99206,0.995879176,Journal of Luminescence,0022-2313,2019
369,Na2Y1.5B2O7Eu0.25,Na2Y1.5B2O7,Eu,3,0.25,,,,298,619,0.652,0.347,,,,395,,,,6.227886705,1690000,619,https://doi.org/10.1016/j.jlumin.2018.09.008,ESV,mp-6331, icsd-191128 icsd-245226 icsd-99206,1.005011844,Journal of Luminescence,0022-2313,2019
370,Na2Y1.3B2O7Eu0.35,Na2Y1.3B2O7,Eu,3,0.35,,,,298,619,0.652,0.347,36.6,,393,395,395,384,,6.201397124,1590000,619,https://doi.org/10.1016/j.jlumin.2018.09.008,ESV,mp-6331, icsd-191128 icsd-245226 icsd-99206,0.989804319,Journal of Luminescence,0022-2313,2019
371,Na2Y1.1B2O7Eu0.45,Na2Y1.1B2O7,Eu,3,0.45,,,,298,619,0.652,0.347,,,,395,,,,6.190331698,1550000,619,https://doi.org/10.1016/j.jlumin.2018.09.008,ESV,mp-6331, icsd-191128 icsd-245226 icsd-99206,1.151523018,Journal of Luminescence,0022-2313,2019
372,Na2YB2O7Eu0.5,Na2YB2O7,Eu,3,0.5,,,,298,619,0.652,0.347,,,,395,,,,6.178976947,1510000,619,https://doi.org/10.1016/j.jlumin.2018.09.008,ESV,mp-6331, icsd-191128 icsd-245226 icsd-99206,1.090991287,Journal of Luminescence,0022-2313,2019
373,Sr1.6Zn0.3CeO4Eu0.1,Sr1.6Zn0.3CeO4,Eu,3,0.1,,,,298,,0.6,0.34,,,,400,,,,5.934498451,860000,614,https://doi.org/10.1021/am4041493,ACS,mp-15743, icsd-86768 icsd-237179 icsd-237186,0.991915523,ACS Applied Materials &amp; Interfaces,1944-8244,2014
374,Sr1.5Zn0.3CeO4Eu0.2,Sr1.5Zn0.3CeO4,Eu,3,0.2,,,,298,,0.6,0.34,,,,400,,,,5.886490725,770000,614,https://doi.org/10.1021/am4041493,ACS,mp-15743, icsd-86768 icsd-237179 icsd-237186,0.997664604,ACS Applied Materials &amp; Interfaces,1944-8244,2014
375,Sr1.4Zn0.3CeO4Eu0.3,Sr1.4Zn0.3CeO4,Eu,3,0.3,,,,298,614,0.6,0.34,46.1,,388,400,363,280,,5.851258349,710000,614,https://doi.org/10.1021/am4041493,ACS,mp-15743, icsd-86768 icsd-237179 icsd-237186,1.086653063,ACS Applied Materials &amp; Interfaces,1944-8244,2014
376,Sr1.3Zn0.3CeO4Eu0.4,Sr1.3Zn0.3CeO4,Eu,3,0.4,,,,298,,0.6,0.34,,,,400,,,,5.826074803,670000,614,https://doi.org/10.1021/am4041493,ACS,mp-15743, icsd-86768 icsd-237179 icsd-237186,0.987468218,ACS Applied Materials &amp; Interfaces,1944-8244,2014
377,Sr1.2Zn0.3CeO4Eu0.5,Sr1.2Zn0.3CeO4,Eu,3,0.5,,,,298,,0.6,0.34,,,,400,,,,5.707570176,510000,614,https://doi.org/10.1021/am4041493,ACS,mp-15743, icsd-86768 icsd-237179 icsd-237186,0.978397748,ACS Applied Materials &amp; Interfaces,1944-8244,2014
378,Sr1.98Si5N8Eu0.04,Sr1.98Si5N8,Eu,2,0.04,,,,298,619,0.638,0.359,,61,,460,460,320,,,,619,https://doi.org/10.1016/j.jlumin.2009.03.008,ESV,mp-9710, icsd-401500,1.010723754,Journal of Luminescence,0022-2313,2010
379,Sr1.96Si5N8Eu0.04,Sr1.96Si5N8,Eu,2,0.04,,,,298,615,0.61,0.39,,,,420,428,308,,,,615,https://doi.org/10.1016/j.ceramint.2014.04.054,ESV,mp-9710, icsd-401500,1.002690684,Ceramics International,0272-8842,2014
380,Sr1.95Si5N8Eu0.04Mn0.01,Sr1.95Si5N8,Eu,2,0.04,Mn,2,0.01,298,615,0.61,0.39,,,,420,428,308,,,,615,https://doi.org/10.1016/j.ceramint.2014.04.054,ESV,mp-9710, icsd-401500,0.987097929,Ceramics International,0272-8842,2014
381,Sr1.94Si5N8Eu0.04Mn0.02,Sr1.94Si5N8,Eu,2,0.04,Mn,2,0.02,298,615,0.61,0.38,,,,420,428,308,,,,615,https://doi.org/10.1016/j.ceramint.2014.04.054,ESV,mp-9710, icsd-401500,0.987309081,Ceramics International,0272-8842,2014
382,Sr1.93Si5N8Eu0.04Mn0.03,Sr1.93Si5N8,Eu,2,0.04,Mn,2,0.03,298,615,0.62,0.38,,,,420,428,308,,,,615,https://doi.org/10.1016/j.ceramint.2014.04.054,ESV,mp-9710, icsd-401500,0.984574807,Ceramics International,0272-8842,2014
383,Sr1.92Si5N8Eu0.04Mn0.04,Sr1.92Si5N8,Eu,2,0.04,Mn,2,0.04,298,615,0.62,0.38,,,,420,428,308,,,,615,https://doi.org/10.1016/j.ceramint.2014.04.054,ESV,mp-9710, icsd-401500,0.984789179,Ceramics International,0272-8842,2014
384,K2MgGeO4Bi0.001,K2MgGeO4,Bi,3,0.001,,,,298,614,,,,,,335,,,,3.323458367,2106,614,https://doi.org/10.1021/acs.inorgchem.8b02025,ACS,mp-1212053,,1.390171835,Inorganic Chemistry,0020-1669,2018
385,K2MgGeO4Bi0.004,K2MgGeO4,Bi,3,0.004,,,,298,614,,,,,,335,,,,3.289811839,1949,614,https://doi.org/10.1021/acs.inorgchem.8b02025,ACS,mp-1212053,,1.345086359,Inorganic Chemistry,0020-1669,2018
386,K2MgGeO4Bi0.01,K2MgGeO4,Bi,3,0.01,,,,298,614,0.4989,0.44,66.6,,,335,335,250,,3.230704314,1701,614,https://doi.org/10.1021/acs.inorgchem.8b02025,ACS,mp-1212053,,1.256769924,Inorganic Chemistry,0020-1669,2018
387,K2MgGeO4Bi0.02,K2MgGeO4,Bi,3,0.02,,,,298,614,,,,,,335,,,,3.194236749,1564,614,https://doi.org/10.1021/acs.inorgchem.8b02025,ACS,mp-1212053,,1.190653762,Inorganic Chemistry,0020-1669,2018
388,Ba0.99Al12O19Eu0.01,Ba0.99Al12O19,Eu,2,0.01,,,,298,443,0.1525,0.0499,45,,,350,350,,,,,445,https://doi.org/10.1021/acs.chemmater.8b00464,ACS,,,0.985886465,Chemistry of Materials,0897-4756,2018
389,Ba0.97Al12O19Eu0.03,Ba0.97Al12O19,Eu,2,0.03,,,,298,442,0.1522,0.0505,58,,,350,350,,,,,445,https://doi.org/10.1021/acs.chemmater.8b00464,ACS,,,0.985488357,Chemistry of Materials,0897-4756,2018
390,Ba0.95Al12O19Eu0.05,Ba0.95Al12O19,Eu,2,0.05,,,,298,443,0.1518,0.0519,70,,,350,350,,,,,445,https://doi.org/10.1021/acs.chemmater.8b00464,ACS,,,0.985517956,Chemistry of Materials,0897-4756,2018
391,Ba0.93Al12O19Eu0.07,Ba0.93Al12O19,Eu,2,0.07,,,,298,443,0.1514,0.053,75,,,350,350,,,,,445,https://doi.org/10.1021/acs.chemmater.8b00464,ACS,,,0.985463799,Chemistry of Materials,0897-4756,2018
392,Ba0.9Al12O19Eu0.1,Ba0.9Al12O19,Eu,2,0.1,,,,298,445,0.1512,0.054,84,,,350,350,,,2.756636108,571,445,https://doi.org/10.1021/acs.chemmater.8b00464,ACS,,,1.475518731,Chemistry of Materials,0897-4756,2018
393,Ba0.8Al12O19Eu0.2,Ba0.8Al12O19,Eu,2,0.2,,,,298,446,0.1502,0.0625,90,,,350,350,,,2.764922985,582,445,https://doi.org/10.1021/acs.chemmater.8b00464,ACS,,,1.473166134,Chemistry of Materials,0897-4756,2018
394,Ba0.75Al12O19Eu0.25,Ba0.75Al12O19,Eu,2,0.25,,,,298,447,0.1502,0.0617,88,,,350,350,,,2.77815125,600,445,https://doi.org/10.1021/acs.chemmater.8b00464,ACS,,,1.482663554,Chemistry of Materials,0897-4756,2018
395,Sr9Mg1.5P7O28Eu0.02,Sr9Mg1.5P7O28,Eu,2,0.02,,,,298,620,,,,,,460,,,,3.380573003,2402,620,https://doi.org/10.1021/acsami.5b06961,ACS,,,2.603975654,ACS Applied Materials &amp; Interfaces,1944-8244,2015
396,Sr9Mg1.5P7O28Eu0.04,Sr9Mg1.5P7O28,Eu,2,0.04,,,,298,620,,,,,,460,,,,3.355834496,2269,620,https://doi.org/10.1021/acsami.5b06961,ACS,,,2.490632975,ACS Applied Materials &amp; Interfaces,1944-8244,2015
397,Sr9Mg1.5P7O28Eu0.06,Sr9Mg1.5P7O28,Eu,2,0.06,,,,298,620,0.492,0.478,42.6,26.9,382,460,460,,,3.329397879,2135,620,https://doi.org/10.1021/acsami.5b06961,ACS,,,2.561284546,ACS Applied Materials &amp; Interfaces,1944-8244,2015
398,Sr9Mg1.5P7O28Eu0.06,Sr9Mg1.5P7O28,Eu,2,0.06,,,,300,620,0.465,0.511,,,,460,,,,,,,https://doi.org/10.1021/acsami.5b06961,ACS,,,2.067112936,ACS Applied Materials &amp; Interfaces,1944-8244,2015
399,Sr9Mg1.5P7O28Eu0.06,Sr9Mg1.5P7O28,Eu,2,0.06,,,,323,620,0.462,0.514,,,,460,,,,,,,https://doi.org/10.1021/acsami.5b06961,ACS,,,2.06732682,ACS Applied Materials &amp; Interfaces,1944-8244,2015
400,Sr9Mg1.5P7O28Eu0.06,Sr9Mg1.5P7O28,Eu,2,0.06,,,,348,620,0.459,0.516,,,,460,,,,,,,https://doi.org/10.1021/acsami.5b06961,ACS,,,2.067971422,ACS Applied Materials &amp; Interfaces,1944-8244,2015
401,Sr9Mg1.5P7O28Eu0.06,Sr9Mg1.5P7O28,Eu,2,0.06,,,,373,620,0.459,0.517,,,,460,,,,,,,https://doi.org/10.1021/acsami.5b06961,ACS,,,2.06904183,ACS Applied Materials &amp; Interfaces,1944-8244,2015
402,Sr9Mg1.P7O28Eu0.06,Sr9Mg1.P7O28,Eu,2,0.06,,,,398,620,0.463,0.514,,,,460,,,,,,,https://doi.org/10.1021/acsami.5b06961,ACS,,,2.050727242,ACS Applied Materials &amp; Interfaces,1944-8244,2015
403,Sr9Mg1.5P7O28Eu0.06,Sr9Mg1.5P7O28,Eu,2,0.06,,,,423,620,0.468,0.51,,,,460,,,,,,,https://doi.org/10.1021/acsami.5b06961,ACS,,,2.072434879,ACS Applied Materials &amp; Interfaces,1944-8244,2015
404,Sr9Mg1.5P7O28Eu0.06,Sr9Mg1.5P7O28,Eu,2,0.06,,,,448,620,0.471,0.509,,,,460,,,,,,,https://doi.org/10.1021/acsami.5b06961,ACS,,,2.076459339,ACS Applied Materials &amp; Interfaces,1944-8244,2015
405,Sr9Mg1.5P7O28Eu0.08,Sr9Mg1.5P7O28,Eu,2,0.08,,,,298,620,,,,,,460,,,,3.295347148,1974,620,https://doi.org/10.1021/acsami.5b06961,ACS,,,2.391008407,ACS Applied Materials &amp; Interfaces,1944-8244,2015
406,Sr9Mg1.5P7O28Eu0.1,Sr9Mg1.5P7O28,Eu,2,0.1,,,,298,620,,,,,,460,,,,3.256717746,1806,620,https://doi.org/10.1021/acsami.5b06961,ACS,,,2.225006734,ACS Applied Materials &amp; Interfaces,1944-8244,2015
407,Sr9Mg1.5P7O28Eu0.12,Sr9Mg1.5P7O28,Eu,2,0.12,,,,298,620,,,,,,460,,,,3.219584526,1658,620,https://doi.org/10.1021/acsami.5b06961,ACS,,,2.026097254,ACS Applied Materials &amp; Interfaces,1944-8244,2015
408,Sr9Mg1.5P7O28Eu0.14,Sr9Mg1.5P7O28,Eu,2,0.14,,,,298,620,,,,,,460,,,,3.180985581,1517,620,https://doi.org/10.1021/acsami.5b06961,ACS,,,1.903329353,ACS Applied Materials &amp; Interfaces,1944-8244,2015
409,LiCa2.994ZnV3O12Sm0.002,LiCa2.994ZnV3O12,Sm,3,0.002,,,,298,651,0.321,0.38,,,,343,,,,,,,https://doi.org/10.1039/C8RA07329E,RSC,,,0.998781437,RSC Advances,2046-2069,2018
410,LiCa2.985ZnV3O12Sm0.005,LiCa2.985ZnV3O12,Sm,3,0.005,,,,298,651,0.358,0.38,,,,343,,,,,,,https://doi.org/10.1039/C8RA07329E,RSC,,,0.998814708,RSC Advances,2046-2069,2018
411,LiCa2.97ZnV3O12Sm0.01,LiCa2.97ZnV3O12,Sm,3,0.01,,,,298,651,0.364,0.388,36.1,,413,343,343,,,,,651,https://doi.org/10.1039/C8RA07329E,RSC,,,1.008058131,RSC Advances,2046-2069,2018
412,LiCa2.97ZnV3O12Sm0.01,LiCa2.97ZnV3O12,Sm,3,0.01,,,,323,651,0.389,0.39,,,,343,,,,,,,https://doi.org/10.1039/C8RA07329E,RSC,,,0.999177452,RSC Advances,2046-2069,2018
413,LiCa2.97ZnV3O12Sm0.01,LiCa2.97ZnV3O12,Sm,3,0.01,,,,343,651,0.42,0.39,,,,343,,,,,,,https://doi.org/10.1039/C8RA07329E,RSC,,,1.000147656,RSC Advances,2046-2069,2018
414,LiCa2.97ZnV3O12Sm0.01,LiCa2.97ZnV3O12,Sm,3,0.01,,,,363,651,0.456,0.392,,,,343,,,,,,,https://doi.org/10.1039/C8RA07329E,RSC,,,1.001633992,RSC Advances,2046-2069,2018
415,LiCa2.97ZnV3O12Sm0.01,LiCa2.97ZnV3O12,Sm,3,0.01,,,,383,651,0.485,0.389,,,,343,,,,,,,https://doi.org/10.1039/C8RA07329E,RSC,,,1.00424275,RSC Advances,2046-2069,2018
416,LiCa2.97ZnV3O12Sm0.01,LiCa2.97ZnV3O12,Sm,3,0.01,,,,403,651,0.515,0.389,,,,343,,,,,,,https://doi.org/10.1039/C8RA07329E,RSC,,,1.008941061,RSC Advances,2046-2069,2018
417,LiCa2.97ZnV3O12Sm0.01,LiCa2.97ZnV3O12,Sm,3,0.01,,,,423,651,0.535,0.389,,,,343,,,,,,,https://doi.org/10.1039/C8RA07329E,RSC,,,1.014371263,RSC Advances,2046-2069,2018
418,LiCa2.97ZnV3O12Sm0.01,LiCa2.97ZnV3O12,Sm,3,0.01,,,,443,651,0.55,0.389,,,,343,,,,,,,https://doi.org/10.1039/C8RA07329E,RSC,,,1.020434682,RSC Advances,2046-2069,2018
419,LiCa2.97ZnV3O12Sm0.01,LiCa2.97ZnV3O12,Sm,3,0.01,,,,463,651,0.569,0.391,,,,343,,,,,,,https://doi.org/10.1039/C8RA07329E,RSC,,,1.035468242,RSC Advances,2046-2069,2018
420,LiCa2.94ZnV3O12Sm0.02,LiCa2.94ZnV3O12,Sm,3,0.02,,,,298,651,0.389,0.393,,,,343,,,,,,,https://doi.org/10.1039/C8RA07329E,RSC,,,0.998970724,RSC Advances,2046-2069,2018
421,LiCa2.91ZnV3O12Sm0.03,LiCa2.91ZnV3O12,Sm,3,0.03,,,,298,651,0.399,0.394,,,,343,,,,,,,https://doi.org/10.1039/C8RA07329E,RSC,,,0.999032502,RSC Advances,2046-2069,2018
422,LiCa2.88ZnV3O12Sm0.04,LiCa2.88ZnV3O12,Sm,3,0.04,,,,298,651,0.397,0.395,,,,343,,,,,,,https://doi.org/10.1039/C8RA07329E,RSC,,,0.998106951,RSC Advances,2046-2069,2018
423,Sr2.99Al2O5Cl2Eu0.01,Sr2.99Al2O5Cl2,Eu,3,0.01,,,,298,616,,,35,,,393,,,,,,,https://doi.org/10.1021/acsami.8b13728,ACS,mp-559224, icsd-68365,1.025703943,ACS Applied Materials &amp; Interfaces,1944-8244,2018
424,Sr2.985Al2O5Cl2Tb0.015,Sr2.985Al2O5Cl2,Tb,3,0.015,,,,298,489,0.3159,0.5572,45,,,376,,,,6.504470862,3195000,544,https://doi.org/10.1021/acsami.8b13728,ACS,mp-559224, icsd-68365,102.9891648,ACS Applied Materials &amp; Interfaces,1944-8244,2018
425,Sr2.9825Al2O5Cl2Tb0.015Eu0.0025,Sr2.9825Al2O5Cl2,Tb,3,0.015,Eu,3,0.0025,298,616,0.3397,0.5312,,,,376,,,,6.415474168,2603000,544,https://doi.org/10.1021/acsami.8b13728,ACS,mp-559224, icsd-68365,1.223709532,ACS Applied Materials &amp; Interfaces,1944-8244,2018
426,Sr2.98Al2O5Cl2Tb0.015Eu0.005,Sr2.98Al2O5Cl2,Tb,3,0.015,Eu,3,0.005,298,616,0.4146,0.4832,,,,376,,,,6.294025094,1968000,544,https://doi.org/10.1021/acsami.8b13728,ACS,mp-559224, icsd-68365,0.997225935,ACS Applied Materials &amp; Interfaces,1944-8244,2018
427,Sr2.9725Al2O5Cl2Tb0.015Eu0.0075,Sr2.9725Al2O5Cl2,Tb,3,0.015,Eu,3,0.0075,298,616,0.4638,0.4519,,,,376,,,,6.153814864,1425000,544,https://doi.org/10.1021/acsami.8b13728,ACS,mp-559224, icsd-68365,0.988198453,ACS Applied Materials &amp; Interfaces,1944-8244,2018
428,Sr2.975Al2O5Cl2Tb0.015Eu0.01,Sr2.975Al2O5Cl2,Tb,3,0.015,Eu,3,0.01,298,616,0.5012,0.4236,,,,376,,,,6.086715664,1221000,544,https://doi.org/10.1021/acsami.8b13728,ACS,mp-559224, icsd-68365,0.999186083,ACS Applied Materials &amp; Interfaces,1944-8244,2018
429,Sr2.9725Al2O5Cl2Tb0.015Eu0.0125,Sr2.9725Al2O5Cl2,Tb,3,0.015,Eu,3,0.0125,298,616,0.5462,0.3897,50,,468,376,,,,5.978180517,951000,544,https://doi.org/10.1021/acsami.8b13728,ACS,mp-559224, icsd-68365,1.113508251,ACS Applied Materials &amp; Interfaces,1944-8244,2018
430,Sr2.9725Al2O5Cl2Tb0.015Eu0.0125,Sr2.9725Al2O5Cl2,Tb,3,0.015,Eu,3,0.0125,323,616,0.5461,0.3903,,,,376,,,,6.383994789,2421000,544,https://doi.org/10.1021/acsami.8b13728,ACS,mp-559224, icsd-68365,1.019728303,ACS Applied Materials &amp; Interfaces,1944-8244,2018
431,Sr2.9725Al2O5Cl2Tb0.015Eu0.0125,Sr2.9725Al2O5Cl2,Tb,3,0.015,Eu,3,0.0125,373,616,0.5963,0.3588,,,,376,,,,6.208441356,1616000,544,https://doi.org/10.1021/acsami.8b13728,ACS,mp-559224, icsd-68365,0.974900017,ACS Applied Materials &amp; Interfaces,1944-8244,2018
432,Sr2.9725Al2O5Cl2Tb0.015Eu0.0125,Sr2.9725Al2O5Cl2,Tb,3,0.015,Eu,3,0.0125,423,616,0.5761,0.3747,,,,376,,,,5.741939078,552000,544,https://doi.org/10.1021/acsami.8b13728,ACS,mp-559224, icsd-68365,1.007667469,ACS Applied Materials &amp; Interfaces,1944-8244,2018
433,Sr2.9725Al2O5Cl2Tb0.015Eu0.0125,Sr2.9725Al2O5Cl2,Tb,3,0.015,Eu,3,0.0125,473,616,,,,,,376,,,,5.271841607,187000,544,https://doi.org/10.1021/acsami.8b13728,ACS,mp-559224, icsd-68365,0.968902112,ACS Applied Materials &amp; Interfaces,1944-8244,2018
434,Sr2.9725Al2O5Cl2Tb0.015Eu0.0125,Sr2.9725Al2O5Cl2,Tb,3,0.015,Eu,3,0.0125,523,616,,,,,,376,,,,4.908485019,81000,544,https://doi.org/10.1021/acsami.8b13728,ACS,mp-559224, icsd-68365,1.069611989,ACS Applied Materials &amp; Interfaces,1944-8244,2018
435,Sr2.9725Al2O5Cl2Tb0.015Eu0.0125,Sr2.9725Al2O5Cl2,Tb,3,0.015,Eu,3,0.0125,573,616,,,,,,376,,,,4.556302501,36000,544,https://doi.org/10.1021/acsami.8b13728,ACS,mp-559224, icsd-68365,1.020018546,ACS Applied Materials &amp; Interfaces,1944-8244,2018
436,Sr2.97Al2O5Cl2Tb0.015Eu0.015,Sr2.97Al2O5Cl2,Tb,3,0.015,Eu,3,0.015,298,616,0.5839,0.3616,,,,376,,,,5.828015064,673000,544,https://doi.org/10.1021/acsami.8b13728,ACS,mp-559224, icsd-68365,0.985695408,ACS Applied Materials &amp; Interfaces,1944-8244,2018
437,Sr2.9675Al2O5Cl2Tb0.015Eu0.0175,Sr2.9675Al2O5Cl2,Tb,3,0.015,Eu,3,0.0175,298,616,0.6181,0.3324,,,,376,,,,5.80140371,633000,544,https://doi.org/10.1021/acsami.8b13728,ACS,mp-559224, icsd-68365,0.97955303,ACS Applied Materials &amp; Interfaces,1944-8244,2018
438,Sr2.965Al2O5Cl2Tb0.015Eu0.02,Sr2.965Al2O5Cl2,Tb,3,0.015,Eu,3,0.02,298,616,0.6579,0.3046,,,,376,,,,5.776701184,598000,544,https://doi.org/10.1021/acsami.8b13728,ACS,mp-559224, icsd-68365,0.982526787,ACS Applied Materials &amp; Interfaces,1944-8244,2018
439,Gd1.86ZnTiO6Eu0.14,Gd1.86ZnTiO6,Eu,3,0.14,,,,298,613,0.662,0.338,,,425,270,270,396,464,5.788168371,614000,613,https://doi.org/10.1039/C8RA00700D,RSC,mp-1105276, icsd-251934,1.025774258,RSC Advances,2046-2069,2018
452,KSr0.995Eu0.005,KSr0.995,Eu,2,0.005,,,,298,430,0.166,0.108,,,,365,,,,2.974971994,944,430,https://doi.org/10.1039/C3TC30128A,RSC,,,0.9870709,Journal of Materials Chemistry C,2050-7526,2013
453,K0.9Na0.1Sr0.995Eu0.005,K0.9Na0.1Sr0.995,Eu,2,0.005,,,,298,434,,,,,,365,,,,2.974050903,942,434,https://doi.org/10.1039/C3TC30128A,RSC,,,0.992964203,Journal of Materials Chemistry C,2050-7526,2013
454,K0.8Na0.2Sr0.995Eu0.005,K0.8Na0.2Sr0.995,Eu,2,0.005,,,,298,437,0.162,0.202,,,,365,,,,3.008600172,1020,437,https://doi.org/10.1039/C3TC30128A,RSC,,,1.004763941,Journal of Materials Chemistry C,2050-7526,2013
455,K0.6Na0.4Sr0.995Eu0.005,K0.6Na0.4Sr0.995,Eu,2,0.005,,,,298,480,0.175,0.314,,,,365,,,,3.025305865,1060,440,https://doi.org/10.1039/C3TC30128A,RSC,,,1.007796006,Journal of Materials Chemistry C,2050-7526,2013
456,K0.5Na0.5Sr0.995Eu0.005,K0.5Na0.5Sr0.995,Eu,2,0.005,,,,298,480,,,,,,365,,,,2.959041392,910,444,https://doi.org/10.1039/C3TC30128A,RSC,,,0.990572085,Journal of Materials Chemistry C,2050-7526,2013
457,K0.4Na0.6Sr0.995Eu0.005,K0.4Na0.6Sr0.995,Eu,2,0.005,,,,298,480,0.202,0.406,50.6,,,365,375,,,2.939519253,870,452,https://doi.org/10.1039/C3TC30128A,RSC,,,0.98700589,Journal of Materials Chemistry C,2050-7526,2013
458,K0.2Na0.8Sr0.995Eu0.005,K0.2Na0.8Sr0.995,Eu,2,0.005,,,,298,480,,,,,,365,,,,2.939519253,870,452,https://doi.org/10.1039/C3TC30128A,RSC,,,0.990116454,Journal of Materials Chemistry C,2050-7526,2013
459,K0.4Na0.6Sr0.985Eu0.005Tb0.01,K0.4Na0.6Sr0.985,Eu,2,0.005,Tb,3,0.01,298,472,0.204,0.415,,,,365,,,,,,472,https://doi.org/10.1039/C3TC30128A,RSC,,,1.838457642,Journal of Materials Chemistry C,2050-7526,2013
460,K0.4Na0.6Sr0.965Eu0.005Tb0.03,K0.4Na0.6Sr0.965,Eu,2,0.005,Tb,3,0.03,298,472,0.212,0.42,,,,365,,,,2.857332496,720,472,https://doi.org/10.1039/C3TC30128A,RSC,,,1.086560156,Journal of Materials Chemistry C,2050-7526,2013
461,K0.4Na0.6Sr0.945Eu0.005Tb0.05,K0.4Na0.6Sr0.945,Eu,2,0.005,Tb,3,0.05,298,472,0.22,0.425,,,,365,,,,2.838849091,690,472,https://doi.org/10.1039/C3TC30128A,RSC,,,1.097512542,Journal of Materials Chemistry C,2050-7526,2013
462,K0.4Na0.6Sr0.925Eu0.005Tb0.07,K0.4Na0.6Sr0.925,Eu,2,0.005,Tb,3,0.07,298,542,0.23,0.435,,,,365,,,,2.819543936,660,472,https://doi.org/10.1039/C3TC30128A,RSC,,,1.103122701,Journal of Materials Chemistry C,2050-7526,2013
463,K0.4Na0.6Sr0.905Eu0.005Tb0.09,K0.4Na0.6Sr0.905,Eu,2,0.005,Tb,3,0.09,298,542,0.232,0.42,,,,365,363,,,2.812913357,650,472,https://doi.org/10.1039/C3TC30128A,RSC,,,1.104533706,Journal of Materials Chemistry C,2050-7526,2013
464,K0.4Na0.6Sr0.985Eu0.005Tb0.11,K0.4Na0.6Sr0.985,Eu,2,0.005,Tb,3,0.11,298,542,,,,,,365,,,,2.748188027,560,472,https://doi.org/10.1039/C3TC30128A,RSC,,,1.134720685,Journal of Materials Chemistry C,2050-7526,2013
465,Y1.9Ti2O7Eu0.1,Y1.9Ti2O7,Eu,3,0.1,,,,298,591,0.593,0.407,,,,395,395,375,463,6.352182518,2250000,591,https://doi.org/10.1111/j.1551-2916.2011.04804.x,Wiley,"mp-5373,mp-685370,mp-686019,mp-1173093", icsd-42702 icsd-93770 icsd-160111 icsd-153820 icsd-167563 icsd-15633 icsd-14242 icsd-24206 icsd-164023 icsd-191622 icsd-157666 icsd-66874 icsd-157667 icsd-239724 icsd-196407 icsd-83593,1.009253207,Journal of the American Ceramic Society,0002-7820,2011
466,Y1.8Ti2O7Eu0.2,Y1.8Ti2O7,Eu,3,0.2,,,,298,591,0.596,0.404,,,,395,,,,6.255272505,1800000,591,https://doi.org/10.1111/j.1551-2916.2011.04804.x,Wiley,"mp-5373,mp-685370,mp-686019,mp-1173093", icsd-42702 icsd-93770 icsd-160111 icsd-153820 icsd-167563 icsd-15633 icsd-14242 icsd-24206 icsd-164023 icsd-191622 icsd-157666 icsd-66874 icsd-157667 icsd-239724 icsd-196407 icsd-83593,0.999185124,Journal of the American Ceramic Society,0002-7820,2011
467,Y1.7Ti2O7Eu0.3,Y1.7Ti2O7,Eu,3,0.3,,,,298,591,0.597,0.403,,,,395,395,375,463,6.204119983,1600000,591,https://doi.org/10.1111/j.1551-2916.2011.04804.x,Wiley,"mp-5373,mp-685370,mp-686019,mp-1173093", icsd-42702 icsd-93770 icsd-160111 icsd-153820 icsd-167563 icsd-15633 icsd-14242 icsd-24206 icsd-164023 icsd-191622 icsd-157666 icsd-66874 icsd-157667 icsd-239724 icsd-196407 icsd-83593,0.956593033,Journal of the American Ceramic Society,0002-7820,2011
468,Y1.6Ti2O7Eu0.4,Y1.6Ti2O7,Eu,3,0.4,,,,298,591,0.6,0.399,,,,395,,,,6.123851641,1330000,591,https://doi.org/10.1111/j.1551-2916.2011.04804.x,Wiley,"mp-5373,mp-685370,mp-686019,mp-1173093", icsd-42702 icsd-93770 icsd-160111 icsd-153820 icsd-167563 icsd-15633 icsd-14242 icsd-24206 icsd-164023 icsd-191622 icsd-157666 icsd-66874 icsd-157667 icsd-239724 icsd-196407 icsd-83593,1.08108537,Journal of the American Ceramic Society,0002-7820,2011
469,Y1.55Ti2O7Eu0.45,Y1.55Ti2O7,Eu,3,0.45,,,,298,591,0.616,0.384,,,649,395,395,375,463,6.079181246,1200000,591,https://doi.org/10.1111/j.1551-2916.2011.04804.x,Wiley,"mp-5373,mp-685370,mp-686019,mp-1173093", icsd-42702 icsd-93770 icsd-160111 icsd-153820 icsd-167563 icsd-15633 icsd-14242 icsd-24206 icsd-164023 icsd-191622 icsd-157666 icsd-66874 icsd-157667 icsd-239724 icsd-196407 icsd-83593,0.997698363,Journal of the American Ceramic Society,0002-7820,2011
470,Ca5P3O12FDy0.005,Ca5P3O12F,Dy,3,0.005,,,,298,486,0.308,0.304,,,,352,352,390,325,,,486,https://doi.org/10.1111/jace.15701,Wiley,"mp-6473,mp-1227110", icsd-240629 icsd-94082 icsd-24236 icsd-38118 icsd-240658 icsd-163790 icsd-236762 icsd-94081 icsd-94083 icsd-30261 icsd-56314 icsd-84227 icsd-180314 icsd-193552 icsd-262707 icsd-52385 icsd-240657 icsd-56313,1.153051494,Journal of the American Ceramic Society,0002-7820,2018
471,Ca5P3O12FDy0.01,Ca5P3O12F,Dy,3,0.01,,,,298,579,0.3165,0.3149,,,,352,,,,6.410118968,2571100,579,https://doi.org/10.1111/jace.15701,Wiley,"mp-6473,mp-1227110", icsd-240629 icsd-94082 icsd-24236 icsd-38118 icsd-240658 icsd-163790 icsd-236762 icsd-94081 icsd-94083 icsd-30261 icsd-56314 icsd-84227 icsd-180314 icsd-193552 icsd-262707 icsd-52385 icsd-240657 icsd-56313,1.144058866,Journal of the American Ceramic Society,0002-7820,2018
472,Ca5P3O12FDy0.02,Ca5P3O12F,Dy,3,0.02,,,,298,486,0.287,0.264,,,,352,352,390,325,,,486,https://doi.org/10.1111/jace.15701,Wiley,"mp-6473,mp-1227110", icsd-240629 icsd-94082 icsd-24236 icsd-38118 icsd-240658 icsd-163790 icsd-236762 icsd-94081 icsd-94083 icsd-30261 icsd-56314 icsd-84227 icsd-180314 icsd-193552 icsd-262707 icsd-52385 icsd-240657 icsd-56313,1.150742598,Journal of the American Ceramic Society,0002-7820,2018
473,Ca5P3O12FDy0.03,Ca5P3O12F,Dy,3,0.03,,,,298,486,0.311,0.307,,,,352,352,390,325,,,486,https://doi.org/10.1111/jace.15701,Wiley,"mp-6473,mp-1227110", icsd-240629 icsd-94082 icsd-24236 icsd-38118 icsd-240658 icsd-163790 icsd-236762 icsd-94081 icsd-94083 icsd-30261 icsd-56314 icsd-84227 icsd-180314 icsd-193552 icsd-262707 icsd-52385 icsd-240657 icsd-56313,1.149519066,Journal of the American Ceramic Society,0002-7820,2018
474,Ca5P3O12FDy0.01Eu0.005,Ca5P3O12F,Dy,3,0.01,Eu,3,0.005,298,579,0.3247,0.3239,,,,352,,,,6.399102361,2506700,579,https://doi.org/10.1111/jace.15701,Wiley,"mp-6473,mp-1227110", icsd-240629 icsd-94082 icsd-24236 icsd-38118 icsd-240658 icsd-163790 icsd-236762 icsd-94081 icsd-94083 icsd-30261 icsd-56314 icsd-84227 icsd-180314 icsd-193552 icsd-262707 icsd-52385 icsd-240657 icsd-56313,0.976070451,Journal of the American Ceramic Society,0002-7820,2018
475,Ca5P3O12FDy0.01Eu0.01,Ca5P3O12F,Dy,3,0.01,Eu,3,0.01,298,579,0.3288,0.3284,,,,352,,,,6.381999022,2409900,579,https://doi.org/10.1111/jace.15701,Wiley,"mp-6473,mp-1227110", icsd-240629 icsd-94082 icsd-24236 icsd-38118 icsd-240658 icsd-163790 icsd-236762 icsd-94081 icsd-94083 icsd-30261 icsd-56314 icsd-84227 icsd-180314 icsd-193552 icsd-262707 icsd-52385 icsd-240657 icsd-56313,0.97593313,Journal of the American Ceramic Society,0002-7820,2018
476,Ca5P3O12FDy0.01Eu0.02,Ca5P3O12F,Dy,3,0.01,Eu,3,0.02,298,579,0.3431,0.3395,,,,352,,,,,,579,https://doi.org/10.1111/jace.15701,Wiley,"mp-6473,mp-1227110", icsd-240629 icsd-94082 icsd-24236 icsd-38118 icsd-240658 icsd-163790 icsd-236762 icsd-94081 icsd-94083 icsd-30261 icsd-56314 icsd-84227 icsd-180314 icsd-193552 icsd-262707 icsd-52385 icsd-240657 icsd-56313,1.004824839,Journal of the American Ceramic Society,0002-7820,2018
477,Ca5P3O12FDy0.01Eu0.03,Ca5P3O12F,Dy,3,0.01,Eu,3,0.03,298,579,0.3529,0.3426,,,,352,,,,6.357420246,2277300,579,https://doi.org/10.1111/jace.15701,Wiley,"mp-6473,mp-1227110", icsd-240629 icsd-94082 icsd-24236 icsd-38118 icsd-240658 icsd-163790 icsd-236762 icsd-94081 icsd-94083 icsd-30261 icsd-56314 icsd-84227 icsd-180314 icsd-193552 icsd-262707 icsd-52385 icsd-240657 icsd-56313,1.005012288,Journal of the American Ceramic Society,0002-7820,2018
478,Ca8ZnLa0.95P7O28Eu0.05,Ca8ZnLa0.95P7O28,Eu,3,0.05,,,,298,611,,,25,,,391,391,462,359,6.265289626,1842000,611,https://doi.org/10.1111/jace.15691,Wiley,,,0.969597242,Journal of the American Ceramic Society,0002-7820,2018
479,Ca8ZnLa0.9P7O28Eu0.1,Ca8ZnLa0.9P7O28,Eu,3,0.1,,,,298,611,,,33,,,391,391,462,359,6.265289626,1842000,611,https://doi.org/10.1111/jace.15691,Wiley,,,0.969600172,Journal of the American Ceramic Society,0002-7820,2018
480,Ca8ZnLa0.7P7O28Eu0.3,Ca8ZnLa0.7P7O28,Eu,3,0.3,,,,298,611,,,47,,,391,391,462,359,6.263872677,1836000,611,https://doi.org/10.1111/jace.15691,Wiley,,,0.986597194,Journal of the American Ceramic Society,0002-7820,2018
481,Ca8ZnLa0.5P7O28Eu0.5,Ca8ZnLa0.5P7O28,Eu,3,0.5,,,,298,611,,,55,,,391,391,462,359,6.26599637,1845000,611,https://doi.org/10.1111/jace.15691,Wiley,,,0.98158659,Journal of the American Ceramic Society,0002-7820,2018
482,Ca8ZnLa0.3P7O28Eu0.7,Ca8ZnLa0.3P7O28,Eu,3,0.7,,,,298,611,,,78,,,391,391,462,359,6.26245109,1830000,611,https://doi.org/10.1111/jace.15691,Wiley,,,1.010920834,Journal of the American Ceramic Society,0002-7820,2018
483,Ca8ZnLa0.1P7O28Eu0.9,Ca8ZnLa0.1P7O28,Eu,3,0.9,,,,298,611,0.6512,0.3485,75,,520,391,391,462,359,6.265053789,1841000,611,https://doi.org/10.1111/jace.15691,Wiley,,,0.966804424,Journal of the American Ceramic Society,0002-7820,2018
484,Ca8ZnP7O28Eu1,Ca8ZnP7O28,Eu,3,1,,,,298,611,,,70,,,391,391,462,359,6.255995727,1803000,611,https://doi.org/10.1111/jace.15691,Wiley,,,1.021226747,Journal of the American Ceramic Society,0002-7820,2018
485,Ba2Y0.97B2O6ClCe0.03,Ba2Y0.97B2O6Cl,Ce,3,0.03,,,,298,420,0.168,0.05,,,,360,360,,,1.307496038,20.3,420,https://doi.org/10.1111/jace.12916,Wiley,mp-866310, icsd-262072,1.006896643,Journal of the American Ceramic Society,0002-7820,2014
486,Ba2Y0.82B2O6ClCe0.03Tb0.15,Ba2Y0.82B2O6Cl,Ce,3,0.03,Tb,3,0.15,298,545,,,,,,360,,,,0.824125834,6.67,420,https://doi.org/10.1111/jace.12916,Wiley,mp-866310, icsd-262072,1.02482024,Journal of the American Ceramic Society,0002-7820,2014
487,Ba2Y0.47B2O6ClCe0.03Tb0.5,Ba2Y0.47B2O6Cl,Ce,3,0.03,Tb,3,0.5,298,545,,,,,,360,,,,0.198657087,1.58,420,https://doi.org/10.1111/jace.12916,Wiley,mp-866310, icsd-262072,1.024386914,Journal of the American Ceramic Society,0002-7820,2014
488,Ba2Y0.47B2O6ClCe0.03Tb0.5,Ba2Y0.47B2O6Cl,Ce,3,0.03,Tb,3,0.5,298,545,0.328,0.591,,,,360,,,,6.320976677,2094000,545,https://doi.org/10.1111/jace.12916,Wiley,mp-866310, icsd-262072,1.050038792,Journal of the American Ceramic Society,0002-7820,2014
496,NaCaPO4Dy0.015,NaCaPO4,Dy,3,0.015,,,,298,,0.32,0.37,,,,355,,,,5.781036939,604000,575,https://doi.org/10.1111/j.1551-2916.2010.03963.x,Wiley,mp-14401, icsd-35629,0.995724201,Journal of the American Ceramic Society,0002-7820,2010
497,Sr2P2O7Sm0.01,Sr2P2O7,Sm,3,0.01,,,,298,596,,,,,,400,,,,6.51851394,3300000,596,https://doi.org/10.1111/ijac.12370,Wiley,mp-5616, icsd-31004 icsd-59395 icsd-34467,186.4192855,International Journal of Applied Ceramic Technology,1546-542X,2015
498,Sr2P2O7Sm0.02,Sr2P2O7,Sm,3,0.02,,,,298,596,,,,,,400,,,,6.469822016,2950000,596,https://doi.org/10.1111/ijac.12370,Wiley,mp-5616, icsd-31004 icsd-59395 icsd-34467,1.007259197,International Journal of Applied Ceramic Technology,1546-542X,2015
499,Sr2P2O7Sm0.04,Sr2P2O7,Sm,3,0.04,,,,298,596,,,,,,400,,,,6.423245874,2650000,596,https://doi.org/10.1111/ijac.12370,Wiley,mp-5616, icsd-31004 icsd-59395 icsd-34467,1.23160506,International Journal of Applied Ceramic Technology,1546-542X,2015
500,Sr2P2O7Sm0.06,Sr2P2O7,Sm,3,0.06,,,,298,596,0.5753,0.4147,,,,400,244,400,370,6.33243846,2150000,596,https://doi.org/10.1111/ijac.12370,Wiley,mp-5616, icsd-31004 icsd-59395 icsd-34467,0.986278597,International Journal of Applied Ceramic Technology,1546-542X,2015
501,Sr2P2O7Sm0.08,Sr2P2O7,Sm,3,0.08,,,,298,596,,,,,,400,,,,6.290034611,1950000,596,https://doi.org/10.1111/ijac.12370,Wiley,mp-5616, icsd-31004 icsd-59395 icsd-34467,1.010683903,International Journal of Applied Ceramic Technology,1546-542X,2015
502,Sr2P2O7Sm0.12,Sr2P2O7,Sm,3,0.12,,,,298,596,,,,,,400,,,,6.217483944,1650000,596,https://doi.org/10.1111/ijac.12370,Wiley,mp-5616, icsd-31004 icsd-59395 icsd-34467,1.076112202,International Journal of Applied Ceramic Technology,1546-542X,2015
503,Sr2P2O7Sm0.14,Sr2P2O7,Sm,3,0.14,,,,298,596,,,,,,400,,,,6.190331698,1550000,596,https://doi.org/10.1111/ijac.12370,Wiley,mp-5616, icsd-31004 icsd-59395 icsd-34467,1.151547662,International Journal of Applied Ceramic Technology,1546-542X,2015
504,Ba0.95Ca2In6O12Eu0.05,Ba0.95Ca2In6O12,Eu,3,0.05,,,,298,617,0.331,0.275,,,,393,393,380,465,,,617,https://doi.org/10.1111/jace.13511,Wiley,,,1.071813787,Journal of the American Ceramic Society,0002-7820,2015
505,Ba0.93Ca2In6O12Eu0.07,Ba0.93Ca2In6O12,Eu,3,0.07,,,,298,617,0.384,0.308,,,,393,,,,,,617,https://doi.org/10.1111/jace.13511,Wiley,,,1.067311736,Journal of the American Ceramic Society,0002-7820,2015
506,Ba0.6Ca2In6O12Eu0.4,Ba0.6Ca2In6O12,Eu,3,0.4,,,,298,617,0.594,0.336,,,,393,,,,,,617,https://doi.org/10.1111/jace.13511,Wiley,,,1.059716839,Journal of the American Ceramic Society,0002-7820,2015
507,La0.97MgAl11O19Tm0.03,La0.97MgAl11O19,Tm,3,0.03,,,,298,455,0.1579,0.0553,,,,359,,,,4.658964843,45600,455,https://doi.org/10.1111/jace.13346,Wiley,mp-1223152,,1.025415404,Journal of the American Ceramic Society,0002-7820,2014
508,La0.96MgAl11O19Tm0.03Dy0.01,La0.96MgAl11O19,Tm,3,0.03,Dy,3,0.01,298,455,0.1722,0.0845,,,,359,,,,4.607455023,40500,455,https://doi.org/10.1111/jace.13346,Wiley,mp-1223152,,1.033354446,Journal of the American Ceramic Society,0002-7820,2014
509,La0.94MgAl11O19Tm0.03Dy0.03,La0.94MgAl11O19,Tm,3,0.03,Dy,3,0.03,298,455,0.1879,0.1154,,,,359,,,,4.571708832,37300,455,https://doi.org/10.1111/jace.13346,Wiley,mp-1223152,,1.011739244,Journal of the American Ceramic Society,0002-7820,2014
510,La0.92MgAl11O19Tm0.03Dy0.05,La0.92MgAl11O19,Tm,3,0.03,Dy,3,0.05,298,455,0.201,0.1412,,,,359,,,,4.526339277,33600,455,https://doi.org/10.1111/jace.13346,Wiley,mp-1223152,,1.062126499,Journal of the American Ceramic Society,0002-7820,2014
511,La0.87MgAl11O19Tm0.03Dy0.1,La0.87MgAl11O19,Tm,3,0.03,Dy,3,0.1,298,455,0.2242,0.1866,,,,359,,,,4.28780173,19400,455,https://doi.org/10.1111/jace.13346,Wiley,mp-1223152,,1.055083613,Journal of the American Ceramic Society,0002-7820,2014
512,La0.82MgAl11O19Tm0.03Dy0.15,La0.82MgAl11O19,Tm,3,0.03,Dy,3,0.15,298,455,0.2383,0.2182,,,,359,,,,4.225309282,16800,455,https://doi.org/10.1111/jace.13346,Wiley,mp-1223152,,1.03676992,Journal of the American Ceramic Society,0002-7820,2014
513,La0.96MgAl11O19Tm0.03Dy0.01,La0.96MgAl11O19,Tm,3,0.03,Dy,3,0.01,298,570,0.2354,0.2158,,,,348,,,,,,570,https://doi.org/10.1111/jace.13346,Wiley,mp-1223152,,1.011450303,Journal of the American Ceramic Society,0002-7820,2014
514,La0.94MgAl11O19Tm0.03Dy0.03,La0.94MgAl11O19,Tm,3,0.03,Dy,3,0.03,298,570,0.2686,0.2765,,,,348,,,,,,570,https://doi.org/10.1111/jace.13346,Wiley,mp-1223152,,1.011337358,Journal of the American Ceramic Society,0002-7820,2014
515,La0.92MgAl11O19Tm0.03Dy0.05,La0.92MgAl11O19,Tm,3,0.03,Dy,3,0.05,298,570,0.2821,0.301,,,,348,,,,,,570,https://doi.org/10.1111/jace.13346,Wiley,mp-1223152,,1.011336695,Journal of the American Ceramic Society,0002-7820,2014
516,La0.87MgAl11O19Tm0.03Dy0.1,La0.87MgAl11O19,Tm,3,0.03,Dy,3,0.1,298,570,0.2971,0.3281,,,,348,,,,,,570,https://doi.org/10.1111/jace.13346,Wiley,mp-1223152,,1.011337174,Journal of the American Ceramic Society,0002-7820,2014
517,La0.82MgAl11O19Tm0.03Dy0.15,La0.82MgAl11O19,Tm,3,0.03,Dy,3,0.15,298,570,0.2978,0.3311,,,,348,,,,,,570,https://doi.org/10.1111/jace.13346,Wiley,mp-1223152,,1.011337045,Journal of the American Ceramic Society,0002-7820,2014
518,La0.9MgAl11O19Dy0.1,La0.9MgAl11O19,Dy,3,0.1,,,,298,570,0.3324,0.3665,,,,348,,,,,,570,https://doi.org/10.1111/jace.13346,Wiley,mp-1223152,,0.994594712,Journal of the American Ceramic Society,0002-7820,2014
519,Ba2B2O5Ce0.005,Ba2B2O5,Ce,3,0.005,,,,298,548,0.161,0.087,,,,353,,,,1.215994263,16.4435,420,https://doi.org/10.1111/jace.14766,Wiley,"mp-771158,mp-753413,mp-768345,mp-771174",,1.536876252,Journal of the American Ceramic Society,0002-7820,2017
520,Ba2B2O5Ce0.005Tb0.01,Ba2B2O5,Ce,3,0.005,Tb,3,0.01,298,548,,,,,,353,,,,1.203848464,15.99,420,https://doi.org/10.1111/jace.14766,Wiley,"mp-771158,mp-753413,mp-768345,mp-771174",,1.107044798,Journal of the American Ceramic Society,0002-7820,2017
521,Ba2B2O5Ce0.005Tb0.02,Ba2B2O5,Ce,3,0.005,Tb,3,0.02,298,548,,,,,,353,,,,1.184325107,15.2871,420,https://doi.org/10.1111/jace.14766,Wiley,"mp-771158,mp-753413,mp-768345,mp-771174",,1.106591248,Journal of the American Ceramic Society,0002-7820,2017
522,Ba2B2O5Ce0.005Tb0.03,Ba2B2O5,Ce,3,0.005,Tb,3,0.03,298,548,,,,,,353,,,,1.16907753,14.7597,420,https://doi.org/10.1111/jace.14766,Wiley,"mp-771158,mp-753413,mp-768345,mp-771174",,1.106281785,Journal of the American Ceramic Society,0002-7820,2017
523,Ba2B2O5Ce0.005Tb0.05,Ba2B2O5,Ce,3,0.005,Tb,3,0.05,298,548,,,,,,353,,,,1.080752717,12.0435,420,https://doi.org/10.1111/jace.14766,Wiley,"mp-771158,mp-753413,mp-768345,mp-771174",,1.068087508,Journal of the American Ceramic Society,0002-7820,2017
524,Ba2B2O5Ce0.005Tb0.1,Ba2B2O5,Ce,3,0.005,Tb,3,0.1,298,548,,,,,,353,,,,1.071878327,11.7999,420,https://doi.org/10.1111/jace.14766,Wiley,"mp-771158,mp-753413,mp-768345,mp-771174",,1.071635112,Journal of the American Ceramic Society,0002-7820,2017
525,Ba2B2O5Ce0.005Tb0.1,Ba2B2O5,Ce,3,0.005,Tb,3,0.1,298,,,,,,,353,,,,6.634376494,4309000,548,https://doi.org/10.1111/jace.14766,Wiley,"mp-771158,mp-753413,mp-768345,mp-771174",,1.294088133,Journal of the American Ceramic Society,0002-7820,2017
526,Ba2B2O5Tb0.1,Ba2B2O5,Tb,3,0.1,,,,298,604,0.318,0.562,,,,262,262,,,5.791269481,618400,604,https://doi.org/10.1111/jace.14766,Wiley,"mp-771158,mp-753413,mp-768345,mp-771174",,1.013101104,Journal of the American Ceramic Society,0002-7820,2017
527,Ba2B2O5Tb0.1Sm0.01,Ba2B2O5,Tb,3,0.1,Sm,3,0.01,298,604,,,,,,262,262,,,5.607133204,404700,604,https://doi.org/10.1111/jace.14766,Wiley,"mp-771158,mp-753413,mp-768345,mp-771174",,0.985551955,Journal of the American Ceramic Society,0002-7820,2017
528,Ba2B2O5Tb0.1Sm0.02,Ba2B2O5,Tb,3,0.1,Sm,3,0.02,298,604,,,,,,262,262,,,5.576686805,377300,604,https://doi.org/10.1111/jace.14766,Wiley,"mp-771158,mp-753413,mp-768345,mp-771174",,1.004144881,Journal of the American Ceramic Society,0002-7820,2017
529,Ba2B2O5Tb0.1Sm0.03,Ba2B2O5,Tb,3,0.1,Sm,3,0.03,298,604,,,,,,262,262,,,5.510946949,324300,604,https://doi.org/10.1111/jace.14766,Wiley,"mp-771158,mp-753413,mp-768345,mp-771174",,1.019671342,Journal of the American Ceramic Society,0002-7820,2017
530,Ba2B2O5Tb0.1Sm0.05,Ba2B2O5,Tb,3,0.1,Sm,3,0.05,298,604,,,,,,262,262,,,5.440594262,275800,604,https://doi.org/10.1111/jace.14766,Wiley,"mp-771158,mp-753413,mp-768345,mp-771174",,0.975719008,Journal of the American Ceramic Society,0002-7820,2017
531,Ba2B2O5Tb0.1Sm0.07,Ba2B2O5,Tb,3,0.1,Sm,3,0.07,298,604,,,,,,262,262,,,5.349860082,223800,604,https://doi.org/10.1111/jace.14766,Wiley,"mp-771158,mp-753413,mp-768345,mp-771174",,1.04648478,Journal of the American Ceramic Society,0002-7820,2017
532,Ba2B2O5Tb0.1Sm0.1,Ba2B2O5,Tb,3,0.1,Sm,3,0.1,298,604,,,,,,262,262,,,5.300595484,199800,604,https://doi.org/10.1111/jace.14766,Wiley,"mp-771158,mp-753413,mp-768345,mp-771174",,1.026667476,Journal of the American Ceramic Society,0002-7820,2017
533,Ba2B2O5Sm0.03,Ba2B2O5,Sm,3,0.03,,,,298,604,0.552,0.29,,,,604,406,,,,,604,https://doi.org/10.1111/jace.14766,Wiley,"mp-771158,mp-753413,mp-768345,mp-771174",,1.302496293,Journal of the American Ceramic Society,0002-7820,2017
563,K2CaP2O7Ce0.02,K2CaP2O7,Ce,3,0.02,,,,298,358,0.1644,0.0187,,,,316,316,,,1.477988976,30.06,358,https://doi.org/10.1111/jace.14470,Wiley,mp-555914, icsd-281572,1.060077101,Journal of the American Ceramic Society,0002-7820,2016
564,K2CaP2O7Ce0.02Tb0.01,K2CaP2O7,Ce,3,0.02,Tb,3,0.01,298,358,0.1771,0.0868,,,,316,,,,1.459271834,28.792,358,https://doi.org/10.1111/jace.14470,Wiley,mp-555914, icsd-281572,0.998922077,Journal of the American Ceramic Society,0002-7820,2016
565,K2CaP2O7Ce0.02Tb0.04,K2CaP2O7,Ce,3,0.02,Tb,3,0.04,298,358,0.205,0.2714,,,,316,,,,1.402828605,25.283,358,https://doi.org/10.1111/jace.14470,Wiley,mp-555914, icsd-281572,0.993934291,Journal of the American Ceramic Society,0002-7820,2016
566,K2CaP2O7Ce0.02Tb0.08,K2CaP2O7,Ce,3,0.02,Tb,3,0.08,298,358,0.2262,0.4109,,,,316,,,,1.347642205,22.266,358,https://doi.org/10.1111/jace.14470,Wiley,mp-555914, icsd-281572,0.993859745,Journal of the American Ceramic Society,0002-7820,2016
567,K2CaP2O7Ce0.02Tb0.12,K2CaP2O7,Ce,3,0.02,Tb,3,0.12,298,358,0.2339,0.4629,,,,316,316,,,1.294972975,19.723,358,https://doi.org/10.1111/jace.14470,Wiley,mp-555914, icsd-281572,0.994526982,Journal of the American Ceramic Society,0002-7820,2016
568,K2CaP2O7Ce0.02Tb0.16,K2CaP2O7,Ce,3,0.02,Tb,3,0.16,298,549,0.2444,0.5288,,,,316,,,,1.226522576,16.847,358,https://doi.org/10.1111/jace.14470,Wiley,mp-555914, icsd-281572,0.997529193,Journal of the American Ceramic Society,0002-7820,2016
569,K2CaP2O7Ce0.02Tb0.2,K2CaP2O7,Ce,3,0.02,Tb,3,0.2,298,549,0.2411,0.5044,,,,316,,,,1.225593548,16.811,358,https://doi.org/10.1111/jace.14470,Wiley,mp-555914, icsd-281572,0.996609243,Journal of the American Ceramic Society,0002-7820,2016
570,NaCaPO4Tb0.02,NaCaPO4,Tb,3,0.02,,,,298,,,,,,,328,,,,6.432809005,2709000,,https://doi.org/10.1002/ejic.201000392,Wiley,mp-14401, icsd-35629,1.16401233,European Journal of Inorganic Chemistry,1434-1948,2010
571,NaCaPO4Tb0.02Ce0.005,NaCaPO4,Tb,3,0.02,Ce,3,0.005,298,544,,,,,,328,,,,6.435525851,2726000,,https://doi.org/10.1002/ejic.201000392,Wiley,mp-14401, icsd-35629,1.112575189,European Journal of Inorganic Chemistry,1434-1948,2010
572,NaCaPO4Tb0.02Ce0.01,NaCaPO4,Tb,3,0.02,Ce,3,0.01,298,544,,,,,,328,,,,6.436003536,2729000,,https://doi.org/10.1002/ejic.201000392,Wiley,mp-14401, icsd-35629,1.113921224,European Journal of Inorganic Chemistry,1434-1948,2010
573,NaCaPO4Tb0.02Ce0.02,NaCaPO4,Tb,3,0.02,Ce,3,0.02,298,544,0.27,0.38,,49.1,,328,,,,6.437909036,2741000,,https://doi.org/10.1002/ejic.201000392,Wiley,mp-14401, icsd-35629,1.121998613,European Journal of Inorganic Chemistry,1434-1948,2010
574,NaCaPO4Tb0.04Ce0.02,NaCaPO4,Tb,3,0.04,Ce,3,0.02,298,544,,,,76.2,,328,,,,,,,https://doi.org/10.1002/ejic.201000392,Wiley,mp-14401, icsd-35629,1.011611285,European Journal of Inorganic Chemistry,1434-1948,2010
575,NaCaPO4Tb0.06Ce0.02,NaCaPO4,Tb,3,0.06,Ce,3,0.02,298,544,,,,74.7,,328,,,,,,,https://doi.org/10.1002/ejic.201000392,Wiley,mp-14401, icsd-35629,1.011197192,European Journal of Inorganic Chemistry,1434-1948,2010
576,NaCaPO4Tb0.08Ce0.02,NaCaPO4,Tb,3,0.08,Ce,3,0.02,298,544,0.32,0.56,,,,328,,,,,,,https://doi.org/10.1002/ejic.201000392,Wiley,mp-14401, icsd-35629,1.007351231,European Journal of Inorganic Chemistry,1434-1948,2010
577,NaCaPO4Ce0.02,NaCaPO4,Ce,3,0.02,,,,298,370,0.17,0.03,,,,328,275,,,,,370,https://doi.org/10.1002/ejic.201000392,Wiley,mp-14401, icsd-35629,1.344606466,European Journal of Inorganic Chemistry,1434-1948,2010
578,Ca0.99Al2Si2O8Eu0.01,Ca0.99Al2Si2O8,Eu,2,0.01,,,,298,425,0.17,0.11,,,,354,354,,,2.86332286,730,425,https://doi.org/10.1021/cm050638f,ACS,"mp-6532,mp-758658,mp-1227479", icsd-252652 icsd-252654 icsd-252649 icsd-654 icsd-31127 icsd-86319 icsd-34942 icsd-252657 icsd-252653 icsd-252650 icsd-86317 icsd-252655 icsd-252656 icsd-23922 icsd-22023 icsd-252648 icsd-22022 icsd-86318 icsd-252651 icsd-202712,1.060132256,Chemistry of Materials,0897-4756,2005
579,Ca0.94Al2Si2O8Eu0.01Mn0.05,Ca0.94Al2Si2O8,Eu,2,0.01,Mn,2,0.05,298,425,0.18,0.12,,,,354,354,,,,,425,https://doi.org/10.1021/cm050638f,ACS,"mp-6532,mp-758658,mp-1227479", icsd-252652 icsd-252654 icsd-252649 icsd-654 icsd-31127 icsd-86319 icsd-34942 icsd-252657 icsd-252653 icsd-252650 icsd-86317 icsd-252655 icsd-252656 icsd-23922 icsd-22023 icsd-252648 icsd-22022 icsd-86318 icsd-252651 icsd-202712,1.016145695,Chemistry of Materials,0897-4756,2005
580,Ca0.89Al2Si2O8Eu0.01Mn0.1,Ca0.89Al2Si2O8,Eu,2,0.01,Mn,2,0.1,298,425,0.2,0.14,,,,354,354,,,2.819543936,660,425,https://doi.org/10.1021/cm050638f,ACS,"mp-6532,mp-758658,mp-1227479", icsd-252652 icsd-252654 icsd-252649 icsd-654 icsd-31127 icsd-86319 icsd-34942 icsd-252657 icsd-252653 icsd-252650 icsd-86317 icsd-252655 icsd-252656 icsd-23922 icsd-22023 icsd-252648 icsd-22022 icsd-86318 icsd-252651 icsd-202712,0.973064365,Chemistry of Materials,0897-4756,2005
581,Ca0.84Al2Si2O8Eu0.01Mn0.15,Ca0.84Al2Si2O8,Eu,2,0.01,Mn,2,0.15,298,425,0.24,0.21,,,,354,354,,,2.755874856,570,425,https://doi.org/10.1021/cm050638f,ACS,"mp-6532,mp-758658,mp-1227479", icsd-252652 icsd-252654 icsd-252649 icsd-654 icsd-31127 icsd-86319 icsd-34942 icsd-252657 icsd-252653 icsd-252650 icsd-86317 icsd-252655 icsd-252656 icsd-23922 icsd-22023 icsd-252648 icsd-22022 icsd-86318 icsd-252651 icsd-202712,0.970760308,Chemistry of Materials,0897-4756,2005
582,Ca0.79Al2Si2O8Eu0.01Mn0.2,Ca0.79Al2Si2O8,Eu,2,0.01,Mn,2,0.2,298,425,0.3,0.29,,,,354,354,,,2.633468456,430,425,https://doi.org/10.1021/cm050638f,ACS,"mp-6532,mp-758658,mp-1227479", icsd-252652 icsd-252654 icsd-252649 icsd-654 icsd-31127 icsd-86319 icsd-34942 icsd-252657 icsd-252653 icsd-252650 icsd-86317 icsd-252655 icsd-252656 icsd-23922 icsd-22023 icsd-252648 icsd-22022 icsd-86318 icsd-252651 icsd-202712,1.003379404,Chemistry of Materials,0897-4756,2005
583,Ca0.74Al2Si2O8Eu0.01Mn0.25,Ca0.74Al2Si2O8,Eu,2,0.01,Mn,2,0.25,298,425,0.33,0.31,,,,354,354,,,2.531478917,340,425,https://doi.org/10.1021/cm050638f,ACS,"mp-6532,mp-758658,mp-1227479", icsd-252652 icsd-252654 icsd-252649 icsd-654 icsd-31127 icsd-86319 icsd-34942 icsd-252657 icsd-252653 icsd-252650 icsd-86317 icsd-252655 icsd-252656 icsd-23922 icsd-22023 icsd-252648 icsd-22022 icsd-86318 icsd-252651 icsd-202712,1.002863563,Chemistry of Materials,0897-4756,2005
584,La3.98GeO8Eu0.006Er0.014,La3.98GeO8,Eu,2,0.006,Er,3,0.014,298,618,0.6176,0.3561,,,,250,,,,,,,https://doi.org/10.1002/adfm.202102479,Wiley,mp-1211987,,1.130727498,Advanced Functional Materials,1616-301X,2021
585,La3.98GeO8Eu0.006Er0.014,La3.98GeO8,Eu,2,0.006,Er,3,0.014,298,618,0.6153,0.3651,,,,254,,,,5.953566414,898600,624,https://doi.org/10.1002/adfm.202102479,Wiley,mp-1211987,,1.04787534,Advanced Functional Materials,1616-301X,2021
586,La3.98GeO8Eu0.006Er0.014,La3.98GeO8,Eu,2,0.006,Er,3,0.014,298,618,0.6092,0.3606,,,,260,,,,,,,https://doi.org/10.1002/adfm.202102479,Wiley,mp-1211987,,1.128819878,Advanced Functional Materials,1616-301X,2021
587,La3.98GeO8Eu0.006Er0.014,La3.98GeO8,Eu,2,0.006,Er,3,0.014,298,624,0.6227,0.3525,,,,270,,,,,,,https://doi.org/10.1002/adfm.202102479,Wiley,mp-1211987,,1.127380636,Advanced Functional Materials,1616-301X,2021
588,La3.98GeO8Eu0.006Er0.014,La3.98GeO8,Eu,2,0.006,Er,3,0.014,298,624,0.6243,0.351,,,,280,,,,,,,https://doi.org/10.1002/adfm.202102479,Wiley,mp-1211987,,1.125719796,Advanced Functional Materials,1616-301X,2021
589,La3.98GeO8Eu0.006Er0.014,La3.98GeO8,Eu,2,0.006,Er,3,0.014,298,624,0.6293,0.348,,,,290,,,,,,,https://doi.org/10.1002/adfm.202102479,Wiley,mp-1211987,,1.124184772,Advanced Functional Materials,1616-301X,2021
590,La3.98GeO8Eu0.006Er0.014,La3.98GeO8,Eu,2,0.006,Er,3,0.014,298,624,0.6277,0.3445,,,,300,,,,,,,https://doi.org/10.1002/adfm.202102479,Wiley,mp-1211987,,1.122777595,Advanced Functional Materials,1616-301X,2021
591,La3.98GeO8Eu0.006Er0.014,La3.98GeO8,Eu,2,0.006,Er,3,0.014,298,624,0.6164,0.3401,,,,310,,,,,,,https://doi.org/10.1002/adfm.202102479,Wiley,mp-1211987,,1.121500156,Advanced Functional Materials,1616-301X,2021
592,La3.98GeO8Eu0.006Er0.014,La3.98GeO8,Eu,2,0.006,Er,3,0.014,298,624,0.5846,0.3373,,,,320,,,,,,,https://doi.org/10.1002/adfm.202102479,Wiley,mp-1211987,,1.1203542,Advanced Functional Materials,1616-301X,2021
593,La3.98GeO8Eu0.006Er0.014,La3.98GeO8,Eu,2,0.006,Er,3,0.014,298,624,0.4385,0.2661,,,,330,,,,,,,https://doi.org/10.1002/adfm.202102479,Wiley,mp-1211987,,1.119341304,Advanced Functional Materials,1616-301X,2021
594,La3.98GeO8Eu0.006Er0.014,La3.98GeO8,Eu,2,0.006,Er,3,0.014,298,624,0.3076,0.2256,,,,340,,,,,,,https://doi.org/10.1002/adfm.202102479,Wiley,mp-1211987,,1.118450772,Advanced Functional Materials,1616-301X,2021
595,La3.98GeO8Eu0.006Er0.014,La3.98GeO8,Eu,2,0.006,Er,3,0.014,298,624,0.3076,0.2694,,,,350,,,,,,,https://doi.org/10.1002/adfm.202102479,Wiley,mp-1211987,,1.117514118,Advanced Functional Materials,1616-301X,2021
596,La3.98GeO8Eu0.006Er0.014,La3.98GeO8,Eu,2,0.006,Er,3,0.014,298,561,0.3259,0.5235,,,,360,,,,5.038222638,109200,558,https://doi.org/10.1002/adfm.202102479,Wiley,mp-1211987,,1.015702074,Advanced Functional Materials,1616-301X,2021
597,La3.98GeO8Eu0.006Er0.014,La3.98GeO8,Eu,2,0.006,Er,3,0.014,298,561,0.3218,0.6086,,,,365,,,,,,,https://doi.org/10.1002/adfm.202102479,Wiley,mp-1211987,,1.115616094,Advanced Functional Materials,1616-301X,2021
598,La3.98GeO8Eu0.006Er0.014,La3.98GeO8,Eu,2,0.006,Er,3,0.014,298,561,0.322,0.6478,,,,370,,,,,,,https://doi.org/10.1002/adfm.202102479,Wiley,mp-1211987,,1.115401984,Advanced Functional Materials,1616-301X,2021
599,La3.98GeO8Eu0.006Er0.014,La3.98GeO8,Eu,2,0.006,Er,3,0.014,298,561,0.3257,0.6447,,,,378,,,,,,,https://doi.org/10.1002/adfm.202102479,Wiley,mp-1211987,,1.115131665,Advanced Functional Materials,1616-301X,2021
600,La3.98GeO8Eu0.006Er0.014,La3.98GeO8,Eu,2,0.006,Er,3,0.014,298,561,0.3537,0.4967,,,,380,,,,,,,https://doi.org/10.1002/adfm.202102479,Wiley,mp-1211987,,1.115077961,Advanced Functional Materials,1616-301X,2021
601,Ba3Sc4O9Bi0.016,Ba3Sc4O9,Bi,3,0.016,,,,298,,,,,,,330,,,,2.602624207,400.52,410,https://doi.org/10.1111/jace.14789,Wiley,,,1.443874163,Journal of the American Ceramic Society,0002-7820,2017
602,Ba3Sc4O9Bi0.016,Ba3Sc4O9,Bi,3,0.016,,,,298,,0.2765,0.4185,,,,320,,,,,,,https://doi.org/10.1111/jace.14789,Wiley,,,1.142420304,Journal of the American Ceramic Society,0002-7820,2017
603,Ba3Sc4O9Bi0.016,Ba3Sc4O9,Bi,3,0.016,,,,298,500,0.2553,0.4034,,,486,330,,,,2.862799011,729.12,500,https://doi.org/10.1111/jace.14789,Wiley,,,1.446817752,Journal of the American Ceramic Society,0002-7820,2017
604,Ba3Sc4O9Bi0.016,Ba3Sc4O9,Bi,3,0.016,,,,298,,,,,,,330,,,,2.906938109,807.12,545,https://doi.org/10.1111/jace.14789,Wiley,,,1.566793534,Journal of the American Ceramic Society,0002-7820,2017
605,Ba3Sc4O9Bi0.016,Ba3Sc4O9,Bi,3,0.016,,,,298,,,,,,,330,,,,2.939718882,870.4,590,https://doi.org/10.1111/jace.14789,Wiley,,,1.65830209,Journal of the American Ceramic Society,0002-7820,2017
606,Ba3Sc4O9Bi0.016,Ba3Sc4O9,Bi,3,0.016,,,,298,,0.2326,0.3851,,,,340,,,,,,,https://doi.org/10.1111/jace.14789,Wiley,,,1.136926866,Journal of the American Ceramic Society,0002-7820,2017
607,Ba3Sc4O9Bi0.016,Ba3Sc4O9,Bi,3,0.016,,,,298,,0.3137,0.4587,,,,360,,,,,,,https://doi.org/10.1111/jace.14789,Wiley,,,1.134402048,Journal of the American Ceramic Society,0002-7820,2017
608,Ba3Sc4O9Bi0.016,Ba3Sc4O9,Bi,3,0.016,,,,298,,,,,,,377,,,,2.430236353,269.3,410,https://doi.org/10.1111/jace.14789,Wiley,,,1.318532314,Journal of the American Ceramic Society,0002-7820,2017
609,Ba3Sc4O9Bi0.016,Ba3Sc4O9,Bi,3,0.016,,,,298,,,,,,,377,,,,2.895256753,785.7,500,https://doi.org/10.1111/jace.14789,Wiley,,,1.504619536,Journal of the American Ceramic Society,0002-7820,2017
610,Ba3Sc4O9Bi0.016,Ba3Sc4O9,Bi,3,0.016,,,,298,545,0.3708,0.5228,,,508,377,,,,2.946181975,883.45,545,https://doi.org/10.1111/jace.14789,Wiley,,,1.59146065,Journal of the American Ceramic Society,0002-7820,2017
611,Ba3Sc4O9Bi0.016,Ba3Sc4O9,Bi,3,0.016,,,,298,,,,,,,377,,,,2.966517176,925.8,590,https://doi.org/10.1111/jace.14789,Wiley,,,1.663405011,Journal of the American Ceramic Society,0002-7820,2017
612,KBa0.999ScSi2O7Eu0.001,KBa0.999ScSi2O7,Eu,2,0.001,,,,298,488,,,64.8,,,350,300,,,2.965662571,923.98,488,https://doi.org/10.1111/jace.16644,Wiley,,,1.055628855,Journal of the American Ceramic Society,0002-7820,2019
613,KBa0.998ScSi2O7Eu0.002,KBa0.998ScSi2O7,Eu,2,0.002,,,,298,488,0.1391,0.3104,78.2,,,350,300,,,2.95752109,906.82,488,https://doi.org/10.1111/jace.16644,Wiley,,,1.046332875,Journal of the American Ceramic Society,0002-7820,2019
614,KBa0.997ScSi2O7Eu0.003,KBa0.997ScSi2O7,Eu,2,0.003,,,,298,488,,,80.7,,,350,300,,,2.954806726,901.17,488,https://doi.org/10.1111/jace.16644,Wiley,,,1.043294673,Journal of the American Ceramic Society,0002-7820,2019
615,KBa0.996ScSi2O7Eu0.004,KBa0.996ScSi2O7,Eu,2,0.004,,,,298,488,,,80.1,,,350,300,,,2.946835297,884.78,488,https://doi.org/10.1111/jace.16644,Wiley,,,1.048325537,Journal of the American Ceramic Society,0002-7820,2019
616,KBa0.995ScSi2O7Eu0.005,KBa0.995ScSi2O7,Eu,2,0.005,,,,298,488,,,91.3,,,350,300,,,2.937076352,865.12,488,https://doi.org/10.1111/jace.16644,Wiley,,,1.037797256,Journal of the American Ceramic Society,0002-7820,2019
617,KBa0.994ScSi2O7Eu0.006,KBa0.994ScSi2O7,Eu,2,0.006,,,,298,488,,,90.7,,,350,300,,,2.934220616,859.45,488,https://doi.org/10.1111/jace.16644,Wiley,,,1.04090841,Journal of the American Ceramic Society,0002-7820,2019
618,KBa0.993ScSi2O7Eu0.007,KBa0.993ScSi2O7,Eu,2,0.007,,,,298,488,,,83.9,,,350,300,,,2.926172606,843.67,488,https://doi.org/10.1111/jace.16644,Wiley,,,1.031410329,Journal of the American Ceramic Society,0002-7820,2019
619,KBa0.992ScSi2O7Eu0.008,KBa0.992ScSi2O7,Eu,2,0.008,,,,298,488,,,82.3,,,350,300,,,2.91925596,830.34,488,https://doi.org/10.1111/jace.16644,Wiley,,,1.024948482,Journal of the American Ceramic Society,0002-7820,2019
620,KBa0.99ScSi2O7Eu0.01,KBa0.99ScSi2O7,Eu,2,0.01,,,,298,488,,,76.8,,,350,300,,,2.91239744,817.33,488,https://doi.org/10.1111/jace.16644,Wiley,,,1.020317303,Journal of the American Ceramic Society,0002-7820,2019
621,SrLaGaO4Mn0.01,SrLaGaO4,Mn,4,0.01,,,,298,716,,,,,,365,,,,5.756636108,571000,716,https://doi.org/10.1111/jace.15981,Wiley,mp-1218152,,1.002592229,Journal of the American Ceramic Society,0002-7820,2018
622,SrLaGaO4Mn0.0015,SrLaGaO4,Mn,4,0.0015,,,,298,716,,,,,,365,,,,5.755112266,569000,716,https://doi.org/10.1111/jace.15981,Wiley,mp-1218152,,0.990211539,Journal of the American Ceramic Society,0002-7820,2018
623,SrLaGaO4Mn0.002,SrLaGaO4,Mn,4,0.002,,,,298,716,,,,,345,365,365,,,5.743509765,554000,716,https://doi.org/10.1111/jace.15981,Wiley,mp-1218152,,1.01209874,Journal of the American Ceramic Society,0002-7820,2018
624,SrLaGaO4Mn0.003,SrLaGaO4,Mn,4,0.003,,,,298,716,,,,,,365,,,,5.72916479,536000,716,https://doi.org/10.1111/jace.15981,Wiley,mp-1218152,,0.978964657,Journal of the American Ceramic Society,0002-7820,2018
625,SrLaGaO4Mn0.005,SrLaGaO4,Mn,4,0.005,,,,298,716,,,,,,365,,,,5.705863712,508000,716,https://doi.org/10.1111/jace.15981,Wiley,mp-1218152,,0.994959127,Journal of the American Ceramic Society,0002-7820,2018
626,SrLaGaO4Mn0.007,SrLaGaO4,Mn,4,0.007,,,,298,716,,,,,,365,,,,5.671172843,469000,716,https://doi.org/10.1111/jace.15981,Wiley,mp-1218152,,1.017058867,Journal of the American Ceramic Society,0002-7820,2018
648,Ba2Y1.94Si4O13Bi0.03,Ba2Y1.94Si4O13,Bi,3,0.03,,,,298,503,0.219,0.35,,,,342,342,,,2.678518379,477,503,https://doi.org/10.1111/jace.16048,Wiley,,,1.207783494,Journal of the American Ceramic Society,0002-7820,2018
649,Ba2Y1.86Si4O13Bi0.03Eu0.04,Ba2Y1.86Si4O13,Bi,3,0.03,Eu,3,0.04,298,503,0.229,0.351,,,,342,,,,2.67669361,475,503,https://doi.org/10.1111/jace.16048,Wiley,,,1.169280714,Journal of the American Ceramic Society,0002-7820,2018
650,Ba2Y1.78Si4O13Bi0.03Eu0.08,Ba2Y1.78Si4O13,Bi,3,0.03,Eu,3,0.08,298,503,0.324,0.347,,,,342,,,,2.675778342,474,503,https://doi.org/10.1111/jace.16048,Wiley,,,1.176373075,Journal of the American Ceramic Society,0002-7820,2018
651,Ba2Y1.70Si4O13Bi0.03Eu0.12,Ba2Y1.70Si4O13,Bi,3,0.03,Eu,3,0.12,298,613,0.253,0.349,,,,342,,,,2.671172843,469,503,https://doi.org/10.1111/jace.16048,Wiley,,,1.179656752,Journal of the American Ceramic Society,0002-7820,2018
652,Ba2Y1.62Si4O13Bi0.03Eu0.16,Ba2Y1.62Si4O13,Bi,3,0.03,Eu,3,0.16,298,613,0.246,0.351,,,,342,,,,2.664641976,462,503,https://doi.org/10.1111/jace.16048,Wiley,,,1.198674162,Journal of the American Ceramic Society,0002-7820,2018
653,Ba2Y1.54Si4O13Bi0.03Eu0.2,Ba2Y1.54Si4O13,Bi,3,0.03,Eu,3,0.2,298,613,0.288,0.35,,,525,342,,,,2.6599162,457,503,https://doi.org/10.1111/jace.16048,Wiley,,,1.195912291,Journal of the American Ceramic Society,0002-7820,2018
654,Ba2Y1.5Si4O13Bi0.03Eu0.22,Ba2Y1.5Si4O13,Bi,3,0.03,Eu,3,0.22,298,613,0.255,0.35,,,,342,,,,2.650307523,447,503,https://doi.org/10.1111/jace.16048,Wiley,,,1.177182271,Journal of the American Ceramic Society,0002-7820,2018
655,Ba2Y1.94Si4O13Bi0.03,Ba2Y1.94Si4O13,Bi,3,0.03,,,,298,,0.23,0.374,,,,345,,,,,,,https://doi.org/10.1111/jace.16048,Wiley,,,0.984575048,Journal of the American Ceramic Society,0002-7820,2018
656,Ba2Y1.94Si4O13Bi0.03,Ba2Y1.94Si4O13,Bi,3,0.03,,,,298,,0.224,0.335,,,,350,,,,,,,https://doi.org/10.1111/jace.16048,Wiley,,,0.984640027,Journal of the American Ceramic Society,0002-7820,2018
657,Ba2Y1.94Si4O13Bi0.03,Ba2Y1.94Si4O13,Bi,3,0.03,,,,298,,0.211,0.26,,,,355,,,,,,,https://doi.org/10.1111/jace.16048,Wiley,,,0.984549815,Journal of the American Ceramic Society,0002-7820,2018
658,Ba2Y1.94Si4O13Bi0.03,Ba2Y1.94Si4O13,Bi,3,0.03,,,,298,,0.181,0.096,,,,360,,,,,,,https://doi.org/10.1111/jace.16048,Wiley,,,0.984425825,Journal of the American Ceramic Society,0002-7820,2018
659,Ba2Y1.94Si4O13Bi0.03,Ba2Y1.94Si4O13,Bi,3,0.03,,,,298,,0.193,0.163,,,,365,,,,,,,https://doi.org/10.1111/jace.16048,Wiley,,,0.984281243,Journal of the American Ceramic Society,0002-7820,2018
661,Ba2Y1.94Si4O13Bi0.03,Ba2Y1.94Si4O13,Bi,3,0.03,,,,298,414,0.171,0.055,,,,373,,,,2.167317335,147,414,https://doi.org/10.1111/jace.16048,Wiley,,,1.034464198,Journal of the American Ceramic Society,0002-7820,2018
662,Ba2Y1.86Si4O13Bi0.03Eu0.04,Ba2Y1.86Si4O13,Bi,3,0.03,Eu,3,0.04,298,414,0.23,0.092,,,,373,,,,2.155336037,143,414,https://doi.org/10.1111/jace.16048,Wiley,,,1.006822722,Journal of the American Ceramic Society,0002-7820,2018
663,Ba2Y1.78Si4O13Bi0.03Eu0.08,Ba2Y1.78Si4O13,Bi,3,0.03,Eu,3,0.08,298,414,0.278,0.12,,,,373,,,,2.149219113,141,414,https://doi.org/10.1111/jace.16048,Wiley,,,0.999914121,Journal of the American Ceramic Society,0002-7820,2018
664,Ba2Y1.70Si4O13Bi0.03Eu0.12,Ba2Y1.70Si4O13,Bi,3,0.03,Eu,3,0.12,298,613,0.326,0.15,,,,373,,,,2.136720567,137,414,https://doi.org/10.1111/jace.16048,Wiley,,,1.018133888,Journal of the American Ceramic Society,0002-7820,2018
665,Ba2Y1.62Si4O13Bi0.03Eu0.16,Ba2Y1.62Si4O13,Bi,3,0.03,Eu,3,0.16,298,613,0.371,0.176,,,,373,,,,2.11058971,129,414,https://doi.org/10.1111/jace.16048,Wiley,,,1.012226031,Journal of the American Ceramic Society,0002-7820,2018
666,Ba2Y1.54Si4O13Bi0.03Eu0.2,Ba2Y1.54Si4O13,Bi,3,0.03,Eu,3,0.2,298,613,0.415,0.205,,,,373,,,,2.086359831,122,414,https://doi.org/10.1111/jace.16048,Wiley,,,1.008702868,Journal of the American Ceramic Society,0002-7820,2018
667,Ba2Y1.5Si4O13Bi0.03Eu0.22,Ba2Y1.5Si4O13,Bi,3,0.03,Eu,3,0.22,298,613,0.438,0.217,,,,373,,,,2.079181246,120,414,https://doi.org/10.1111/jace.16048,Wiley,,,1.007271318,Journal of the American Ceramic Society,0002-7820,2018
668,Li5La3Ta2O12Mn0.002,Li5La3Ta2O12,Mn,4,0.002,,,,298,714,,,,,,314,314,492,,6.250420002,1780000,714,https://doi.org/10.1111/jace.16447,Wiley,mp-559776, icsd-68252,0.957419838,Journal of the American Ceramic Society,0002-7820,2019
669,Li5La3Ta2O12Mn0.004,Li5La3Ta2O12,Mn,4,0.004,,,,298,714,0.7326,0.2674,,,455,314,314,492,,6.243038049,1750000,714,https://doi.org/10.1111/jace.16447,Wiley,mp-559776, icsd-68252,1.00718794,Journal of the American Ceramic Society,0002-7820,2019
670,Li5La3Ta2O12Mn0.006,Li5La3Ta2O12,Mn,4,0.006,,,,298,714,,,,,,314,314,492,,6.227886705,1690000,714,https://doi.org/10.1111/jace.16447,Wiley,mp-559776, icsd-68252,1.006018848,Journal of the American Ceramic Society,0002-7820,2019
671,Li5La3Ta2O12Mn0.008,Li5La3Ta2O12,Mn,4,0.008,,,,298,714,,,,,,314,314,492,,6.225309282,1680000,714,https://doi.org/10.1111/jace.16447,Wiley,mp-559776, icsd-68252,1.015272478,Journal of the American Ceramic Society,0002-7820,2019
672,Li5La3Ta2O12Mn0.01,Li5La3Ta2O12,Mn,4,0.01,,,,298,714,,,,,,314,314,492,,6.201397124,1590000,714,https://doi.org/10.1111/jace.16447,Wiley,mp-559776, icsd-68252,0.98973035,Journal of the American Ceramic Society,0002-7820,2019
673,Ca2GdSb0.999O6Mn0.001,Ca2GdSb0.999O6,Mn,4,0.001,,,,298,676,,,49.5,,,356,,,,5.704150517,506000,676,https://doi.org/10.1111/jace.16353,Wiley,,,1.005774488,Journal of the American Ceramic Society,0002-7820,2019
674,Ca2GdSb0.998O6Mn0.002,Ca2GdSb0.998O6,Mn,4,0.002,,,,298,676,,,46.3,,,356,,,,5.698100546,499000,676,https://doi.org/10.1111/jace.16353,Wiley,,,1.009114548,Journal of the American Ceramic Society,0002-7820,2019
675,Ca2GdSb0.996O6Mn0.004,Ca2GdSb0.996O6,Mn,4,0.004,,,,298,676,,,41.9,,,356,,,,5.67669361,475000,676,https://doi.org/10.1111/jace.16353,Wiley,,,1.006274332,Journal of the American Ceramic Society,0002-7820,2019
676,Ca2GdSb0.994O6Mn0.006,Ca2GdSb0.994O6,Mn,4,0.006,,,,298,676,0.726,0.274,38.9,29.6,370,356,356,500,,5.663700925,461000,676,https://doi.org/10.1111/jace.16353,Wiley,,,1.050307229,Journal of the American Ceramic Society,0002-7820,2019
677,Ca2GdSb0.992O6Mn0.008,Ca2GdSb0.992O6,Mn,4,0.008,,,,298,676,,,29.4,,,356,,,,5.627365857,424000,676,https://doi.org/10.1111/jace.16353,Wiley,,,0.970237392,Journal of the American Ceramic Society,0002-7820,2019
678,Ca2GdSb0.99O6Mn0.01,Ca2GdSb0.99O6,Mn,4,0.01,,,,298,676,,,23.3,,,356,,,,5.597695186,396000,676,https://doi.org/10.1111/jace.16353,Wiley,,,1.008734781,Journal of the American Ceramic Society,0002-7820,2019
679,Ca2GdSb0.988O6Mn0.012,Ca2GdSb0.988O6,Mn,4,0.012,,,,298,676,,,19.5,,,356,,,,5.57634135,377000,676,https://doi.org/10.1111/jace.16353,Wiley,,,1.005034835,Journal of the American Ceramic Society,0002-7820,2019
687,La3Si6N11Sm0.01,La3Si6N11,Sm,3,0.01,,,,298,605,0.6105,0.3833,,,468,369,369,414,384,5.579783597,380000,605,https://doi.org/10.1016/j.jre.2020.03.004,ESV,mp-1019893, icsd-248709,0.981944509,Journal of Rare Earths,1002-0721,2021
688,La3Si6N11Sm0.07,La3Si6N11,Sm,3,0.07,,,,298,605,0.6042,0.3872,,,,369,369,414,384,,,605,https://doi.org/10.1016/j.jre.2020.03.004,ESV,mp-1019893, icsd-248709,1.062497551,Journal of Rare Earths,1002-0721,2021
689,La3Si6N11Sm0.13,La3Si6N11,Sm,3,0.13,,,,298,605,0.5771,0.4045,,,,369,369,414,384,,,605,https://doi.org/10.1016/j.jre.2020.03.004,ESV,mp-1019893, icsd-248709,1.064894061,Journal of Rare Earths,1002-0721,2021
690,Ba3ZrNb4O15Sm0.005,Ba3ZrNb4O15,Sm,3,0.005,,,,298,598,0.602,0.397,,,469,407,,,,9.006466042,1015000000,598,https://doi.org/10.1016/j.jlumin.2017.12.014,ESV,,,63.45936325,Journal of Luminescence,0022-2313,2018
691,Ba3ZrNb4O15Sm0.01,Ba3ZrNb4O15,Sm,3,0.01,,,,298,598,0.602,0.397,,,,407,,,,8.998695158,997000000,598,https://doi.org/10.1016/j.jlumin.2017.12.014,ESV,,,62.56237447,Journal of Luminescence,0022-2313,2018
692,Ba3ZrNb4O15Sm0.02,Ba3ZrNb4O15,Sm,3,0.02,,,,298,598,0.603,0.396,,,,407,,,,8.963787827,920000000,598,https://doi.org/10.1016/j.jlumin.2017.12.014,ESV,,,58.72525583,Journal of Luminescence,0022-2313,2018
693,Ba3ZrNb4O15Sm0.03,Ba3ZrNb4O15,Sm,3,0.03,,,,298,598,0.603,0.396,,,398,407,407,480,420,8.937517892,866000000,598,https://doi.org/10.1016/j.jlumin.2017.12.014,ESV,,,56.03428951,Journal of Luminescence,0022-2313,2018
694,Ba3ZrNb4O15Sm0.04,Ba3ZrNb4O15,Sm,3,0.04,,,,298,598,0.603,0.396,,,,407,,,,8.913813852,820000000,598,https://doi.org/10.1016/j.jlumin.2017.12.014,ESV,,,53.74198487,Journal of Luminescence,0022-2313,2018
695,Ba2GdSb0.999O6Mn0.001,Ba2GdSb0.999O6,Mn,4,0.001,,,,298,687,,,,,,350,350,520,,5.308137379,203300,687,https://doi.org/10.1039/C8DT01575A,RSC,"mp-753668,mp-608408", icsd-33618,1.059544689,Dalton Transactions,1477-9226,2018
696,Ba2GdSb0.997O6Mn0.003,Ba2GdSb0.997O6,Mn,4,0.003,,,,298,687,0.7213,0.2796,27.7,,503,350,350,520,,5.262213705,182900,687,https://doi.org/10.1039/C8DT01575A,RSC,"mp-753668,mp-608408", icsd-33618,0.978961655,Dalton Transactions,1477-9226,2018
697,Ba2GdSb0.997O6Li0.003Mn0.003,Ba2GdSb0.997O6Li0.003,Mn,4,0.003,,,,298,687,,,,,,350,,,,5.410270964,257200,687,https://doi.org/10.1039/C8DT01575A,RSC,"mp-753668,mp-608408", icsd-33618,1.045772372,Dalton Transactions,1477-9226,2018
698,Ba2GdSb0.997O6Mg0.003Mn0.003,Ba2GdSb0.997O6Mg0.003,Mn,4,0.003,,,,298,687,,,,,,350,,,,5.464936429,291700,687,https://doi.org/10.1039/C8DT01575A,RSC,"mp-753668,mp-608408", icsd-33618,1.047140186,Dalton Transactions,1477-9226,2018
699,Ba2GdSb0.997O6Ca0.003Mn0.003,Ba2GdSb0.997O6Ca0.003,Mn,4,0.003,,,,298,687,,,,,,350,,,,5.2955671,197500,687,https://doi.org/10.1039/C8DT01575A,RSC,"mp-753668,mp-608408", icsd-33618,0.991575156,Dalton Transactions,1477-9226,2018
700,Ba2GdSb0.997O6Sr0.003Mn0.003,Ba2GdSb0.997O6Sr0.003,Mn,4,0.003,,,,298,687,,,,,,350,,,,5.268811904,185700,687,https://doi.org/10.1039/C8DT01575A,RSC,"mp-753668,mp-608408", icsd-33618,0.972034013,Dalton Transactions,1477-9226,2018
701,Ba2GdSb0.997O6Mn0.003Zn0.003,Ba2GdSb0.997O6,Mn,4,0.003,Zn,2,0.003,298,687,,,,,,350,,,,5.440594262,275800,687,https://doi.org/10.1039/C8DT01575A,RSC,"mp-753668,mp-608408", icsd-33618,0.975679499,Dalton Transactions,1477-9226,2018
702,Ba2GdSb0.997O6Mn0.003Si0.003,Ba2GdSb0.997O6,Mn,4,0.003,Si,4,0.003,298,687,,,,,,350,,,,5.435366507,272500,687,https://doi.org/10.1039/C8DT01575A,RSC,"mp-753668,mp-608408", icsd-33618,0.990242048,Dalton Transactions,1477-9226,2018
703,Ba2GdSb0.997O6Mn0.003Ti0.003,Ba2GdSb0.997O6,Mn,4,0.003,Ti,4,0.003,298,687,,,,,,350,,,,5.448087667,280600,687,https://doi.org/10.1039/C8DT01575A,RSC,"mp-753668,mp-608408", icsd-33618,0.985931034,Dalton Transactions,1477-9226,2018
704,Ba2GdSb0.997O6Mn0.003Ge0.003,Ba2GdSb0.997O6,Mn,4,0.003,Ge,4,0.003,298,687,,,,,,350,,,,5.430719888,269600,687,https://doi.org/10.1039/C8DT01575A,RSC,"mp-753668,mp-608408", icsd-33618,1.037099263,Dalton Transactions,1477-9226,2018
705,Ba2GdSb0.997O6Mn0.003,Ba2GdSb0.997O6,Mn,4,0.003,,,,303,687,,,,,,350,,,,5.261262869,182500,687,https://doi.org/10.1039/C8DT01575A,RSC,"mp-753668,mp-608408", icsd-33618,0.977599343,Dalton Transactions,1477-9226,2018
706,Ba2GdSb0.997O6Mn0.003,Ba2GdSb0.997O6,Mn,4,0.003,,,,323,687,,,,,,350,,,,5.242789809,174900,687,https://doi.org/10.1039/C8DT01575A,RSC,"mp-753668,mp-608408", icsd-33618,0.992179024,Dalton Transactions,1477-9226,2018
707,Ba2GdSb0.997O6Mn0.003,Ba2GdSb0.997O6,Mn,4,0.003,,,,343,687,,,,,,350,,,,5.211654401,162800,687,https://doi.org/10.1039/C8DT01575A,RSC,"mp-753668,mp-608408", icsd-33618,1.042984645,Dalton Transactions,1477-9226,2018
708,Ba2GdSb0.997O6Mn0.003,Ba2GdSb0.997O6,Mn,4,0.003,,,,363,687,,,,,,350,,,,5.170555059,148100,687,https://doi.org/10.1039/C8DT01575A,RSC,"mp-753668,mp-608408", icsd-33618,1.017993181,Dalton Transactions,1477-9226,2018
709,Ba2GdSb0.997O6Mn0.003,Ba2GdSb0.997O6,Mn,4,0.003,,,,383,687,,,,,,350,,,,5.123524981,132900,687,https://doi.org/10.1039/C8DT01575A,RSC,"mp-753668,mp-608408", icsd-33618,1.029262387,Dalton Transactions,1477-9226,2018
710,Ba2GdSb0.997O6Mn0.003,Ba2GdSb0.997O6,Mn,4,0.003,,,,403,687,,,,,,350,,,,5.249198357,177500,687,https://doi.org/10.1039/C8DT01575A,RSC,"mp-753668,mp-608408", icsd-33618,0.986032877,Dalton Transactions,1477-9226,2018
711,Ba2GdSb0.997O6Mn0.003,Ba2GdSb0.997O6,Mn,4,0.003,,,,423,687,,,,,,350,,,,5.000867722,100200,687,https://doi.org/10.1039/C8DT01575A,RSC,"mp-753668,mp-608408", icsd-33618,0.980840967,Dalton Transactions,1477-9226,2018
712,Ba2GdSb0.997O6Mn0.003,Ba2GdSb0.997O6,Mn,4,0.003,,,,443,687,,,,,,350,,,,4.935003151,86100,687,https://doi.org/10.1039/C8DT01575A,RSC,"mp-753668,mp-608408", icsd-33618,1.072333725,Dalton Transactions,1477-9226,2018
713,Ba2GdSb0.997O6Mn0.003,Ba2GdSb0.997O6,Mn,4,0.003,,,,463,687,,,,,,350,,,,4.809559715,64500,687,https://doi.org/10.1039/C8DT01575A,RSC,"mp-753668,mp-608408", icsd-33618,0.988956134,Dalton Transactions,1477-9226,2018
714,Ba2GdSb0.997O6Mn0.003,Ba2GdSb0.997O6,Mn,4,0.003,,,,483,687,,,,,,350,,,,4.680335513,47900,687,https://doi.org/10.1039/C8DT01575A,RSC,"mp-753668,mp-608408", icsd-33618,1.032408972,Dalton Transactions,1477-9226,2018
715,Ba2GdSb0.997O6Mn0.003,Ba2GdSb0.997O6,Mn,4,0.003,,,,503,687,,,,,,350,,,,4.515873844,32800,687,https://doi.org/10.1039/C8DT01575A,RSC,"mp-753668,mp-608408", icsd-33618,1.049494877,Dalton Transactions,1477-9226,2018
716,Ba2GdSb0.995O6Mn0.005,Ba2GdSb0.995O6,Mn,4,0.005,,,,298,687,,,,,,350,350,520,,5.211387553,162700,687,https://doi.org/10.1039/C8DT01575A,RSC,"mp-753668,mp-608408", icsd-33618,1.042984645,Dalton Transactions,1477-9226,2018
717,Ba2GdSb0.993O6Mn0.007,Ba2GdSb0.993O6,Mn,4,0.007,,,,298,687,,,,,,350,350,520,,5.115277591,130400,687,https://doi.org/10.1039/C8DT01575A,RSC,"mp-753668,mp-608408", icsd-33618,1.036024056,Dalton Transactions,1477-9226,2018
718,Ba2GdSb0.99O6Mn0.01,Ba2GdSb0.99O6,Mn,4,0.01,,,,298,687,,,,,,350,350,520,,5.051152522,112500,687,https://doi.org/10.1039/C8DT01575A,RSC,"mp-753668,mp-608408", icsd-33618,1.125653223,Dalton Transactions,1477-9226,2018
719,Ba2GdSb0.985O6Mn0.015,Ba2GdSb0.985O6,Mn,4,0.015,,,,298,687,,,,,,350,350,520,,5.009875634,102300,687,https://doi.org/10.1039/C8DT01575A,RSC,"mp-753668,mp-608408", icsd-33618,0.98496101,Dalton Transactions,1477-9226,2018
720,Ba2GdSb0.98O6Mn0.02,Ba2GdSb0.98O6,Mn,4,0.02,,,,298,687,,,,,,350,350,520,,4.999130541,99800,687,https://doi.org/10.1039/C8DT01575A,RSC,"mp-753668,mp-608408", icsd-33618,0.976424159,Dalton Transactions,1477-9226,2018
721,LaMg0.5Ti0.4975O3Mn0.005,LaMg0.5Ti0.4975O3,Mn,4,0.005,,,,298,708,,,,,,345,,,,6.32674538,2122000,708,https://doi.org/10.1021/acsami.6b15866,ACS,"mp-6457,mvc-11012", icsd-90687 icsd-152284,0.98796332,ACS Applied Materials &amp; Interfaces,1944-8244,2017
722,LaMg0.5Ti0.497O3Mn0.006,LaMg0.5Ti0.497O3,Mn,4,0.006,,,,298,708,,,,,,345,,,,6.329397879,2135000,708,https://doi.org/10.1021/acsami.6b15866,ACS,"mp-6457,mvc-11012", icsd-90687 icsd-152284,1.013141663,ACS Applied Materials &amp; Interfaces,1944-8244,2017
723,LaMg0.5Ti0.496O3Mn0.008,LaMg0.5Ti0.496O3,Mn,4,0.008,,,,298,708,,,27.2,,428,345,345,487,,6.336259552,2169000,708,https://doi.org/10.1021/acsami.6b15866,ACS,"mp-6457,mvc-11012", icsd-90687 icsd-152284,0.98463935,ACS Applied Materials &amp; Interfaces,1944-8244,2017
724,LaMg0.5Ti0.495O3Mn0.01,LaMg0.5Ti0.495O3,Mn,4,0.01,,,,298,708,,,,,,345,,,,6.287353773,1938000,708,https://doi.org/10.1021/acsami.6b15866,ACS,"mp-6457,mvc-11012", icsd-90687 icsd-152284,1.015094575,ACS Applied Materials &amp; Interfaces,1944-8244,2017
725,LaMg0.5Ti0.49O3Mn0.02,LaMg0.5Ti0.49O3,Mn,4,0.02,,,,298,708,,,,,,345,,,,6.263872677,1836000,708,https://doi.org/10.1021/acsami.6b15866,ACS,"mp-6457,mvc-11012", icsd-90687 icsd-152284,0.978796828,ACS Applied Materials &amp; Interfaces,1944-8244,2017
726,K2BaCaP2O8Eu0.03,K2BaCaP2O8,Eu,2,0.03,,,,298,460,0.142,0.116,83,,,350,266,325,,,,460,https://doi.org/10.1021/jacs.8b06021,ACS,,,1.107153812,Journal of the American Chemical Society,0002-7863,2018
727,K2BaCaP2O8Eu0.03,K2BaCaP2O8,Eu,2,0.03,,,,298,460,,,,,,350,,,,2.723133731,528.608,410,https://doi.org/10.1021/jacs.8b06021,ACS,,,0.986536019,Journal of the American Chemical Society,0002-7863,2018
728,K2BaCaP2O8Eu0.03,K2BaCaP2O8,Eu,2,0.03,,,,298,460,,,,,,350,,,,2.7410302,550.846,420,https://doi.org/10.1021/jacs.8b06021,ACS,,,0.982390543,Journal of the American Chemical Society,0002-7863,2018
729,K2BaCaP2O8Eu0.03,K2BaCaP2O8,Eu,2,0.03,,,,298,460,,,,,,350,,,,2.752663711,565.801,430,https://doi.org/10.1021/jacs.8b06021,ACS,,,0.977329793,Journal of the American Chemical Society,0002-7863,2018
730,K2BaCaP2O8Eu0.03,K2BaCaP2O8,Eu,2,0.03,,,,298,460,,,,,,350,,,,2.769422378,588.061,448,https://doi.org/10.1021/jacs.8b06021,ACS,,,0.98190307,Journal of the American Chemical Society,0002-7863,2018
731,K2BaCaP2O8Eu0.03,K2BaCaP2O8,Eu,2,0.03,,,,298,460,,,,,,350,,,,2.790632742,617.494,478,https://doi.org/10.1021/jacs.8b06021,ACS,,,0.989451157,Journal of the American Chemical Society,0002-7863,2018
732,LaAl0.998Mg0.001O3Mn0.001,LaAl0.998Mg0.001O3,Mn,4,0.001,,,,298,729,,,78.6,54.9,,337,337,,,6.517195898,3290000,729,https://doi.org/10.1021/acs.inorgchem.9b00457,ACS,"mp-2920,mp-768518,mp-1080060,mp-1080080,mp-5304,mp-768417,mp-780422,mp-771703,mp-771698,mp-780421,mp-780411,mp-696871", icsd-164506 icsd-90524 icsd-164508 icsd-90525 icsd-74494 icsd-180415 icsd-90529 icsd-153821 icsd-90533 icsd-153824 icsd-90526 icsd-92554 icsd-90528 icsd-92521 icsd-153823 icsd-90530 icsd-174022 icsd-153826 icsd-90535 icsd-90531 icsd-90536 icsd-92522 icsd-180175 icsd-182612 icsd-153825 icsd-90522 icsd-90532 icsd-164507 icsd-90534 icsd-153822 icsd-90523 icsd-90527 icsd-92523 icsd-180417 icsd-180416 icsd-180418 icsd-191425 icsd-164509 icsd-191421 icsd-153827 icsd-191418 icsd-92556 icsd-153834 icsd-153831 icsd-153832 icsd-182615 icsd-191416 icsd-28629 icsd-92555 icsd-191411 icsd-191417 icsd-191413 icsd-92560 icsd-153830 icsd-191429 icsd-35551 icsd-191426 icsd-90550 icsd-153828 icsd-90540 icsd-191409 icsd-191427 icsd-191415 icsd-191424 icsd-92557 icsd-182613 icsd-90556 icsd-90545 icsd-92559 icsd-153829 icsd-90546 icsd-191412 icsd-170772 icsd-191423 icsd-92561 icsd-90554 icsd-90548 icsd-153833 icsd-191420 icsd-90555 icsd-90549 icsd-90543 icsd-90547 icsd-90542 icsd-90544 icsd-164510 icsd-191422 icsd-164511 icsd-191419 icsd-92562 icsd-191428 icsd-182614 icsd-191414 icsd-90539 icsd-90551 icsd-90541 icsd-191410 icsd-182616 icsd-90553 icsd-191464 icsd-90552 icsd-153836 icsd-90537 icsd-153835 icsd-92558,215.8933655,Inorganic Chemistry,0020-1669,2019
733,La0.99Lu0.01Al0.998Mg0.001O3Mn0.001,La0.99Lu0.01Al0.998Mg0.001O3,Mn,4,0.001,,,,298,729,,,81,56.5,,337,337,,,6.526339277,3360000,729,https://doi.org/10.1021/acs.inorgchem.9b00457,ACS,"mp-2920,mp-768518,mp-1080060,mp-1080080,mp-5304,mp-768417,mp-780422,mp-771703,mp-771698,mp-780421,mp-780411,mp-696871", icsd-164506 icsd-90524 icsd-164508 icsd-90525 icsd-74494 icsd-180415 icsd-90529 icsd-153821 icsd-90533 icsd-153824 icsd-90526 icsd-92554 icsd-90528 icsd-92521 icsd-153823 icsd-90530 icsd-174022 icsd-153826 icsd-90535 icsd-90531 icsd-90536 icsd-92522 icsd-180175 icsd-182612 icsd-153825 icsd-90522 icsd-90532 icsd-164507 icsd-90534 icsd-153822 icsd-90523 icsd-90527 icsd-92523 icsd-180417 icsd-180416 icsd-180418 icsd-191425 icsd-164509 icsd-191421 icsd-153827 icsd-191418 icsd-92556 icsd-153834 icsd-153831 icsd-153832 icsd-182615 icsd-191416 icsd-28629 icsd-92555 icsd-191411 icsd-191417 icsd-191413 icsd-92560 icsd-153830 icsd-191429 icsd-35551 icsd-191426 icsd-90550 icsd-153828 icsd-90540 icsd-191409 icsd-191427 icsd-191415 icsd-191424 icsd-92557 icsd-182613 icsd-90556 icsd-90545 icsd-92559 icsd-153829 icsd-90546 icsd-191412 icsd-170772 icsd-191423 icsd-92561 icsd-90554 icsd-90548 icsd-153833 icsd-191420 icsd-90555 icsd-90549 icsd-90543 icsd-90547 icsd-90542 icsd-90544 icsd-164510 icsd-191422 icsd-164511 icsd-191419 icsd-92562 icsd-191428 icsd-182614 icsd-191414 icsd-90539 icsd-90551 icsd-90541 icsd-191410 icsd-182616 icsd-90553 icsd-191464 icsd-90552 icsd-153836 icsd-90537 icsd-153835 icsd-92558,1.832499582,Inorganic Chemistry,0020-1669,2019
734,La0.98Lu0.02Al0.998Mg0.001O3Mn0.001,La0.98Lu0.02Al0.998Mg0.001O3,Mn,4,0.001,,,,298,729,,,86,62.1,398,337,337,,,6.534026106,3420000,729,https://doi.org/10.1021/acs.inorgchem.9b00457,ACS,"mp-2920,mp-768518,mp-1080060,mp-1080080,mp-5304,mp-768417,mp-780422,mp-771703,mp-771698,mp-780421,mp-780411,mp-696871", icsd-164506 icsd-90524 icsd-164508 icsd-90525 icsd-74494 icsd-180415 icsd-90529 icsd-153821 icsd-90533 icsd-153824 icsd-90526 icsd-92554 icsd-90528 icsd-92521 icsd-153823 icsd-90530 icsd-174022 icsd-153826 icsd-90535 icsd-90531 icsd-90536 icsd-92522 icsd-180175 icsd-182612 icsd-153825 icsd-90522 icsd-90532 icsd-164507 icsd-90534 icsd-153822 icsd-90523 icsd-90527 icsd-92523 icsd-180417 icsd-180416 icsd-180418 icsd-191425 icsd-164509 icsd-191421 icsd-153827 icsd-191418 icsd-92556 icsd-153834 icsd-153831 icsd-153832 icsd-182615 icsd-191416 icsd-28629 icsd-92555 icsd-191411 icsd-191417 icsd-191413 icsd-92560 icsd-153830 icsd-191429 icsd-35551 icsd-191426 icsd-90550 icsd-153828 icsd-90540 icsd-191409 icsd-191427 icsd-191415 icsd-191424 icsd-92557 icsd-182613 icsd-90556 icsd-90545 icsd-92559 icsd-153829 icsd-90546 icsd-191412 icsd-170772 icsd-191423 icsd-92561 icsd-90554 icsd-90548 icsd-153833 icsd-191420 icsd-90555 icsd-90549 icsd-90543 icsd-90547 icsd-90542 icsd-90544 icsd-164510 icsd-191422 icsd-164511 icsd-191419 icsd-92562 icsd-191428 icsd-182614 icsd-191414 icsd-90539 icsd-90551 icsd-90541 icsd-191410 icsd-182616 icsd-90553 icsd-191464 icsd-90552 icsd-153836 icsd-90537 icsd-153835 icsd-92558,1.997248809,Inorganic Chemistry,0020-1669,2019
735,La0.97Lu0.03Al0.998Mg0.001O3Mn0.001,La0.97Lu0.03Al0.998Mg0.001O3,Mn,4,0.001,,,,298,729,,,74.3,52.8,,337,337,,,6.5132176,3260000,729,https://doi.org/10.1021/acs.inorgchem.9b00457,ACS,"mp-2920,mp-768518,mp-1080060,mp-1080080,mp-5304,mp-768417,mp-780422,mp-771703,mp-771698,mp-780421,mp-780411,mp-696871", icsd-164506 icsd-90524 icsd-164508 icsd-90525 icsd-74494 icsd-180415 icsd-90529 icsd-153821 icsd-90533 icsd-153824 icsd-90526 icsd-92554 icsd-90528 icsd-92521 icsd-153823 icsd-90530 icsd-174022 icsd-153826 icsd-90535 icsd-90531 icsd-90536 icsd-92522 icsd-180175 icsd-182612 icsd-153825 icsd-90522 icsd-90532 icsd-164507 icsd-90534 icsd-153822 icsd-90523 icsd-90527 icsd-92523 icsd-180417 icsd-180416 icsd-180418 icsd-191425 icsd-164509 icsd-191421 icsd-153827 icsd-191418 icsd-92556 icsd-153834 icsd-153831 icsd-153832 icsd-182615 icsd-191416 icsd-28629 icsd-92555 icsd-191411 icsd-191417 icsd-191413 icsd-92560 icsd-153830 icsd-191429 icsd-35551 icsd-191426 icsd-90550 icsd-153828 icsd-90540 icsd-191409 icsd-191427 icsd-191415 icsd-191424 icsd-92557 icsd-182613 icsd-90556 icsd-90545 icsd-92559 icsd-153829 icsd-90546 icsd-191412 icsd-170772 icsd-191423 icsd-92561 icsd-90554 icsd-90548 icsd-153833 icsd-191420 icsd-90555 icsd-90549 icsd-90543 icsd-90547 icsd-90542 icsd-90544 icsd-164510 icsd-191422 icsd-164511 icsd-191419 icsd-92562 icsd-191428 icsd-182614 icsd-191414 icsd-90539 icsd-90551 icsd-90541 icsd-191410 icsd-182616 icsd-90553 icsd-191464 icsd-90552 icsd-153836 icsd-90537 icsd-153835 icsd-92558,162.294009,Inorganic Chemistry,0020-1669,2019
736,La0.96Lu0.04Al0.998Mg0.001O3Mn0.001,La0.96Lu0.04Al0.998Mg0.001O3,Mn,4,0.001,,,,298,729,,,73.8,52.6,,337,337,,,6.50242712,3180000,729,https://doi.org/10.1021/acs.inorgchem.9b00457,ACS,"mp-2920,mp-768518,mp-1080060,mp-1080080,mp-5304,mp-768417,mp-780422,mp-771703,mp-771698,mp-780421,mp-780411,mp-696871", icsd-164506 icsd-90524 icsd-164508 icsd-90525 icsd-74494 icsd-180415 icsd-90529 icsd-153821 icsd-90533 icsd-153824 icsd-90526 icsd-92554 icsd-90528 icsd-92521 icsd-153823 icsd-90530 icsd-174022 icsd-153826 icsd-90535 icsd-90531 icsd-90536 icsd-92522 icsd-180175 icsd-182612 icsd-153825 icsd-90522 icsd-90532 icsd-164507 icsd-90534 icsd-153822 icsd-90523 icsd-90527 icsd-92523 icsd-180417 icsd-180416 icsd-180418 icsd-191425 icsd-164509 icsd-191421 icsd-153827 icsd-191418 icsd-92556 icsd-153834 icsd-153831 icsd-153832 icsd-182615 icsd-191416 icsd-28629 icsd-92555 icsd-191411 icsd-191417 icsd-191413 icsd-92560 icsd-153830 icsd-191429 icsd-35551 icsd-191426 icsd-90550 icsd-153828 icsd-90540 icsd-191409 icsd-191427 icsd-191415 icsd-191424 icsd-92557 icsd-182613 icsd-90556 icsd-90545 icsd-92559 icsd-153829 icsd-90546 icsd-191412 icsd-170772 icsd-191423 icsd-92561 icsd-90554 icsd-90548 icsd-153833 icsd-191420 icsd-90555 icsd-90549 icsd-90543 icsd-90547 icsd-90542 icsd-90544 icsd-164510 icsd-191422 icsd-164511 icsd-191419 icsd-92562 icsd-191428 icsd-182614 icsd-191414 icsd-90539 icsd-90551 icsd-90541 icsd-191410 icsd-182616 icsd-90553 icsd-191464 icsd-90552 icsd-153836 icsd-90537 icsd-153835 icsd-92558,198.3052849,Inorganic Chemistry,0020-1669,2019
737,Sr2MgGe2O7Mn0.001,Sr2MgGe2O7,Mn,4,0.001,,,,298,659,,,,,,419,,,,6.520614522,3316000,659,https://doi.org/10.1016/j.jallcom.2018.05.264,ESV,mp-972387, icsd-420522,185.0667416,Journal of Alloys and Compounds,0925-8388,2018
738,Sr2MgGe2O7Mn0.003,Sr2MgGe2O7,Mn,4,0.003,,,,298,659,,,,,,419,,,,6.491781776,3103000,659,https://doi.org/10.1016/j.jallcom.2018.05.264,ESV,mp-972387, icsd-420522,28.17612641,Journal of Alloys and Compounds,0925-8388,2018
739,Sr2MgGe2O7Mn0.005,Sr2MgGe2O7,Mn,4,0.005,,,,298,659,,,,,,419,,,,6.461198289,2892000,659,https://doi.org/10.1016/j.jallcom.2018.05.264,ESV,mp-972387, icsd-420522,1.031195473,Journal of Alloys and Compounds,0925-8388,2018
740,Sr2MgGe2O7Mn0.007,Sr2MgGe2O7,Mn,4,0.007,,,,298,659,0.61,0.28,82.5,,448,419,419,310,,6.358886204,2285000,659,https://doi.org/10.1016/j.jallcom.2018.05.264,ESV,mp-972387, icsd-420522,1.007309009,Journal of Alloys and Compounds,0925-8388,2018
741,Sr2MgGe2O7Mn0.009,Sr2MgGe2O7,Mn,4,0.009,,,,298,659,,,,,,419,,,,6.217220656,1649000,659,https://doi.org/10.1016/j.jallcom.2018.05.264,ESV,mp-972387, icsd-420522,1.072352494,Journal of Alloys and Compounds,0925-8388,2018
742,Sr2MgGe2O7Mn0.011,Sr2MgGe2O7,Mn,4,0.011,,,,298,659,,,,,,419,,,,6.147985321,1406000,659,https://doi.org/10.1016/j.jallcom.2018.05.264,ESV,mp-972387, icsd-420522,0.996399607,Journal of Alloys and Compounds,0925-8388,2018
743,Sr2MgGe2O7Mn0.02,Sr2MgGe2O7,Mn,4,0.02,,,,298,659,,,,,,419,,,,6.039017322,1094000,659,https://doi.org/10.1016/j.jallcom.2018.05.264,ESV,mp-972387, icsd-420522,1.042776141,Journal of Alloys and Compounds,0925-8388,2018
744,Lu3Al4.998O12Mg0.001Mn0.001,Lu3Al4.998O12Mg0.001,Mn,4,0.001,,,,298,670,0.712,0.287,,,,326,326,462,,6.112605002,1296000,670,https://doi.org/10.1039/C7TC02514A,RSC,mp-14132, icsd-182354 icsd-23846,1.117145905,Journal of Materials Chemistry C,2050-7526,2017
745,Lu3Al4.994O12Mg0.003Mn0.003,Lu3Al4.994O12Mg0.003,Mn,4,0.003,,,,298,670,0.713,0.286,72.41,41.39,,326,326,462,,6.094121596,1242000,670,https://doi.org/10.1039/C7TC02514A,RSC,mp-14132, icsd-182354 icsd-23846,0.971190219,Journal of Materials Chemistry C,2050-7526,2017
746,Lu3Al4.994O12Mg0.003Mn0.003,Lu3Al4.994O12Mg0.003,Mn,4,0.003,,,,298,670,,,26.33,5.56,,465,,,,,,,https://doi.org/10.1039/C7TC02514A,RSC,mp-14132, icsd-182354 icsd-23846,1.213130611,Journal of Materials Chemistry C,2050-7526,2017
747,Lu3Al4.986O12Mg0.007Mn0.007,Lu3Al4.986O12Mg0.007,Mn,4,0.007,,,,298,670,0.712,0.287,,,,326,326,462,,6.026941628,1064000,670,https://doi.org/10.1039/C7TC02514A,RSC,mp-14132, icsd-182354 icsd-23846,1.051004184,Journal of Materials Chemistry C,2050-7526,2017
748,Lu3Al4.98O12Mg0.01Mn0.01,Lu3Al4.98O12Mg0.01,Mn,4,0.01,,,,298,670,0.714,0.285,,,,326,326,462,,6.004321374,1010000,670,https://doi.org/10.1039/C7TC02514A,RSC,mp-14132, icsd-182354 icsd-23846,1.020829791,Journal of Materials Chemistry C,2050-7526,2017
749,Lu3Al4.97O12Mg0.015Mn0.015,Lu3Al4.97O12Mg0.015,Mn,4,0.015,,,,298,670,0.706,0.292,,,,326,326,462,,4.897627091,79000,670,https://doi.org/10.1039/C7TC02514A,RSC,mp-14132, icsd-182354 icsd-23846,1.083319332,Journal of Materials Chemistry C,2050-7526,2017
750,Lu3Al4.96O12Mg0.02Mn0.02,Lu3Al4.96O12Mg0.02,Mn,4,0.02,,,,298,670,0.703,0.295,,,,326,326,462,,4.86332286,73000,670,https://doi.org/10.1039/C7TC02514A,RSC,mp-14132, icsd-182354 icsd-23846,1.008906226,Journal of Materials Chemistry C,2050-7526,2017
751,Ca14Zn6Ga9.97O35Mn0.03,Ca14Zn6Ga9.97O35,Mn,4,0.03,,,,298,713,,,41.3,36.2,,310,,,,,,713,https://doi.org/10.1039/C7RA02112G,RSC,,,1.937823088,RSC Advances,2046-2069,2017
752,Ca14Zn6Ga9.91O35Mn0.09,Ca14Zn6Ga9.91O35,Mn,4,0.09,,,,298,713,,,49.5,43.7,,310,,,,,,713,https://doi.org/10.1039/C7RA02112G,RSC,,,1.937535136,RSC Advances,2046-2069,2017
753,Ca14Zn6Ga9.88O35Mn0.12,Ca14Zn6Ga9.88O35,Mn,4,0.12,,,,298,713,,,59.4,52.4,,310,,,,,,713,https://doi.org/10.1039/C7RA02112G,RSC,,,1.937410659,RSC Advances,2046-2069,2017
754,Ca14Zn6Ga9.85O35Mn0.15,Ca14Zn6Ga9.85O35,Mn,4,0.15,,,,298,713.4,,,64.4,56.2,,310,,,,,,713,https://doi.org/10.1039/C7RA02112G,RSC,,,1.937292502,RSC Advances,2046-2069,2017
755,Ca14Zn6Ga9.85O35Mn0.15,Ca14Zn6Ga9.85O35,Mn,4,0.15,,,,323,714,,,63.7,55.4,,310,,,,,,713,https://doi.org/10.1039/C7RA02112G,RSC,,,1.937302033,RSC Advances,2046-2069,2017
756,Ca14Zn6Ga9.85O35Mn0.15,Ca14Zn6Ga9.85O35,Mn,4,0.15,,,,373,714.3,,,61.4,53.4,,310,,,,,,713,https://doi.org/10.1039/C7RA02112G,RSC,,,1.936592738,RSC Advances,2046-2069,2017
757,Ca14Zn6Ga9.85O35Mn0.15,Ca14Zn6Ga9.85O35,Mn,4,0.15,,,,423,715,,,59.4,51.6,,310,,,,,,713,https://doi.org/10.1039/C7RA02112G,RSC,,,1.935842705,RSC Advances,2046-2069,2017
758,Ca14Zn6Ga9.85O35Mn0.15,Ca14Zn6Ga9.85O35,Mn,4,0.15,,,,473,715.6,,,56.4,49,,310,,,,,,713,https://doi.org/10.1039/C7RA02112G,RSC,,,1.93620309,RSC Advances,2046-2069,2017
759,Ca14Zn6Ga9.85O35Mn0.15,Ca14Zn6Ga9.85O35,Mn,4,0.15,,,,523,715.9,,,53,46.1,,310,,,,,,713,https://doi.org/10.1039/C7RA02112G,RSC,,,1.936752022,RSC Advances,2046-2069,2017
760,Ca14Zn6Ga9.85O35Mn0.15,Ca14Zn6Ga9.85O35,Mn,4,0.15,,,,573,716.6,,,45.9,39.9,,310,,,,,,713,https://doi.org/10.1039/C7RA02112G,RSC,,,1.937494972,RSC Advances,2046-2069,2017
761,Ca14Zn6Ga9.8O35Mn0.2,Ca14Zn6Ga9.8O35,Mn,4,0.2,,,,298,713,,,54.6,48.2,,310,,,,,,713,https://doi.org/10.1039/C7RA02112G,RSC,,,1.937059541,RSC Advances,2046-2069,2017
762,Ca14Zn6Ga9.75O35Mn0.25,Ca14Zn6Ga9.75O35,Mn,4,0.25,,,,298,713,,,44.6,38.3,,310,,,,,,713,https://doi.org/10.1039/C7RA02112G,RSC,,,1.936855414,RSC Advances,2046-2069,2017
763,Ca13.9Zn6Ga10O35Dy0.1,Ca13.9Zn6Ga10O35,Dy,3,0.1,,,,298,410,,,,,,266,,,,5.799340549,630000,486,https://doi.org/10.1039/C7RA02112G,RSC,,,0.986564758,RSC Advances,2046-2069,2017
764,Ca13.9Zn6Ga10O35Dy0.1Mn0.03,Ca13.9Zn6Ga10O35,Dy,3,0.1,Mn,4,0.03,298,410,,,,,,266,,,,5.670245853,468000,486,https://doi.org/10.1039/C7RA02112G,RSC,,,1.03169029,RSC Advances,2046-2069,2017
765,Ca13.9Zn6Ga10O35Dy0.1Mn0.09,Ca13.9Zn6Ga10O35,Dy,3,0.1,Mn,4,0.09,298,410,,,,,,266,,,,5.556302501,360000,486,https://doi.org/10.1039/C7RA02112G,RSC,,,1.110717284,RSC Advances,2046-2069,2017
766,Ca13.9Zn6Ga10O35Dy0.1Mn0.12,Ca13.9Zn6Ga10O35,Dy,3,0.1,Mn,4,0.12,298,713,,,,,,266,,,,5.523746467,334000,486,https://doi.org/10.1039/C7RA02112G,RSC,,,1.520807001,RSC Advances,2046-2069,2017
767,Ca13.9Zn6Ga10O35Dy0.1Mn0.15,Ca13.9Zn6Ga10O35,Dy,3,0.1,Mn,4,0.15,298,713,,,,15.6,,266,,,,5.499687083,316000,486,https://doi.org/10.1039/C7RA02112G,RSC,,,1.13205745,RSC Advances,2046-2069,2017
768,Ca13.9Zn6Ga10O35Dy0.1Mn0.2,Ca13.9Zn6Ga10O35,Dy,3,0.1,Mn,4,0.2,298,713,,,,,,266,,,,5.471291711,296000,486,https://doi.org/10.1039/C7RA02112G,RSC,,,1.185668456,RSC Advances,2046-2069,2017
769,Ca13.9Zn6Ga10O35Dy0.1Mn0.25,Ca13.9Zn6Ga10O35,Dy,3,0.1,Mn,4,0.25,298,713,,,,,,266,,,,5.416640507,261000,486,https://doi.org/10.1039/C7RA02112G,RSC,,,1.066826695,RSC Advances,2046-2069,2017
770,Ca3BiP3O12Dy0.01,Ca3BiP3O12,Dy,3,0.01,,,,298,575,0.326,0.375,,,,451,,,,5.924279286,840000,575,https://doi.org/10.1111/jace.16479,Wiley,,,1.222356113,Journal of the American Ceramic Society,0002-7820,2019
771,Ca3BiP3O12Dy0.02,Ca3BiP3O12,Dy,3,0.02,,,,298,575,0.336,0.387,,,,451,,,,5.890979597,778000,575,https://doi.org/10.1111/jace.16479,Wiley,,,0.94682639,Journal of the American Ceramic Society,0002-7820,2019
772,Ca3BiP3O12Dy0.04,Ca3BiP3O12,Dy,3,0.04,,,,298,575,0.34,0.385,,,,451,,,,5.868644438,739000,575,https://doi.org/10.1111/jace.16479,Wiley,,,1.011216499,Journal of the American Ceramic Society,0002-7820,2019
773,Ca3BiP3O12Dy0.06,Ca3BiP3O12,Dy,3,0.06,,,,298,575,0.329,0.377,,,,451,,,,5.844477176,699000,575,https://doi.org/10.1111/jace.16479,Wiley,,,1.223525038,Journal of the American Ceramic Society,0002-7820,2019
774,Ca3BiP3O12Dy0.06,Ca3BiP3O12,Dy,3,0.06,,,,298,575,,,,,480,384,,,,,,,https://doi.org/10.1111/jace.16479,Wiley,,,1.105336976,Journal of the American Ceramic Society,0002-7820,2019
775,Ca3BiP3O12Dy0.08,Ca3BiP3O12,Dy,3,0.08,,,,298,575,0.336,0.385,,,,451,,,,5.810904281,647000,575,https://doi.org/10.1111/jace.16479,Wiley,,,1.199820541,Journal of the American Ceramic Society,0002-7820,2019
776,Ca3BiP3O12Dy0.1,Ca3BiP3O12,Dy,3,0.1,,,,298,575,0.344,0.391,,,,451,,,,5.770852012,590000,575,https://doi.org/10.1111/jace.16479,Wiley,,,0.998602866,Journal of the American Ceramic Society,0002-7820,2019
777,CaMg2La2W2O12Mn0.008,CaMg2La2W2O12,Mn,4,0.008,,,,298,708,0.7322,0.2678,44,,388,352,352,479,,6.259832699,1819000,708,https://doi.org/10.1016/j.mtchem.2021.100512,ESV,,,1.008843849,Materials Today Chemistry,2468-5194,2021
778,CaMg2La2W2O12Mn0.008,CaMg2La2W2O12,Mn,4,0.008,,,,303,708,0.7306,0.2694,,,,352,,,,,,,https://doi.org/10.1016/j.mtchem.2021.100512,ESV,,,0.999339442,Materials Today Chemistry,2468-5194,2021
779,CaMg2La2W2O12Mn0.008,CaMg2La2W2O12,Mn,4,0.008,,,,323,708,0.7302,0.2697,,,,352,,,,,,,https://doi.org/10.1016/j.mtchem.2021.100512,ESV,,,0.99909059,Materials Today Chemistry,2468-5194,2021
780,CaMg2La2W2O12Mn0.008,CaMg2La2W2O12,Mn,4,0.008,,,,343,708,0.7298,0.2702,,,,352,,,,,,,https://doi.org/10.1016/j.mtchem.2021.100512,ESV,,,0.998514716,Materials Today Chemistry,2468-5194,2021
781,CaMg2La2W2O12Mn0.008,CaMg2La2W2O12,Mn,4,0.008,,,,363,708,0.7293,0.2707,,,,352,,,,,,,https://doi.org/10.1016/j.mtchem.2021.100512,ESV,,,0.997622841,Materials Today Chemistry,2468-5194,2021
782,CaMg2La2W2O12Mn0.008,CaMg2La2W2O12,Mn,4,0.008,,,,383,708,0.7284,0.2716,,,,352,,,,,,,https://doi.org/10.1016/j.mtchem.2021.100512,ESV,,,0.996431086,Materials Today Chemistry,2468-5194,2021
783,CaMg2La2W2O12Mn0.008,CaMg2La2W2O12,Mn,4,0.008,,,,403,708,0.7271,0.2729,,,,352,,,,,,,https://doi.org/10.1016/j.mtchem.2021.100512,ESV,,,1.012946501,Materials Today Chemistry,2468-5194,2021
784,CaMg2La2W2O12Mn0.008,CaMg2La2W2O12,Mn,4,0.008,,,,423,708,0.7254,0.2745,,,,352,,,,,,,https://doi.org/10.1016/j.mtchem.2021.100512,ESV,,,1.032329012,Materials Today Chemistry,2468-5194,2021
785,CaMg2La2W2O12Mn0.008,CaMg2La2W2O12,Mn,4,0.008,,,,443,708,0.7229,0.277,,,,352,,,,,,,https://doi.org/10.1016/j.mtchem.2021.100512,ESV,,,1.054310361,Materials Today Chemistry,2468-5194,2021
786,CaMg2La2W2O12Mn0.008,CaMg2La2W2O12,Mn,4,0.008,,,,463,708,0.72,0.2799,,,,352,,,,,,,https://doi.org/10.1016/j.mtchem.2021.100512,ESV,,,1.078625433,Materials Today Chemistry,2468-5194,2021
787,Ca2YHf2Ga3O12Ce0.01,Ca2YHf2Ga3O12,Ce,3,0.01,,,,298,479,0.184,0.274,26,,,398,346,398,,,,479,https://doi.org/10.1016/j.jlumin.2020.117544,ESV,,,0.988001704,Journal of Luminescence,0022-2313,2020
788,Ca2YHf2Ga3O12Ce0.02,Ca2YHf2Ga3O12,Ce,3,0.02,,,,298,479,0.18,0.267,20,,,398,346,398,,,,479,https://doi.org/10.1016/j.jlumin.2020.117544,ESV,,,0.988001704,Journal of Luminescence,0022-2313,2020
789,Ca2YHf2Ga3O12Ce0.04,Ca2YHf2Ga3O12,Ce,3,0.04,,,,298,479,0.182,0.276,13,,,398,398,346,,,,479,https://doi.org/10.1016/j.jlumin.2020.117544,ESV,,,1.003472,Journal of Luminescence,0022-2313,2020
790,Ca2YHf2Ga3O12Ce0.07,Ca2YHf2Ga3O12,Ce,3,0.07,,,,298,480,0.195,0.306,7,,,398,346,398,,,,479,https://doi.org/10.1016/j.jlumin.2020.117544,ESV,,,0.993977444,Journal of Luminescence,0022-2313,2020
791,Ca2YHf2Ga3O12Ce0.1,Ca2YHf2Ga3O12,Ce,3,0.1,,,,298,481,0.206,0.33,13,,,398,346,398,,,,479,https://doi.org/10.1016/j.jlumin.2020.117544,ESV,,,0.997198213,Journal of Luminescence,0022-2313,2020
792,Ca2YHf2Ga3O12Ce0.12,Ca2YHf2Ga3O12,Ce,3,0.12,,,,298,485,0.209,0.337,12,,,398,346,398,,,,479,https://doi.org/10.1016/j.jlumin.2020.117544,ESV,,,0.997645126,Journal of Luminescence,0022-2313,2020
793,K2Ca2Si2O7Bi0.02,K2Ca2Si2O7,Bi,3,0.02,,,,298,490,0.222,0.321,,,,309,309,,,1.053078443,11.3,490,https://doi.org/10.1016/j.optmat.2021.111293,ESV,,,1.128122091,Optical Materials,0925-3467,2021
794,K2Ca2Si2O7Bi0.04,K2Ca2Si2O7,Bi,3,0.04,,,,298,490,0.218,0.316,,,,309,309,,,,,490,https://doi.org/10.1016/j.optmat.2021.111293,ESV,,,1.105887636,Optical Materials,0925-3467,2021
795,K2Ca2Si2O7Bi0.06,K2Ca2Si2O7,Bi,3,0.06,,,,298,490,0.217,0.309,,,,309,309,,,,,490,https://doi.org/10.1016/j.optmat.2021.111293,ESV,,,1.107497687,Optical Materials,0925-3467,2021
796,K2Ca2Si2O7Bi0.08,K2Ca2Si2O7,Bi,3,0.08,,,,298,490,0.217,0.299,,,,309,309,,,,,490,https://doi.org/10.1016/j.optmat.2021.111293,ESV,,,1.109794715,Optical Materials,0925-3467,2021
797,K2Ca2Si2O7Bi0.1,K2Ca2Si2O7,Bi,3,0.1,,,,298,490,0.216,0.292,,,,309,309,,,,,490,https://doi.org/10.1016/j.optmat.2021.111293,ESV,,,1.113166113,Optical Materials,0925-3467,2021
798,K2Ca2Si2O7Bi0.12,K2Ca2Si2O7,Bi,3,0.12,,,,298,490,0.217,0.292,,,,309,309,,,1.747411808,55.9,490,https://doi.org/10.1016/j.optmat.2021.111293,ESV,,,1.153806015,Optical Materials,0925-3467,2021
799,Ca2La0.97Hf2Al3O12Ce0.03,Ca2La0.97Hf2Al3O12,Ce,3,0.03,,,,298,506,0.277,0.469,47.3,,,408,,,,,,,https://doi.org/10.1016/j.jallcom.2020.155469,ESV,,,0.995845772,Journal of Alloys and Compounds,0925-8388,2020
800,Ca2La0.95Hf2Al3O12Ce0.05,Ca2La0.95Hf2Al3O12,Ce,3,0.05,,,,298,515,0.294,0.481,46.5,,360,408,408,325,,,,515,https://doi.org/10.1016/j.jallcom.2020.155469,ESV,,,0.989516894,Journal of Alloys and Compounds,0925-8388,2020
801,Ca2La0.92Hf2Al3O12Ce0.08,Ca2La0.92Hf2Al3O12,Ce,3,0.08,,,,298,521,0.315,0.496,45.2,,,408,,,,,,,https://doi.org/10.1016/j.jallcom.2020.155469,ESV,,,0.995655242,Journal of Alloys and Compounds,0925-8388,2020
802,Ca2La0.88Hf2Al3O12Ce0.12,Ca2La0.88Hf2Al3O12,Ce,3,0.12,,,,298,524,0.333,0.503,40.8,,,408,,,,,,,https://doi.org/10.1016/j.jallcom.2020.155469,ESV,,,0.994870798,Journal of Alloys and Compounds,0925-8388,2020
803,Ca2La0.85Hf2Al3O12Ce0.15,Ca2La0.85Hf2Al3O12,Ce,3,0.15,,,,298,531,0.342,0.505,36.1,,,408,,,,,,,https://doi.org/10.1016/j.jallcom.2020.155469,ESV,,,0.99416664,Journal of Alloys and Compounds,0925-8388,2020
804,Ca0.99Sr2Al2O6Ce0.01,Ca0.99Sr2Al2O6,Ce,3,0.01,,,,303,545,0.3553,0.5541,31,,485,375,375,,,,,545,https://doi.org/10.1016/j.jlumin.2018.10.119,ESV,mp-3393, icsd-71860 icsd-66062,0.973445217,Journal of Luminescence,0022-2313,2019
805,Ca0.99Sr2Al2O6Ce0.01,Ca0.99Sr2Al2O6,Ce,3,0.01,,,,343,537,0.3352,0.5441,,,,375,,,,,,,https://doi.org/10.1016/j.jlumin.2018.10.119,ESV,mp-3393, icsd-71860 icsd-66062,0.97832195,Journal of Luminescence,0022-2313,2019
806,Ca0.99Sr2Al2O6Ce0.01,Ca0.99Sr2Al2O6,Ce,3,0.01,,,,383,529,0.3182,0.5301,,,,375,,,,,,,https://doi.org/10.1016/j.jlumin.2018.10.119,ESV,mp-3393, icsd-71860 icsd-66062,0.989768552,Journal of Luminescence,0022-2313,2019
807,Ca0.99Sr2Al2O6Ce0.01,Ca0.99Sr2Al2O6,Ce,3,0.01,,,,423,526,0.3062,0.5142,,,,375,,,,,,,https://doi.org/10.1016/j.jlumin.2018.10.119,ESV,mp-3393, icsd-71860 icsd-66062,1.027133217,Journal of Luminescence,0022-2313,2019
808,Ca0.99Sr2Al2O6Ce0.01,Ca0.99Sr2Al2O6,Ce,3,0.01,,,,463,519,0.2914,0.4971,,,,375,,,,,,,https://doi.org/10.1016/j.jlumin.2018.10.119,ESV,mp-3393, icsd-71860 icsd-66062,1.103681462,Journal of Luminescence,0022-2313,2019
809,Ca0.99Sr2Al2O6Ce0.01,Ca0.99Sr2Al2O6,Ce,3,0.01,,,,503,513,0.2793,0.4821,,,,375,,,,,,,https://doi.org/10.1016/j.jlumin.2018.10.119,ESV,mp-3393, icsd-71860 icsd-66062,1.204952571,Journal of Luminescence,0022-2313,2019
810,Ca2LuHf2Al3O12Ce0.02,Ca2LuHf2Al3O12,Ce,3,0.02,,,,298,483,0.1667,0.268,85.3,59.4,,408,408,336,265,,,483,https://doi.org/10.1016/j.jcis.2021.05.108,ESV,,,1.084091914,Journal of Colloid and Interface Science,0021-9797,2021
811,Ca2LuHf2Al3O12Ce0.02Tb0.2,Ca2LuHf2Al3O12,Ce,3,0.02,Tb,3,0.2,298,543,0.2458,0.3799,,,,408,408,336,265,,,543,https://doi.org/10.1016/j.jcis.2021.05.108,ESV,,,1.323587482,Journal of Colloid and Interface Science,0021-9797,2021
812,Ca2LuHf2Al3O12Ce0.02Tb0.4,Ca2LuHf2Al3O12,Ce,3,0.02,Tb,3,0.4,298,543,0.293,0.4342,,,,408,408,336,265,,,543,https://doi.org/10.1016/j.jcis.2021.05.108,ESV,,,1.356915861,Journal of Colloid and Interface Science,0021-9797,2021
813,Ca2LuHf2Al3O12Ce0.02Tb0.5,Ca2LuHf2Al3O12,Ce,3,0.02,Tb,3,0.5,298,543,0.31,0.4549,77.1,37,460,408,408,336,265,,,543,https://doi.org/10.1016/j.jcis.2021.05.108,ESV,,,1.304169625,Journal of Colloid and Interface Science,0021-9797,2021
814,Ca2LuHf2Al3O12Ce0.02Tb0.6,Ca2LuHf2Al3O12,Ce,3,0.02,Tb,3,0.6,298,543,0.3246,0.475,,,,408,408,336,265,,,543,https://doi.org/10.1016/j.jcis.2021.05.108,ESV,,,1.166614473,Journal of Colloid and Interface Science,0021-9797,2021
815,Ca2LuHf2Al3O12Ce0.02Tb0.7,Ca2LuHf2Al3O12,Ce,3,0.02,Tb,3,0.7,298,543,0.3336,0.4919,,,,408,408,336,265,,,543,https://doi.org/10.1016/j.jcis.2021.05.108,ESV,,,1.142369911,Journal of Colloid and Interface Science,0021-9797,2021
855,Ba2GdTaO6Mn0.002,Ba2GdTaO6,Mn,4,0.002,,,,298,688,,,62,,,358,358,525,,5.45484486,285000,688,https://doi.org/10.1021/acsomega.9b01787,ACS,"mp-1205549,mp-1205547",,0.983432626,ACS Omega,2470-1343,2019
856,Ba2GdTaO6Mn0.004,Ba2GdTaO6,Mn,4,0.004,,,,298,688,,,52,,,358,358,525,,5.451786436,283000,688,https://doi.org/10.1021/acsomega.9b01787,ACS,"mp-1205549,mp-1205547",,0.983284439,ACS Omega,2470-1343,2019
857,Ba2GdTaO6Mn0.006,Ba2GdTaO6,Mn,4,0.006,,,,298,688,0.7294,0.2706,44,,,358,358,525,,5.434568904,272000,688,https://doi.org/10.1021/acsomega.9b01787,ACS,"mp-1205549,mp-1205547",,1.000607313,ACS Omega,2470-1343,2019
858,Ba2GdTaO6Mn0.008,Ba2GdTaO6,Mn,4,0.008,,,,298,688,,,41,,,358,358,525,,5.428134794,268000,688,https://doi.org/10.1021/acsomega.9b01787,ACS,"mp-1205549,mp-1205547",,1.024566285,ACS Omega,2470-1343,2019
859,Ba2GdTaO6Mn0.01,Ba2GdTaO6,Mn,4,0.01,,,,298,688,,,32,,,358,358,525,,5.409933123,257000,688,https://doi.org/10.1021/acsomega.9b01787,ACS,"mp-1205549,mp-1205547",,1.048080278,ACS Omega,2470-1343,2019
860,Ba2GdTaO6Mn0.012,Ba2GdTaO6,Mn,4,0.012,,,,298,688,,,24,,,358,358,525,,5.394451681,248000,688,https://doi.org/10.1021/acsomega.9b01787,ACS,"mp-1205549,mp-1205547",,1.074514324,ACS Omega,2470-1343,2019
861,Ca2LaTa0.999O6Mn0.001,Ca2LaTa0.999O6,Mn,4,0.001,,,,298,696,,,,,,325,,,,5.857935265,721000,696,https://doi.org/10.1016/j.jallcom.2018.12.027,ESV,,,1.045867443,Journal of Alloys and Compounds,0925-8388,2019
862,Ca2LaTa0.998O6Mn0.002,Ca2LaTa0.998O6,Mn,4,0.002,,,,298,696,,,,,,325,,,,5.826074803,670000,696,https://doi.org/10.1016/j.jallcom.2018.12.027,ESV,,,0.987583869,Journal of Alloys and Compounds,0925-8388,2019
863,Ca2LaTa0.996O6Mn0.004,Ca2LaTa0.996O6,Mn,4,0.004,,,,298,696,0.731,0.269,34.6,,,325,325,518,,5.807535028,642000,696,https://doi.org/10.1016/j.jallcom.2018.12.027,ESV,,,1.171664369,Journal of Alloys and Compounds,0925-8388,2019
864,Ca2LaTa0.994O6Mn0.006,Ca2LaTa0.994O6,Mn,4,0.006,,,,298,696,,,,,,325,,,,5.783903579,608000,696,https://doi.org/10.1016/j.jallcom.2018.12.027,ESV,,,1.013154296,Journal of Alloys and Compounds,0925-8388,2019
865,Ca2LaTa0.992O6Mn0.008,Ca2LaTa0.992O6,Mn,4,0.008,,,,298,696,,,,,,325,,,,5.773786445,594000,696,https://doi.org/10.1016/j.jallcom.2018.12.027,ESV,,,1.005175231,Journal of Alloys and Compounds,0925-8388,2019
866,Ca2LaTa0.99O6Mn0.01,Ca2LaTa0.99O6,Mn,4,0.01,,,,298,696,,,,,,325,,,,5.744292983,555000,696,https://doi.org/10.1016/j.jallcom.2018.12.027,ESV,,,1.022725428,Journal of Alloys and Compounds,0925-8388,2019
867,Ca2GdTaO6Mn0.002,Ca2GdTaO6,Mn,4,0.002,,,,298,676,,,,,,355,,,,5.649334859,446000,676,https://doi.org/10.1016/j.jlumin.2019.116525,ESV,mp-1227496,,1.00704378,Journal of Luminescence,0022-2313,2019
868,Ca2GdTaO6Mn0.004,Ca2GdTaO6,Mn,4,0.004,,,,298,676,0.729,0.271,33,,,355,355,500,,5.641474111,438000,676,https://doi.org/10.1016/j.jlumin.2019.116525,ESV,mp-1227496,,1.017208821,Journal of Luminescence,0022-2313,2019
869,Ca2GdTaO6Mg0.004Mn0.004,Ca2GdTaO6Mg0.004,Mn,4,0.004,,,,298,676,0.729,0.271,45,,,375,,,,5.658964843,456000,676,https://doi.org/10.1016/j.jlumin.2019.116525,ESV,mp-1227496,,1.048190273,Journal of Luminescence,0022-2313,2019
870,Ca2GdTaO6Li0.004Mn0.004,Ca2GdTaO6Li0.004,Mn,4,0.004,,,,298,676,0.729,0.271,,,,390,,,,5.655138435,452000,676,https://doi.org/10.1016/j.jlumin.2019.116525,ESV,mp-1227496,,1.036659389,Journal of Luminescence,0022-2313,2019
871,Ca2GdTaO6Na0.004Mn0.004,Ca2GdTaO6Na0.004,Mn,4,0.004,,,,298,676,0.729,0.271,,,,405,,,,5.651278014,448000,676,https://doi.org/10.1016/j.jlumin.2019.116525,ESV,mp-1227496,,1.00669199,Journal of Luminescence,0022-2313,2019
872,Ca2GdTaO6K0.004Mn0.004,Ca2GdTaO6K0.004,Mn,4,0.004,,,,298,676,0.729,0.271,,,,420,,,,5.644438589,441000,676,https://doi.org/10.1016/j.jlumin.2019.116525,ESV,mp-1227496,,1.008147759,Journal of Luminescence,0022-2313,2019
873,Ca2GdTaO6Mn0.006,Ca2GdTaO6,Mn,4,0.006,,,,298,676,,,,,,355,,,,5.617000341,414000,676,https://doi.org/10.1016/j.jlumin.2019.116525,ESV,mp-1227496,,1.029584395,Journal of Luminescence,0022-2313,2019
874,Ca2GdTaO6Mn0.008,Ca2GdTaO6,Mn,4,0.008,,,,298,676,,,,,,355,,,,5.564666064,367000,676,https://doi.org/10.1016/j.jlumin.2019.116525,ESV,mp-1227496,,1.038169761,Journal of Luminescence,0022-2313,2019
875,Ca2GdTaO6Mn0.01,Ca2GdTaO6,Mn,4,0.01,,,,298,676,,,,,,355,,,,5.540329475,347000,676,https://doi.org/10.1016/j.jlumin.2019.116525,ESV,mp-1227496,,1.507271148,Journal of Luminescence,0022-2313,2019
876,Ca2GdTaO6Mn0.012,Ca2GdTaO6,Mn,4,0.012,,,,298,676,,,,,,355,,,,5.495544338,313000,676,https://doi.org/10.1016/j.jlumin.2019.116525,ESV,mp-1227496,,0.994140268,Journal of Luminescence,0022-2313,2019
877,SrLaScO4Mn0.008,SrLaScO4,Mn,4,0.008,,,,298,690,0.6203,0.3784,12.2,,328,350,350,510,,,,690,https://doi.org/10.1016/j.dyepig.2018.01.052,ESV,"mp-1218207,mp-1218142",,1.487765337,Dyes and Pigments,0143-7208,2018
878,Ba2LaSbO6Mn0.0003,Ba2LaSbO6,Mn,4,0.0003,,,,298,678,,,,,,360,360,,,5.149219113,141000,678,https://doi.org/10.1016/j.jlumin.2018.09.059,ESV,"mp-551269,mp-556375", icsd-195216 icsd-153136 icsd-151816,1.012096143,Journal of Luminescence,0022-2313,2019
879,Ba2LaSbO6Mn0.0007,Ba2LaSbO6,Mn,4,0.0007,,,,298,678,,,,,,360,360,,,5.113943352,130000,678,https://doi.org/10.1016/j.jlumin.2018.09.059,ESV,"mp-551269,mp-556375", icsd-195216 icsd-153136 icsd-151816,1.034188528,Journal of Luminescence,0022-2313,2019
880,Ba2LaSbO6Mn0.001,Ba2LaSbO6,Mn,4,0.001,,,,298,678,,,,,,360,360,,,5.021189299,105000,678,https://doi.org/10.1016/j.jlumin.2018.09.059,ESV,"mp-551269,mp-556375", icsd-195216 icsd-153136 icsd-151816,0.98142087,Journal of Luminescence,0022-2313,2019
881,Ba2LaSbO6Mn0.0013,Ba2LaSbO6,Mn,4,0.0013,,,,298,678,,,20.2,,,360,360,,,,,678,https://doi.org/10.1016/j.jlumin.2018.09.059,ESV,"mp-551269,mp-556375", icsd-195216 icsd-153136 icsd-151816,1.014061737,Journal of Luminescence,0022-2313,2019
882,Ba2LaSbO6Mn0.0015,Ba2LaSbO6,Mn,4,0.0015,,,,298,678,,,,,,360,360,,,4.913813852,82000,678,https://doi.org/10.1016/j.jlumin.2018.09.059,ESV,"mp-551269,mp-556375", icsd-195216 icsd-153136 icsd-151816,1.060751018,Journal of Luminescence,0022-2313,2019
883,Ba2LaSbO6Mn0.002,Ba2LaSbO6,Mn,4,0.002,,,,298,678,,,,,,360,360,,,4.851258349,71000,678,https://doi.org/10.1016/j.jlumin.2018.09.059,ESV,"mp-551269,mp-556375", icsd-195216 icsd-153136 icsd-151816,0.977744605,Journal of Luminescence,0022-2313,2019
889,Y2MoSiO8Eu0.005,Y2MoSiO8,Eu,3,0.005,,,,298,618,0.62,0.34,,,,395,,,,,,618,https://doi.org/10.1016/j.ceramint.2018.10.050,ESV,,,1.020034497,Ceramics International,0272-8842,2019
890,Y2MoSiO8Eu0.01,Y2MoSiO8,Eu,3,0.01,,,,298,618,0.63,0.34,,,,395,,,,,,618,https://doi.org/10.1016/j.ceramint.2018.10.050,ESV,,,1.022875047,Ceramics International,0272-8842,2019
891,Y2MoSiO8Eu0.02,Y2MoSiO8,Eu,3,0.02,,,,298,618,0.64,0.34,,,,395,,,,,,618,https://doi.org/10.1016/j.ceramint.2018.10.050,ESV,,,1.022673724,Ceramics International,0272-8842,2019
892,Y2MoSiO8Eu0.12,Y2MoSiO8,Eu,3,0.12,,,,298,618,0.65,0.34,,,,395,395,382,,6.024965671,1059170,618,https://doi.org/10.1016/j.ceramint.2018.10.050,ESV,,,1.021223137,Ceramics International,0272-8842,2019
893,Na2Lu0.8MoO8PEu0.2,Na2Lu0.8MoO8P,Eu,3,0.2,,,,298,616,,,26.7,,,396,,,,6.257438567,1809000,616,https://doi.org/10.1016/j.jallcom.2018.06.156,ESV,mp-561247, icsd-250441,1.018405028,Journal of Alloys and Compounds,0925-8388,2018
894,Na2Lu0.6MoO8PEu0.4,Na2Lu0.6MoO8P,Eu,3,0.4,,,,298,616,,,57.9,,,396,,,,6.249198357,1775000,616,https://doi.org/10.1016/j.jallcom.2018.06.156,ESV,mp-561247, icsd-250441,0.953438295,Journal of Alloys and Compounds,0925-8388,2018
895,Na2Lu0.5MoO8PEu0.5,Na2Lu0.5MoO8P,Eu,3,0.5,,,,298,616,,,62.9,,,396,,,,6.246498581,1764000,616,https://doi.org/10.1016/j.jallcom.2018.06.156,ESV,mp-561247, icsd-250441,1.034312711,Journal of Alloys and Compounds,0925-8388,2018
896,Na2Lu0.4MoO8PEu0.6,Na2Lu0.4MoO8P,Eu,3,0.6,,,,298,616,0.66,0.338,73.1,,470,396,396,467,385,6.232233521,1707000,616,https://doi.org/10.1016/j.jallcom.2018.06.156,ESV,mp-561247, icsd-250441,1.004951592,Journal of Alloys and Compounds,0925-8388,2018
897,Na2Lu0.2MoO8PEu0.8,Na2Lu0.2MoO8P,Eu,3,0.8,,,,298,616,,,67.7,,,396,,,,6.228656958,1693000,616,https://doi.org/10.1016/j.jallcom.2018.06.156,ESV,mp-561247, icsd-250441,1.010326804,Journal of Alloys and Compounds,0925-8388,2018
898,Na2Gd0.95PO8MoEu0.05,Na2Gd0.95PO8Mo,Eu,3,0.05,,,,298,617,,,,,,396,,,,5.785329835,610000,617,https://doi.org/10.1016/j.jallcom.2017.05.251,ESV,,,1.010910023,Journal of Alloys and Compounds,0925-8388,2017
899,Na2Gd0.9PO8MoEu0.1,Na2Gd0.9PO8Mo,Eu,3,0.1,,,,298,617,,,,,,396,,,,5.790988475,618000,617,https://doi.org/10.1016/j.jallcom.2017.05.251,ESV,,,1.014556911,Journal of Alloys and Compounds,0925-8388,2017
900,Na2Gd0.8PO8MoEu0.2,Na2Gd0.8PO8Mo,Eu,3,0.2,,,,298,617,,,,,,396,,,,5.80140371,633000,617,https://doi.org/10.1016/j.jallcom.2017.05.251,ESV,,,0.979670472,Journal of Alloys and Compounds,0925-8388,2017
901,Na2Gd0.7PO8MoEu0.3,Na2Gd0.7PO8Mo,Eu,3,0.3,,,,298,617,,,,,,396,,,,5.788168371,614000,617,https://doi.org/10.1016/j.jallcom.2017.05.251,ESV,,,1.025948833,Journal of Alloys and Compounds,0925-8388,2017
902,Na2Gd0.6PO8MoEu0.4,Na2Gd0.6PO8Mo,Eu,3,0.4,,,,298,617,,,,,,396,,,,5.787460475,613000,617,https://doi.org/10.1016/j.jallcom.2017.05.251,ESV,,,1.031118747,Journal of Alloys and Compounds,0925-8388,2017
903,Na2Gd0.5PO8MoEu0.5,Na2Gd0.5PO8Mo,Eu,3,0.5,,,,298,617,0.653,0.346,90,37,455,396,396,467,385,5.7930916,621000,617,https://doi.org/10.1016/j.jallcom.2017.05.251,ESV,,,0.999963654,Journal of Alloys and Compounds,0925-8388,2017
904,Na2Gd0.4PO8MoEu0.6,Na2Gd0.4PO8Mo,Eu,3,0.6,,,,298,617,,,,,,396,,,,5.797959644,628000,617,https://doi.org/10.1016/j.jallcom.2017.05.251,ESV,,,0.977948375,Journal of Alloys and Compounds,0925-8388,2017
905,Na2Gd0.3PO8MoEu0.7,Na2Gd0.3PO8Mo,Eu,3,0.7,,,,298,617,,,,,,396,,,,5.793790385,622000,617,https://doi.org/10.1016/j.jallcom.2017.05.251,ESV,,,0.999558442,Journal of Alloys and Compounds,0925-8388,2017
906,Na2Gd0.2PO8MoEu0.8,Na2Gd0.2PO8Mo,Eu,3,0.8,,,,298,617,,,,,,396,,,,5.814913181,653000,617,https://doi.org/10.1016/j.jallcom.2017.05.251,ESV,,,1.192667772,Journal of Alloys and Compounds,0925-8388,2017
907,Na2Gd0.1PO8MoEu0.9,Na2Gd0.1PO8Mo,Eu,3,0.9,,,,298,617,,,,,,396,,,,5.796574333,626000,617,https://doi.org/10.1016/j.jallcom.2017.05.251,ESV,,,0.980654225,Journal of Alloys and Compounds,0925-8388,2017
908,Na2PO8MoEu1,Na2PO8Mo,Eu,3,1,,,,298,617,,,,,,396,,,,5.802773725,635000,617,https://doi.org/10.1016/j.jallcom.2017.05.251,ESV,,,1.001993676,Journal of Alloys and Compounds,0925-8388,2017
910,Sr1.9ZnWO6Li0.05Eu0.05,Sr1.9ZnWO6Li0.05,Eu,3,0.05,,,,298,614,0.656,0.345,35,,,367,462,393,,5.53529412,343000,614,https://doi.org/10.1016/j.jallcom.2016.06.255,ESV,"mp-1105272,mp-1079778,mp-19282", icsd-262322 icsd-190595 icsd-239812 icsd-190592 icsd-72811 icsd-28599,1.618818892,Journal of Alloys and Compounds,0925-8388,2016
911,Sr1.9ZnW0.8Mo0.2O6Li0.05Eu0.05,Sr1.9ZnW0.8Mo0.2O6Li0.05,Eu,3,0.05,,,,298,614,0.657,0.342,39,,,367,393,462,,5.532754379,341000,614,https://doi.org/10.1016/j.jallcom.2016.06.255,ESV,"mp-1105272,mp-1079778,mp-19282", icsd-262322 icsd-190595 icsd-239812 icsd-190592 icsd-72811 icsd-28599,1.772492408,Journal of Alloys and Compounds,0925-8388,2016
912,Sr1.9ZnW0.6Mo0.4O6Li0.05Eu0.05,Sr1.9ZnW0.6Mo0.4O6Li0.05,Eu,3,0.05,,,,298,614,0.647,0.352,40,,,367,393,462,,5.5132176,326000,614,https://doi.org/10.1016/j.jallcom.2016.06.255,ESV,"mp-1105272,mp-1079778,mp-19282", icsd-262322 icsd-190595 icsd-239812 icsd-190592 icsd-72811 icsd-28599,1.060320185,Journal of Alloys and Compounds,0925-8388,2016
913,Sr1.9ZnW0.4Mo0.6O6Li0.05Eu0.05,Sr1.9ZnW0.4Mo0.6O6Li0.05,Eu,3,0.05,,,,298,614,0.647,0.353,40,,,367,393,462,,5.494154594,312000,614,https://doi.org/10.1016/j.jallcom.2016.06.255,ESV,"mp-1105272,mp-1079778,mp-19282", icsd-262322 icsd-190595 icsd-239812 icsd-190592 icsd-72811 icsd-28599,1.000702781,Journal of Alloys and Compounds,0925-8388,2016
914,Sr1.9ZnW0.2Mo0.8O6Li0.05Eu0.05,Sr1.9ZnW0.2Mo0.8O6Li0.05,Eu,3,0.05,,,,298,614,0.645,0.354,37,,,367,393,462,,5.469822016,295000,614,https://doi.org/10.1016/j.jallcom.2016.06.255,ESV,"mp-1105272,mp-1079778,mp-19282", icsd-262322 icsd-190595 icsd-239812 icsd-190592 icsd-72811 icsd-28599,1.0943466,Journal of Alloys and Compounds,0925-8388,2016
915,Sr1.9ZnMoO6Li0.05Eu0.05,Sr1.9ZnMoO6Li0.05,Eu,3,0.05,,,,298,614,0.645,0.356,36,,,367,393,462,,5.450249108,282000,614,https://doi.org/10.1016/j.jallcom.2016.06.255,ESV,"mp-1105272,mp-1079778,mp-19282", icsd-262322 icsd-190595 icsd-239812 icsd-190592 icsd-72811 icsd-28599,0.977990015,Journal of Alloys and Compounds,0925-8388,2016
916,CaGdAlO4Mn0.0005,CaGdAlO4,Mn,4,0.0005,,,,298,715,,,,,,349,,,,5.92788341,847000,715,https://doi.org/10.1016/j.jlumin.2018.06.072,ESV,mp-1227092,,1.11548472,Journal of Luminescence,0022-2313,2018
917,CaGdAlO4Mn0.001,CaGdAlO4,Mn,4,0.001,,,,298,715,,,,,,349,,,,5.951337519,894000,715,https://doi.org/10.1016/j.jlumin.2018.06.072,ESV,mp-1227092,,1.011958912,Journal of Luminescence,0022-2313,2018
918,CaGdAlO4Mn0.002,CaGdAlO4,Mn,4,0.002,,,,298,715,0.7132,0.2866,45,,,349,352,489,,5.981818607,959000,715,https://doi.org/10.1016/j.jlumin.2018.06.072,ESV,mp-1227092,,1.051703314,Journal of Luminescence,0022-2313,2018
919,CaGdAlO4Mn0.004,CaGdAlO4,Mn,4,0.004,,,,298,715,,,,,,349,,,,6.014520539,1034000,715,https://doi.org/10.1016/j.jlumin.2018.06.072,ESV,mp-1227092,,1.002350435,Journal of Luminescence,0022-2313,2018
920,CaGdAlO4Mn0.006,CaGdAlO4,Mn,4,0.006,,,,298,715,,,,,,349,,,,6.049605613,1121000,715,https://doi.org/10.1016/j.jlumin.2018.06.072,ESV,mp-1227092,,0.961986,Journal of Luminescence,0022-2313,2018
921,CaGdAlO4Mn0.008,CaGdAlO4,Mn,4,0.008,,,,298,715,,,,,,349,,,,6.062957834,1156000,715,https://doi.org/10.1016/j.jlumin.2018.06.072,ESV,mp-1227092,,1.090792538,Journal of Luminescence,0022-2313,2018
922,CaGdAlO4Mn0.01,CaGdAlO4,Mn,4,0.01,,,,298,715,,,,,,349,,,,6.07773118,1196000,715,https://doi.org/10.1016/j.jlumin.2018.06.072,ESV,mp-1227092,,1.030220833,Journal of Luminescence,0022-2313,2018
923,Ca13.995Al10Zn6O35Bi0.005,Ca13.995Al10Zn6O35,Bi,3,0.005,,,,298,410,,,49,,,346,346,,,3.994317153,9870,410,https://doi.org/10.1039/C7RA01285C,RSC,,,1.878143701,RSC Advances,2046-2069,2017
924,Ca13.995Al9.999Zn6O35Bi0.005Mn0.001,Ca13.995Al9.999Zn6O35,Bi,3,0.005,Mn,4,0.001,298,410,,,,,,346,,,,3.968949681,9310,410,https://doi.org/10.1039/C7RA01285C,RSC,,,2.010357191,RSC Advances,2046-2069,2017
925,Ca13.995Al9.9985Zn6O35Bi0.005Mn0.0015,Ca13.995Al9.9985Zn6O35,Bi,3,0.005,Mn,4,0.0015,298,410,,,,,,346,,,,3.953276337,8980,410,https://doi.org/10.1039/C7RA01285C,RSC,,,2.014367079,RSC Advances,2046-2069,2017
926,Ca13.995Al9.998Zn6O35Bi0.005Mn0.002,Ca13.995Al9.998Zn6O35,Bi,3,0.005,Mn,4,0.002,298,410,,,,,,346,,,,3.946943271,8850,410,https://doi.org/10.1039/C7RA01285C,RSC,,,2.081509008,RSC Advances,2046-2069,2017
927,Ca13.995Al9.997Zn6O35Bi0.005Mn0.003,Ca13.995Al9.997Zn6O35,Bi,3,0.005,Mn,4,0.003,298,410,,,,,,346,,,,3.944975908,8810,410,https://doi.org/10.1039/C7RA01285C,RSC,,,2.081439395,RSC Advances,2046-2069,2017
928,Ca13.995Al9.9965Zn6O35Bi0.005Mn0.0035,Ca13.995Al9.9965Zn6O35,Bi,3,0.005,Mn,4,0.0035,298,410,,,,,,346,,,,3.925312091,8420,410,https://doi.org/10.1039/C7RA01285C,RSC,,,2.225608595,RSC Advances,2046-2069,2017
929,Ca13.995Al9.996Zn6O35Bi0.005Mn0.004,Ca13.995Al9.996Zn6O35,Bi,3,0.005,Mn,4,0.004,298,410,,,,,,346,,,,3.919601024,8310,410,https://doi.org/10.1039/C7RA01285C,RSC,,,2.300099731,RSC Advances,2046-2069,2017
930,Ca13.995Al9.9Zn6O35Bi0.005Mn0.1,Ca13.995Al9.9Zn6O35,Bi,3,0.005,Mn,4,0.1,298,410,,,,,,346,,,,3.87909588,7570,410,https://doi.org/10.1039/C7RA01285C,RSC,,,2.62422616,RSC Advances,2046-2069,2017
931,Ca13.99Al9.995Zn6O35Bi0.01Mn0.005,Ca13.99Al9.995Zn6O35,Bi,3,0.01,Mn,4,0.005,298,417,,,89.1,,,351,351,,,,,417,https://doi.org/10.1039/C7RA01285C,RSC,,,1.908691799,RSC Advances,2046-2069,2017
932,Ca14Al9.995Zn6O35Mn0.005,Ca14Al9.995Zn6O35,Mn,4,0.005,,,,298,713,,,19.4,,,467,467,,,,,713,https://doi.org/10.1039/C7RA01285C,RSC,,,1.908718425,RSC Advances,2046-2069,2017
933,Ca3Y0.9Al3O15B4Eu0.1,Ca3Y0.9Al3O15B4,Eu,3,0.1,,,,298,621,,,,,,397,,,,6.294025094,1968000,621,https://doi.org/10.1016/j.jlumin.2018.09.010,ESV,mp-694012,,0.99747611,Journal of Luminescence,0022-2313,2019
934,Ca3Y0.7Al3O15B4Eu0.3,Ca3Y0.7Al3O15B4,Eu,3,0.3,,,,298,621,,,,,,397,,,,6.26927939,1859000,621,https://doi.org/10.1016/j.jlumin.2018.09.010,ESV,mp-694012,,1.044757731,Journal of Luminescence,0022-2313,2019
935,Ca3Y0.5Al3O15B4Eu0.5,Ca3Y0.5Al3O15B4,Eu,3,0.5,,,,298,621,0.653,0.342,88,,500,397,397,383,370,6.208441356,1616000,621,https://doi.org/10.1016/j.jlumin.2018.09.010,ESV,mp-694012,,0.974662875,Journal of Luminescence,0022-2313,2019
936,Ca3Y0.3Al3O15B4Eu0.7,Ca3Y0.3Al3O15B4,Eu,3,0.7,,,,298,621,,,,,,397,,,,6.197556213,1576000,621,https://doi.org/10.1016/j.jlumin.2018.09.010,ESV,mp-694012,,1.059044845,Journal of Luminescence,0022-2313,2019
937,Ca3Y0.1Al3O15B4Eu0.9,Ca3Y0.1Al3O15B4,Eu,3,0.9,,,,298,621,,,,,,397,,,,6.066325925,1165000,621,https://doi.org/10.1016/j.jlumin.2018.09.010,ESV,mp-694012,,1.059443845,Journal of Luminescence,0022-2313,2019
938,Ca3Al3O15B4Eu1,Ca3Al3O15B4,Eu,3,1,,,,298,621,,,,,,397,,,,6.001300933,1003000,621,https://doi.org/10.1016/j.jlumin.2018.09.010,ESV,mp-694012,,1.005193985,Journal of Luminescence,0022-2313,2019
939,Ba3Y1.3B6O15Eu0.7,Ba3Y1.3B6O15,Eu,3,0.7,,,,298,593,0.601,0.396,13.1,,440,393,393,382,463,6.420945406,2636000,593,https://doi.org/10.1016/j.jlumin.2018.12.028,ESV,mp-1019527, icsd-261704,1.178957174,Journal of Luminescence,0022-2313,2019
940,Ba3Lu1.94B6O15Ce0.03,Ba3Lu1.94B6O15,Ce,3,0.03,,,,298,446,0.165,0.132,,,,373,373,,,,,446,https://doi.org/10.1016/j.jallcom.2019.02.095,ESV,,,1.017642825,Journal of Alloys and Compounds,0925-8388,2019
941,Ba3Lu1.82B6O15Ce0.03Tb0.06,Ba3Lu1.82B6O15,Ce,3,0.03,Tb,3,0.06,298,446,0.187,0.199,,,,373,,,,,,,https://doi.org/10.1016/j.jallcom.2019.02.095,ESV,,,1.006827468,Journal of Alloys and Compounds,0925-8388,2019
942,Ba3Lu1.64B6O15Ce0.03Tb0.15,Ba3Lu1.64B6O15,Ce,3,0.03,Tb,3,0.15,298,446,0.198,0.227,,,,373,,,,,,,https://doi.org/10.1016/j.jallcom.2019.02.095,ESV,,,1.00087624,Journal of Alloys and Compounds,0925-8388,2019
943,Ba3Lu1.54B6O15Ce0.03Tb0.2,Ba3Lu1.54B6O15,Ce,3,0.03,Tb,3,0.2,298,542,0.204,0.239,51,,430,373,,,,,,542,https://doi.org/10.1016/j.jallcom.2019.02.095,ESV,,,1.000562962,Journal of Alloys and Compounds,0925-8388,2019
944,Ba3Lu1.54B6O15Ce0.03Tb0.2,Ba3Lu1.54B6O15,Ce,3,0.03,Tb,3,0.2,343,542,0.257,0.253,,,,373,,,,,,,https://doi.org/10.1016/j.jallcom.2019.02.095,ESV,,,1.001347284,Journal of Alloys and Compounds,0925-8388,2019
945,Ba3Lu1.54B6O15Ce0.03Tb0.2,Ba3Lu1.54B6O15,Ce,3,0.03,Tb,3,0.2,383,542,0.21,0.257,,,,373,,,,,,,https://doi.org/10.1016/j.jallcom.2019.02.095,ESV,,,1.000562962,Journal of Alloys and Compounds,0925-8388,2019
946,Ba3Lu1.54B6O15Ce0.03Tb0.2,Ba3Lu1.54B6O15,Ce,3,0.03,Tb,3,0.2,423,542,0.211,0.258,,,,373,,,,,,,https://doi.org/10.1016/j.jallcom.2019.02.095,ESV,,,1.000562962,Journal of Alloys and Compounds,0925-8388,2019
947,Ba3Lu1.54B6O15Ce0.03Tb0.2,Ba3Lu1.54B6O15,Ce,3,0.03,Tb,3,0.2,463,542,0.214,0.259,,,,373,,,,,,,https://doi.org/10.1016/j.jallcom.2019.02.095,ESV,,,1.003322229,Journal of Alloys and Compounds,0925-8388,2019
948,Ba3Lu1.54B6O15Ce0.03Tb0.2,Ba3Lu1.54B6O15,Ce,3,0.03,Tb,3,0.2,503,542,0.219,0.262,,,,373,,,,,,,https://doi.org/10.1016/j.jallcom.2019.02.095,ESV,,,1.025132543,Journal of Alloys and Compounds,0925-8388,2019
949,Ba3Lu1.34B6O15Ce0.03Tb0.3,Ba3Lu1.34B6O15,Ce,3,0.03,Tb,3,0.3,298,542,0.208,0.254,,,,373,,,,,,542,https://doi.org/10.1016/j.jallcom.2019.02.095,ESV,,,1.001741818,Journal of Alloys and Compounds,0925-8388,2019
950,NaGdF4Ce0.2Tb0.05,NaGdF4,Ce,3,0.2,Tb,3,0.05,298,542,,,30,,,262,262,,,,,542,https://doi.org/10.1021/cm070865c,ACS,mp-1221034,,1.065584978,Chemistry of Materials,0897-4756,2007
951,MgY3.8Si3O13Tb0.2,MgY3.8Si3O13,Tb,3,0.2,,,,298,544,0.32,0.65,,,,330,,,,,,544,https://doi.org/10.1111/j.1551-2916.2010.03626.x,Wiley,,,1.021579374,Journal of the American Ceramic Society,0002-7820,2010
952,MgY3.8Si3O13Ce0.2,MgY3.8Si3O13,Ce,3,0.2,,,,298,480,0.21,0.24,37,,,330,,,,,,480,https://doi.org/10.1111/j.1551-2916.2010.03626.x,Wiley,,,1.064064941,Journal of the American Ceramic Society,0002-7820,2010
953,MgY3.7Si3O13Ce0.2Tb0.1,MgY3.7Si3O13,Ce,3,0.2,Tb,3,0.1,298,544,0.25,0.33,,,,330,330,,,,,544,https://doi.org/10.1111/j.1551-2916.2010.03626.x,Wiley,,,0.986456029,Journal of the American Ceramic Society,0002-7820,2010
954,MgY3.4Si3O13Ce0.2Tb0.4,MgY3.4Si3O13,Ce,3,0.2,Tb,3,0.4,298,544,,,49,,,330,330,,,,,544,https://doi.org/10.1111/j.1551-2916.2010.03626.x,Wiley,,,0.987169964,Journal of the American Ceramic Society,0002-7820,2010
955,MgY3.2Si3O13Ce0.2Tb0.6,MgY3.2Si3O13,Ce,3,0.2,Tb,3,0.6,298,544,0.4,0.52,,,,330,330,,,,,544,https://doi.org/10.1111/j.1551-2916.2010.03626.x,Wiley,,,0.987773275,Journal of the American Ceramic Society,0002-7820,2010
956,Ca8MgSi4O16Cl2Tb0.02,Ca8MgSi4O16Cl2,Tb,3,0.02,,,,298,542,0.313,0.455,,,,359,,,,,,542,https://doi.org/10.1016/j.jlumin.2011.09.029,ESV,mp-686598,,1.022422131,Journal of Luminescence,0022-2313,2012
957,Ca8MgSi4O16Cl2Tb0.02Ce0.002,Ca8MgSi4O16Cl2,Tb,3,0.02,Ce,3,0.002,298,542,0.302,0.423,,,,359,,,,,,542,https://doi.org/10.1016/j.jlumin.2011.09.029,ESV,mp-686598,,0.999044992,Journal of Luminescence,0022-2313,2012
958,Ca8MgSi4O16Cl2Tb0.02Ce0.004,Ca8MgSi4O16Cl2,Tb,3,0.02,Ce,3,0.004,298,542,0.295,0.4,,,,359,,,,,,542,https://doi.org/10.1016/j.jlumin.2011.09.029,ESV,mp-686598,,0.999051956,Journal of Luminescence,0022-2313,2012
959,Ca8MgSi4O16Cl2Tb0.02Ce0.006,Ca8MgSi4O16Cl2,Tb,3,0.02,Ce,3,0.006,298,542,0.292,0.371,,,,359,,,,,,542,https://doi.org/10.1016/j.jlumin.2011.09.029,ESV,mp-686598,,0.999145743,Journal of Luminescence,0022-2313,2012
960,Ca8MgSi4O16Cl2Tb0.02Ce0.008,Ca8MgSi4O16Cl2,Tb,3,0.02,Ce,3,0.008,298,542,0.285,0.34,32.8,,,359,,,,,,542,https://doi.org/10.1016/j.jlumin.2011.09.029,ESV,mp-686598,,0.999200471,Journal of Luminescence,0022-2313,2012
961,Ca8MgSi4O16Cl2Tb0.02Ce0.009,Ca8MgSi4O16Cl2,Tb,3,0.02,Ce,3,0.009,298,542,0.243,0.236,,,,359,,,,,,542,https://doi.org/10.1016/j.jlumin.2011.09.029,ESV,mp-686598,,0.999287423,Journal of Luminescence,0022-2313,2012
962,Ca4Y6Si6O25Ce0.02,Ca4Y6Si6O25,Ce,3,0.02,,,,298,421,0.181,0.089,,,,352,,,,,,,https://doi.org/10.1016/j.matchemphys.2011.05.078,ESV,,,0.993285867,Materials Chemistry and Physics,0254-0584,2011
963,Ca4Y6Si6O25Ce0.02Tb0.02,Ca4Y6Si6O25,Ce,3,0.02,Tb,3,0.02,298,542,0.201,0.173,,,,352,,,,,,542,https://doi.org/10.1016/j.matchemphys.2011.05.078,ESV,,,1.000016592,Materials Chemistry and Physics,0254-0584,2011
964,Ca4Y6Si6O25Ce0.02Tb0.04,Ca4Y6Si6O25,Ce,3,0.02,Tb,3,0.04,298,542,0.225,0.249,,,,352,,,,,,542,https://doi.org/10.1016/j.matchemphys.2011.05.078,ESV,,,1.000412765,Materials Chemistry and Physics,0254-0584,2011
965,Ca4Y6Si6O25Ce0.02Tb0.06,Ca4Y6Si6O25,Ce,3,0.02,Tb,3,0.06,298,542,0.235,0.268,,,,352,,,,,,542,https://doi.org/10.1016/j.matchemphys.2011.05.078,ESV,,,1.000799229,Materials Chemistry and Physics,0254-0584,2011
966,Ca4Y6Si6O25Ce0.02Tb0.08,Ca4Y6Si6O25,Ce,3,0.02,Tb,3,0.08,298,542,0.278,0.353,49.1,,,352,352,,,,,542,https://doi.org/10.1016/j.matchemphys.2011.05.078,ESV,,,1.002248125,Materials Chemistry and Physics,0254-0584,2011
967,Ca4Y6Si6O25Ce0.02Tb0.1,Ca4Y6Si6O25,Ce,3,0.02,Tb,3,0.1,298,542,0.272,0.399,,,,352,,,,,,542,https://doi.org/10.1016/j.matchemphys.2011.05.078,ESV,,,1.001882479,Materials Chemistry and Physics,0254-0584,2011
968,Ca4Y6Si6O25Tb0.1,Ca4Y6Si6O25,Tb,3,0.1,,,,298,,0.311,0.486,,,,352,,,,,,,https://doi.org/10.1016/j.matchemphys.2011.05.078,ESV,,,0.998652858,Materials Chemistry and Physics,0254-0584,2011
978,Ba3Y1.9B4O12Ce0.05,Ba3Y1.9B4O12,Ce,3,0.05,,,,298,421,0.162,0.121,,,,360,360,,,,,421,https://doi.org/10.1111/j.1551-2916.2012.05464.x,Wiley,,,1.188163317,Journal of the American Ceramic Society,0002-7820,2012
979,Ba3Y1.88B4O12Ce0.05Tb0.01,Ba3Y1.88B4O12,Ce,3,0.05,Tb,3,0.01,298,544,0.179,0.168,,,,360,,,,,,544,https://doi.org/10.1111/j.1551-2916.2012.05464.x,Wiley,,,0.987458031,Journal of the American Ceramic Society,0002-7820,2012
980,Ba3Y1.84B4O12Ce0.05Tb0.03,Ba3Y1.84B4O12,Ce,3,0.05,Tb,3,0.03,298,544,0.19,0.208,,,,360,,,,,,544,https://doi.org/10.1111/j.1551-2916.2012.05464.x,Wiley,,,0.98828043,Journal of the American Ceramic Society,0002-7820,2012
981,Ba3Y1.8B4O12Ce0.05Tb0.05,Ba3Y1.8B4O12,Ce,3,0.05,Tb,3,0.05,298,544,0.206,0.255,,,,360,,,,,,544,https://doi.org/10.1111/j.1551-2916.2012.05464.x,Wiley,,,0.986695332,Journal of the American Ceramic Society,0002-7820,2012
982,Ba3Y1.7B4O12Ce0.05Tb0.1,Ba3Y1.7B4O12,Ce,3,0.05,Tb,3,0.1,298,544,0.234,0.338,,,,360,,,,,,544,https://doi.org/10.1111/j.1551-2916.2012.05464.x,Wiley,,,0.985202185,Journal of the American Ceramic Society,0002-7820,2012
983,Ba3Y1.5B4O12Ce0.05Tb0.2,Ba3Y1.5B4O12,Ce,3,0.05,Tb,3,0.2,298,544,0.26,0.416,,,,360,,,,,,544,https://doi.org/10.1111/j.1551-2916.2012.05464.x,Wiley,,,0.990035486,Journal of the American Ceramic Society,0002-7820,2012
984,Ba3Y1.3B4O12Ce0.05Tb0.3,Ba3Y1.3B4O12,Ce,3,0.05,Tb,3,0.3,298,544,0.28,0.463,,,,360,,,,,,544,https://doi.org/10.1111/j.1551-2916.2012.05464.x,Wiley,,,0.990732662,Journal of the American Ceramic Society,0002-7820,2012
985,Ba3Y0.9B4O12Ce0.05Tb0.5,Ba3Y0.9B4O12,Ce,3,0.05,Tb,3,0.5,298,544,0.313,0.526,,,,360,,,,,,544,https://doi.org/10.1111/j.1551-2916.2012.05464.x,Wiley,,,0.989917963,Journal of the American Ceramic Society,0002-7820,2012
986,Lu2MoO6Eu0.01,Lu2MoO6,Eu,3,0.01,,,,298,610,,,,,,363,363,462,530,5.488550717,308000,610,https://doi.org/10.1016/S1003-6326(16)64276-0,ESV,mp-1211057,,1.019914578,Transactions of Nonferrous Metals Society of China,1003-6326,2016
987,Lu2MoO6Eu0.03,Lu2MoO6,Eu,3,0.03,,,,298,610,,,,,,363,363,462,530,5.488550717,308000,610,https://doi.org/10.1016/S1003-6326(16)64276-0,ESV,mp-1211057,,1.019914051,Transactions of Nonferrous Metals Society of China,1003-6326,2016
988,Lu2MoO6Eu0.05,Lu2MoO6,Eu,3,0.05,,,,298,610,,,,,,363,363,462,530,5.488550717,308000,610,https://doi.org/10.1016/S1003-6326(16)64276-0,ESV,mp-1211057,,1.019913588,Transactions of Nonferrous Metals Society of China,1003-6326,2016
989,Lu2MoO6Eu0.1,Lu2MoO6,Eu,3,0.1,,,,298,610,0.65,0.35,,,,363,363,462,530,5.447158031,280000,610,https://doi.org/10.1016/S1003-6326(16)64276-0,ESV,mp-1211057,,0.984043652,Transactions of Nonferrous Metals Society of China,1003-6326,2016
990,Lu2MoO6Eu0.2,Lu2MoO6,Eu,3,0.2,,,,298,610,,,,,,363,462,363,530,5.267171728,185000,610,https://doi.org/10.1016/S1003-6326(16)64276-0,ESV,mp-1211057,,0.977572552,Transactions of Nonferrous Metals Society of China,1003-6326,2016
991,Lu2MoO6Eu0.4,Lu2MoO6,Eu,3,0.4,,,,298,610,,,,,,363,363,462,530,4.77815125,60000,610,https://doi.org/10.1016/S1003-6326(16)64276-0,ESV,mp-1211057,,0.964530209,Transactions of Nonferrous Metals Society of China,1003-6326,2016
992,BaZn2P2O8Sm0.02,BaZn2P2O8,Sm,3,0.02,,,,298,606,0.621,0.365,,,,397,397,460,,,,606,https://doi.org/10.1016/j.jlumin.2012.03.022,ESV,mp-6089, icsd-300159 icsd-86627,1.044358362,Journal of Luminescence,0022-2313,2012
993,BaZn2P2O8K0.02Sm0.02,BaZn2P2O8K0.02,Sm,3,0.02,,,,298,606,0.622,0.363,,,,397,,,,,,,https://doi.org/10.1016/j.jlumin.2012.03.022,ESV,mp-6089, icsd-300159 icsd-86627,1.034863519,Journal of Luminescence,0022-2313,2012
994,Y1.9Si4N6CCe0.05,Y1.9Si4N6C,Ce,3,0.05,,,,298,540,0.4,0.53,,,468,384,,,,,,,https://doi.org/10.1111/j.1551-2916.2011.04571.x,Wiley,mp-6353, icsd-162422 icsd-155158 icsd-162421,1.002559836,Journal of the American Ceramic Society,0002-7820,2011
995,Y1.9Si4N6CCe0.05La0.1,Y1.9Si4N6C,Ce,3,0.05,La,3,0.1,298,520,0.33,0.48,,,,384,,,,,,,https://doi.org/10.1111/j.1551-2916.2011.04571.x,Wiley,mp-6353, icsd-162422 icsd-155158 icsd-162421,1.008257744,Journal of the American Ceramic Society,0002-7820,2011
996,Y1.9Si4N6CCe0.05La0.2,Y1.9Si4N6C,Ce,3,0.05,La,3,0.2,298,510,0.3,0.48,,,,383,,,,,,,https://doi.org/10.1111/j.1551-2916.2011.04571.x,Wiley,mp-6353, icsd-162422 icsd-155158 icsd-162421,0.993329279,Journal of the American Ceramic Society,0002-7820,2011
997,Y1.9Si4N6CCe0.05La0.3,Y1.9Si4N6C,Ce,3,0.05,La,3,0.3,298,505,0.28,0.45,,,,378,,,,,,,https://doi.org/10.1111/j.1551-2916.2011.04571.x,Wiley,mp-6353, icsd-162422 icsd-155158 icsd-162421,0.989912073,Journal of the American Ceramic Society,0002-7820,2011
998,Y1.9Si4N6CCe0.05La0.4,Y1.9Si4N6C,Ce,3,0.05,La,3,0.4,298,450,0.19,0.19,,,,360,,,,,,,https://doi.org/10.1111/j.1551-2916.2011.04571.x,Wiley,mp-6353, icsd-162422 icsd-155158 icsd-162421,1.018123868,Journal of the American Ceramic Society,0002-7820,2011
999,Y1.9Si4N6CCe0.05La0.5,Y1.9Si4N6C,Ce,3,0.05,La,3,0.5,298,447,0.16,0.12,,,,356,,,,,,,https://doi.org/10.1111/j.1551-2916.2011.04571.x,Wiley,mp-6353, icsd-162422 icsd-155158 icsd-162421,1.019475239,Journal of the American Ceramic Society,0002-7820,2011
1000,Y1.9Si4N6CCe0.05La0.6,Y1.9Si4N6C,Ce,3,0.05,La,3,0.6,298,446,0.16,0.1,,,,356,,,,,,,https://doi.org/10.1111/j.1551-2916.2011.04571.x,Wiley,mp-6353, icsd-162422 icsd-155158 icsd-162421,1.019771565,Journal of the American Ceramic Society,0002-7820,2011
1001,Y1.9Si4N6CCe0.05La0.95,Y1.9Si4N6C,Ce,3,0.05,La,3,0.95,298,440,0.15,0.08,,,,358,,,,,,,https://doi.org/10.1111/j.1551-2916.2011.04571.x,Wiley,mp-6353, icsd-162422 icsd-155158 icsd-162421,1.121008052,Journal of the American Ceramic Society,0002-7820,2011
1002,Ca3La5.5Si6O24Ce0.5,Ca3La5.5Si6O24,Ce,3,0.5,,,,298,420,0.19,0.1,,,,288,288,355,,,,420,https://doi.org/10.1111/jace.12846,Wiley,,,2.270999887,Journal of the American Ceramic Society,0002-7820,2014
1003,Ca3La5.4Si6O24Ce0.5Tb0.1,Ca3La5.4Si6O24,Ce,3,0.5,Tb,3,0.1,298,545,0.27,0.35,,,,288,288,355,,,,420,https://doi.org/10.1111/jace.12846,Wiley,,,3.895333347,Journal of the American Ceramic Society,0002-7820,2014
1004,Ca3La5.2Si6O24Ce0.5Tb0.3,Ca3La5.2Si6O24,Ce,3,0.5,Tb,3,0.3,298,545,0.31,0.48,,,,288,288,355,,,,420,https://doi.org/10.1111/jace.12846,Wiley,,,4.029164456,Journal of the American Ceramic Society,0002-7820,2014
1005,Ca3La5Si6O24Ce0.5Tb0.5,Ca3La5Si6O24,Ce,3,0.5,Tb,3,0.5,298,545,0.32,0.52,,,,288,288,355,,,,420,https://doi.org/10.1111/jace.12846,Wiley,,,2.217108372,Journal of the American Ceramic Society,0002-7820,2014
1006,Ca3La4.8Si6O24Ce0.5Tb0.7,Ca3La4.8Si6O24,Ce,3,0.5,Tb,3,0.7,298,545,0.33,0.55,,,,288,288,355,,,,420,https://doi.org/10.1111/jace.12846,Wiley,,,1.897030993,Journal of the American Ceramic Society,0002-7820,2014
1007,Ca3La4.6Si6O24Ce0.5Tb0.9,Ca3La4.6Si6O24,Ce,3,0.5,Tb,3,0.9,298,545,0.33,0.55,,,,288,288,355,,,,420,https://doi.org/10.1111/jace.12846,Wiley,,,1.870425188,Journal of the American Ceramic Society,0002-7820,2014
1008,Ca3La4.4Si6O24Ce0.5Tb1.1,Ca3La4.4Si6O24,Ce,3,0.5,Tb,3,1.1,298,545,0.33,0.56,,,,288,288,355,,,,420,https://doi.org/10.1111/jace.12846,Wiley,,,1.483776238,Journal of the American Ceramic Society,0002-7820,2014
1009,Ca3La5.5Si6O24Tb0.5,Ca3La5.5Si6O24,Tb,3,0.5,,,,298,545,0.35,0.55,,,,257,238,355,,,,545,https://doi.org/10.1111/jace.12846,Wiley,,,3.532213375,Journal of the American Ceramic Society,0002-7820,2014
1010,Ca4Y6Si6O25Ce0.1,Ca4Y6Si6O25,Ce,3,0.1,,,,298,426,0.166,0.133,,,,356,,,,1.717836867,52.22,426,https://doi.org/10.1111/jace.13292,Wiley,,,1.023654777,Journal of the American Ceramic Society,0002-7820,2014
1011,Ca4Y6Si6O25Ce0.1Eu0.01,Ca4Y6Si6O25,Ce,3,0.1,Eu,2,0.01,298,426,0.221,0.195,,,,356,,,,1.580354661,38.05,426,https://doi.org/10.1111/jace.13292,Wiley,,,1.010787402,Journal of the American Ceramic Society,0002-7820,2014
1012,Ca4Y6Si6O25Ce0.1Eu0.03,Ca4Y6Si6O25,Ce,3,0.1,Eu,2,0.03,298,426,0.289,0.279,,,,356,,,,,,,https://doi.org/10.1111/jace.13292,Wiley,,,1.006194439,Journal of the American Ceramic Society,0002-7820,2014
1013,Ca4Y6Si6O25Ce0.1Eu0.05,Ca4Y6Si6O25,Ce,3,0.1,Eu,2,0.05,298,527,0.296,0.355,,,,356,,,,1.158663981,14.41,426,https://doi.org/10.1111/jace.13292,Wiley,,,1.005486628,Journal of the American Ceramic Society,0002-7820,2014
1014,Ca4Y6Si6O25Ce0.1Eu0.07,Ca4Y6Si6O25,Ce,3,0.1,Eu,2,0.07,298,527,0.301,0.463,,,,356,,,,,,,https://doi.org/10.1111/jace.13292,Wiley,,,1.003508876,Journal of the American Ceramic Society,0002-7820,2014
1015,Ca4Y6Si6O25Ce0.1Eu0.1,Ca4Y6Si6O25,Ce,3,0.1,Eu,2,0.1,298,527,0.307,0.489,,,,356,,,,0.762678564,5.79,426,https://doi.org/10.1111/jace.13292,Wiley,,,1.005129884,Journal of the American Ceramic Society,0002-7820,2014
1016,Sr8.96Mg1.5P7O28Eu0.04,Sr8.96Mg1.5P7O28,Eu,2,0.04,,,,298,618,0.467,0.4839,17.34,,,430,393,460,,,,,https://doi.org/10.1111/jace.16311,Wiley,,,2.058827826,Journal of the American Ceramic Society,0002-7820,2019
1017,Sr8.91Mg1.5P7O28Eu0.04Ce0.05,Sr8.91Mg1.5P7O28,Eu,2,0.04,Ce,3,0.05,298,618,0.4725,0.4803,,,,430,,,,,,,https://doi.org/10.1111/jace.16311,Wiley,,,2.052631749,Journal of the American Ceramic Society,0002-7820,2019
1018,Sr8.86Mg1.5P7O28Eu0.04Ce0.1,Sr8.86Mg1.5P7O28,Eu,2,0.04,Ce,3,0.1,298,618,0.5062,0.4612,,,,430,,,,,,,https://doi.org/10.1111/jace.16311,Wiley,,,2.049037064,Journal of the American Ceramic Society,0002-7820,2019
1019,Sr8.76Mg1.5P7O28Eu0.04Ce0.2,Sr8.76Mg1.5P7O28,Eu,2,0.04,Ce,3,0.2,298,618,0.5108,0.4578,61.47,,,430,,,,,,,https://doi.org/10.1111/jace.16311,Wiley,,,2.042601785,Journal of the American Ceramic Society,0002-7820,2019
1020,Sr8.66Mg1.5P7O28Eu0.04Ce0.3,Sr8.66Mg1.5P7O28,Eu,2,0.04,Ce,3,0.3,298,618,0.51,0.4578,,,,430,,,,,,,https://doi.org/10.1111/jace.16311,Wiley,,,2.03604403,Journal of the American Ceramic Society,0002-7820,2019
1021,Ba2Ca0.99P2O8Eu0.01,Ba2Ca0.99P2O8,Eu,2,0.01,,,,298,454,0.1703,0.1433,,,436,365,273,,,,,454,https://doi.org/10.1111/jace.12258,Wiley,mp-3857, icsd-18110 icsd-30634 icsd-69450 icsd-184781 icsd-150866 icsd-410786,1.091742759,Journal of the American Ceramic Society,0002-7820,2013
1024,Sr0.995Si2O2N2Eu0.005,Sr0.995Si2O2N2,Eu,2,0.005,,,,298,535,0.33,0.621,81,,,450,,,,,,,https://doi.org/10.1021/cm802394w,ACS,,,0.996595483,Chemistry of Materials,0897-4756,2008
1025,Sr0.99Si2O2N2Eu0.01,Sr0.99Si2O2N2,Eu,2,0.01,,,,298,535,0.33,0.621,90,,,450,,,,,,,https://doi.org/10.1021/cm802394w,ACS,,,0.996478427,Chemistry of Materials,0897-4756,2008
1026,Sr0.98Si2O2N2Eu0.02,Sr0.98Si2O2N2,Eu,2,0.02,,,,298,538,0.337,0.619,91,,600,450,,,,,,,https://doi.org/10.1021/cm802394w,ACS,,,1.038833782,Chemistry of Materials,0897-4756,2008
1027,Sr0.93Ca0.05Si2O2N2Eu0.02,Sr0.93Ca0.05Si2O2N2,Eu,2,0.02,,,,298,538,0.342,0.616,89,,,450,,,,,,,https://doi.org/10.1021/cm802394w,ACS,mp-556884, icsd-413882,0.99173764,Chemistry of Materials,0897-4756,2008
1028,Sr0.88Ca0.1Si2O2N2Eu0.02,Sr0.88Ca0.1Si2O2N2,Eu,2,0.02,,,,298,538,0.345,0.614,93,,,450,,,,,,,https://doi.org/10.1021/cm802394w,ACS,mp-556884, icsd-413882,0.99185141,Chemistry of Materials,0897-4756,2008
1029,Sr0.83Ca0.15Si2O2N2Eu0.02,Sr0.83Ca0.15Si2O2N2,Eu,2,0.02,,,,298,536,0.349,0.611,93,,,450,,,,,,,https://doi.org/10.1021/cm802394w,ACS,mp-556884, icsd-413882,0.991748068,Chemistry of Materials,0897-4756,2008
1030,Sr0.73Ca0.25Si2O2N2Eu0.02,Sr0.73Ca0.25Si2O2N2,Eu,2,0.02,,,,298,542,0.351,0.608,93,,,450,,,,,,,https://doi.org/10.1021/cm802394w,ACS,mp-556884, icsd-413882,0.988638919,Chemistry of Materials,0897-4756,2008
1031,Sr0.48Ca0.5Si2O2N2Eu0.02,Sr0.48Ca0.5Si2O2N2,Eu,2,0.02,,,,298,543,0.354,0.601,92,,557,450,,,,,,,https://doi.org/10.1021/cm802394w,ACS,mp-556884, icsd-413882,0.998047427,Chemistry of Materials,0897-4756,2008
1032,Sr0.23Ca0.75Si2O2N2Eu0.02,Sr0.23Ca0.75Si2O2N2,Eu,2,0.02,,,,298,546,0.378,0.581,81,,500,450,,,,,,,https://doi.org/10.1021/cm802394w,ACS,mp-556884, icsd-413882,0.984959566,Chemistry of Materials,0897-4756,2008
1033,CaSi2N2O2Eu0.02,CaSi2N2O2,Eu,2,0.02,,,,298,555,0.419,0.556,76,,440,450,,,,,,,https://doi.org/10.1021/cm802394w,ACS,mp-556884, icsd-413882,0.987577881,Chemistry of Materials,0897-4756,2008
1034,Sr0.93Ba0.05Si2O2N2Eu0.02,Sr0.93Ba0.05Si2O2N2,Eu,2,0.02,,,,298,538,0.343,0.614,91,,,450,,,,,,,https://doi.org/10.1021/cm802394w,ACS,mp-6764, icsd-419450 icsd-173758,0.995826193,Chemistry of Materials,0897-4756,2008
1035,Sr0.88Ba0.1Si2O2N2Eu0.02,Sr0.88Ba0.1Si2O2N2,Eu,2,0.02,,,,298,539,0.351,0.61,90,,,450,,,,,,,https://doi.org/10.1021/cm802394w,ACS,mp-6764, icsd-419450 icsd-173758,0.995826193,Chemistry of Materials,0897-4756,2008
1036,Sr0.83Ba0.15Si2O2N2Eu0.02,Sr0.83Ba0.15Si2O2N2,Eu,2,0.02,,,,298,544,0.358,0.606,89,,,450,,,,,,,https://doi.org/10.1021/cm802394w,ACS,mp-6764, icsd-419450 icsd-173758,0.995831821,Chemistry of Materials,0897-4756,2008
1037,Sr0.73Ba0.25Si2O2N2Eu0.02,Sr0.73Ba0.25Si2O2N2,Eu,2,0.02,,,,298,544,0.361,0.602,79,,560,450,,,,,,,https://doi.org/10.1021/cm802394w,ACS,mp-6764, icsd-419450 icsd-173758,1.00896166,Chemistry of Materials,0897-4756,2008
1038,Sr0.48Ba0.5Si2O2N2Eu0.02,Sr0.48Ba0.5Si2O2N2,Eu,2,0.02,,,,298,548,0.401,0.573,91,,560,450,,,,,,,https://doi.org/10.1021/cm802394w,ACS,mp-6764, icsd-419450 icsd-173758,1.014027852,Chemistry of Materials,0897-4756,2008
1039,Sr0.23Ba0.75Si2O2N2Eu0.02,Sr0.23Ba0.75Si2O2N2,Eu,2,0.02,,,,298,564,0.434,0.528,66,,,450,,,,,,,https://doi.org/10.1021/cm802394w,ACS,mp-6764, icsd-419450 icsd-173758,1.008109224,Chemistry of Materials,0897-4756,2008
1040,BaSi2N2O2Eu0.02,BaSi2N2O2,Eu,2,0.02,,,,298,495,0.076,0.44,71,,600,450,,,,,,,https://doi.org/10.1021/cm802394w,ACS,mp-6764, icsd-419450 icsd-173758,1.101898317,Chemistry of Materials,0897-4756,2008
1041,Sr0.96Si2O2N2Eu0.04,Sr0.96Si2O2N2,Eu,2,0.04,,,,298,541,0.352,0.611,87,,,450,,,,,,,https://doi.org/10.1021/cm802394w,ACS,,,0.995923761,Chemistry of Materials,0897-4756,2008
1042,Sr0.92Si2O2N2Eu0.08,Sr0.92Si2O2N2,Eu,2,0.08,,,,298,546,0.384,0.59,83,,537,450,,,,,,,https://doi.org/10.1021/cm802394w,ACS,,,0.999846795,Chemistry of Materials,0897-4756,2008
1043,Sr0.84Si2O2N2Eu0.16,Sr0.84Si2O2N2,Eu,2,0.16,,,,298,554,0.419,0.562,58,,471,450,,,,,,,https://doi.org/10.1021/cm802394w,ACS,,,0.987064419,Chemistry of Materials,0897-4756,2008
1044,CaSEu0.01,CaS,Eu,2,0.01,,,,298,663,,,53.4,,,350,,,,,,,https://doi.org/10.1016/j.radmeas.2009.09.010,ESV,mp-1672, icsd-619534 icsd-619527 icsd-186785 icsd-53940 icsd-619528 icsd-603165 icsd-619533 icsd-28902 icsd-60200 icsd-619538 icsd-619540 icsd-619529 icsd-619530 icsd-41956 icsd-52784 icsd-30236 icsd-619537,1.129330524,Radiation Measurements,1350-4487,2010
1045,Ca0.8Sr0.2SEu0.01,Ca0.8Sr0.2S,Eu,2,0.01,,,,298,662,,,38,,,350,,,,,,,https://doi.org/10.1016/j.radmeas.2009.09.010,ESV,mp-1672, icsd-619534 icsd-619527 icsd-186785 icsd-53940 icsd-619528 icsd-603165 icsd-619533 icsd-28902 icsd-60200 icsd-619538 icsd-619540 icsd-619529 icsd-619530 icsd-41956 icsd-52784 icsd-30236 icsd-619537,1.178706078,Radiation Measurements,1350-4487,2010
1046,Ca0.5Sr0.5SEu0.01,Ca0.5Sr0.5S,Eu,2,0.01,,,,298,656,,,51.4,,,350,,,,,,,https://doi.org/10.1016/j.radmeas.2009.09.010,ESV,mp-1672, icsd-619534 icsd-619527 icsd-186785 icsd-53940 icsd-619528 icsd-603165 icsd-619533 icsd-28902 icsd-60200 icsd-619538 icsd-619540 icsd-619529 icsd-619530 icsd-41956 icsd-52784 icsd-30236 icsd-619537,1.191814839,Radiation Measurements,1350-4487,2010
1047,Ca0.2Sr0.8SEu0.01,Ca0.2Sr0.8S,Eu,2,0.01,,,,298,635,,,50.5,,,350,,,,,,,https://doi.org/10.1016/j.radmeas.2009.09.010,ESV,mp-1672, icsd-619534 icsd-619527 icsd-186785 icsd-53940 icsd-619528 icsd-603165 icsd-619533 icsd-28902 icsd-60200 icsd-619538 icsd-619540 icsd-619529 icsd-619530 icsd-41956 icsd-52784 icsd-30236 icsd-619537,1.122290678,Radiation Measurements,1350-4487,2010
1048,SrSEu0.01,SrS,Eu,2,0.01,,,,298,619,,,31.3,,,350,,,,,,,https://doi.org/10.1016/j.radmeas.2009.09.010,ESV,"mp-1087,mp-10627", icsd-651057 icsd-651060 icsd-659132 icsd-53941 icsd-182724 icsd-651062 icsd-290055 icsd-52112 icsd-28900 icsd-651059 icsd-30239 icsd-651061 icsd-164143 icsd-651056 icsd-651068 icsd-249177 icsd-651054 icsd-164144 icsd-52111,1.065151994,Radiation Measurements,1350-4487,2010
1049,BaMgAl10O17Eu0.116,BaMgAl10O17,Eu,2,0.116,,,,298,450,,,92.4,,,254,,,,,,,https://doi.org/10.1021/cm020592f,ACS,,,1.011064958,Chemistry of Materials,0897-4756,2002
1050,Gd2MoO6Eu0.3,Gd2MoO6,Eu,3,0.3,,,,298,610,0.65,0.35,26.5,,383,360,360,463,,5.764176132,581000,610,https://doi.org/10.1039/C6RA25652J,RSC,mp-582797, icsd-62886,0.997353349,RSC Advances,2046-2069,2017
1051,Gd2MoO6Eu0.3,Gd2MoO6,Eu,3,0.3,,,,298,610,0.653,0.347,47.5,,428,463,360,463,,5.729974286,537000,610,https://doi.org/10.1039/C6RA25652J,RSC,mp-582797, icsd-62886,0.986987364,RSC Advances,2046-2069,2017
1052,Sr0.99MoO4Eu0.01,Sr0.99MoO4,Eu,3,0.01,,,,298,610,,,,,,290,,,,5.704150517,506000,615,https://doi.org/10.1039/C5RA06053B,RSC,mp-18834, icsd-193794 icsd-250491 icsd-23700 icsd-28025 icsd-194080 icsd-173125 icsd-173120 icsd-245803 icsd-245802 icsd-173122 icsd-239418 icsd-248458 icsd-99089 icsd-194081,1.005646561,RSC Advances,2046-2069,2015
1053,Sr0.93MoO4Eu0.07,Sr0.93MoO4,Eu,3,0.07,,,,298,615,0.623,0.335,,,,290,290,393,,5.688419822,488000,615,https://doi.org/10.1039/C5RA06053B,RSC,mp-18834, icsd-193794 icsd-250491 icsd-23700 icsd-28025 icsd-194080 icsd-173125 icsd-173120 icsd-245803 icsd-245802 icsd-173122 icsd-239418 icsd-248458 icsd-99089 icsd-194081,1.024913124,RSC Advances,2046-2069,2015
1054,Sr0.86MoO4Na0.07Eu0.07,Sr0.86MoO4Na0.07,Eu,3,0.07,,,,298,615,0.644,0.355,,,,290,,,,5.749736316,562000,615,https://doi.org/10.1039/C5RA06053B,RSC,mp-18834, icsd-193794 icsd-250491 icsd-23700 icsd-28025 icsd-194080 icsd-173125 icsd-173120 icsd-245803 icsd-245802 icsd-173122 icsd-239418 icsd-248458 icsd-99089 icsd-194081,1.040534017,RSC Advances,2046-2069,2015
1055,Sr0.84MoO4Na0.09Eu0.07,Sr0.84MoO4Na0.09,Eu,3,0.07,,,,298,615,,,,,,290,,,,5.698970004,500000,615,https://doi.org/10.1039/C5RA06053B,RSC,mp-18834, icsd-193794 icsd-250491 icsd-23700 icsd-28025 icsd-194080 icsd-173125 icsd-173120 icsd-245803 icsd-245802 icsd-173122 icsd-239418 icsd-248458 icsd-99089 icsd-194081,0.985826722,RSC Advances,2046-2069,2015
1056,Y1.99O2SEu0.01,Y1.99O2S,Eu,3,0.01,,,,298,627,0.622,0.351,,,,394,,,,,,,https://doi.org/10.1016/j.matlet.2012.06.051,ESV,mp-12894, icsd-154582,1.175627636,Materials Letters,0167-577X,2012
1057,K0.457Na0.457NbO3Eu0.05,K0.457Na0.457NbO3,Eu,3,0.05,,,,298,616,0.6348,0.3648,,,,465,465,395,,,,616,https://doi.org/10.1039/C4RA10888D,RSC,mp-1223364,,1.080400836,RSC Advances,2046-2069,2015
1058,K0.4725Na0.4725NbO3Eu0.05Bi0.005,K0.4725Na0.4725NbO3,Eu,3,0.05,Bi,3,0.005,298,616,0.6345,0.3651,,,,465,465,395,,,,616,https://doi.org/10.1039/C4RA10888D,RSC,mp-1223364,,1.364977717,RSC Advances,2046-2069,2015
1059,K0.4675Na0.4675NbO3Eu0.05Bi0.015,K0.4675Na0.4675NbO3,Eu,3,0.05,Bi,3,0.015,298,616,0.6378,0.3618,,,,465,465,395,,,,616,https://doi.org/10.1039/C4RA10888D,RSC,mp-1223364,,1.364810765,RSC Advances,2046-2069,2015
1060,K0.4625Na0.4625NbO3Eu0.05Bi0.025,K0.4625Na0.4625NbO3,Eu,3,0.05,Bi,3,0.025,298,616,0.6463,0.3534,,,,465,465,395,,,,616,https://doi.org/10.1039/C4RA10888D,RSC,mp-1223364,,1.364886308,RSC Advances,2046-2069,2015
1061,K0.455Na0.455NbO3Eu0.05Bi0.04,K0.455Na0.455NbO3,Eu,3,0.05,Bi,3,0.04,298,616,0.6461,0.3535,,,,465,465,395,,,,616,https://doi.org/10.1039/C4RA10888D,RSC,mp-1223364,,1.365323847,RSC Advances,2046-2069,2015
1062,K0.45Na0.45NbO3Eu0.05Bi0.05,K0.45Na0.45NbO3,Eu,3,0.05,Bi,3,0.05,298,616,0.6476,0.352,0.34,,473,465,465,395,,5.247973266,177000,616,https://doi.org/10.1039/C4RA10888D,RSC,mp-1223364,,0.987604466,RSC Advances,2046-2069,2015
1063,K0.44Na0.44NbO3Eu0.05Bi0.07,K0.44Na0.44NbO3,Eu,3,0.05,Bi,3,0.07,298,616,0.627,0.3726,,,,465,465,395,,,,616,https://doi.org/10.1039/C4RA10888D,RSC,mp-1223364,,1.365517008,RSC Advances,2046-2069,2015
1064,K0.425Na0.425NbO3Eu0.05Bi0.1,K0.425Na0.425NbO3,Eu,3,0.05,Bi,3,0.1,298,616,0.6429,0.3567,,,,465,465,395,,,,616,https://doi.org/10.1039/C4RA10888D,RSC,mp-1223364,,1.331094336,RSC Advances,2046-2069,2015
1065,K0.4Na0.4NbO3Eu0.05Bi0.15,K0.4Na0.4NbO3,Eu,3,0.05,Bi,3,0.15,298,616,0.638,0.3616,,,,465,465,395,,,,616,https://doi.org/10.1039/C4RA10888D,RSC,mp-1223364,,1.330359922,RSC Advances,2046-2069,2015
1066,CaWO4Dy0.01,CaWO4,Dy,3,0.01,,,,298,572,0.233,0.22,,,,258,,,,,,572,https://doi.org/10.1063/1.4913297,AIP,"mp-19426,mp-1190383", icsd-60550 icsd-193491 icsd-60548 icsd-60551 icsd-15869 icsd-155423 icsd-193047 icsd-15586 icsd-60549 icsd-18135 icsd-77335 icsd-157428 icsd-291535 icsd-60547 icsd-155791 icsd-238259 icsd-238258,1.002367865,Journal of Applied Physics,0021-8979,2015
1067,CaWO4Dy0.03,CaWO4,Dy,3,0.03,,,,298,572,0.274,0.27,,,,258,,,,,,572,https://doi.org/10.1063/1.4913297,AIP,"mp-19426,mp-1190383", icsd-60550 icsd-193491 icsd-60548 icsd-60551 icsd-15869 icsd-155423 icsd-193047 icsd-15586 icsd-60549 icsd-18135 icsd-77335 icsd-157428 icsd-291535 icsd-60547 icsd-155791 icsd-238259 icsd-238258,1.009557741,Journal of Applied Physics,0021-8979,2015
1068,CaWO4Dy0.05,CaWO4,Dy,3,0.05,,,,298,572,0.301,0.315,,,,258,,,,,,572,https://doi.org/10.1063/1.4913297,AIP,"mp-19426,mp-1190383", icsd-60550 icsd-193491 icsd-60548 icsd-60551 icsd-15869 icsd-155423 icsd-193047 icsd-15586 icsd-60549 icsd-18135 icsd-77335 icsd-157428 icsd-291535 icsd-60547 icsd-155791 icsd-238259 icsd-238258,1.009726792,Journal of Applied Physics,0021-8979,2015
1069,CaWO4Dy0.07,CaWO4,Dy,3,0.07,,,,298,572,0.309,0.331,,,,258,353,385,450,,,572,https://doi.org/10.1063/1.4913297,AIP,"mp-19426,mp-1190383", icsd-60550 icsd-193491 icsd-60548 icsd-60551 icsd-15869 icsd-155423 icsd-193047 icsd-15586 icsd-60549 icsd-18135 icsd-77335 icsd-157428 icsd-291535 icsd-60547 icsd-155791 icsd-238259 icsd-238258,1.015698447,Journal of Applied Physics,0021-8979,2015
1070,CaWO4Dy0.09,CaWO4,Dy,3,0.09,,,,298,572,0.314,0.34,,,,258,,,,,,572,https://doi.org/10.1063/1.4913297,AIP,"mp-19426,mp-1190383", icsd-60550 icsd-193491 icsd-60548 icsd-60551 icsd-15869 icsd-155423 icsd-193047 icsd-15586 icsd-60549 icsd-18135 icsd-77335 icsd-157428 icsd-291535 icsd-60547 icsd-155791 icsd-238259 icsd-238258,1.008452166,Journal of Applied Physics,0021-8979,2015
1071,CaWO4Dy0.11,CaWO4,Dy,3,0.11,,,,298,572,0.312,0.338,,,,258,,,,,,572,https://doi.org/10.1063/1.4913297,AIP,"mp-19426,mp-1190383", icsd-60550 icsd-193491 icsd-60548 icsd-60551 icsd-15869 icsd-155423 icsd-193047 icsd-15586 icsd-60549 icsd-18135 icsd-77335 icsd-157428 icsd-291535 icsd-60547 icsd-155791 icsd-238259 icsd-238258,1.00907702,Journal of Applied Physics,0021-8979,2015
1072,CaWO4Dy0.01,CaWO4,Dy,3,0.01,,,,298,572,0.363,0.407,,,,353,,,,5.184691431,153000,572,https://doi.org/10.1063/1.4913297,AIP,"mp-19426,mp-1190383", icsd-60550 icsd-193491 icsd-60548 icsd-60551 icsd-15869 icsd-155423 icsd-193047 icsd-15586 icsd-60549 icsd-18135 icsd-77335 icsd-157428 icsd-291535 icsd-60547 icsd-155791 icsd-238259 icsd-238258,1.0485274,Journal of Applied Physics,0021-8979,2015
1073,CaWO4Dy0.03,CaWO4,Dy,3,0.03,,,,298,572,0.371,0.419,,,,353,,,,5.161368002,145000,572,https://doi.org/10.1063/1.4913297,AIP,"mp-19426,mp-1190383", icsd-60550 icsd-193491 icsd-60548 icsd-60551 icsd-15869 icsd-155423 icsd-193047 icsd-15586 icsd-60549 icsd-18135 icsd-77335 icsd-157428 icsd-291535 icsd-60547 icsd-155791 icsd-238259 icsd-238258,1.016338646,Journal of Applied Physics,0021-8979,2015
1074,CaWO4Dy0.05,CaWO4,Dy,3,0.05,,,,298,572,0.372,0.415,,,,353,,,,5.146128036,140000,572,https://doi.org/10.1063/1.4913297,AIP,"mp-19426,mp-1190383", icsd-60550 icsd-193491 icsd-60548 icsd-60551 icsd-15869 icsd-155423 icsd-193047 icsd-15586 icsd-60549 icsd-18135 icsd-77335 icsd-157428 icsd-291535 icsd-60547 icsd-155791 icsd-238259 icsd-238258,1.016720431,Journal of Applied Physics,0021-8979,2015
1075,CaWO4Dy0.07,CaWO4,Dy,3,0.07,,,,298,572,0.368,0.408,,,,353,353,385,450,4.991226076,98000,572,https://doi.org/10.1063/1.4913297,AIP,"mp-19426,mp-1190383", icsd-60550 icsd-193491 icsd-60548 icsd-60551 icsd-15869 icsd-155423 icsd-193047 icsd-15586 icsd-60549 icsd-18135 icsd-77335 icsd-157428 icsd-291535 icsd-60547 icsd-155791 icsd-238259 icsd-238258,0.967525276,Journal of Applied Physics,0021-8979,2015
1076,CaWO4Dy0.09,CaWO4,Dy,3,0.09,,,,298,572,0.362,0.4,,,,353,,,,4.963787827,92000,572,https://doi.org/10.1063/1.4913297,AIP,"mp-19426,mp-1190383", icsd-60550 icsd-193491 icsd-60548 icsd-60551 icsd-15869 icsd-155423 icsd-193047 icsd-15586 icsd-60549 icsd-18135 icsd-77335 icsd-157428 icsd-291535 icsd-60547 icsd-155791 icsd-238259 icsd-238258,1.006175065,Journal of Applied Physics,0021-8979,2015
1077,CaWO4Dy0.11,CaWO4,Dy,3,0.11,,,,298,572,0.358,0.396,,,,353,,,,4.857332496,72000,572,https://doi.org/10.1063/1.4913297,AIP,"mp-19426,mp-1190383", icsd-60550 icsd-193491 icsd-60548 icsd-60551 icsd-15869 icsd-155423 icsd-193047 icsd-15586 icsd-60549 icsd-18135 icsd-77335 icsd-157428 icsd-291535 icsd-60547 icsd-155791 icsd-238259 icsd-238258,0.980277784,Journal of Applied Physics,0021-8979,2015
1078,Bi0.5Na0.5TiO3Eu0.25,Bi0.5Na0.5TiO3,Eu,3,0.25,,,,298,618,0.67,0.33,50,,,464,464,520,,5.770852012,590000,618,https://doi.org/10.1016/j.matlet.2014.05.212,ESV,"mp-39681,mp-1220903,mp-1094149",,0.999435203,Materials Letters,0167-577X,2014
1079,Ba2Gd4.9B5O17Eu0.1,Ba2Gd4.9B5O17,Eu,3,0.1,,,,298,615,0.657,0.341,25.8,,,396,,,,6.097604329,1252000,615,https://doi.org/10.1016/j.optmat.2018.07.023,ESV,,,1.033874301,Optical Materials,0925-3467,2018
1080,Ba2Gd4.8B5O17Eu0.2,Ba2Gd4.8B5O17,Eu,3,0.2,,,,298,615,0.658,0.341,27.8,,,396,,,,6.109240969,1286000,615,https://doi.org/10.1016/j.optmat.2018.07.023,ESV,,,1.105847377,Optical Materials,0925-3467,2018
1081,Ba2Gd4.6B5O17Eu0.4,Ba2Gd4.6B5O17,Eu,3,0.4,,,,298,615,0.658,0.342,33.2,,,396,,,,6.140508043,1382000,615,https://doi.org/10.1016/j.optmat.2018.07.023,ESV,,,1.051552272,Optical Materials,0925-3467,2018
1082,Ba2Gd4.5B5O17Eu0.5,Ba2Gd4.5B5O17,Eu,3,0.5,,,,298,615,0.657,0.342,39.7,,490,396,396,475,,6.15136985,1417000,615,https://doi.org/10.1016/j.optmat.2018.07.023,ESV,,,0.981639763,Optical Materials,0925-3467,2018
1083,Ba2Gd4.4B5O17Eu0.6,Ba2Gd4.4B5O17,Eu,3,0.6,,,,298,615,0.657,0.342,42,,,396,,,,6.163459552,1457000,615,https://doi.org/10.1016/j.optmat.2018.07.023,ESV,,,0.967942785,Optical Materials,0925-3467,2018
1084,Ba2Gd4.2B5O17Eu0.8,Ba2Gd4.2B5O17,Eu,3,0.8,,,,298,615,0.656,0.342,36,,,396,,,,6.179551791,1512000,615,https://doi.org/10.1016/j.optmat.2018.07.023,ESV,,,1.09196413,Optical Materials,0925-3467,2018
1092,Mg1.94Ga2S4Eu0.06,Mg1.94Ga2S4,Eu,2,0.06,,,,298,538,0.309,0.664,,,402,430,430,,,2.172018809,148.6,538,https://doi.org/10.1111/jace.12257,Wiley,,,1.042503824,Journal of the American Ceramic Society,0002-7820,2013
1093,Mg1.94Ga2S4Eu0.06,Mg1.94Ga2S4,Eu,2,0.06,,,,320,538,0.309,0.662,,,,430,,,,2.14176323,138.6,538,https://doi.org/10.1111/jace.12257,Wiley,,,1.004572602,Journal of the American Ceramic Society,0002-7820,2013
1094,Mg1.94Ga2S4Eu0.06,Mg1.94Ga2S4,Eu,2,0.06,,,,340,538,0.311,0.659,,,,430,,,,2.080265627,120.3,538,https://doi.org/10.1111/jace.12257,Wiley,,,1.000188314,Journal of the American Ceramic Society,0002-7820,2013
1095,Mg1.94Ga2S4Eu0.06,Mg1.94Ga2S4,Eu,2,0.06,,,,360,538,0.312,0.657,,,,430,,,,2.068185862,117,538,https://doi.org/10.1111/jace.12257,Wiley,,,0.993006369,Journal of the American Ceramic Society,0002-7820,2013
1096,Mg1.94Ga2S4Eu0.06,Mg1.94Ga2S4,Eu,2,0.06,,,,380,538,0.313,0.654,,,,430,,,,1.950364854,89.2,538,https://doi.org/10.1111/jace.12257,Wiley,,,0.985894394,Journal of the American Ceramic Society,0002-7820,2013
1097,Mg1.94Ga2S4Eu0.06,Mg1.94Ga2S4,Eu,2,0.06,,,,400,538,0.314,0.651,,,,430,,,,1.939019776,86.9,538,https://doi.org/10.1111/jace.12257,Wiley,,,0.989213829,Journal of the American Ceramic Society,0002-7820,2013
1098,Mg1.94Ga2S4Eu0.06,Mg1.94Ga2S4,Eu,2,0.06,,,,420,538,0.315,0.648,,,,430,,,,1.862131379,72.8,538,https://doi.org/10.1111/jace.12257,Wiley,,,0.995488371,Journal of the American Ceramic Society,0002-7820,2013
1099,Mg1.94Ga2S4Eu0.06,Mg1.94Ga2S4,Eu,2,0.06,,,,440,538,0.317,0.645,,,,430,,,,1.777426822,59.9,538,https://doi.org/10.1111/jace.12257,Wiley,,,1.004318177,Journal of the American Ceramic Society,0002-7820,2013
1100,Mg1.94Ga2S4Eu0.06,Mg1.94Ga2S4,Eu,2,0.06,,,,460,538,0.318,0.642,,,,430,,,,1.674861141,47.3,538,https://doi.org/10.1111/jace.12257,Wiley,,,1.017137104,Journal of the American Ceramic Society,0002-7820,2013
1101,Mg1.94Ga2S4Eu0.06,Mg1.94Ga2S4,Eu,2,0.06,,,,480,538,0.319,0.638,,,,430,,,,1.564666064,36.7,538,https://doi.org/10.1111/jace.12257,Wiley,,,1.038746652,Journal of the American Ceramic Society,0002-7820,2013
1102,Mg1.94Ga2S4Eu0.06,Mg1.94Ga2S4,Eu,2,0.06,,,,500,538,0.318,0.635,,,,430,,,,1.477121255,30,538,https://doi.org/10.1111/jace.12257,Wiley,,,1.068189187,Journal of the American Ceramic Society,0002-7820,2013
1103,Sr0.94Ga2S4Eu0.06,Sr0.94Ga2S4,Eu,2,0.06,,,,298,534,0.32,0.63,,,400,400,,,,,,534,https://doi.org/10.1016/S1002-0721(08)60010-1,ESV,"mp-14425,mp-1104810", icsd-635272 icsd-46019 icsd-635274,1.025030856,Journal of Rare Earths,1002-0721,2007
1109,NaBaYB2O6Ce0.02,NaBaYB2O6,Ce,3,0.02,,,,298,450,0.253,0.34,,,373,360,350,,,1.816042341,65.47,450,https://doi.org/10.1111/jace.15693,Wiley,mp-1182342,,0.996419192,Journal of the American Ceramic Society,0002-7820,2018
1110,NaBaYB2O6Ce0.02Tb0.01,NaBaYB2O6,Ce,3,0.02,Tb,3,0.01,298,544,0.27,0.397,,,,360,,,,1.797821311,62.78,,https://doi.org/10.1111/jace.15693,Wiley,mp-1182342,,1.143708609,Journal of the American Ceramic Society,0002-7820,2018
1111,NaBaYB2O6Ce0.02Tb0.02,NaBaYB2O6,Ce,3,0.02,Tb,3,0.02,298,544,0.287,0.457,,,,360,,,,1.768045814,58.62,,https://doi.org/10.1111/jace.15693,Wiley,mp-1182342,,1.144531275,Journal of the American Ceramic Society,0002-7820,2018
1112,NaBaYB2O6Ce0.02Tb0.03,NaBaYB2O6,Ce,3,0.02,Tb,3,0.03,298,544,0.3,0.499,,,,360,360,,,1.701049631,50.24,542,https://doi.org/10.1111/jace.15693,Wiley,mp-1182342,,1.133178281,Journal of the American Ceramic Society,0002-7820,2018
1113,NaBaYB2O6Ce0.02Tb0.04,NaBaYB2O6,Ce,3,0.02,Tb,3,0.04,298,544,0.315,0.549,,,,360,,,,1.632052167,42.86,,https://doi.org/10.1111/jace.15693,Wiley,mp-1182342,,1.147102209,Journal of the American Ceramic Society,0002-7820,2018
1114,NaBaYB2O6Ce0.02Tb0.05,NaBaYB2O6,Ce,3,0.02,Tb,3,0.05,298,544,0.323,0.565,,,,360,,,,1.598899887,39.71,,https://doi.org/10.1111/jace.15693,Wiley,mp-1182342,,1.148151475,Journal of the American Ceramic Society,0002-7820,2018
1115,NaBaYB2O6Tb0.03,NaBaYB2O6,Tb,3,0.03,,,,298,544,,,,,493,254,,,,,,542,https://doi.org/10.1111/jace.15693,Wiley,mp-1182342,,1.091697662,Journal of the American Ceramic Society,0002-7820,2018
1116,SrLu0.99Al2Si2O2N5Ce0.01,SrLu0.99Al2Si2O2N5,Ce,3,0.01,,,,298,464,0.162,0.17,37.9,25.6,523,350,350,,,,,464,https://doi.org/10.1039/C9TC06932A,RSC,,,1.033011801,Journal of Materials Chemistry C,2050-7526,2020
1117,Sr0.99LuAl2Si2O2N5Eu0.01,Sr0.99LuAl2Si2O2N5,Eu,2,0.01,,,,298,526,0.319,0.535,38.1,23.7,423,365,305,,,,,526,https://doi.org/10.1039/C9TC06932A,RSC,,,1.030043894,Journal of Materials Chemistry C,2050-7526,2020
1118,BaLu0.99Al2Si2O2N5Ce0.01,BaLu0.99Al2Si2O2N5,Ce,3,0.01,,,,298,462,0.159,0.155,32.8,22.3,567,350,275,,,,,462,https://doi.org/10.1039/C9TC06932A,RSC,,,1.122796197,Journal of Materials Chemistry C,2050-7526,2020
1119,Ba0.99LuAl2Si2O2N5Eu0.01,Ba0.99LuAl2Si2O2N5,Eu,2,0.01,,,,298,512,0.259,0.514,40.1,29.5,461,365,305,,,,,512,https://doi.org/10.1039/C9TC06932A,RSC,,,1.079422198,Journal of Materials Chemistry C,2050-7526,2020
1120,Mg1.25Si1.25Al2.5O3N3Ce0.03,Mg1.25Si1.25Al2.5O3N3,Ce,3,0.03,,,,298,470,0.2408,0.3021,,,376,335,335,,,1.590953235,38.99,470,https://doi.org/10.1039/C8TC05330H,RSC,,,1.271339143,Journal of Materials Chemistry C,2050-7526,2019
1121,Mg1.25Si1.25Al2.5O3N3Ce0.03Tb0.01,Mg1.25Si1.25Al2.5O3N3,Ce,3,0.03,Tb,3,0.01,298,545,,,,,,335,,,,1.549371152,35.43,,https://doi.org/10.1039/C8TC05330H,RSC,,,1.019704608,Journal of Materials Chemistry C,2050-7526,2019
1122,Mg1.25Si1.25Al2.5O3N3Ce0.03Tb0.02,Mg1.25Si1.25Al2.5O3N3,Ce,3,0.03,Tb,3,0.02,298,545,0.3503,0.5651,,,468,335,,,,1.502700175,31.82,,https://doi.org/10.1039/C8TC05330H,RSC,,,1.018750542,Journal of Materials Chemistry C,2050-7526,2019
1123,Mg1.25Si1.25Al2.5O3N3Ce0.03Tb0.03,Mg1.25Si1.25Al2.5O3N3,Ce,3,0.03,Tb,3,0.03,298,545,,,,,,335,,,,1.494154594,31.2,,https://doi.org/10.1039/C8TC05330H,RSC,,,1.017577459,Journal of Materials Chemistry C,2050-7526,2019
1124,Mg1.25Si1.25Al2.5O3N3Ce0.03Tb0.04,Mg1.25Si1.25Al2.5O3N3,Ce,3,0.03,Tb,3,0.04,298,545,,,,,,335,,,,1.428134794,26.8,,https://doi.org/10.1039/C8TC05330H,RSC,,,1.016541489,Journal of Materials Chemistry C,2050-7526,2019
1125,Mg1.25Si1.25Al2.5O3N3Tb0.02,Mg1.25Si1.25Al2.5O3N3,Tb,3,0.02,,,,298,545,0.3209,0.421,,,468,335,335,,,,,545,https://doi.org/10.1039/C8TC05330H,RSC,,,1.069426255,Journal of Materials Chemistry C,2050-7526,2019
1126,RbNa3Li12Si4O16Eu0.03,RbNa3Li12Si4O16,Eu,2,0.03,,,,298,471,,,53,13,,400,375,,,2.86923172,740,471,https://doi.org/10.1002/ange.201807087,Wiley,mp-17240, icsd-74865,2.221003825,Angewandte Chemie - International Edition,0044-8249,2018
1128,CaAl4O7Eu0.01Dy0.002,CaAl4O7,Eu,2,0.01,Dy,3,0.002,298,445,0.227,0.043,,,,341,341,325,380,,,445,https://doi.org/10.1002/bio.1373,Wiley,mp-4867, icsd-34487 icsd-14270 icsd-16191 icsd-44519,1.087887361,Luminescence,1522-7235,2011
1129,Sr2.99MgSi2O8Ce0.01,Sr2.99MgSi2O8,Ce,3,0.01,,,,298,403,0.159,0.064,,,,338,338,,,,,403,https://doi.org/10.1002/bio.2415,Wiley,mp-554641,,1.092305912,Luminescence,1522-7235,2012
1130,Sr2.98MgSi2O8Ce0.01Dy0.01,Sr2.98MgSi2O8,Ce,3,0.01,Dy,3,0.01,298,403,0.197,0.137,,,,338,,,,,,403,https://doi.org/10.1002/bio.2415,Wiley,mp-554641,,1.547443008,Luminescence,1522-7235,2012
1131,Sr2.96MgSi2O8Ce0.01Dy0.03,Sr2.96MgSi2O8,Ce,3,0.01,Dy,3,0.03,298,403,0.212,0.164,,,,338,,,,,,403,https://doi.org/10.1002/bio.2415,Wiley,mp-554641,,1.556120389,Luminescence,1522-7235,2012
1132,Sr2.94MgSi2O8Ce0.01Dy0.05,Sr2.94MgSi2O8,Ce,3,0.01,Dy,3,0.05,298,403,0.277,0.256,,,,338,338,,,,,403,https://doi.org/10.1002/bio.2415,Wiley,mp-554641,,1.552702325,Luminescence,1522-7235,2012
1133,Sr2.92MgSi2O8Ce0.01Dy0.07,Sr2.92MgSi2O8,Ce,3,0.01,Dy,3,0.07,298,403,0.257,0.236,,,,338,,,,,,403,https://doi.org/10.1002/bio.2415,Wiley,mp-554641,,1.544282268,Luminescence,1522-7235,2012
1134,Sr2.90MgSi2O8Ce0.01Dy0.09,Sr2.90MgSi2O8,Ce,3,0.01,Dy,3,0.09,298,403,0.24,0.214,,,,338,,,,,,403,https://doi.org/10.1002/bio.2415,Wiley,mp-554641,,1.538956398,Luminescence,1522-7235,2012
1135,LiCa0.99GeO4Ce0.01,LiCa0.99GeO4,Ce,3,0.01,,,,298,400,0.171,0.022,,,,353,353,275,,,,400,https://doi.org/10.1016/j.jlumin.2010.02.047,ESV,mp-1211318,,1.274462743,Journal of Luminescence,0022-2313,2010
1136,LiCa0.98GeO4Ce0.01Dy0.01,LiCa0.98GeO4,Ce,3,0.01,Dy,3,0.01,298,400,0.263,0.189,,,,353,,,,,,,https://doi.org/10.1016/j.jlumin.2010.02.047,ESV,mp-1211318,,1.112246158,Journal of Luminescence,0022-2313,2010
1137,Li2Ca0.97GeO4Ce0.01Dy0.02,Li2Ca0.97GeO4,Ce,3,0.01,Dy,3,0.02,298,400,0.284,0.23,,,,353,,,,,,,https://doi.org/10.1016/j.jlumin.2010.02.047,ESV,mp-1211318,,1.106933031,Journal of Luminescence,0022-2313,2010
1138,Li2Ca0.95GeO4Ce0.01Dy0.04,Li2Ca0.95GeO4,Ce,3,0.01,Dy,3,0.04,298,400,0.307,0.268,,,,353,353,275,,,,400,https://doi.org/10.1016/j.jlumin.2010.02.047,ESV,mp-1211318,,1.019256205,Journal of Luminescence,0022-2313,2010
1139,Li2Ca0.93GeO4Ce0.01Dy0.06,Li2Ca0.93GeO4,Ce,3,0.01,Dy,3,0.06,298,400,0.312,0.279,,,,353,,,,,,,https://doi.org/10.1016/j.jlumin.2010.02.047,ESV,mp-1211318,,1.107860868,Journal of Luminescence,0022-2313,2010
1140,Li2Ca0.91GeO4Ce0.01Dy0.08,Li2Ca0.91GeO4,Ce,3,0.01,Dy,3,0.08,298,400,0.316,0.285,,,,353,,,,,,,https://doi.org/10.1016/j.jlumin.2010.02.047,ESV,mp-1211318,,1.108430724,Journal of Luminescence,0022-2313,2010
1141,Li2Ca0.89GeO4Ce0.01Dy0.1,Li2Ca0.89GeO4,Ce,3,0.01,Dy,3,0.1,298,400,0.317,0.288,,,,353,,,,,,,https://doi.org/10.1016/j.jlumin.2010.02.047,ESV,mp-1211318,,1.109120416,Journal of Luminescence,0022-2313,2010
1142,Li2Ca0.96GeO4Dy0.04,Li2Ca0.96GeO4,Dy,3,0.04,,,,298,485,0.351,0.363,,,,353,353,370,395,,,485,https://doi.org/10.1016/j.jlumin.2010.02.047,ESV,mp-1211318,,1.066412766,Journal of Luminescence,0022-2313,2010
1143,Rb3YSi2O7Eu0.02,Rb3YSi2O7,Eu,2,0.02,,,,298,622,0.653,0.346,32.6,,540,450,450,,,3.146128036,1400,622,https://doi.org/10.1002/ange.201905787,Wiley,,,1.009411428,Angewandte Chemie - International Edition,0044-8249,2019
1144,Sr2La0.9SbO6Eu0.1,Sr2La0.9SbO6,Eu,3,0.1,,,,298,610,,,,,,465,,,,6.188365926,1543000,610,https://doi.org/10.1016/j.dyepig.2017.07.019,ESV,mp-1206332,,1.15870811,Dyes and Pigments,0143-7208,2017
1145,Sr2La0.8SbO6Eu0.2,Sr2La0.8SbO6,Eu,3,0.2,,,,298,610,0.634,0.354,48.3,,503,465,396,465,,6.163161375,1456000,610,https://doi.org/10.1016/j.dyepig.2017.07.019,ESV,mp-1206332,,0.969187813,Dyes and Pigments,0143-7208,2017
1146,Sr2La0.7SbO6Eu0.3,Sr2La0.7SbO6,Eu,3,0.3,,,,298,610,,,,,,465,,,,6.145817714,1399000,610,https://doi.org/10.1016/j.dyepig.2017.07.019,ESV,mp-1206332,,0.996122806,Dyes and Pigments,0143-7208,2017
1147,Sr2La0.6SbO6Eu0.4,Sr2La0.6SbO6,Eu,3,0.4,,,,298,610,,,,,,465,,,,6.114610984,1302000,610,https://doi.org/10.1016/j.dyepig.2017.07.019,ESV,mp-1206332,,1.070490905,Dyes and Pigments,0143-7208,2017
1148,Sr2La0.5SbO6Eu0.5,Sr2La0.5SbO6,Eu,3,0.5,,,,298,610,,,,,,465,,,,6.084218687,1214000,610,https://doi.org/10.1016/j.dyepig.2017.07.019,ESV,mp-1206332,,0.984713073,Dyes and Pigments,0143-7208,2017
1149,Sr2La0.4SbO6Eu0.6,Sr2La0.4SbO6,Eu,3,0.6,,,,298,610,,,,,,465,,,,6.019946682,1047000,610,https://doi.org/10.1016/j.dyepig.2017.07.019,ESV,mp-1206332,,0.975348055,Dyes and Pigments,0143-7208,2017
1150,K4BaSi3O9Eu0.05,K4BaSi3O9,Eu,3,0.05,,,,300,616.5,,,27,,,395,395,310,,,,616.5,https://doi.org/10.1016/j.optmat.2014.06.036,ESV,"mp-558347,mp-976307", icsd-246254,1.039956487,Optical Materials,0925-3467,2014
1151,K4BaSi3O9Eu0.05,K4BaSi3O9,Eu,3,0.05,,,,300,616.5,,,,,608,266,,,,6.096910013,1250000,,https://doi.org/10.1016/j.optmat.2014.06.036,ESV,"mp-558347,mp-976307", icsd-246254,1.025380486,Optical Materials,0925-3467,2014
1152,Ba2ZnB2O6Eu0.05,Ba2ZnB2O6,Eu,3,0.05,,,,298,616,0.655,0.345,,,363,393,398,465,,5.991226076,980000,616,https://doi.org/10.1039/C4RA11516C,RSC,mp-559138, icsd-75606,0.959084192,RSC Advances,2046-2069,2014
1153,Y2O2SEu0.05,Y2O2S,Eu,3,0.05,,,,298,626,0.622,0.351,,,,254,254,310,,,,626,https://doi.org/10.1016/j.matlet.2007.06.016,ESV,mp-12894, icsd-154582,1.221995774,Materials Letters,0167-577X,2008
1154,Mg3Ga2GeO8Mn0.001,Mg3Ga2GeO8,Mn,4,0.001,,,,298,659,,,,,,419,419,315,,5.772321707,592000,659,https://doi.org/10.1021/acs.inorgchem.5b02048,ACS,,,0.997746039,Inorganic Chemistry,0020-1669,2015
1155,Mg3Ga2GeO8Mn0.005,Mg3Ga2GeO8,Mn,4,0.005,,,,298,659,0.295,0.677,,,498,419,419,315,,5.73239376,540000,659,https://doi.org/10.1021/acs.inorgchem.5b02048,ACS,,,0.98457288,Inorganic Chemistry,0020-1669,2015
1156,Mg3Ga2GeO8Mn0.01,Mg3Ga2GeO8,Mn,4,0.01,,,,298,659,,,,,,419,419,315,,5.482873584,304000,659,https://doi.org/10.1021/acs.inorgchem.5b02048,ACS,,,1.061223796,Inorganic Chemistry,0020-1669,2015
1157,Mg3Ga2GeO8Mn0.03,Mg3Ga2GeO8,Mn,4,0.03,,,,298,659,,,,,,419,419,315,,5.456366033,286000,659,https://doi.org/10.1021/acs.inorgchem.5b02048,ACS,,,1.000725977,Inorganic Chemistry,0020-1669,2015
1158,Mg3Ga2GeO8Mn0.05,Mg3Ga2GeO8,Mn,4,0.05,,,,298,659,,,,,,419,419,315,,4.963787827,92000,659,https://doi.org/10.1021/acs.inorgchem.5b02048,ACS,,,1.006254732,Inorganic Chemistry,0020-1669,2015
1159,Mg3Ga2GeO8Mn0.07,Mg3Ga2GeO8,Mn,4,0.07,,,,298,659,,,,,,419,419,315,,4.707570176,51000,659,https://doi.org/10.1021/acs.inorgchem.5b02048,ACS,,,1.048159787,Inorganic Chemistry,0020-1669,2015
1160,NaLa0.995MgWO6Sm0.005,NaLa0.995MgWO6,Sm,3,0.005,,,,298,645,,,,,,406,,,,5.884795364,767000,,https://doi.org/10.1016/j.ceramint.2017.11.154,ESV,"mp-558194,mp-556619", icsd-187079 icsd-174386 icsd-172413 icsd-40497,1.023978037,Ceramics International,0272-8842,2018
1161,NaLa0.99MgWO6Sm0.01,NaLa0.99MgWO6,Sm,3,0.01,,,,298,645,,,,,,406,,,,5.853698212,714000,,https://doi.org/10.1016/j.ceramint.2017.11.154,ESV,"mp-558194,mp-556619", icsd-187079 icsd-174386 icsd-172413 icsd-40497,1.052706755,Ceramics International,0272-8842,2018
1162,NaLa0.98MgWO6Sm0.02,NaLa0.98MgWO6,Sm,3,0.02,,,,298,645,0.618,0.372,11.9,,,406,406,380,,5.763427994,580000,645,https://doi.org/10.1016/j.ceramint.2017.11.154,ESV,"mp-558194,mp-556619", icsd-187079 icsd-174386 icsd-172413 icsd-40497,0.994331914,Ceramics International,0272-8842,2018
1163,NaLa0.96MgWO6Sm0.04,NaLa0.96MgWO6,Sm,3,0.04,,,,298,645,,,,,,406,,,,5.644438589,441000,,https://doi.org/10.1016/j.ceramint.2017.11.154,ESV,"mp-558194,mp-556619", icsd-187079 icsd-174386 icsd-172413 icsd-40497,1.008162915,Ceramics International,0272-8842,2018
1164,NaLa0.94MgWO6Sm0.06,NaLa0.94MgWO6,Sm,3,0.06,,,,298,645,,,,,,406,,,,5.558708571,362000,,https://doi.org/10.1016/j.ceramint.2017.11.154,ESV,"mp-558194,mp-556619", icsd-187079 icsd-174386 icsd-172413 icsd-40497,1.053692877,Ceramics International,0272-8842,2018
1165,NaLa0.92MgWO6Sm0.08,NaLa0.92MgWO6,Sm,3,0.08,,,,298,645,,,,,,406,,,,5.475671188,299000,,https://doi.org/10.1016/j.ceramint.2017.11.154,ESV,"mp-558194,mp-556619", icsd-187079 icsd-174386 icsd-172413 icsd-40497,1.096500198,Ceramics International,0272-8842,2018
1166,NaLa0.9MgWO6Sm0.1,NaLa0.9MgWO6,Sm,3,0.1,,,,298,645,,,,,,406,,,,5.414973348,260000,,https://doi.org/10.1016/j.ceramint.2017.11.154,ESV,"mp-558194,mp-556619", icsd-187079 icsd-174386 icsd-172413 icsd-40497,1.045485682,Ceramics International,0272-8842,2018
1167,Ca2ZnWO6Eu0.002,Ca2ZnWO6,Eu,3,0.002,,,,298,615,0.515,0.471,,,,466,466,397,,,,615,https://doi.org/10.1016/j.jlumin.2014.01.045,ESV,"mp-781505,mp-779906", icsd-262323,1.010423543,Journal of Luminescence,0022-2313,2014
1168,Ca2ZnWO6Sm0.02,Ca2ZnWO6,Sm,3,0.02,,,,298,604,0.476,0.517,,,,410,410,482,,,,604,https://doi.org/10.1016/j.jlumin.2014.01.045,ESV,"mp-781505,mp-779906", icsd-262323,0.996412031,Journal of Luminescence,0022-2313,2014
1169,Ca2ZnWO6Pr0.002,Ca2ZnWO6,Pr,3,0.002,,,,298,650,0.553,0.444,,,,491,491,475,452,,,650,https://doi.org/10.1016/j.jlumin.2014.01.045,ESV,"mp-781505,mp-779906", icsd-262323,1.158858695,Journal of Luminescence,0022-2313,2014
1170,Sr4LiAl11N14Eu0.004,Sr4LiAl11N14,Eu,2,0.004,,,,298,670,0.535,0.519,,,,460,460,310,,,,670,https://doi.org/10.1021/acs.chemmater.6b04519,ACS,,,1.077700295,Chemistry of Materials,0897-4756,2017
1171,CaGdW4O16Tb0.5,CaGdW4O16,Tb,3,0.5,,,,298,545,0.334,0.602,82.5,,,380,380,,,-0.241845378,0.573,545,https://doi.org/10.1016/j.dyepig.2017.12.067,ESV,,,1.340365639,Dyes and Pigments,0143-7208,2018
1172,CaGd0.99W4O16Tb0.5Eu0.005,CaGd0.99W4O16,Tb,3,0.5,Eu,3,0.005,298,616,0.44,0.514,80.6,,,380,,,,5.890923771,777900,616,https://doi.org/10.1016/j.dyepig.2017.12.067,ESV,,,0.946809074,Dyes and Pigments,0143-7208,2018
1173,CaGd0.98W4O16Tb0.5Eu0.01,CaGd0.98W4O16,Tb,3,0.5,Eu,3,0.01,298,616,0.509,0.459,78.7,,,380,,,,5.801952235,633800,616,https://doi.org/10.1016/j.dyepig.2017.12.067,ESV,,,1.004149718,Dyes and Pigments,0143-7208,2018
1174,CaGd0.96W4O16Tb0.5Eu0.02,CaGd0.96W4O16,Tb,3,0.5,Eu,3,0.02,298,616,0.562,0.415,69.7,,,380,,,,5.779307828,601600,616,https://doi.org/10.1016/j.dyepig.2017.12.067,ESV,,,0.976774759,Dyes and Pigments,0143-7208,2018
1175,CaGd0.9W4O16Tb0.5Eu0.05,CaGd0.9W4O16,Tb,3,0.5,Eu,3,0.05,298,616,0.604,0.368,73.5,,,380,,,,5.758230408,573100,616,https://doi.org/10.1016/j.dyepig.2017.12.067,ESV,,,1.005171518,Dyes and Pigments,0143-7208,2018
1176,CaGd0.8W4O16Tb0.5Eu0.1,CaGd0.8W4O16,Tb,3,0.5,Eu,3,0.1,298,616,0.641,0.347,72.6,,,380,,,,5.737749074,546700,616,https://doi.org/10.1016/j.dyepig.2017.12.067,ESV,,,0.970737444,Dyes and Pigments,0143-7208,2018
1177,CaW4O16Tb0.5Eu0.5,CaW4O16,Tb,3,0.5,Eu,3,0.5,298,616,0.662,0.332,71.1,,470,380,,,,5.724029973,529700,616,https://doi.org/10.1016/j.dyepig.2017.12.067,ESV,,,1.061596022,Dyes and Pigments,0143-7208,2018
1178,K2Y0.95WO8PEu0.05,K2Y0.95WO8P,Eu,3,0.05,,,,298,614,,,,,,395,,,,6.409595019,2568000,614,https://doi.org/10.1016/j.materresbull.2015.09.003,ESV,,,1.140203725,Materials Research Bulletin,0025-5408,2016
1179,K2Y0.9WO8PEu0.1,K2Y0.9WO8P,Eu,3,0.1,,,,298,614,,,,,,395,,,,6.406710459,2551000,614,https://doi.org/10.1016/j.materresbull.2015.09.003,ESV,,,1.07985705,Materials Research Bulletin,0025-5408,2016
1180,K2Y0.7WO8PEu0.3,K2Y0.7WO8P,Eu,3,0.3,,,,298,614,,,,,,395,,,,6.401228167,2519000,614,https://doi.org/10.1016/j.materresbull.2015.09.003,ESV,,,1.010878545,Materials Research Bulletin,0025-5408,2016
1181,K2Y0.5WO8PEu0.5,K2Y0.5WO8P,Eu,3,0.5,,,,298,614,,,,,,395,,,,6.392345155,2468000,614,https://doi.org/10.1016/j.materresbull.2015.09.003,ESV,,,0.990616361,Materials Research Bulletin,0025-5408,2016
1182,K2Y0.3WO8PEu0.7,K2Y0.3WO8P,Eu,3,0.7,,,,298,614,0.64,0.347,70.5,,,395,394,382,362,6.376941757,2382000,614,https://doi.org/10.1016/j.materresbull.2015.09.003,ESV,,,0.999864091,Materials Research Bulletin,0025-5408,2016
1183,K2Y0.3WO8PEu0.7,K2Y0.3WO8P,Eu,3,0.7,,,,373,614,0.639,0.348,,,,395,,,,,,,https://doi.org/10.1016/j.materresbull.2015.09.003,ESV,,,1.672880197,Materials Research Bulletin,0025-5408,2016
1184,K2Y0.3WO8PEu0.7,K2Y0.3WO8P,Eu,3,0.7,,,,453,614,0.638,0.349,,,,395,,,,,,,https://doi.org/10.1016/j.materresbull.2015.09.003,ESV,,,1.83223435,Materials Research Bulletin,0025-5408,2016
1185,K2Y0.1WO8PEu0.9,K2Y0.1WO8P,Eu,3,0.9,,,,298,614,,,,,,395,,,,6.356599436,2273000,614,https://doi.org/10.1016/j.materresbull.2015.09.003,ESV,,,1.003119004,Materials Research Bulletin,0025-5408,2016
1186,K2WO8PEu1,K2WO8P,Eu,3,1,,,,298,614,,,,,,395,,,,6.268343914,1855000,614,https://doi.org/10.1016/j.materresbull.2015.09.003,ESV,,,1.028825853,Materials Research Bulletin,0025-5408,2016
1187,LaMgAl11O19Sm0.05,LaMgAl11O19,Sm,3,0.05,,,,298,594,,,0.34,,,403,403,,,6.209515015,1620000,594,https://doi.org/10.1021/ic500412r,ACS,mp-1223152,,0.991772493,Inorganic Chemistry,0020-1669,2014
1188,LaMgAl11O19Sm0.05Eu0.01,LaMgAl11O19,Sm,3,0.05,Eu,3,0.01,298,594,,,0.25,,,403,,,,6.198657087,1580000,594,https://doi.org/10.1021/ic500412r,ACS,mp-1223152,,1.017619476,Inorganic Chemistry,0020-1669,2014
1189,LaMgAl11O19Sm0.05Eu0.03,LaMgAl11O19,Sm,3,0.05,Eu,3,0.03,298,594,,,0.3,,,403,,,,6.184691431,1530000,594,https://doi.org/10.1021/ic500412r,ACS,mp-1223152,,1.158846042,Inorganic Chemistry,0020-1669,2014
1190,LaMgAl11O19Sm0.05Eu0.05,LaMgAl11O19,Sm,3,0.05,Eu,3,0.05,298,594,,,0.29,,,403,,,,,,594,https://doi.org/10.1021/ic500412r,ACS,mp-1223152,,0.996221273,Inorganic Chemistry,0020-1669,2014
1191,LaMgAl11O19Sm0.05Eu0.1,LaMgAl11O19,Sm,3,0.05,Eu,3,0.1,298,594,,,0.3,,,403,,,,6.146128036,1400000,594,https://doi.org/10.1021/ic500412r,ACS,mp-1223152,,1.004346666,Inorganic Chemistry,0020-1669,2014
1192,LaMgAl11O19Sm0.05Eu0.15,LaMgAl11O19,Sm,3,0.05,Eu,3,0.15,298,594,,,0.41,,,403,,,,,,594,https://doi.org/10.1021/ic500412r,ACS,mp-1223152,,0.995996881,Inorganic Chemistry,0020-1669,2014
1193,LaMgAl11O19Sm0.05Eu0.2,LaMgAl11O19,Sm,3,0.05,Eu,3,0.2,298,612,0.601,0.39,0.48,,428,403,403,,,,,612,https://doi.org/10.1021/ic500412r,ACS,mp-1223152,,0.994031642,Inorganic Chemistry,0020-1669,2014
1194,LaMgAl11O19Sm0.05Eu0.3,LaMgAl11O19,Sm,3,0.05,Eu,3,0.3,298,612,,,0.14,,,403,,,,,,,https://doi.org/10.1021/ic500412r,ACS,mp-1223152,,1.002097569,Inorganic Chemistry,0020-1669,2014
1195,LaMgAl11O19Eu0.1,LaMgAl11O19,Eu,3,0.1,,,,298,612,,,0.33,,,464,,,,,,,https://doi.org/10.1021/ic500412r,ACS,mp-1223152,,0.996832616,Inorganic Chemistry,0020-1669,2014
1196,LiLa1.74O5BEu0.25Sm0.01,LiLa1.74O5B,Eu,3,0.25,Sm,3,0.01,298,614,0.669,0.33,,,,405,405,365,385,5.897627091,790000,605,https://doi.org/10.1149/1.2946482,IOP,,,1.006258159,Journal of The Electrochemical Society,0013-4651,2008
1197,LiLa1.99O5BSm0.01,LiLa1.99O5B,Sm,3,0.01,,,,298,605,,,,,,405,405,365,385,6.064457989,1160000,605,https://doi.org/10.1149/1.2946482,IOP,,,1.103066773,Journal of The Electrochemical Society,0013-4651,2008
1198,Na2CaSiO4Eu0.12,Na2CaSiO4,Eu,3,0.12,,,,298,613,0.66,0.34,58.9,,,393,393,460,380,,,613,https://doi.org/10.1016/j.materresbull.2011.03.001,ESV,mp-555342, icsd-24235,1.102408496,Materials Research Bulletin,0025-5408,2011
1199,Na3Sc1.8P3O12Eu0.1,Na3Sc1.8P3O12,Eu,3,0.1,,,,298,621,0.638,0.352,16.9,,,394,,,,6.488127496,3077000,621,https://doi.org/10.1016/j.jallcom.2017.12.316,ESV,"mp-16956,mp-1221280,mp-555608", icsd-65406 icsd-20740,1.309093964,Journal of Alloys and Compounds,0925-8388,2018
1200,Na3Sc1.5P3O12Eu0.25,Na3Sc1.5P3O12,Eu,3,0.25,,,,298,621,0.638,0.354,24.6,,,394,,,,6.486572151,3066000,621,https://doi.org/10.1016/j.jallcom.2017.12.316,ESV,"mp-16956,mp-1221280,mp-555608", icsd-65406 icsd-20740,1.140787894,Journal of Alloys and Compounds,0925-8388,2018
1201,Na3Sc1.4P3O12Eu0.3,Na3Sc1.4P3O12,Eu,3,0.3,,,,298,621,0.639,0.356,36.7,,,394,,,,6.486146997,3063000,621,https://doi.org/10.1016/j.jallcom.2017.12.316,ESV,"mp-16956,mp-1221280,mp-555608", icsd-65406 icsd-20740,1.143239079,Journal of Alloys and Compounds,0925-8388,2018
1202,Na3Sc1.3P3O12Eu0.35,Na3Sc1.3P3O12,Eu,3,0.35,,,,298,621,0.642,0.353,49,,523,394,394,384,318,6.484014963,3048000,621,https://doi.org/10.1016/j.jallcom.2017.12.316,ESV,"mp-16956,mp-1221280,mp-555608", icsd-65406 icsd-20740,1.077323732,Journal of Alloys and Compounds,0925-8388,2018
1203,Na3Sc1.1P3O12Eu0.45,Na3Sc1.1P3O12,Eu,3,0.45,,,,298,621,0.638,0.357,27.2,,,394,,,,6.480581787,3024000,621,https://doi.org/10.1016/j.jallcom.2017.12.316,ESV,"mp-16956,mp-1221280,mp-555608", icsd-65406 icsd-20740,1.034852429,Journal of Alloys and Compounds,0925-8388,2018
1204,Ca3P2O8Eu0.04,Ca3P2O8,Eu,3,0.04,,,,298,613,0.653,0.346,,,,395,395,375,320,,,613,https://doi.org/10.1016/j.optmat.2012.12.023,ESV,"mp-1197377,mp-531132,mp-3487,mp-753711,mp-686015", icsd-923 icsd-200202 icsd-188081 icsd-158736,1.091089083,Optical Materials,0925-3467,2013
1205,Ca9.9LiP7O28Eu0.1,Ca9.9LiP7O28,Eu,3,0.1,,,,298,613,0.638,0.361,75,,,393,393,465,,,,613,https://doi.org/10.1016/S1002-0721(10)60476-0,ESV,,,1.148725752,Journal of Rare Earths,1002-0721,2011
1206,Sr3Bi0.995P3O12Eu0.005,Sr3Bi0.995P3O12,Eu,3,0.005,,,,298,612,,,,,,392,392,,,6.374931554,2371000,612,https://doi.org/10.1016/j.optcom.2012.06.018,ESV,,,1.013605501,Optics Communications,0030-4018,2012
1207,Sr3Bi0.99P3O12Eu0.01,Sr3Bi0.99P3O12,Eu,3,0.01,,,,298,612,,,,,,392,392,,,6.375480715,2374000,612,https://doi.org/10.1016/j.optcom.2012.06.018,ESV,,,1.017499062,Optics Communications,0030-4018,2012
1208,Sr3Bi0.97P3O12Eu0.03,Sr3Bi0.97P3O12,Eu,3,0.03,,,,298,612,,,,,,392,392,,,6.379486814,2396000,612,https://doi.org/10.1016/j.optcom.2012.06.018,ESV,,,0.978718489,Optics Communications,0030-4018,2012
1209,Sr3Bi0.95P3O12Eu0.05,Sr3Bi0.95P3O12,Eu,3,0.05,,,,298,612,0.585,0.339,85,,,392,392,464,,6.380211242,2400000,612,https://doi.org/10.1016/j.optcom.2012.06.018,ESV,,,0.973184019,Optics Communications,0030-4018,2012
1210,Sr3Bi0.93P3O12Eu0.07,Sr3Bi0.93P3O12,Eu,3,0.07,,,,298,612,,,,,,392,392,,,6.375663614,2375000,612,https://doi.org/10.1016/j.optcom.2012.06.018,ESV,,,0.995864517,Optics Communications,0030-4018,2012
1211,Sr3Bi0.9P3O12Eu0.1,Sr3Bi0.9P3O12,Eu,3,0.1,,,,298,612,,,,,,392,392,,,6.365113432,2318000,612,https://doi.org/10.1016/j.optcom.2012.06.018,ESV,,,1.053739926,Optics Communications,0030-4018,2012
1212,Sr3Y0.94P3O12Eu0.06,Sr3Y0.94P3O12,Eu,3,0.06,,,,298,613,0.64,0.33,75,,,392,392,,,6.380211242,2400000,613,https://doi.org/10.1016/j.ceramint.2012.02.080,ESV,,,0.973181989,Ceramics International,0272-8842,2012
1213,Ca3Gd0.9Al3O15B4Eu0.1,Ca3Gd0.9Al3O15B4,Eu,3,0.1,,,,298,621,,,,,,397,,,,6.295127085,1973000,621,https://doi.org/10.1016/j.dyepig.2018.03.005,ESV,,,1.013954794,Dyes and Pigments,0143-7208,2018
1214,Ca3Gd0.8Al3O15B4Eu0.2,Ca3Gd0.8Al3O15B4,Eu,3,0.2,,,,298,621,,,,,,397,,,,6.281487888,1912000,621,https://doi.org/10.1016/j.dyepig.2018.03.005,ESV,,,1.02170151,Dyes and Pigments,0143-7208,2018
1215,Ca3Gd0.7Al3O15B4Eu0.3,Ca3Gd0.7Al3O15B4,Eu,3,0.3,,,,298,621,,,,,,397,,,,6.270212855,1863000,621,https://doi.org/10.1016/j.dyepig.2018.03.005,ESV,,,1.086429908,Dyes and Pigments,0143-7208,2018
1216,Ca3Gd0.5Al3O15B4Eu0.5,Ca3Gd0.5Al3O15B4,Eu,3,0.5,,,,298,621,0.654,0.343,90,17.7,553,397,397,325,465,6.229425848,1696000,621,https://doi.org/10.1016/j.dyepig.2018.03.005,ESV,,,1.006978764,Dyes and Pigments,0143-7208,2018
1217,Ca3Gd0.2Al3O15B4Eu0.7,Ca3Gd0.2Al3O15B4,Eu,3,0.7,,,,298,621,,,,,,397,,,,6.163459552,1457000,621,https://doi.org/10.1016/j.dyepig.2018.03.005,ESV,,,0.967937568,Dyes and Pigments,0143-7208,2018
1218,Ca3Al3O15B4Eu1,Ca3Al3O15B4,Eu,3,1,,,,298,621,,,,,,397,,,,6.05804623,1143000,621,https://doi.org/10.1016/j.dyepig.2018.03.005,ESV,,,1.05073732,Dyes and Pigments,0143-7208,2018
1219,NaYMgWO6Eu0.3,NaYMgWO6,Eu,3,0.3,,,,298,616,0.6584,0.3349,,,,394,394,465,,5.742725131,553000,616,https://doi.org/10.1016/j.jallcom.2017.05.027,ESV,,,1.00576178,Journal of Alloys and Compounds,0925-8388,2017
1220,LiYMgWO6Eu0.3,LiYMgWO6,Eu,3,0.3,,,,298,618,0.6612,0.3341,,,,395,395,465,,5.719331287,524000,618,https://doi.org/10.1016/j.jallcom.2017.05.027,ESV,,,1.087762932,Journal of Alloys and Compounds,0925-8388,2017
1221,LiYMgW0.9Mo0.1O6Eu0.3,LiYMgW0.9Mo0.1O6,Eu,3,0.3,,,,298,618,0.6616,0.3336,49.9,,550,395,395,465,,5.71432976,518000,618,https://doi.org/10.1016/j.jallcom.2017.05.027,ESV,,,1.071357909,Journal of Alloys and Compounds,0925-8388,2017
1222,LiYMgW0.9Mo0.1O6Eu0.3,LiYMgW0.9Mo0.1O6,Eu,3,0.3,,,,298,618,,,65.7,,,466,,,,,,,https://doi.org/10.1016/j.jallcom.2017.05.027,ESV,,,1.05334386,Journal of Alloys and Compounds,0925-8388,2017
1223,NaBaY0.3B2O6Eu0.7,NaBaY0.3B2O6,Eu,3,0.7,,,,298,613,,,48,,498,394,394,465,,6.868056362,7380000,613,https://doi.org/10.1016/j.dyepig.2017.04.008,ESV,mp-1182342,,1.374234293,Dyes and Pigments,0143-7208,2017
1224,KBaY0.3B2O6Eu0.7,KBaY0.3B2O6,Eu,3,0.7,,,,298,613,,,31.1,,553,394,394,465,,6.710117365,5130000,613,https://doi.org/10.1016/j.dyepig.2017.04.008,ESV,,,1.016909975,Dyes and Pigments,0143-7208,2017
1225,CaB6O10Eu0.03,CaB6O10,Eu,3,0.03,,,,300,612,,,,,,266,393,,,6.274157849,1880000,612,https://doi.org/10.1016/j.jlumin.2014.11.024,ESV,mp-558358, icsd-161320,0.997940626,Journal of Luminescence,0022-2313,2015
1226,CaB6O10Eu0.03,CaB6O10,Eu,3,0.03,,,,300,612,,,27,,,393,393,,,,,612,https://doi.org/10.1016/j.jlumin.2014.11.024,ESV,mp-558358, icsd-161320,1.123579226,Journal of Luminescence,0022-2313,2015
1227,Ba2CaZn2Si6O17Eu0.005,Ba2CaZn2Si6O17,Eu,3,0.005,,,,298,613,,,,,,395,395,466,,6.351022853,2244000,613,https://doi.org/10.1016/j.jlumin.2015.03.007,ESV,,,1.018122324,Journal of Luminescence,0022-2313,2016
1228,Ba2CaZn2Si6O17Eu0.01,Ba2CaZn2Si6O17,Eu,3,0.01,,,,298,613,,,,,,395,395,466,,6.32407658,2109000,613,https://doi.org/10.1016/j.jlumin.2015.03.007,ESV,,,1.011703823,Journal of Luminescence,0022-2313,2016
1229,Ba2CaZn2Si6O17Eu0.03,Ba2CaZn2Si6O17,Eu,3,0.03,,,,298,613,,,,,,395,395,466,,6.277379975,1894000,613,https://doi.org/10.1016/j.jlumin.2015.03.007,ESV,,,0.998721916,Journal of Luminescence,0022-2313,2016
1230,Ba2CaZn2Si6O17Eu0.05,Ba2CaZn2Si6O17,Eu,3,0.05,,,,298,613,,,,,,395,395,466,,6.275541688,1886000,613,https://doi.org/10.1016/j.jlumin.2015.03.007,ESV,,,0.990489753,Journal of Luminescence,0022-2313,2016
1231,Ba2CaZn2Si6O17Eu0.07,Ba2CaZn2Si6O17,Eu,3,0.07,,,,298,613,,,,,,395,395,466,,6.249442961,1776000,613,https://doi.org/10.1016/j.jlumin.2015.03.007,ESV,,,0.950541698,Journal of Luminescence,0022-2313,2016
1232,Ba2CaZn2Si6O17Eu0.09,Ba2CaZn2Si6O17,Eu,3,0.09,,,,298,613,0.637,0.362,11.2,,,395,395,466,,6.24674471,1765000,613,https://doi.org/10.1016/j.jlumin.2015.03.007,ESV,,,1.030161231,Journal of Luminescence,0022-2313,2016
1233,Ba2CaZn2Si6O17Eu0.11,Ba2CaZn2Si6O17,Eu,3,0.11,,,,298,613,,,,,,395,395,466,,6.212986185,1633000,613,https://doi.org/10.1016/j.jlumin.2015.03.007,ESV,,,1.068041396,Journal of Luminescence,0022-2313,2016
1234,Y2O2SEu0.05,Y2O2S,Eu,3,0.05,,,,298,611,0.661,0.333,35,,,317,317,,,,,611,https://doi.org/10.1364/OE.19.006303,OSA,mp-12894, icsd-154582,1.130445466,Optics Express,1094-4087,2011
1235,Ca2YZr2Al3O12Eu0.08,Ca2YZr2Al3O12,Eu,3,0.08,,,,298,611,0.6284,0.3596,,,498,395,395,465,,,,611,https://doi.org/10.1021/acs.inorgchem.6b01711,ACS,,,0.990322815,Inorganic Chemistry,0020-1669,2016
1240,BaGd2O4Bi0.08,BaGd2O4,Bi,3,0.08,,,,298,432,0.155,0.079,,,,337,337,,,2.625312451,422,432,https://doi.org/10.1016/j.jlumin.2018.10.050,ESV,mp-17143, icsd-78484 icsd-427487,1.050619886,Journal of Luminescence,0022-2313,2019
1241,BaGd2O4Bi0.08Eu0.01,BaGd2O4,Bi,3,0.08,Eu,3,0.01,298,432,,,,,,337,,,,2.609594409,407,432,https://doi.org/10.1016/j.jlumin.2018.10.050,ESV,mp-17143, icsd-78484 icsd-427487,1.112460656,Journal of Luminescence,0022-2313,2019
1242,BaGd2O4Bi0.08Eu0.02,BaGd2O4,Bi,3,0.08,Eu,3,0.02,298,432,,,,,,337,,,,2.546542663,352,432,https://doi.org/10.1016/j.jlumin.2018.10.050,ESV,mp-17143, icsd-78484 icsd-427487,1.130000487,Journal of Luminescence,0022-2313,2019
1243,BaGd2O4Bi0.08Eu0.08,BaGd2O4,Bi,3,0.08,Eu,3,0.08,298,432,,,,,,337,,,,2.480006943,302,432,https://doi.org/10.1016/j.jlumin.2018.10.050,ESV,mp-17143, icsd-78484 icsd-427487,1.117684779,Journal of Luminescence,0022-2313,2019
1244,BaGd2O4Bi0.08Eu0.12,BaGd2O4,Bi,3,0.08,Eu,3,0.12,298,611,0.368,0.204,,,,337,,,,2.40654018,255,432,https://doi.org/10.1016/j.jlumin.2018.10.050,ESV,mp-17143, icsd-78484 icsd-427487,1.124742608,Journal of Luminescence,0022-2313,2019
1245,BaGd2O4Bi0.08Eu0.2,BaGd2O4,Bi,3,0.08,Eu,3,0.2,298,611,,,,,387,337,,,,2.274157849,188,432,https://doi.org/10.1016/j.jlumin.2018.10.050,ESV,mp-17143, icsd-78484 icsd-427487,1.118597037,Journal of Luminescence,0022-2313,2019
1246,BaGd2O4Bi0.08Eu0.3,BaGd2O4,Bi,3,0.08,Eu,3,0.3,298,611,0.548,0.31,,,,337,,,,2.206825876,161,432,https://doi.org/10.1016/j.jlumin.2018.10.050,ESV,mp-17143, icsd-78484 icsd-427487,1.098072456,Journal of Luminescence,0022-2313,2019
1247,BaGd2O4Eu0.2,BaGd2O4,Eu,3,0.2,,,,298,611,0.564,0.333,,,,394,275,,,,,611,https://doi.org/10.1016/j.jlumin.2018.10.050,ESV,mp-17143, icsd-78484 icsd-427487,1.05346474,Journal of Luminescence,0022-2313,2019
1248,Ca2Y0.992Zr2Al3O12Bi0.008,Ca2Y0.992Zr2Al3O12,Bi,3,0.008,,,,298,313,0.1948,0.15,,,,278,278,,,2.434568904,272,313,https://doi.org/10.1016/j.ceramint.2019.11.081,ESV,,,1.263699606,Ceramics International,0272-8842,2020
1249,Ca2Y0.992Zr2Al3O12Bi0.008Eu0.3,Ca2Y0.992Zr2Al3O12,Bi,3,0.008,Eu,3,0.3,298,610,0.6231,0.3588,,,,278,278,465,,,,610,https://doi.org/10.1016/j.ceramint.2019.11.081,ESV,,,1.166423017,Ceramics International,0272-8842,2020
1250,Sc2W3O12,Sc2W3O12,,,,,,,298,520,,,,,,264,264,,,4.500099192,31630,520,https://doi.org/10.1016/j.ceramint.2019.02.107,ESV,"mp-5516,mp-1219450", icsd-50941 icsd-50940 icsd-391468 icsd-28467 icsd-50942,1.104529105,Ceramics International,0272-8842,2019
1251,Sc2W3O12Eu0.01,Sc2W3O12,Eu,3,0.01,,,,298,617,0.2875,0.3318,,,,264,264,,,5.481442629,303000,617,https://doi.org/10.1016/j.ceramint.2019.02.107,ESV,"mp-5516,mp-1219450", icsd-50941 icsd-50940 icsd-391468 icsd-28467 icsd-50942,1.071557064,Ceramics International,0272-8842,2019
1252,Sc2W3O12Eu0.03,Sc2W3O12,Eu,3,0.03,,,,298,617,0.3342,0.3178,,,,264,264,,,5.558708571,362000,617,https://doi.org/10.1016/j.ceramint.2019.02.107,ESV,"mp-5516,mp-1219450", icsd-50941 icsd-50940 icsd-391468 icsd-28467 icsd-50942,1.05381745,Ceramics International,0272-8842,2019
1253,Sc2W3O12Eu0.05,Sc2W3O12,Eu,3,0.05,,,,298,617,0.3395,0.3289,,,,264,264,,,5.583198774,383000,617,https://doi.org/10.1016/j.ceramint.2019.02.107,ESV,"mp-5516,mp-1219450", icsd-50941 icsd-50940 icsd-391468 icsd-28467 icsd-50942,0.981844256,Ceramics International,0272-8842,2019
1254,Sc2W3O12Eu0.15,Sc2W3O12,Eu,3,0.15,,,,298,617,0.4167,0.3318,,,,264,264,,,5.596597096,395000,617,https://doi.org/10.1016/j.ceramint.2019.02.107,ESV,"mp-5516,mp-1219450", icsd-50941 icsd-50940 icsd-391468 icsd-28467 icsd-50942,1.011977057,Ceramics International,0272-8842,2019
1255,Sc2W3O12Eu0.3,Sc2W3O12,Eu,3,0.3,,,,298,617,0.5845,0.3349,,,,264,264,,,5.609594409,407000,617,https://doi.org/10.1016/j.ceramint.2019.02.107,ESV,"mp-5516,mp-1219450", icsd-50941 icsd-50940 icsd-391468 icsd-28467 icsd-50942,1.000371952,Ceramics International,0272-8842,2019
1256,CdY3.6MoO16Eu0.1,CdY3.6MoO16,Eu,3,0.1,,,,298,615,0.673,0.223,24.9,,,395,,,,,,,https://doi.org/10.1364/OME.6.002397,OSA,,,1.087551635,Optical Materials Express,2159-3930,2016
1257,CdY3.2MoO16Eu0.2,CdY3.2MoO16,Eu,3,0.2,,,,298,615,0.664,0.327,35.7,,,395,,,,,,,https://doi.org/10.1364/OME.6.002397,OSA,,,1.100081577,Optical Materials Express,2159-3930,2016
1258,CdY2.8MoO16Eu0.3,CdY2.8MoO16,Eu,3,0.3,,,,298,615,0.668,0.324,53.4,,,395,,,,,,,https://doi.org/10.1364/OME.6.002397,OSA,,,1.140344844,Optical Materials Express,2159-3930,2016
1259,CdY2.4MoO16Eu0.4,CdY2.4MoO16,Eu,3,0.4,,,,298,615,0.667,0.332,63.5,,,395,,,,,,,https://doi.org/10.1364/OME.6.002397,OSA,,,1.200004556,Optical Materials Express,2159-3930,2016
1260,CdY2MoO16Eu0.5,CdY2MoO16,Eu,3,0.5,,,,298,615,0.665,0.329,67.5,,,395,,,,,,,https://doi.org/10.1364/OME.6.002397,OSA,,,1.302880991,Optical Materials Express,2159-3930,2016
1261,CdY1.6MoO16Eu0.6,CdY1.6MoO16,Eu,3,0.6,,,,298,615,0.667,0.326,62.1,,,395,,,,,,,https://doi.org/10.1364/OME.6.002397,OSA,,,1.359934137,Optical Materials Express,2159-3930,2016
1262,Ba3Y0.5P3O12Ce0.25Tb0.25,Ba3Y0.5P3O12,Ce,3,0.25,Tb,3,0.25,298,540,0.323,0.534,,,,254,,,,,,,https://doi.org/10.1364/OE.19.0000A1,OSA,,,1.048533664,Optics Express,1094-4087,2010
1263,Ca3Y0.5Al3B4O15Eu0.5,Ca3Y0.5Al3B4O15,Eu,3,0.5,,,,298,620,0.652,0.342,,,,254,,,,,,,https://doi.org/10.1364/OE.19.0000A1,OSA,mp-694012,,1.048037419,Optics Express,1094-4087,2010
1264,YVO4Eu0.05,YVO4,Eu,3,0.05,,,,298,619,0.675,0.301,70,,,291,291,,,,,619,https://doi.org/10.1021/ic100953m,ACS,mp-19133, icsd-15604 icsd-107638 icsd-246709 icsd-26894 icsd-78074 icsd-2504 icsd-174549 icsd-246708 icsd-36060,1.011756693,Inorganic Chemistry,0020-1669,2010
1265,YVO4Dy0.05,YVO4,Dy,3,0.05,,,,298,575,0.312,0.471,62,,,283,283,,,,,575,https://doi.org/10.1021/ic100953m,ACS,mp-19133, icsd-15604 icsd-107638 icsd-246709 icsd-26894 icsd-78074 icsd-2504 icsd-174549 icsd-246708 icsd-36060,1.009878327,Inorganic Chemistry,0020-1669,2010
1266,YVO4Sm0.05,YVO4,Sm,3,0.05,,,,298,604,0.615,0.343,50,,,303,303,,,,,604,https://doi.org/10.1021/ic100953m,ACS,mp-19133, icsd-15604 icsd-107638 icsd-246709 icsd-26894 icsd-78074 icsd-2504 icsd-174549 icsd-246708 icsd-36060,1.009684404,Inorganic Chemistry,0020-1669,2010
1267,YVO4Er0.05,YVO4,Er,3,0.05,,,,298,554,0.241,0.716,56,,,317,317,,,,,554,https://doi.org/10.1021/ic100953m,ACS,mp-19133, icsd-15604 icsd-107638 icsd-246709 icsd-26894 icsd-78074 icsd-2504 icsd-174549 icsd-246708 icsd-36060,0.993393261,Inorganic Chemistry,0020-1669,2010
1268,Y0.99VO4Eu0.01,Y0.99VO4,Eu,3,0.01,,,,298,619,0.6675,0.327,,,,172,,,,,,,https://doi.org/10.1021/cm061042a,ACS,mp-19133, icsd-15604 icsd-107638 icsd-246709 icsd-26894 icsd-78074 icsd-2504 icsd-174549 icsd-246708 icsd-36060,1.029735242,Chemistry of Materials,0897-4756,2007
1269,Y0.97VO4Eu0.03,Y0.97VO4,Eu,3,0.03,,,,298,619,0.6705,0.3275,,,,172,,,,,,,https://doi.org/10.1021/cm061042a,ACS,mp-19133, icsd-15604 icsd-107638 icsd-246709 icsd-26894 icsd-78074 icsd-2504 icsd-174549 icsd-246708 icsd-36060,1.029926201,Chemistry of Materials,0897-4756,2007
1270,Y0.95VO4Eu0.05,Y0.95VO4,Eu,3,0.05,,,,298,619,0.6718,0.3275,,,,172,,,,,,,https://doi.org/10.1021/cm061042a,ACS,mp-19133, icsd-15604 icsd-107638 icsd-246709 icsd-26894 icsd-78074 icsd-2504 icsd-174549 icsd-246708 icsd-36060,1.031107717,Chemistry of Materials,0897-4756,2007
1271,Y0.93VO4Eu0.07,Y0.93VO4,Eu,3,0.07,,,,298,619,0.6735,0.3269,,,,172,,,,,,,https://doi.org/10.1021/cm061042a,ACS,mp-19133, icsd-15604 icsd-107638 icsd-246709 icsd-26894 icsd-78074 icsd-2504 icsd-174549 icsd-246708 icsd-36060,1.03256869,Chemistry of Materials,0897-4756,2007
1272,Y0.91VO4Eu0.09,Y0.91VO4,Eu,3,0.09,,,,298,619,0.6748,0.3262,,,,172,,,,,,,https://doi.org/10.1021/cm061042a,ACS,mp-19133, icsd-15604 icsd-107638 icsd-246709 icsd-26894 icsd-78074 icsd-2504 icsd-174549 icsd-246708 icsd-36060,1.034509655,Chemistry of Materials,0897-4756,2007
1273,Y0.95V0.8P0.2O4Eu0.05,Y0.95V0.8P0.2O4,Eu,3,0.05,,,,298,619,0.6691,0.3283,,,,172,,,,,,,https://doi.org/10.1021/cm061042a,ACS,mp-19133, icsd-15604 icsd-107638 icsd-246709 icsd-26894 icsd-78074 icsd-2504 icsd-174549 icsd-246708 icsd-36060,1.053049763,Chemistry of Materials,0897-4756,2007
1274,Y0.95V0.6P0.4O4Eu0.05,Y0.95V0.6P0.4O4,Eu,3,0.05,,,,298,619,0.6651,0.3295,,,,172,,,,,,,https://doi.org/10.1021/cm061042a,ACS,mp-19133, icsd-15604 icsd-107638 icsd-246709 icsd-26894 icsd-78074 icsd-2504 icsd-174549 icsd-246708 icsd-36060,1.05470684,Chemistry of Materials,0897-4756,2007
1275,Y0.95V0.4P0.6O4Eu0.05,Y0.95V0.4P0.6O4,Eu,3,0.05,,,,298,619,0.6572,0.3311,,,,172,,,,,,,https://doi.org/10.1021/cm061042a,ACS,mp-19133, icsd-15604 icsd-107638 icsd-246709 icsd-26894 icsd-78074 icsd-2504 icsd-174549 icsd-246708 icsd-36060,1.062939469,Chemistry of Materials,0897-4756,2007
1276,Y0.95PO4Eu0.05,Y0.95PO4,Eu,3,0.05,,,,298,619,0.5946,0.3393,,,,172,,,,,,,https://doi.org/10.1021/cm061042a,ACS,"mp-5132,mp-1232370", icsd-201131 icsd-56113 icsd-184543 icsd-24514 icsd-28554 icsd-79754,1.069379234,Chemistry of Materials,0897-4756,2007
1277,Y0.75Gd0.2V0.6P0.4O4Eu0.05,Y0.75Gd0.2V0.6P0.4O4,Eu,3,0.05,,,,298,619,0.6614,0.3286,,,,172,,,,,,,https://doi.org/10.1021/cm061042a,ACS,mp-19133, icsd-15604 icsd-107638 icsd-246709 icsd-26894 icsd-78074 icsd-2504 icsd-174549 icsd-246708 icsd-36060,1.052093317,Chemistry of Materials,0897-4756,2007
1278,Y0.55Gd0.4V0.6P0.4O4Eu0.05,Y0.55Gd0.4V0.6P0.4O4,Eu,3,0.05,,,,298,619,0.6608,0.3286,,,,172,,,,,,,https://doi.org/10.1021/cm061042a,ACS,mp-19133, icsd-15604 icsd-107638 icsd-246709 icsd-26894 icsd-78074 icsd-2504 icsd-174549 icsd-246708 icsd-36060,1.04997138,Chemistry of Materials,0897-4756,2007
1279,Y0.35Gd0.6V0.6P0.4O4Eu0.05,Y0.35Gd0.6V0.6P0.4O4,Eu,3,0.05,,,,298,619,0.6599,0.3282,,,,172,,,,,,,https://doi.org/10.1021/cm061042a,ACS,mp-19133, icsd-15604 icsd-107638 icsd-246709 icsd-26894 icsd-78074 icsd-2504 icsd-174549 icsd-246708 icsd-36060,1.014959155,Chemistry of Materials,0897-4756,2007
1280,Y0.15Gd0.8V0.6P0.4O4Eu0.05,Y0.15Gd0.8V0.6P0.4O4,Eu,3,0.05,,,,298,619,0.6524,0.3262,,,,172,,,,,,,https://doi.org/10.1021/cm061042a,ACS,mp-19133, icsd-15604 icsd-107638 icsd-246709 icsd-26894 icsd-78074 icsd-2504 icsd-174549 icsd-246708 icsd-36060,0.995827264,Chemistry of Materials,0897-4756,2007
1281,Gd0.95V0.6P0.4O4Eu0.05,Gd0.95V0.6P0.4O4,Eu,3,0.05,,,,298,619,0.6338,0.3229,,,,172,,,,,,,https://doi.org/10.1021/cm061042a,ACS,mp-22024, icsd-15607 icsd-238224 icsd-238223 icsd-152692 icsd-81703 icsd-186232 icsd-186231,1.033220662,Chemistry of Materials,0897-4756,2007
1283,Ca2GdF4PO4Eu0.05,Ca2GdF4PO4,Eu,3,0.05,,,,298,611,0.661,0.333,64,,,394,394,465,,5.973127854,940000,611,https://doi.org/10.1364/OE.19.006303,OSA,,,1.217180983,Optics Express,1094-4087,2011
1284,Ca2YF4PO4Eu0.05,Ca2YF4PO4,Eu,3,0.05,,,,298,611,0.661,0.333,48,,,394,394,465,,,,611,https://doi.org/10.1364/OE.19.006303,OSA,,,1.011985522,Optics Express,1094-4087,2011
1291,Sr2MgTeO6Eu0.25,Sr2MgTeO6,Eu,3,0.25,,,,298,614,0.65,0.34,,,510,465,465,394,,,,614,https://doi.org/10.1016/j.optlastec.2017.11.046,ESV,mp-1078995, icsd-290893,1.028543028,Optics and Laser Technology,0030-3992,2018
1292,Ca2.98TeO6Eu0.01,Ca2.98TeO6,Eu,3,0.01,,,,298,616,,,,,,394,394,465,530,6.318063335,2080000,616,https://doi.org/10.1016/j.jlumin.2019.03.001,ESV,mp-5279, icsd-35085 icsd-16362,1.044449342,Journal of Luminescence,0022-2313,2019
1293,Ca2.8TeO6Eu0.1,Ca2.8TeO6,Eu,3,0.1,,,,298,616,,,,,,394,394,465,530,6.278753601,1900000,616,https://doi.org/10.1016/j.jlumin.2019.03.001,ESV,mp-5279, icsd-35085 icsd-16362,0.999487485,Journal of Luminescence,0022-2313,2019
1294,Ca2.6TeO6Eu0.2,Ca2.6TeO6,Eu,3,0.2,,,,298,616,0.653,0.344,,,540,394,394,465,530,6.243038049,1750000,616,https://doi.org/10.1016/j.jlumin.2019.03.001,ESV,mp-5279, icsd-35085 icsd-16362,1.00852764,Journal of Luminescence,0022-2313,2019
1295,Ca3Sr3P4O16Sm0.015,Ca3Sr3P4O16,Sm,3,0.015,,,,298,603,0.5778,0.4167,,,,405,405,470,,,,603,https://doi.org/10.1016/j.ceramint.2018.07.276,ESV,,,1.201596259,Ceramics International,0272-8842,2018
1296,Ca3Sr3P4O16Sm0.03,Ca3Sr3P4O16,Sm,3,0.03,,,,298,603,0.5804,0.4148,,,,405,405,470,,,,603,https://doi.org/10.1016/j.ceramint.2018.07.276,ESV,,,1.179261493,Ceramics International,0272-8842,2018
1297,Ca3Sr3P4O16Sm0.06,Ca3Sr3P4O16,Sm,3,0.06,,,,298,603,0.5878,0.4085,,,,405,405,470,,6.265124553,1841300,603,https://doi.org/10.1016/j.ceramint.2018.07.276,ESV,,,0.96849697,Ceramics International,0272-8842,2018
1298,Ca3Sr3P4O16Li0.06Sm0.06,Ca3Sr3P4O16Li0.06,Sm,3,0.06,,,,298,603,0.5964,0.4025,,,,405,,,,6.277311179,1893700,603,https://doi.org/10.1016/j.ceramint.2018.07.276,ESV,,,0.998041287,Ceramics International,0272-8842,2018
1299,Ca3Sr3P4O16Na0.06Sm0.06,Ca3Sr3P4O16Na0.06,Sm,3,0.06,,,,298,603,0.5963,0.4027,,,,405,,,,6.277127671,1892900,603,https://doi.org/10.1016/j.ceramint.2018.07.276,ESV,,,0.987201142,Ceramics International,0272-8842,2018
1300,Ca3Sr3P4O16K0.06Sm0.06,Ca3Sr3P4O16K0.06,Sm,3,0.06,,,,298,603,0.5955,0.4034,,,,405,,,,6.275495631,1885800,603,https://doi.org/10.1016/j.ceramint.2018.07.276,ESV,,,0.990984473,Ceramics International,0272-8842,2018
1301,Li3Y3Te2O12Eu0.05,Li3Y3Te2O12,Eu,3,0.05,,,,298,611,0.665,0.341,,,,395,395,,,6.413299764,2590000,611,https://doi.org/10.1016/j.jallcom.2012.11.118,ESV,mp-1211226,,1.177541994,Journal of Alloys and Compounds,0925-8388,2013
1302,Li3Y3Te2O12Eu0.4,Li3Y3Te2O12,Eu,3,0.4,,,,298,611,,,61,,,395,395,465,530,6.367355921,2330000,611,https://doi.org/10.1016/j.jallcom.2012.11.118,ESV,mp-1211226,,1.055959033,Journal of Alloys and Compounds,0925-8388,2013
1303,Li3Y3Te2O12Eu1,Li3Y3Te2O12,Eu,3,1,,,,298,611,0.663,0.337,,,,395,395,465,530,5,100000,611,https://doi.org/10.1016/j.jallcom.2012.11.118,ESV,mp-1211226,,0.975108741,Journal of Alloys and Compounds,0925-8388,2013
1304,Na5W4O16Eu1,Na5W4O16,Eu,3,1,,,,298,616,0.671,0.329,47,,,395,395,465,530,,,616,https://doi.org/10.1016/j.jlumin.2012.05.022,ESV,,,1.427392143,Journal of Luminescence,0022-2313,2012
1305,CaSEu0.01,CaS,Eu,2,0.01,,,,298,663,,,53.4,,,351,,,,,,,https://doi.org/10.1016/j.radmeas.2009.09.010,ESV,mp-1672, icsd-619534 icsd-619527 icsd-186785 icsd-53940 icsd-619528 icsd-603165 icsd-619533 icsd-28902 icsd-60200 icsd-619538 icsd-619540 icsd-619529 icsd-619530 icsd-41956 icsd-52784 icsd-30236 icsd-619537,1.129294192,Radiation Measurements,1350-4487,2010
1306,Ca0.8Sr0.2SEu0.01,Ca0.8Sr0.2S,Eu,2,0.01,,,,298,662,,,38,,,351,,,,,,,https://doi.org/10.1016/j.radmeas.2009.09.010,ESV,mp-1672, icsd-619534 icsd-619527 icsd-186785 icsd-53940 icsd-619528 icsd-603165 icsd-619533 icsd-28902 icsd-60200 icsd-619538 icsd-619540 icsd-619529 icsd-619530 icsd-41956 icsd-52784 icsd-30236 icsd-619537,1.178453616,Radiation Measurements,1350-4487,2010
1307,Ca0.5Sr0.5SEu0.01,Ca0.5Sr0.5S,Eu,2,0.01,,,,298,656,,,51.4,,,351,,,,,,,https://doi.org/10.1016/j.radmeas.2009.09.010,ESV,mp-1672, icsd-619534 icsd-619527 icsd-186785 icsd-53940 icsd-619528 icsd-603165 icsd-619533 icsd-28902 icsd-60200 icsd-619538 icsd-619540 icsd-619529 icsd-619530 icsd-41956 icsd-52784 icsd-30236 icsd-619537,1.191596553,Radiation Measurements,1350-4487,2010
1308,Ca0.2Sr0.8SEu0.01,Ca0.2Sr0.8S,Eu,2,0.01,,,,298,635,,,50.5,,,351,,,,,,,https://doi.org/10.1016/j.radmeas.2009.09.010,ESV,mp-1672, icsd-619534 icsd-619527 icsd-186785 icsd-53940 icsd-619528 icsd-603165 icsd-619533 icsd-28902 icsd-60200 icsd-619538 icsd-619540 icsd-619529 icsd-619530 icsd-41956 icsd-52784 icsd-30236 icsd-619537,1.122050141,Radiation Measurements,1350-4487,2010
1309,SrSEu0.01,SrS,Eu,2,0.01,,,,298,619,,,31.3,,,351,,,,,,,https://doi.org/10.1016/j.radmeas.2009.09.010,ESV,"mp-1087,mp-10627", icsd-651057 icsd-651060 icsd-659132 icsd-53941 icsd-182724 icsd-651062 icsd-290055 icsd-52112 icsd-28900 icsd-651059 icsd-30239 icsd-651061 icsd-164143 icsd-651056 icsd-651068 icsd-249177 icsd-651054 icsd-164144 icsd-52111,1.065123264,Radiation Measurements,1350-4487,2010
1310,Y1.95O2SEu0.05,Y1.95O2S,Eu,3,0.05,,,,298,627,0.622,0.351,4.2,,,395,395,,,,,627,https://doi.org/10.1149/1.3501964,IOP,mp-12894, icsd-154582,1.134535633,Journal of The Electrochemical Society,0013-4651,2010
1311,Y1.95O2SEu0.05,Y1.95O2S,Eu,3,0.05,,,,298,,,,7,,,465,,,,,,,https://doi.org/10.1016/j.jallcom.2013.01.089,ESV,mp-12894, icsd-154582,1.173776983,Journal of Alloys and Compounds,0925-8388,2013
1312,Gd1.4MoO6Eu0.3,Gd1.4MoO6,Eu,3,0.3,,,,298,610,0.65,0.35,26.5,,380,360,463,,,5.764176132,581000,610,https://doi.org/10.1039/C6RA25652J,RSC,mp-582797, icsd-62886,0.997518366,RSC Advances,2046-2069,2017
1313,Gd1.4MoO6Eu0.3,Gd1.4MoO6,Eu,3,0.3,,,,298,610,0.653,0.347,47.5,,430,463,463,,,5.729974286,537000,610,https://doi.org/10.1039/C6RA25652J,RSC,mp-582797, icsd-62886,0.987000606,RSC Advances,2046-2069,2017
1315,SrLa1.5Mg2W2O12Eu0.5,SrLa1.5Mg2W2O12,Eu,3,0.5,,,,298,613,0.66,0.34,27.1,,,464,464,530,,,,613,https://doi.org/10.1016/j.ceramint.2013.01.013,ESV,mp-1223130,,1.322670148,Ceramics International,0272-8842,2013
1316,SrLa1.5Mg2W2O12Eu0.5,SrLa1.5Mg2W2O12,Eu,3,0.5,,,,298,613,,,8.8,,,395,,,,,,,https://doi.org/10.1016/j.ceramint.2013.01.013,ESV,mp-1223130,,1.100002194,Ceramics International,0272-8842,2013
1317,Y2O3Eu0.05,Y2O3,Eu,3,0.05,,,,298,615,0.62,0.37,12.2,5.8,,466,,,,,,615,https://doi.org/10.1016/j.ceramint.2013.01.013,ESV,"mp-2652,mp-558573,mp-754759,mp-775907,mp-775906,mp-13061,mp-777514,mp-1244949,mp-1245017,mp-1244888,mp-1245291,mp-1216050,mp-673247", icsd-290965 icsd-192862 icsd-181825 icsd-78581 icsd-27772 icsd-237970 icsd-186675 icsd-80033 icsd-66242 icsd-86813 icsd-85355 icsd-81861 icsd-41936 icsd-647653 icsd-86814 icsd-160890 icsd-193377 icsd-155173 icsd-290963 icsd-151761 icsd-181871 icsd-290961 icsd-26190 icsd-290960 icsd-193042 icsd-16394 icsd-66243 icsd-86817 icsd-184530 icsd-66730 icsd-193376 icsd-153500 icsd-77081 icsd-151760 icsd-290962 icsd-23811 icsd-185295 icsd-290964 icsd-41267 icsd-193374 icsd-193375 icsd-187274 icsd-82420 icsd-86815 icsd-181826 icsd-192863 icsd-160219 icsd-647650 icsd-160204 icsd-181827 icsd-192864,1.274526103,Ceramics International,0272-8842,2013
1318,Y2O3Eu0.05,Y2O3,Eu,3,0.05,,,,298,615,0.654,0.344,9.6,3,,394,,,,,,,https://doi.org/10.1016/j.ceramint.2013.01.013,ESV,"mp-2652,mp-558573,mp-754759,mp-775907,mp-775906,mp-13061,mp-777514,mp-1244949,mp-1245017,mp-1244888,mp-1245291,mp-1216050,mp-673247", icsd-290965 icsd-192862 icsd-181825 icsd-78581 icsd-27772 icsd-237970 icsd-186675 icsd-80033 icsd-66242 icsd-86813 icsd-85355 icsd-81861 icsd-41936 icsd-647653 icsd-86814 icsd-160890 icsd-193377 icsd-155173 icsd-290963 icsd-151761 icsd-181871 icsd-290961 icsd-26190 icsd-290960 icsd-193042 icsd-16394 icsd-66243 icsd-86817 icsd-184530 icsd-66730 icsd-193376 icsd-153500 icsd-77081 icsd-151760 icsd-290962 icsd-23811 icsd-185295 icsd-290964 icsd-41267 icsd-193374 icsd-193375 icsd-187274 icsd-82420 icsd-86815 icsd-181826 icsd-192863 icsd-160219 icsd-647650 icsd-160204 icsd-181827 icsd-192864,1.238067745,Ceramics International,0272-8842,2013
1319,K4BaSi3O9Eu0.05,K4BaSi3O9,Eu,3,0.05,,,,300,616.5,,,,,608,266,,,,6.096910013,1250000,,https://doi.org/10.1016/j.optmat.2014.06.036,ESV,"mp-558347,mp-976307", icsd-246254,1.025380486,Optical Materials,0925-3467,2014
1320,K4BaSi3O9Eu0.05,K4BaSi3O9,Eu,3,0.05,,,,300,616.5,,,27,,,395,,,,,,,https://doi.org/10.1016/j.optmat.2014.06.036,ESV,"mp-558347,mp-976307", icsd-246254,1.006034102,Optical Materials,0925-3467,2014
1321,Bi4Si3O12Eu0.02,Bi4Si3O12,Eu,3,0.02,,,,298,611,0.387,0.34,1.6,,420,273,,,,,,,https://doi.org/10.1038/srep42464,SN,mp-23331, icsd-402349 icsd-36156 icsd-108873 icsd-86277 icsd-84519 icsd-69430 icsd-26787,1.25183254,Scientific Reports,2045-2322,2017
1322,Bi4Si3O12Eu0.02,Bi4Si3O12,Eu,3,0.02,,,,348,611,0.387,0.334,,,,273,,,,,,,https://doi.org/10.1038/srep42464,SN,mp-23331, icsd-402349 icsd-36156 icsd-108873 icsd-86277 icsd-84519 icsd-69430 icsd-26787,1.250024466,Scientific Reports,2045-2322,2017
1323,Bi4Si3O12Eu0.02,Bi4Si3O12,Eu,3,0.02,,,,398,611,0.412,0.336,,,,273,,,,,,,https://doi.org/10.1038/srep42464,SN,mp-23331, icsd-402349 icsd-36156 icsd-108873 icsd-86277 icsd-84519 icsd-69430 icsd-26787,1.253524865,Scientific Reports,2045-2322,2017
1324,Bi4Si3O12Eu0.02,Bi4Si3O12,Eu,3,0.02,,,,448,611,0.466,0.34,,,,273,,,,,,,https://doi.org/10.1038/srep42464,SN,mp-23331, icsd-402349 icsd-36156 icsd-108873 icsd-86277 icsd-84519 icsd-69430 icsd-26787,1.259326319,Scientific Reports,2045-2322,2017
1325,Bi4Si3O12Eu0.02,Bi4Si3O12,Eu,3,0.02,,,,498,611,0.483,0.331,,,,273,,,,,,,https://doi.org/10.1038/srep42464,SN,mp-23331, icsd-402349 icsd-36156 icsd-108873 icsd-86277 icsd-84519 icsd-69430 icsd-26787,1.267325884,Scientific Reports,2045-2322,2017
1326,Bi4Si3O12Eu0.02,Bi4Si3O12,Eu,3,0.02,,,,298,700,0.589,0.368,14.5,,,393,,,,6.311753861,2050000,,https://doi.org/10.1038/srep42464,SN,mp-23331, icsd-402349 icsd-36156 icsd-108873 icsd-86277 icsd-84519 icsd-69430 icsd-26787,0.989401441,Scientific Reports,2045-2322,2017
1327,Bi4Si3O12Eu0.02,Bi4Si3O12,Eu,3,0.02,,,,348,700,0.604,0.36,,,,393,,,,6.301029996,2000000,,https://doi.org/10.1038/srep42464,SN,mp-23331, icsd-402349 icsd-36156 icsd-108873 icsd-86277 icsd-84519 icsd-69430 icsd-26787,1.031495444,Scientific Reports,2045-2322,2017
1328,Bi4Si3O12Eu0.02,Bi4Si3O12,Eu,3,0.02,,,,398,700,0.604,0.362,,,,393,,,,6.285557309,1930000,,https://doi.org/10.1038/srep42464,SN,mp-23331, icsd-402349 icsd-36156 icsd-108873 icsd-86277 icsd-84519 icsd-69430 icsd-26787,1.053433585,Scientific Reports,2045-2322,2017
1329,Bi4Si3O12Eu0.02,Bi4Si3O12,Eu,3,0.02,,,,448,700,0.618,0.363,,,,393,,,,6.271841607,1870000,,https://doi.org/10.1038/srep42464,SN,mp-23331, icsd-402349 icsd-36156 icsd-108873 icsd-86277 icsd-84519 icsd-69430 icsd-26787,1.029807463,Scientific Reports,2045-2322,2017
1330,Bi4Si3O12Eu0.02,Bi4Si3O12,Eu,3,0.02,,,,498,700,0.622,0.365,,,,393,,,,6.257678575,1810000,,https://doi.org/10.1038/srep42464,SN,mp-23331, icsd-402349 icsd-36156 icsd-108873 icsd-86277 icsd-84519 icsd-69430 icsd-26787,1.021472801,Scientific Reports,2045-2322,2017
1331,Sr1.982Si5N8Eu0.02,Sr1.982Si5N8,Eu,2,0.02,,,,298,,0.575,0.41,77,,,465,,,,,,,https://doi.org/10.1016/j.jallcom.2005.09.041,ESV,mp-9710, icsd-401500,0.983533328,Journal of Alloys and Compounds,0925-8388,2006
1332,Ca1.982Si5N8Eu0.02,Ca1.982Si5N8,Eu,2,0.02,,,,298,,0.61,0.38,53,,,465,,,,,,,https://doi.org/10.1016/j.jallcom.2005.09.041,ESV,"mp-28922,mp-570645", icsd-79070 icsd-419318,1.020424314,Journal of Alloys and Compounds,0925-8388,2006
1333,Ba1.982Si5N8Eu0.02,Ba1.982Si5N8,Eu,2,0.02,,,,298,,0.5,0.5,77,,,465,,,,,,,https://doi.org/10.1016/j.jallcom.2005.09.041,ESV,mp-9711, icsd-401501,1.050810405,Journal of Alloys and Compounds,0925-8388,2006
1334,Sr3LaV3O12Eu,Sr3LaV3O12,Eu,3,,,,,298,611,0.321,0.452,32.7,,,370,,,,3.627365857,4240,520,https://doi.org/10.1039/C4TC02783C,RSC,mp-1218724,,1.030081962,Journal of Materials Chemistry C,2050-7526,2015
1335,Sr3La0.99V3O12Eu0.01,Sr3La0.99V3O12,Eu,3,0.01,,,,298,612,,,,,,370,,,,3.62324929,4200,520,https://doi.org/10.1039/C4TC02783C,RSC,mp-1218724,,1.012193252,Journal of Materials Chemistry C,2050-7526,2015
1336,Sr3La0.97V3O12Eu0.03,Sr3La0.97V3O12,Eu,3,0.03,,,,298,612,,,,,,370,,,,3.621176282,4180,520,https://doi.org/10.1039/C4TC02783C,RSC,mp-1218724,,1.012610017,Journal of Materials Chemistry C,2050-7526,2015
1337,Sr3La0.95V3O12Eu0.05,Sr3La0.95V3O12,Eu,3,0.05,,,,298,612,0.401,0.412,31.2,,,370,,,,3.626340367,4230,520,https://doi.org/10.1039/C4TC02783C,RSC,mp-1218724,,1.011911211,Journal of Materials Chemistry C,2050-7526,2015
1338,Sr3La0.93V3O12Eu0.07,Sr3La0.93V3O12,Eu,3,0.07,,,,298,612,,,,,,370,,,,3.625312451,4220,520,https://doi.org/10.1039/C4TC02783C,RSC,mp-1218724,,1.011776533,Journal of Materials Chemistry C,2050-7526,2015
1339,Sr3La0.91V3O12Eu0.09,Sr3La0.91V3O12,Eu,3,0.09,,,,298,612,,,,,,370,,,,3.622214023,4190,520,https://doi.org/10.1039/C4TC02783C,RSC,mp-1218724,,1.012008271,Journal of Materials Chemistry C,2050-7526,2015
1340,Ca2NaZn2V3O12,Ca2NaZn2V3O12,,,,,,,298,497,0.2146,0.338,11.4,,,365,365,,,6.980003372,9550000,497,https://doi.org/10.1016/j.jpcs.2013.05.002,ESV,mp-706235,,1.497063848,Journal of Physics and Chemistry of Solids,0022-3697,2013
1341,Ca1.99Na1.01Zn2V3O12Eu0.01,Ca1.99Na1.01Zn2V3O12,Eu,3,0.01,,,,298,613,0.2759,0.3837,,,,365,365,,,,,497,https://doi.org/10.1016/j.jpcs.2013.05.002,ESV,mp-706235,,0.984749077,Journal of Physics and Chemistry of Solids,0022-3697,2013
1342,Ca1.97Na1.03Zn2V3O12Eu0.03,Ca1.97Na1.03Zn2V3O12,Eu,3,0.03,,,,298,613,0.2688,0.3711,,,,365,365,,,6.941014244,8730000,497,https://doi.org/10.1016/j.jpcs.2013.05.002,ESV,mp-706235,,1.543244418,Journal of Physics and Chemistry of Solids,0022-3697,2013
1343,Ca1.92Na1.08Zn2V3O12Eu0.08,Ca1.92Na1.08Zn2V3O12,Eu,3,0.08,,,,298,613,0.2914,0.3591,17.4,,,365,365,,,,,497,https://doi.org/10.1016/j.jpcs.2013.05.002,ESV,mp-706235,,0.983417926,Journal of Physics and Chemistry of Solids,0022-3697,2013
1344,Ca1.9Na1.1Zn2V3O12Eu0.1,Ca1.9Na1.1Zn2V3O12,Eu,3,0.1,,,,298,613,0.3154,0.406,,,,365,365,,,,,497,https://doi.org/10.1016/j.jpcs.2013.05.002,ESV,mp-706235,,0.983772315,Journal of Physics and Chemistry of Solids,0022-3697,2013
1345,Ca1.99Na1.01Zn2V3O12Sm0.01,Ca1.99Na1.01Zn2V3O12,Sm,3,0.01,,,,298,497,0.2548,0.384,,,,365,340,,,,,497,https://doi.org/10.1016/j.jpcs.2013.05.002,ESV,mp-706235,,0.976170024,Journal of Physics and Chemistry of Solids,0022-3697,2013
1346,Ca1.97Na1.03Zn2V3O12Sm0.03,Ca1.97Na1.03Zn2V3O12,Sm,3,0.03,,,,298,497,0.2673,0.3794,,,,365,340,,,6.95568775,9030000,497,https://doi.org/10.1016/j.jpcs.2013.05.002,ESV,mp-706235,,1.511030119,Journal of Physics and Chemistry of Solids,0022-3697,2013
1347,Ca1.92Na1.08Zn2V3O12Sm0.08,Ca1.92Na1.08Zn2V3O12,Sm,3,0.08,,,,298,497,0.2794,0.374,15.1,,,365,340,,,,,497,https://doi.org/10.1016/j.jpcs.2013.05.002,ESV,mp-706235,,0.968962914,Journal of Physics and Chemistry of Solids,0022-3697,2013
1348,Ca1.9Na1.1Zn2V3O12Sm0.1,Ca1.9Na1.1Zn2V3O12,Sm,3,0.1,,,,298,497,0.2931,0.3741,,,,365,340,,,,,497,https://doi.org/10.1016/j.jpcs.2013.05.002,ESV,mp-706235,,0.96841508,Journal of Physics and Chemistry of Solids,0022-3697,2013
1349,KVO3,KVO3,,,,,,,298,525,0.362,0.453,4,,,347,347,,,,,525,https://doi.org/10.1038/nmat2244,SN,"mp-18815,mp-1076633", icsd-1486 icsd-33706 icsd-44528,1.633907221,Nature Materials,1476-1122,2008
1350,RbVO3,RbVO3,,,,,,,298,525,0.316,0.424,79,,,347,347,,,,,525,https://doi.org/10.1038/nmat2244,SN,"mp-19031,mp-1076638", icsd-1488,1.499100211,Nature Materials,1476-1122,2008
1351,CsVO3,CsVO3,,,,,,,298,525,0.306,0.418,87,,,347,347,,,,,525,https://doi.org/10.1038/nmat2244,SN,mp-504651, icsd-1489,1.435678966,Nature Materials,1476-1122,2008
1352,CsK2GdV2O8,CsK2GdV2O8,,,,,,,298,530,0.316,0.512,22.8,,,312,330,,,3.80140371,6330,530,https://doi.org/10.1021/ic500208h,ACS,,,0.987027626,Inorganic Chemistry,0020-1669,2014
1353,CsK2Gd0.9V2O8Eu0.1,CsK2Gd0.9V2O8,Eu,3,0.1,,,,298,593,0.315,0.562,25.5,,,312,330,,,5.785329835,610000,593,https://doi.org/10.1021/ic500208h,ACS,,,1.010819953,Inorganic Chemistry,0020-1669,2014
1354,CsK2Gd0.8V2O8Eu0.2,CsK2Gd0.8V2O8,Eu,3,0.2,,,,298,593,0.425,0.458,24.7,,,312,330,,,5.716003344,520000,593,https://doi.org/10.1021/ic500208h,ACS,,,1.057361936,Inorganic Chemistry,0020-1669,2014
1355,CsK2Gd0.7V2O8Eu0.3,CsK2Gd0.7V2O8,Eu,3,0.3,,,,298,593,0.431,0.441,23.5,,,312,330,,,5.799340549,630000,593,https://doi.org/10.1021/ic500208h,ACS,,,0.968476259,Inorganic Chemistry,0020-1669,2014
1356,CsK2Gd0.6V2O8Eu0.4,CsK2Gd0.6V2O8,Eu,3,0.4,,,,298,593,0.445,0.431,24.7,,,312,330,,,5.832508913,680000,593,https://doi.org/10.1021/ic500208h,ACS,,,0.993473942,Inorganic Chemistry,0020-1669,2014
1357,CsK2Gd0.5V2O8Eu0.5,CsK2Gd0.5V2O8,Eu,3,0.5,,,,298,593,0.45,0.41,31.5,,,312,330,,,5.857332496,720000,593,https://doi.org/10.1021/ic500208h,ACS,,,1.044738468,Inorganic Chemistry,0020-1669,2014
1358,CsK2Gd0.4V2O8Eu0.6,CsK2Gd0.4V2O8,Eu,3,0.6,,,,298,593,0.451,0.423,38.5,,,312,330,,,5.908485019,810000,593,https://doi.org/10.1021/ic500208h,ACS,,,1.045842818,Inorganic Chemistry,0020-1669,2014
1359,CsK2Gd0.3V2O8Eu0.7,CsK2Gd0.3V2O8,Eu,3,0.7,,,,298,593,0.441,0.431,38.2,,,312,330,,,6.008600172,1020000,593,https://doi.org/10.1021/ic500208h,ACS,,,0.987617234,Inorganic Chemistry,0020-1669,2014
1360,CsK2Gd0.2V2O8Eu0.8,CsK2Gd0.2V2O8,Eu,3,0.8,,,,298,593,0.452,0.421,34.1,,,312,330,,,6.382017043,2410000,593,https://doi.org/10.1021/ic500208h,ACS,,,0.976072372,Inorganic Chemistry,0020-1669,2014
1361,CsK2Gd0.1V2O8Eu0.9,CsK2Gd0.1V2O8,Eu,3,0.9,,,,298,593,0.435,0.411,27.7,,,312,330,,,6.33243846,2150000,593,https://doi.org/10.1021/ic500208h,ACS,,,0.986265256,Inorganic Chemistry,0020-1669,2014
1362,CsK2V2O8Eu1,CsK2V2O8,Eu,3,1,,,,298,593,,,,,,312,330,,,6.311753861,2050000,593,https://doi.org/10.1021/ic500208h,ACS,,,0.989401441,Inorganic Chemistry,0020-1669,2014
1363,Ca5Mg4V6O24,Ca5Mg4V6O24,,,,,,,298,530,0.382,0.499,41.6,,388,320,350,,,3.33264041,2151,530,https://doi.org/10.1364/OE.20.004360,OSA,,,3.030989913,Optics Express,1094-4087,2012
1364,Ca5Zn4V6O24,Ca5Zn4V6O24,,,,,,,298,550,0.425,0.511,15.9,,358,320,350,,,3.234010818,1714,550,https://doi.org/10.1364/OE.20.004360,OSA,,,3.196515528,Optics Express,1094-4087,2012
1365,KVO3,KVO3,,,,,,,298,543,0.362,0.453,4,,,350,,,,,,543,https://doi.org/10.1021/jp910884c,ACS,"mp-18815,mp-1076633", icsd-1486 icsd-33706 icsd-44528,1.579434514,Journal of Physical Chemistry C,1932-7447,2010
1366,RbVO3,RbVO3,,,,,,,298,514,0.316,0.424,,,,350,,,,,,514,https://doi.org/10.1021/jp910884c,ACS,"mp-19031,mp-1076638", icsd-1488,1.503428096,Journal of Physical Chemistry C,1932-7447,2010
1367,CsVO3,CsVO3,,,,,,,298,512,0.306,0.418,87,,,350,,,,,,512,https://doi.org/10.1021/jp910884c,ACS,mp-504651, icsd-1489,1.460251866,Journal of Physical Chemistry C,1932-7447,2010
1368,Ca2V2O7,Ca2V2O7,,,,,,,298,542,0.494,0.439,,,,350,,,,,,542,https://doi.org/10.1021/jp910884c,ACS,mp-27614, icsd-20609 icsd-421266,1.472391434,Journal of Physical Chemistry C,1932-7447,2010
1369,Sr2V2O7,Sr2V2O7,,,,,,,298,542,0.393,0.488,8,,,350,,,,,,542,https://doi.org/10.1021/jp910884c,ACS,"mp-19660,mp-19368", icsd-10330 icsd-20401 icsd-72200,1.394888773,Journal of Physical Chemistry C,1932-7447,2010
1370,Ba2V2O7,Ba2V2O7,,,,,,,298,494,0.277,0.389,25,,,350,,,,,,494,https://doi.org/10.1021/jp910884c,ACS,mp-19474, icsd-34320,1.462306265,Journal of Physical Chemistry C,1932-7447,2010
1371,Ba3V2O8,Ba3V2O8,,,,,,,298,519,0.303,0.591,0.5,,,350,,,,,,519,https://doi.org/10.1021/jp910884c,ACS,mp-19365, icsd-78169 icsd-14237 icsd-167695,1.756106644,Journal of Physical Chemistry C,1932-7447,2010
1372,Sr3V2O8,Sr3V2O8,,,,,,,298,513,0.329,0.415,3.7,,,350,,,,,,513,https://doi.org/10.1021/jp910884c,ACS,mp-19386, icsd-73258 icsd-167701,1.510870157,Journal of Physical Chemistry C,1932-7447,2010
1373,Ca3V2O8,Ca3V2O8,,,,,,,298,501,0.328,0.407,0.7,,,350,,,,,,501,https://doi.org/10.1021/jp910884c,ACS,"mp-532028,mp-505741,mp-1182001", icsd-412273,1.677852875,Journal of Physical Chemistry C,1932-7447,2010
1374,Mg3V2O8,Mg3V2O8,,,,,,,298,578,0.449,0.475,6,,,350,,,,,,578,https://doi.org/10.1021/jp910884c,ACS,"mp-19034,mvc-11986", icsd-156155 icsd-21085,1.554711025,Journal of Physical Chemistry C,1932-7447,2010
1375,Zn3V2O8,Zn3V2O8,,,,,,,298,568,0.432,0.478,52,31,,350,,,,,,568,https://doi.org/10.1021/jp910884c,ACS,mp-17545, icsd-23776,1.52211729,Journal of Physical Chemistry C,1932-7447,2010
1376,Rb3YV2O8,Rb3YV2O8,,,,,,,298,500,,,71,47,423,362,362,,,4.302330929,20060,500,https://doi.org/10.1021/acs.inorgchem.0c00015,ACS,mp-1209350,,1.057574705,Inorganic Chemistry,0020-1669,2020
1377,Rb3LuV2O8,Rb3LuV2O8,,,,,,,298,500,,,85,38,423,362,362,,,4.375663614,23750,500,https://doi.org/10.1021/acs.inorgchem.0c00015,ACS,mp-1209398,,1.196245487,Inorganic Chemistry,0020-1669,2020
1378,Rb3LuV2O8Eu0.02,Rb3LuV2O8,Eu,3,0.02,,,,298,619,,,,,,320,,,,4.360025089,22910,500,https://doi.org/10.1021/acs.inorgchem.0c00015,ACS,mp-1209398,,1.166391756,Inorganic Chemistry,0020-1669,2020
1379,Rb3LuV2O8Eu0.05,Rb3LuV2O8,Eu,3,0.05,,,,298,619,,,,,,320,,,,4.331224781,21440,500,https://doi.org/10.1021/acs.inorgchem.0c00015,ACS,mp-1209398,,1.106535214,Inorganic Chemistry,0020-1669,2020
1380,Rb3LuV2O8Eu0.08,Rb3LuV2O8,Eu,3,0.08,,,,298,619,0.393,0.383,,,460,320,,,,4.306853749,20270,500,https://doi.org/10.1021/acs.inorgchem.0c00015,ACS,mp-1209398,,1.063018865,Inorganic Chemistry,0020-1669,2020
1381,Rb3LuV2O8Eu0.1,Rb3LuV2O8,Eu,3,0.1,,,,298,619,,,,,,320,,,,4.288249226,19420,500,https://doi.org/10.1021/acs.inorgchem.0c00015,ACS,mp-1209398,,1.036476314,Inorganic Chemistry,0020-1669,2020
1382,Rb3LuV2O8Eu0.15,Rb3LuV2O8,Eu,3,0.15,,,,298,619,,,,,,320,,,,4.273232834,18760,500,https://doi.org/10.1021/acs.inorgchem.0c00015,ACS,mp-1209398,,1.029185469,Inorganic Chemistry,0020-1669,2020
1383,Rb3LuV2O8Eu0.2,Rb3LuV2O8,Eu,3,0.2,,,,298,619,,,,,485,320,,,,4.243286146,17510,500,https://doi.org/10.1021/acs.inorgchem.0c00015,ACS,mp-1209398,,1.020928656,Inorganic Chemistry,0020-1669,2020
1384,Sr2VO4Cl,Sr2VO4Cl,,,,,,,298,424,,,5.5,,,276,,,,6.989227274,9755000,424,https://doi.org/10.1039/C3RA42724B,RSC,mp-558952, icsd-73946,1.424938822,RSC Advances,2046-2069,2013
1385,Sr1.95VO4ClEu0.05,Sr1.95VO4Cl,Eu,3,0.05,,,,298,612,,,2.9,,,276,,,,,,,https://doi.org/10.1039/C3RA42724B,RSC,mp-558952, icsd-73946,1.039523542,RSC Advances,2046-2069,2013
1386,Sr5V3O12Cl,Sr5V3O12Cl,,,,,,,298,517,,,2.7,,,365,,,,3.629817196,4264,517,https://doi.org/10.1039/C3RA42724B,RSC,mp-556224, icsd-184835 icsd-171381 icsd-184833 icsd-184834,1.096518875,RSC Advances,2046-2069,2013
1387,Sr4.95V3O12ClEu0.05,Sr4.95V3O12Cl,Eu,3,0.05,,,,298,612,,,0.7,,,365,,,,,,,https://doi.org/10.1039/C3RA42724B,RSC,mp-556224, icsd-184835 icsd-171381 icsd-184833 icsd-184834,1.246975186,RSC Advances,2046-2069,2013
1388,Sr4.9V3O12ClNa0.05Eu0.05,Sr4.9V3O12ClNa0.05,Eu,3,0.05,,,,298,612,,,2.5,,,365,,,,3.560265398,3633,578,https://doi.org/10.1039/C3RA42724B,RSC,mp-556224, icsd-184835 icsd-171381 icsd-184833 icsd-184834,1.540062056,RSC Advances,2046-2069,2013
1389,Ca2VO4Cl,Ca2VO4Cl,,,,,,,298,458,,,44,20,,287,287,,,,,458,https://doi.org/10.1111/jace.13463,Wiley,mp-557276, icsd-26235,1.436496653,Journal of the American Ceramic Society,0002-7820,2015
1390,Sr2VO4Cl,Sr2VO4Cl,,,,,,,298,412,,,16,7.1,,293,293,,,,,412,https://doi.org/10.1111/jace.13463,Wiley,mp-558952, icsd-73946,1.50582595,Journal of the American Ceramic Society,0002-7820,2015
1391,Ba2V2O7,Ba2V2O7,,,,,,,298,508,,,33,16,,336,336,,,,,508,https://doi.org/10.1111/jace.13463,Wiley,mp-19474, icsd-34320,1.459959641,Journal of the American Ceramic Society,0002-7820,2015
1392,LiCa3MgV3O12,LiCa3MgV3O12,,,,,,,298,481,0.2293,0.3135,44,38.8,336,330,330,,,4.093421685,12400,481,https://doi.org/10.1021/acs.inorgchem.7b02820,ACS,mp-1214210,,1.083055571,Inorganic Chemistry,0020-1669,2017
1393,LiCa3ZnV3O12,LiCa3ZnV3O12,,,,,,,298,481,0.2346,0.3234,40.1,36.3,323,330,330,,,3.797959644,6280,481,https://doi.org/10.1021/acs.inorgchem.7b02820,ACS,mp-1214210,,1.009453569,Inorganic Chemistry,0020-1669,2017
1394,Ca2KZn2V3O12,Ca2KZn2V3O12,,,,,,,298,591,0.367,0.476,19.2,,335,389,389,,,3.838849091,6900,591,https://doi.org/10.1038/srep42348,SN,mp-1214210,,0.994780632,Scientific Reports,2045-2322,2017
1395,Ca2Lu0.8TaO6Eu0.2,Ca2Lu0.8TaO6,Eu,3,0.2,,,,298,616,,,,,,396,396,465,530,5.835690571,685000,616,https://doi.org/10.1016/j.jallcom.2019.06.260,ESV,,,1.084027216,Journal of Alloys and Compounds,0925-8388,2019
1396,Ca2Lu0.7TaO6Eu0.3,Ca2Lu0.7TaO6,Eu,3,0.3,,,,298,616,,,,,,396,396,465,530,5.804820679,638000,616,https://doi.org/10.1016/j.jallcom.2019.06.260,ESV,,,1.062938005,Journal of Alloys and Compounds,0925-8388,2019
1397,Ca2Lu0.6TaO6Eu0.4,Ca2Lu0.6TaO6,Eu,3,0.4,,,,298,616,0.6675,0.3322,74,,583,396,396,465,530,5.763427994,580000,616,https://doi.org/10.1016/j.jallcom.2019.06.260,ESV,,,0.994331726,Journal of Alloys and Compounds,0925-8388,2019
1398,Ca2Lu0.5TaO6Eu0.5,Ca2Lu0.5TaO6,Eu,3,0.5,,,,298,616,,,,,,396,396,465,530,5.673941999,472000,616,https://doi.org/10.1016/j.jallcom.2019.06.260,ESV,,,1.005284331,Journal of Alloys and Compounds,0925-8388,2019
1399,Ca2Lu0.4TaO6Eu0.6,Ca2Lu0.4TaO6,Eu,3,0.6,,,,298,616,,,,,,396,396,465,530,5.57863921,379000,616,https://doi.org/10.1016/j.jallcom.2019.06.260,ESV,,,0.98414954,Journal of Alloys and Compounds,0925-8388,2019
1400,Ca2Lu0.3TaO6Eu0.7,Ca2Lu0.3TaO6,Eu,3,0.7,,,,298,616,,,,,,396,396,465,530,5.450249108,282000,616,https://doi.org/10.1016/j.jallcom.2019.06.260,ESV,,,0.977984991,Journal of Alloys and Compounds,0925-8388,2019
1401,Ca2Lu0.2TaO6Eu0.8,Ca2Lu0.2TaO6,Eu,3,0.8,,,,298,616,,,,,,396,396,465,530,5.330413773,214000,616,https://doi.org/10.1016/j.jallcom.2019.06.260,ESV,,,1.051188704,Journal of Alloys and Compounds,0925-8388,2019
1402,SrBi2Ta2O9Eu0.01,SrBi2Ta2O9,Eu,3,0.01,,,,298,615,0.585,0.407,,,,465,465,395,,,,615,https://doi.org/10.1016/j.jlumin.2019.03.057,ESV,"mp-23089,mp-559951,mp-554675,mp-556569", icsd-95918 icsd-167947 icsd-155725 icsd-97064 icsd-92057 icsd-157794 icsd-87722 icsd-89014 icsd-158292 icsd-92958 icsd-93605 icsd-97041,1.313161957,Journal of Luminescence,0022-2313,2019
1403,SrBi2Ta2O9Eu0.02,SrBi2Ta2O9,Eu,3,0.02,,,,298,615,0.629,0.369,,,,465,465,395,,,,615,https://doi.org/10.1016/j.jlumin.2019.03.057,ESV,"mp-23089,mp-559951,mp-554675,mp-556569", icsd-95918 icsd-167947 icsd-155725 icsd-97064 icsd-92057 icsd-157794 icsd-87722 icsd-89014 icsd-158292 icsd-92958 icsd-93605 icsd-97041,1.314219862,Journal of Luminescence,0022-2313,2019
1404,SrBi2Ta2O9Eu0.04,SrBi2Ta2O9,Eu,3,0.04,,,,298,615,0.632,0.367,,,,465,465,395,,,,615,https://doi.org/10.1016/j.jlumin.2019.03.057,ESV,"mp-23089,mp-559951,mp-554675,mp-556569", icsd-95918 icsd-167947 icsd-155725 icsd-97064 icsd-92057 icsd-157794 icsd-87722 icsd-89014 icsd-158292 icsd-92958 icsd-93605 icsd-97041,1.316495835,Journal of Luminescence,0022-2313,2019
1405,SrBi2Ta2O9Eu0.1,SrBi2Ta2O9,Eu,3,0.1,,,,298,615,0.635,0.364,,,,465,465,395,,6.085647288,1218000,615,https://doi.org/10.1016/j.jlumin.2019.03.057,ESV,"mp-23089,mp-559951,mp-554675,mp-556569", icsd-95918 icsd-167947 icsd-155725 icsd-97064 icsd-92057 icsd-157794 icsd-87722 icsd-89014 icsd-158292 icsd-92958 icsd-93605 icsd-97041,0.992497872,Journal of Luminescence,0022-2313,2019
1406,SrBi2Ta2O9Eu0.2,SrBi2Ta2O9,Eu,3,0.2,,,,298,615,0.641,0.358,,,400,465,465,395,,6.075911761,1191000,615,https://doi.org/10.1016/j.jlumin.2019.03.057,ESV,"mp-23089,mp-559951,mp-554675,mp-556569", icsd-95918 icsd-167947 icsd-155725 icsd-97064 icsd-92057 icsd-157794 icsd-87722 icsd-89014 icsd-158292 icsd-92958 icsd-93605 icsd-97041,1.067552958,Journal of Luminescence,0022-2313,2019
1407,SrBi2Ta2O9Eu0.3,SrBi2Ta2O9,Eu,3,0.3,,,,298,615,0.639,0.36,,,,465,465,395,,,,615,https://doi.org/10.1016/j.jlumin.2019.03.057,ESV,"mp-23089,mp-559951,mp-554675,mp-556569", icsd-95918 icsd-167947 icsd-155725 icsd-97064 icsd-92057 icsd-157794 icsd-87722 icsd-89014 icsd-158292 icsd-92958 icsd-93605 icsd-97041,1.316266813,Journal of Luminescence,0022-2313,2019
1408,SrBi2Ta2O9Eu0.4,SrBi2Ta2O9,Eu,3,0.4,,,,298,615,0.637,0.362,,,,465,465,395,,,,615,https://doi.org/10.1016/j.jlumin.2019.03.057,ESV,"mp-23089,mp-559951,mp-554675,mp-556569", icsd-95918 icsd-167947 icsd-155725 icsd-97064 icsd-92057 icsd-157794 icsd-87722 icsd-89014 icsd-158292 icsd-92958 icsd-93605 icsd-97041,1.314874997,Journal of Luminescence,0022-2313,2019
1409,SrBi2Ta2O9Eu0.6,SrBi2Ta2O9,Eu,3,0.6,,,,298,615,0.637,0.361,,,,465,465,395,,6.048830087,1119000,615,https://doi.org/10.1016/j.jlumin.2019.03.057,ESV,"mp-23089,mp-559951,mp-554675,mp-556569", icsd-95918 icsd-167947 icsd-155725 icsd-97064 icsd-92057 icsd-157794 icsd-87722 icsd-89014 icsd-158292 icsd-92958 icsd-93605 icsd-97041,0.973284445,Journal of Luminescence,0022-2313,2019
1410,BaGd0.99B9O16Eu0.01,BaGd0.99B9O16,Eu,3,0.01,,,,298,614,0.68,0.32,,,,396,396,,,,,614,https://doi.org/10.1016/S1002-0721(14)60394-X,ESV,,,1.05660788,Journal of Rare Earths,1002-0721,2015
1411,BaGd0.91La0.08B9O16Eu0.01,BaGd0.91La0.08B9O16,Eu,3,0.01,,,,298,614,0.67,0.32,,,,396,396,466,,,,614,https://doi.org/10.1016/S1002-0721(14)60394-X,ESV,,,1.358181523,Journal of Rare Earths,1002-0721,2015
1412,BaGd0.91Y0.08B9O16Eu0.01,BaGd0.91Y0.08B9O16,Eu,3,0.01,,,,298,614,0.67,0.32,,,,396,396,466,,,,614,https://doi.org/10.1016/S1002-0721(14)60394-X,ESV,,,1.275058265,Journal of Rare Earths,1002-0721,2015
1413,SrBi1.96TeO7Eu0.02,SrBi1.96TeO7,Eu,3,0.02,,,,298,613,,,,,,465,465,394,,6.372912003,2360000,613,https://doi.org/10.1016/j.materresbull.2017.08.002,ESV,,,1.025178221,Materials Research Bulletin,0025-5408,2017
1414,SrBi1.7TeO7Eu0.15,SrBi1.7TeO7,Eu,3,0.15,,,,298,613,,,,,,465,465,394,,6.155336037,1430000,613,https://doi.org/10.1016/j.materresbull.2017.08.002,ESV,,,0.972731094,Materials Research Bulletin,0025-5408,2017
1415,SrBi1.4TeO7Eu0.3,SrBi1.4TeO7,Eu,3,0.3,,,,298,613,0.64,0.35,39.42,5.4,403,465,465,394,,5.929418926,850000,613,https://doi.org/10.1016/j.materresbull.2017.08.002,ESV,,,1.039426198,Materials Research Bulletin,0025-5408,2017
1416,SrBi1.4TeO7Eu0.3,SrBi1.4TeO7,Eu,3,0.3,,,,298,613,0.62,0.34,,,,394,465,394,,,,613,https://doi.org/10.1016/j.materresbull.2017.08.002,ESV,,,1.095730118,Materials Research Bulletin,0025-5408,2017
1417,Li6CaLa2Ta2O12Eu0.5,Li6CaLa2Ta2O12,Eu,3,0.5,,,,298,608,0.65,0.34,,,,464,464,394,,,,608,https://doi.org/10.1016/j.ceramint.2014.06.069,ESV,,,1.193187763,Ceramics International,0272-8842,2014
1418,Li6CaLa2Sb2O12Eu0.4,Li6CaLa2Sb2O12,Eu,3,0.4,,,,298,611,0.64,0.35,,,,464,464,394,,,,611,https://doi.org/10.1016/j.ceramint.2014.06.069,ESV,,,1.287297545,Ceramics International,0272-8842,2014
1419,Ca0.85LaGa3S7Eu0.15,Ca0.85LaGa3S7,Eu,2,0.15,,,,300,554,0.4,0.58,,,420,405,,,,2.334453751,216,554,https://doi.org/10.1016/j.jlumin.2012.05.004,ESV,,,1.021853808,Journal of Luminescence,0022-2313,2012
1420,Ca0.85LaGa3S7Eu0.15,Ca0.85LaGa3S7,Eu,2,0.15,,,,400,554,,,,,,405,,,,2.149219113,141,554,https://doi.org/10.1016/j.jlumin.2012.05.004,ESV,,,0.993440316,Journal of Luminescence,0022-2313,2012
1421,Ca0.85LaGa3S7Eu0.15,Ca0.85LaGa3S7,Eu,2,0.15,,,,500,554,,,,,,405,,,,1.681241237,48,554,https://doi.org/10.1016/j.jlumin.2012.05.004,ESV,,,1.002422808,Journal of Luminescence,0022-2313,2012
1422,La1.95Zr2O7Eu0.05,La1.95Zr2O7,Eu,3,0.05,,,,298,586,0.616,0.383,,,,393,393,465,,4.414973348,26000,586,https://doi.org/10.1016/j.dyepig.2018.04.045,ESV,"mp-4974,mp-674999,mp-557453", icsd-248878 icsd-154752 icsd-153814 icsd-15165 icsd-51573 icsd-150206 icsd-153222 icsd-159321 icsd-184099 icsd-184100 icsd-173795 icsd-184096 icsd-184093 icsd-184102 icsd-184091 icsd-184089 icsd-184095 icsd-184090 icsd-184098 icsd-184097 icsd-184092 icsd-184094 icsd-184101,1.226380081,Dyes and Pigments,0143-7208,2018
1423,La1.95Zr2O7Eu0.05,La1.95Zr2O7,Eu,3,0.05,,,,323,586,0.615,0.384,,,,393,393,465,,,,586,https://doi.org/10.1016/j.dyepig.2018.04.045,ESV,"mp-4974,mp-674999,mp-557453", icsd-248878 icsd-154752 icsd-153814 icsd-15165 icsd-51573 icsd-150206 icsd-153222 icsd-159321 icsd-184099 icsd-184100 icsd-173795 icsd-184096 icsd-184093 icsd-184102 icsd-184091 icsd-184089 icsd-184095 icsd-184090 icsd-184098 icsd-184097 icsd-184092 icsd-184094 icsd-184101,1.103921138,Dyes and Pigments,0143-7208,2018
1424,La1.95Zr2O7Eu0.05,La1.95Zr2O7,Eu,3,0.05,,,,373,586,0.613,0.386,,,,393,393,465,,,,586,https://doi.org/10.1016/j.dyepig.2018.04.045,ESV,"mp-4974,mp-674999,mp-557453", icsd-248878 icsd-154752 icsd-153814 icsd-15165 icsd-51573 icsd-150206 icsd-153222 icsd-159321 icsd-184099 icsd-184100 icsd-173795 icsd-184096 icsd-184093 icsd-184102 icsd-184091 icsd-184089 icsd-184095 icsd-184090 icsd-184098 icsd-184097 icsd-184092 icsd-184094 icsd-184101,1.118249941,Dyes and Pigments,0143-7208,2018
1425,La1.95Zr2O7Eu0.05,La1.95Zr2O7,Eu,3,0.05,,,,423,586,0.611,0.387,,,,393,393,465,,,,586,https://doi.org/10.1016/j.dyepig.2018.04.045,ESV,"mp-4974,mp-674999,mp-557453", icsd-248878 icsd-154752 icsd-153814 icsd-15165 icsd-51573 icsd-150206 icsd-153222 icsd-159321 icsd-184099 icsd-184100 icsd-173795 icsd-184096 icsd-184093 icsd-184102 icsd-184091 icsd-184089 icsd-184095 icsd-184090 icsd-184098 icsd-184097 icsd-184092 icsd-184094 icsd-184101,1.154844341,Dyes and Pigments,0143-7208,2018
1426,La1.95Zr2O7Eu0.05,La1.95Zr2O7,Eu,3,0.05,,,,473,586,0.607,0.391,,,,393,393,465,,,,586,https://doi.org/10.1016/j.dyepig.2018.04.045,ESV,"mp-4974,mp-674999,mp-557453", icsd-248878 icsd-154752 icsd-153814 icsd-15165 icsd-51573 icsd-150206 icsd-153222 icsd-159321 icsd-184099 icsd-184100 icsd-173795 icsd-184096 icsd-184093 icsd-184102 icsd-184091 icsd-184089 icsd-184095 icsd-184090 icsd-184098 icsd-184097 icsd-184092 icsd-184094 icsd-184101,1.234584101,Dyes and Pigments,0143-7208,2018
1427,La1.95Zr2O7Eu0.05,La1.95Zr2O7,Eu,3,0.05,,,,523,586,0.602,0.397,,,,393,393,465,,,,586,https://doi.org/10.1016/j.dyepig.2018.04.045,ESV,"mp-4974,mp-674999,mp-557453", icsd-248878 icsd-154752 icsd-153814 icsd-15165 icsd-51573 icsd-150206 icsd-153222 icsd-159321 icsd-184099 icsd-184100 icsd-173795 icsd-184096 icsd-184093 icsd-184102 icsd-184091 icsd-184089 icsd-184095 icsd-184090 icsd-184098 icsd-184097 icsd-184092 icsd-184094 icsd-184101,1.324145735,Dyes and Pigments,0143-7208,2018
1428,La1.95Zr2O7Eu0.05,La1.95Zr2O7,Eu,3,0.05,,,,573,586,0.595,0.404,,,,393,393,465,,,,586,https://doi.org/10.1016/j.dyepig.2018.04.045,ESV,"mp-4974,mp-674999,mp-557453", icsd-248878 icsd-154752 icsd-153814 icsd-15165 icsd-51573 icsd-150206 icsd-153222 icsd-159321 icsd-184099 icsd-184100 icsd-173795 icsd-184096 icsd-184093 icsd-184102 icsd-184091 icsd-184089 icsd-184095 icsd-184090 icsd-184098 icsd-184097 icsd-184092 icsd-184094 icsd-184101,1.40539453,Dyes and Pigments,0143-7208,2018
1429,Gd2.9Zn2Nb3O14Eu0.1,Gd2.9Zn2Nb3O14,Eu,3,0.1,,,,298,613,0.59,0.34,20.17,,,392,392,465,,5.799340549,630000,613,https://doi.org/10.1016/j.jallcom.2018.04.135,ESV,,,0.973114552,Journal of Alloys and Compounds,0925-8388,2018
1430,Gd2.8Zn2Nb3O14Eu0.2,Gd2.8Zn2Nb3O14,Eu,3,0.2,,,,298,613,0.62,0.34,20.41,,,392,392,465,,5.806179974,640000,613,https://doi.org/10.1016/j.jallcom.2018.04.135,ESV,,,1.10945131,Journal of Alloys and Compounds,0925-8388,2018
1431,Gd2.7Zn2Nb3O14Eu0.3,Gd2.7Zn2Nb3O14,Eu,3,0.3,,,,298,613,0.63,0.35,20.82,,,392,392,465,,5.806179974,640000,613,https://doi.org/10.1016/j.jallcom.2018.04.135,ESV,,,1.109402567,Journal of Alloys and Compounds,0925-8388,2018
1432,Gd2.6Zn2Nb3O14Eu0.4,Gd2.6Zn2Nb3O14,Eu,3,0.4,,,,298,613,0.64,0.35,21.07,,,392,392,465,,5.812913357,650000,613,https://doi.org/10.1016/j.jallcom.2018.04.135,ESV,,,1.185192016,Journal of Alloys and Compounds,0925-8388,2018
1433,Gd2.5Zn2Nb3O14Eu0.5,Gd2.5Zn2Nb3O14,Eu,3,0.5,,,,298,613,0.65,0.35,20.24,,,392,392,465,,5.792391689,620000,613,https://doi.org/10.1016/j.jallcom.2018.04.135,ESV,,,1.010173791,Journal of Alloys and Compounds,0925-8388,2018
1434,Na3Ga0.95F6Eu0.05,Na3Ga0.95F6,Eu,3,0.05,,,,298,595,0.4625,0.3543,,,473,395,395,466,317,4.785329835,61000,595,https://doi.org/10.1016/j.jlumin.2018.06.080,ESV,mp-1114330,,0.964212389,Journal of Luminescence,0022-2313,2018
1435,Na3Ga0.93F6Eu0.07,Na3Ga0.93F6,Eu,3,0.07,,,,298,595,0.516,0.3563,,,458,395,395,466,317,4.763427994,58000,595,https://doi.org/10.1016/j.jlumin.2018.06.080,ESV,mp-1114330,,1.000212092,Journal of Luminescence,0022-2313,2018
1436,Na1.98Ca1.98Nb4O13Eu0.02,Na1.98Ca1.98Nb4O13,Eu,3,0.02,,,,298,613,,,,,,395,395,465,530,5.867172751,736500,613,https://doi.org/10.1016/j.jlumin.2018.12.064,ESV,,,1.004211635,Journal of Luminescence,0022-2313,2019
1437,Na1.96Ca1.96Nb4O13Eu0.04,Na1.96Ca1.96Nb4O13,Eu,3,0.04,,,,298,613,,,,,,395,395,465,530,5.859438535,723500,613,https://doi.org/10.1016/j.jlumin.2018.12.064,ESV,,,1.050779519,Journal of Luminescence,0022-2313,2019
1438,Na1.94Ca1.94Nb4O13Eu0.06,Na1.94Ca1.94Nb4O13,Eu,3,0.06,,,,298,613,,,,,,395,395,465,530,5.770999205,590200,613,https://doi.org/10.1016/j.jlumin.2018.12.064,ESV,,,0.99786407,Journal of Luminescence,0022-2313,2019
1439,Na1.92Ca1.92Nb4O13Eu0.08,Na1.92Ca1.92Nb4O13,Eu,3,0.08,,,,298,613,,,,,,395,395,465,530,5.727622578,534100,613,https://doi.org/10.1016/j.jlumin.2018.12.064,ESV,,,0.990255105,Journal of Luminescence,0022-2313,2019
1440,Na1.9Ca1.9Nb4O13Eu0.1,Na1.9Ca1.9Nb4O13,Eu,3,0.1,,,,298,613,0.6312,0.3684,,,440,395,395,465,530,5.66238002,459600,613,https://doi.org/10.1016/j.jlumin.2018.12.064,ESV,,,1.056618301,Journal of Luminescence,0022-2313,2019
1441,Na1.88Ca1.88Nb4O13Eu0.12,Na1.88Ca1.88Nb4O13,Eu,3,0.12,,,,298,613,,,,,,395,395,465,530,5.635282638,431800,613,https://doi.org/10.1016/j.jlumin.2018.12.064,ESV,,,1.012348961,Journal of Luminescence,0022-2313,2019
1442,Ca0.96ZnOSEu0.04,Ca0.96ZnOS,Eu,2,0.04,,,,298,650,0.69,0.31,35.5,,393,460,460,,,,,650,https://doi.org/10.1364/OE.18.008187,OSA,mp-7204, icsd-245309,1.119280366,Optics Express,1094-4087,2010
1443,CaLaGa3S6OCe0.1,CaLaGa3S6O,Ce,3,0.1,,,,300,442,0.147,0.089,,,,398,398,330,,1.195622944,15.69,442,https://doi.org/10.1016/j.cplett.2008.01.039,ESV,mp-1227181,,1.041435574,Chemical Physics Letters,0009-2614,2008
1444,CaLaGa3S6OCe0.1,CaLaGa3S6O,Ce,3,0.1,,,,420,442,,,,,,398,,,,1.078819183,11.99,442,https://doi.org/10.1016/j.cplett.2008.01.039,ESV,mp-1227181,,1.026080889,Chemical Physics Letters,0009-2614,2008
1445,Ba1.99ZnS3Eu0.01,Ba1.99ZnS3,Eu,2,0.01,,,,298,660,,,11,,,440,,,,,,,https://doi.org/10.1016/j.jcrysgro.2008.09.044,ESV,"mp-5587,mp-1190623", icsd-653999 icsd-25554 icsd-262215,1.113219988,Journal of Crystal Growth,0022-0248,2009
1446,Ba1.79Sr0.2ZnS3Eu0.01,Ba1.79Sr0.2ZnS3,Eu,2,0.01,,,,298,660,,,37,,,440,,,,,,,https://doi.org/10.1016/j.jcrysgro.2008.09.044,ESV,"mp-5587,mp-1190623", icsd-653999 icsd-25554 icsd-262215,1.099007577,Journal of Crystal Growth,0022-0248,2009
1447,Ba1.59Sr0.4ZnS3Eu0.01,Ba1.59Sr0.4ZnS3,Eu,2,0.01,,,,298,660,,,43,,,440,,,,,,,https://doi.org/10.1016/j.jcrysgro.2008.09.044,ESV,"mp-5587,mp-1190623", icsd-653999 icsd-25554 icsd-262215,1.173314982,Journal of Crystal Growth,0022-0248,2009
1448,Ba1.39Sr0.6ZnS3Eu0.01,Ba1.39Sr0.6ZnS3,Eu,2,0.01,,,,298,660,,,34,,,440,,,,,,,https://doi.org/10.1016/j.jcrysgro.2008.09.044,ESV,"mp-5587,mp-1190623", icsd-653999 icsd-25554 icsd-262215,1.174717809,Journal of Crystal Growth,0022-0248,2009
1449,Ba1.29Sr0.7ZnS3Eu0.01,Ba1.29Sr0.7ZnS3,Eu,2,0.01,,,,298,660,,,19,,,440,,,,,,,https://doi.org/10.1016/j.jcrysgro.2008.09.044,ESV,"mp-5587,mp-1190623", icsd-653999 icsd-25554 icsd-262215,1.172376416,Journal of Crystal Growth,0022-0248,2009
1450,Bi3.95Ti3O12Er0.05,Bi3.95Ti3O12,Er,3,0.05,,,,298,550,0.2714,0.7121,,,,488,,,,,,550,https://doi.org/10.1016/j.ceramint.2015.01.062,ESV,"mp-723064,mp-23427,mp-558277,mp-622198,mp-1179025,mp-23335", icsd-70000 icsd-59796 icsd-159930 icsd-151452 icsd-163544 icsd-87809 icsd-87808 icsd-240210 icsd-87810 icsd-159929 icsd-237194 icsd-151886 icsd-16488 icsd-195919 icsd-195916 icsd-87811 icsd-24735 icsd-195918 icsd-195917,1.233897567,Ceramics International,0272-8842,2015
1451,Bi3.9Ti3O12Er0.1,Bi3.9Ti3O12,Er,3,0.1,,,,298,550,0.2904,0.6936,,,,488,488,,,,,550,https://doi.org/10.1016/j.ceramint.2015.01.062,ESV,"mp-723064,mp-23427,mp-558277,mp-622198,mp-1179025,mp-23335", icsd-70000 icsd-59796 icsd-159930 icsd-151452 icsd-163544 icsd-87809 icsd-87808 icsd-240210 icsd-87810 icsd-159929 icsd-237194 icsd-151886 icsd-16488 icsd-195919 icsd-195916 icsd-87811 icsd-24735 icsd-195918 icsd-195917,1.234078851,Ceramics International,0272-8842,2015
1452,Bi3.8Ti3O12Er0.2,Bi3.8Ti3O12,Er,3,0.2,,,,298,550,0.2931,0.6922,,,,488,488,450,,,,550,https://doi.org/10.1016/j.ceramint.2015.01.062,ESV,"mp-723064,mp-23427,mp-558277,mp-622198,mp-1179025,mp-23335", icsd-70000 icsd-59796 icsd-159930 icsd-151452 icsd-163544 icsd-87809 icsd-87808 icsd-240210 icsd-87810 icsd-159929 icsd-237194 icsd-151886 icsd-16488 icsd-195919 icsd-195916 icsd-87811 icsd-24735 icsd-195918 icsd-195917,1.277153249,Ceramics International,0272-8842,2015
1453,Bi3.7Ti3O12Er0.3,Bi3.7Ti3O12,Er,3,0.3,,,,298,550,0.3082,0.6775,,,,488,,,,,,550,https://doi.org/10.1016/j.ceramint.2015.01.062,ESV,"mp-723064,mp-23427,mp-558277,mp-622198,mp-1179025,mp-23335", icsd-70000 icsd-59796 icsd-159930 icsd-151452 icsd-163544 icsd-87809 icsd-87808 icsd-240210 icsd-87810 icsd-159929 icsd-237194 icsd-151886 icsd-16488 icsd-195919 icsd-195916 icsd-87811 icsd-24735 icsd-195918 icsd-195917,1.281184269,Ceramics International,0272-8842,2015
1454,Bi3TiNbO9Eu0.003,Bi3TiNbO9,Eu,3,0.003,,,,298,616,,,,,,355,355,,,0.187520721,1.54,616,https://doi.org/10.1016/j.matchemphys.2009.04.005,ESV,"mp-1216863,mp-1216832,mp-1216974",,1.5159292,Materials Chemistry and Physics,0254-0584,2009
1455,Bi3TiNbO9Eu0.035,Bi3TiNbO9,Eu,3,0.035,,,,298,616,,,,,,355,355,,,0.190331698,1.55,616,https://doi.org/10.1016/j.matchemphys.2009.04.005,ESV,"mp-1216863,mp-1216832,mp-1216974",,1.511942293,Materials Chemistry and Physics,0254-0584,2009
1456,Bi3TiNbO9Eu0.05,Bi3TiNbO9,Eu,3,0.05,,,,298,616,,,,,,355,355,,,0.184691431,1.53,616,https://doi.org/10.1016/j.matchemphys.2009.04.005,ESV,"mp-1216863,mp-1216832,mp-1216974",,1.510285124,Materials Chemistry and Physics,0254-0584,2009
1457,CaBi2Ta2O9Sm0.07,CaBi2Ta2O9,Sm,3,0.07,,,,298,602,0.5714,0.4253,,,,406,406,475,,,,602,https://doi.org/10.1016/j.optcom.2014.03.072,ESV,"mp-556697,mvc-16422,mp-556848", icsd-92056 icsd-20667,1.270700285,Optics Communications,0030-4018,2014
1458,CaBi2Ta2O9Tb0.15,CaBi2Ta2O9,Tb,3,0.15,,,,298,544,0.3018,0.4381,,,,379,379,355,,,,544,https://doi.org/10.1016/j.optcom.2014.03.072,ESV,"mp-556697,mvc-16422,mp-556848", icsd-92056 icsd-20667,1.229084707,Optics Communications,0030-4018,2014
1459,CaBi2Ta2O9Tm0.1,CaBi2Ta2O9,Tm,3,0.1,,,,298,458,0.1916,0.174,,,,360,360,,,,,458,https://doi.org/10.1016/j.optcom.2014.03.072,ESV,"mp-556697,mvc-16422,mp-556848", icsd-92056 icsd-20667,1.233823487,Optics Communications,0030-4018,2014
1460,Bi2MoO6,Bi2MoO6,,,,,,,298,613,0.203,0.326,,,,328,,,,,,613,https://doi.org/10.1039/C5RA03913D,RSC,"mp-23064,mp-23423,mp-555748,mp-555658", icsd-14266 icsd-47139 icsd-201685 icsd-92326 icsd-78179 icsd-17070 icsd-37251,1.488124247,RSC Advances,2046-2069,2015
1461,Bi2MoO6Eu0.01,Bi2MoO6,Eu,3,0.01,,,,298,613,0.271,0.33,,,,328,465,,,,,613,https://doi.org/10.1039/C5RA03913D,RSC,"mp-23064,mp-23423,mp-555748,mp-555658", icsd-14266 icsd-47139 icsd-201685 icsd-92326 icsd-78179 icsd-17070 icsd-37251,1.268842029,RSC Advances,2046-2069,2015
1462,Bi2MoO6Eu0.05,Bi2MoO6,Eu,3,0.05,,,,298,613,0.299,0.303,,,,328,465,,,6.242541428,1748000,613,https://doi.org/10.1039/C5RA03913D,RSC,"mp-23064,mp-23423,mp-555748,mp-555658", icsd-14266 icsd-47139 icsd-201685 icsd-92326 icsd-78179 icsd-17070 icsd-37251,1.018654607,RSC Advances,2046-2069,2015
1463,Bi2MoO6Eu0.1,Bi2MoO6,Eu,3,0.1,,,,298,613,0.401,0.315,,,,328,465,,,,,613,https://doi.org/10.1039/C5RA03913D,RSC,"mp-23064,mp-23423,mp-555748,mp-555658", icsd-14266 icsd-47139 icsd-201685 icsd-92326 icsd-78179 icsd-17070 icsd-37251,1.247029183,RSC Advances,2046-2069,2015
1464,Bi2MoO6Eu0.15,Bi2MoO6,Eu,3,0.15,,,,298,613,0.496,0.343,,,,328,465,,,5.821513528,663000,613,https://doi.org/10.1039/C5RA03913D,RSC,"mp-23064,mp-23423,mp-555748,mp-555658", icsd-14266 icsd-47139 icsd-201685 icsd-92326 icsd-78179 icsd-17070 icsd-37251,0.999995246,RSC Advances,2046-2069,2015
1465,Bi2MoO6Eu0.2,Bi2MoO6,Eu,3,0.2,,,,298,613,0.226,0.206,,,,328,465,,,,,613,https://doi.org/10.1039/C5RA03913D,RSC,"mp-23064,mp-23423,mp-555748,mp-555658", icsd-14266 icsd-47139 icsd-201685 icsd-92326 icsd-78179 icsd-17070 icsd-37251,1.244098723,RSC Advances,2046-2069,2015
1466,SrMoO4Eu0.05,SrMoO4,Eu,3,0.05,,,,298,617,0.5812,0.3267,,,,272,272,,,5.707570176,510000,617,https://doi.org/10.1016/j.materresbull.2010.12.016,ESV,mp-18834, icsd-193794 icsd-250491 icsd-23700 icsd-28025 icsd-194080 icsd-173125 icsd-173120 icsd-245803 icsd-245802 icsd-173122 icsd-239418 icsd-248458 icsd-99089 icsd-194081,0.978283361,Materials Research Bulletin,0025-5408,2011
1467,SrMoO4Tb0.05,SrMoO4,Tb,3,0.05,,,,298,544,0.2867,0.5789,,,,258,258,,,5.880813592,760000,544,https://doi.org/10.1016/j.materresbull.2010.12.016,ESV,mp-18834, icsd-193794 icsd-250491 icsd-23700 icsd-28025 icsd-194080 icsd-173125 icsd-173120 icsd-245803 icsd-245802 icsd-173122 icsd-239418 icsd-248458 icsd-99089 icsd-194081,1.006584122,Materials Research Bulletin,0025-5408,2011
1468,SrMoO4Dy0.03,SrMoO4,Dy,3,0.03,,,,298,573,0.3721,0.4289,,,,268,268,,,5.939519253,870000,573,https://doi.org/10.1016/j.materresbull.2010.12.016,ESV,mp-18834, icsd-193794 icsd-250491 icsd-23700 icsd-28025 icsd-194080 icsd-173125 icsd-173120 icsd-245803 icsd-245802 icsd-173122 icsd-239418 icsd-248458 icsd-99089 icsd-194081,1.011585382,Materials Research Bulletin,0025-5408,2011
1469,NaGdW2O8Eu0.6,NaGdW2O8,Eu,3,0.6,,,,298,615,,,73,,,395,395,465,530,5.749195042,561300,615,https://doi.org/10.1016/j.cap.2010.09.002,ESV,mp-1192304, icsd-408189,1.042533494,Current Applied Physics,1567-1739,2011
1470,La2W3O12Eu0.05,La2W3O12,Eu,3,0.05,,,,298,535,0.66,0.33,68,,,393,,,,5.819543936,660000,,https://doi.org/10.1016/S0022-4596(02)00221-9,ESV,mp-16808, icsd-193382 icsd-78180,1.007748635,Journal of Solid State Chemistry,0022-4596,2003
1471,Gd2W3O12Eu0.05,Gd2W3O12,Eu,3,0.05,,,,298,615,0.66,0.34,64,,,393,,,,5.880813592,760000,,https://doi.org/10.1016/S0022-4596(02)00221-9,ESV,"mp-778228,mp-778269,mp-773192",,1.052826736,Journal of Solid State Chemistry,0022-4596,2003
1472,Na13Sr1.8Ta2P9O36Eu0.2,Na13Sr1.8Ta2P9O36,Eu,3,0.2,,,,298,614,,,,,,394,394,465,,6.334453751,2160000,614,https://doi.org/10.1016/j.jlumin.2019.116976,ESV,,,0.975022648,Journal of Luminescence,0022-2313,2020
1473,Na13Sr1.6Ta2P9O36Li0.2Eu0.2,Na13Sr1.6Ta2P9O36Li0.2,Eu,3,0.2,,,,298,614,,,,,,394,,,,6.342422681,2200000,614,https://doi.org/10.1016/j.jlumin.2019.116976,ESV,,,1.064258643,Journal of Luminescence,0022-2313,2020
1474,Na13Sr1.6Ta2P9O36Na0.2Eu0.2,Na13Sr1.6Ta2P9O36Na0.2,Eu,3,0.2,,,,298,614,0.644,0.3522,44.94,,,394,,,,6.348304863,2230000,614,https://doi.org/10.1016/j.jlumin.2019.116976,ESV,,,1.024847108,Journal of Luminescence,0022-2313,2020
1475,Na13Sr1.6Ta2P9O36K0.2Eu0.2,Na13Sr1.6Ta2P9O36K0.2,Eu,3,0.2,,,,298,614,,,,,,394,,,,6.344392274,2210000,614,https://doi.org/10.1016/j.jlumin.2019.116976,ESV,,,1.053965061,Journal of Luminescence,0022-2313,2020
1476,Ca2Al3O6FCe0.08,Ca2Al3O6F,Ce,3,0.08,,,,298,413,0.16,0.047,,,,350,350,,,2.174030718,149.29,413,https://doi.org/10.1021/jp304722z,ACS,mp-1227590,,1.246242201,Journal of Physical Chemistry C,1932-7447,2012
1477,Ca2Al3O6FCe0.08Tb0.005,Ca2Al3O6F,Ce,3,0.08,Tb,3,0.005,298,542,0.219,0.271,,,,350,350,,,1.620031895,41.69,413,https://doi.org/10.1021/jp304722z,ACS,mp-1227590,,0.989537502,Journal of Physical Chemistry C,1932-7447,2012
1478,Ca2Al3O6FCe0.08Tb0.01,Ca2Al3O6F,Ce,3,0.08,Tb,3,0.01,298,542,0.249,0.361,,,,350,350,,,1.354684554,22.63,413,https://doi.org/10.1021/jp304722z,ACS,mp-1227590,,0.989306633,Journal of Physical Chemistry C,1932-7447,2012
1479,Ca2Al3O6FCe0.08Tb0.03,Ca2Al3O6F,Ce,3,0.08,Tb,3,0.03,298,542,0.281,0.444,,,,350,350,,,1.13289977,13.58,413,https://doi.org/10.1021/jp304722z,ACS,mp-1227590,,0.98893743,Journal of Physical Chemistry C,1932-7447,2012
1480,Ca2Al3O6FCe0.08Tb0.05,Ca2Al3O6F,Ce,3,0.08,Tb,3,0.05,298,542,0.287,0.455,,,,350,350,,,1.090610708,12.32,413,https://doi.org/10.1021/jp304722z,ACS,mp-1227590,,0.988743357,Journal of Physical Chemistry C,1932-7447,2012
1481,Ca2Al3O6FCe0.08Tb0.1,Ca2Al3O6F,Ce,3,0.08,Tb,3,0.1,298,542,0.292,0.473,,,,350,350,,,1.025715384,10.61,413,https://doi.org/10.1021/jp304722z,ACS,mp-1227590,,0.985391326,Journal of Physical Chemistry C,1932-7447,2012
1482,Ca2Al3O6FCe0.08Tb0.2,Ca2Al3O6F,Ce,3,0.08,Tb,3,0.2,298,542,0.287,0.48,,,,350,350,,,0.980003372,9.55,413,https://doi.org/10.1021/jp304722z,ACS,mp-1227590,,0.985391326,Journal of Physical Chemistry C,1932-7447,2012
1483,Ba3La0.8P3O12Tb0.2,Ba3La0.8P3O12,Tb,3,0.2,,,,298,540,0.311,0.571,,,,377,,,,6.021189299,1050000,434,https://doi.org/10.1021/acs.inorgchem.7b00737,ACS,,,0.999687732,Inorganic Chemistry,0020-1669,2017
1484,Ba3La0.79P3O12Tb0.2Sm0.01,Ba3La0.79P3O12,Tb,3,0.2,Sm,3,0.01,298,540,0.385,0.527,,,,377,,,,,,,https://doi.org/10.1021/acs.inorgchem.7b00737,ACS,,,0.993776236,Inorganic Chemistry,0020-1669,2017
1485,Ba3La0.78P3O12Tb0.2Sm0.02,Ba3La0.78P3O12,Tb,3,0.2,Sm,3,0.02,298,540,0.419,0.506,,,,377,,,,,,,https://doi.org/10.1021/acs.inorgchem.7b00737,ACS,,,0.992866607,Inorganic Chemistry,0020-1669,2017
1486,Ba3La0.77P3O12Tb0.2Sm0.03,Ba3La0.77P3O12,Tb,3,0.2,Sm,3,0.03,298,540,0.456,0.476,,,,377,,,,,,,https://doi.org/10.1021/acs.inorgchem.7b00737,ACS,,,0.992053489,Inorganic Chemistry,0020-1669,2017
1487,Ba3La0.75P3O12Tb0.2Sm0.05,Ba3La0.75P3O12,Tb,3,0.2,Sm,3,0.05,298,540,0.477,0.466,,,,377,,,,,,,https://doi.org/10.1021/acs.inorgchem.7b00737,ACS,,,0.992280472,Inorganic Chemistry,0020-1669,2017
1488,Ba3La0.95P3O12Sm0.05,Ba3La0.95P3O12,Sm,3,0.05,,,,298,593,0.59,0.395,,,,377,,,,,,,https://doi.org/10.1021/acs.inorgchem.7b00737,ACS,,,0.995626759,Inorganic Chemistry,0020-1669,2017
1489,Ba3La0.94P3O12Tb0.01Sm0.05,Ba3La0.94P3O12,Tb,3,0.01,Sm,3,0.05,298,593,0.572,0.403,,,,377,,,,,,,https://doi.org/10.1021/acs.inorgchem.7b00737,ACS,,,0.999052574,Inorganic Chemistry,0020-1669,2017
1490,Ba3La0.92P3O12Tb0.03Sm0.05,Ba3La0.92P3O12,Tb,3,0.03,Sm,3,0.05,298,593,0.554,0.412,,,,377,,,,,,,https://doi.org/10.1021/acs.inorgchem.7b00737,ACS,,,1.002109886,Inorganic Chemistry,0020-1669,2017
1491,Ba3La0.9P3O12Tb0.05Sm0.05,Ba3La0.9P3O12,Tb,3,0.05,Sm,3,0.05,298,593,0.532,0.426,67,,700,377,,,,,,,https://doi.org/10.1021/acs.inorgchem.7b00737,ACS,,,1.244351513,Inorganic Chemistry,0020-1669,2017
1492,Ba3La0.85P3O12Tb0.1Sm0.05,Ba3La0.85P3O12,Tb,3,0.1,Sm,3,0.05,298,540,0.503,0.447,,,,377,,,,,,,https://doi.org/10.1021/acs.inorgchem.7b00737,ACS,,,0.991352731,Inorganic Chemistry,0020-1669,2017
1493,BaMg2Si2O7Eu0.01,BaMg2Si2O7,Eu,2,0.01,,,,298,396,,,79,,,320,,,,,,396,https://doi.org/10.1021/acs.jpcc.7b12204,ACS,mp-1019549, icsd-420258,1.09400047,Journal of Physical Chemistry C,1932-7447,2018
1494,BaMg2Si2O7Eu0.02,BaMg2Si2O7,Eu,2,0.02,,,,298,396,,,72,,,320,,,,2.725339816,531.3,396,https://doi.org/10.1021/acs.jpcc.7b12204,ACS,mp-1019549, icsd-420258,0.991832794,Journal of Physical Chemistry C,1932-7447,2018
1495,BaMg2Si2O7Eu0.02,BaMg2Si2O7,Eu,2,0.02,,,,420,396,,,,,,320,,,,2.689575216,489.3,396,https://doi.org/10.1021/acs.jpcc.7b12204,ACS,mp-1019549, icsd-420258,0.993648578,Journal of Physical Chemistry C,1932-7447,2018
1496,BaMg2Si2O7Eu0.03,BaMg2Si2O7,Eu,2,0.03,,,,298,396,,,69,,,320,,,,,,396,https://doi.org/10.1021/acs.jpcc.7b12204,ACS,mp-1019549, icsd-420258,1.09333331,Journal of Physical Chemistry C,1932-7447,2018
1497,BaMg2Si2O7Eu0.05,BaMg2Si2O7,Eu,2,0.05,,,,298,396,,,58,,,320,,,,,,396,https://doi.org/10.1021/acs.jpcc.7b12204,ACS,mp-1019549, icsd-420258,1.093590456,Journal of Physical Chemistry C,1932-7447,2018
1498,LiY8.995Si6O26Ce0.005,LiY8.995Si6O26,Ce,3,0.005,,,,298,366,0.153,0.073,,,,305,,,,,,,https://doi.org/10.1021/acs.inorgchem.6b01656,ACS,mp-1222506,,3.832105304,Inorganic Chemistry,0020-1669,2016
1499,LiY8.985Si6O26Ce0.15,LiY8.985Si6O26,Ce,3,0.15,,,,298,366,0.161,0.111,,,,305,,,,1.494154594,31.2,,https://doi.org/10.1021/acs.inorgchem.6b01656,ACS,mp-1222506,,1.201338988,Inorganic Chemistry,0020-1669,2016
1500,LiY8.5Si6O26Ce0.5,LiY8.5Si6O26,Ce,3,0.5,,,,298,366,0.165,0.138,,,,305,,,,,,,https://doi.org/10.1021/acs.inorgchem.6b01656,ACS,mp-1222506,,3.532679485,Inorganic Chemistry,0020-1669,2016
1501,LiY8.5Si6O26Ce0.5,LiY8.5Si6O26,Ce,3,0.5,,,,350,366,0.178,0.19,,,,305,,,,,,,https://doi.org/10.1021/acs.inorgchem.6b01656,ACS,mp-1222506,,3.559569136,Inorganic Chemistry,0020-1669,2016
1502,LiY8.5Si6O26Ce0.5,LiY8.5Si6O26,Ce,3,0.5,,,,400,366,0.175,0.167,,,,305,,,,,,,https://doi.org/10.1021/acs.inorgchem.6b01656,ACS,mp-1222506,,3.642711116,Inorganic Chemistry,0020-1669,2016
1503,LiY8.5Si6O26Ce0.5,LiY8.5Si6O26,Ce,3,0.5,,,,450,366,0.171,0.14,,,,305,,,,,,,https://doi.org/10.1021/acs.inorgchem.6b01656,ACS,mp-1222506,,3.778510682,Inorganic Chemistry,0020-1669,2016
1504,LiY8.5Si6O26Ce0.5,LiY8.5Si6O26,Ce,3,0.5,,,,475,366,0.17,0.123,,,,305,,,,,,,https://doi.org/10.1021/acs.inorgchem.6b01656,ACS,mp-1222506,,3.862212744,Inorganic Chemistry,0020-1669,2016
1505,LiY8Si6O26Ce1,LiY8Si6O26,Ce,3,1,,,,298,400,0.189,0.176,,,,305,,,,,,,https://doi.org/10.1021/acs.inorgchem.6b01656,ACS,mp-1222506,,3.472755779,Inorganic Chemistry,0020-1669,2016
1506,LiY7Si6O26Ce2,LiY7Si6O26,Ce,3,2,,,,298,468,0.209,0.228,,,,305,,,,,,,https://doi.org/10.1021/acs.inorgchem.6b01656,ACS,mp-1222506,,3.119548583,Inorganic Chemistry,0020-1669,2016
1507,LiY6Si6O26Ce3,LiY6Si6O26,Ce,3,3,,,,298,468,0.223,0.26,,,,305,,,,,,,https://doi.org/10.1021/acs.inorgchem.6b01656,ACS,mp-1222506,,1.856313153,Inorganic Chemistry,0020-1669,2016
1508,Sr1.97Sb2O7Bi0.03,Sr1.97Sb2O7,Bi,3,0.03,,,,298,496,0.1897,0.4505,50.48,23.74,,372,372,,,2.476266301,299.41,496,https://doi.org/10.1021/acssuschemeng.1c01396,ACS,mp-4103, icsd-77062 icsd-62960,1.196571425,ACS Sustainable Chemistry and Engineering,2168-0485,2021
1509,Sr1.773Ca0.197Sb2O7Bi0.03,Sr1.773Ca0.197Sb2O7,Bi,3,0.03,,,,298,496,0.1654,0.3525,43.8,21.71,,372,372,,,2.469335923,294.67,496,https://doi.org/10.1021/acssuschemeng.1c01396,ACS,mp-4103, icsd-77062 icsd-62960,1.079473564,ACS Sustainable Chemistry and Engineering,2168-0485,2021
1510,Sr1.576Ca0.394Sb2O7Bi0.03,Sr1.576Ca0.394Sb2O7,Bi,3,0.03,,,,298,496,0.1524,0.2724,38.6,16.13,,372,372,,,2.458622743,287.49,496,https://doi.org/10.1021/acssuschemeng.1c01396,ACS,mp-4103, icsd-77062 icsd-62960,1.076431876,ACS Sustainable Chemistry and Engineering,2168-0485,2021
1511,Sr1.182Ca0.788Sb2O7Bi0.03,Sr1.182Ca0.788Sb2O7,Bi,3,0.03,,,,298,496,0.1433,0.1331,30.41,16.13,,372,372,,,2.442526802,277.03,496,https://doi.org/10.1021/acssuschemeng.1c01396,ACS,mp-4103, icsd-77062 icsd-62960,1.074959677,ACS Sustainable Chemistry and Engineering,2168-0485,2021
1512,Sr0.788Ca1.182Sb2O7Bi0.03,Sr0.788Ca1.182Sb2O7,Bi,3,0.03,,,,298,437,0.1488,0.0573,37.74,25.59,,372,347,,,2.412275702,258.39,496,https://doi.org/10.1021/acssuschemeng.1c01396,ACS,mp-4103, icsd-77062 icsd-62960,1.064732524,ACS Sustainable Chemistry and Engineering,2168-0485,2021
1513,Sr0.394Ca1.576Sb2O7Bi0.03,Sr0.394Ca1.576Sb2O7,Bi,3,0.03,,,,298,437,0.1498,0.053,51.27,36.17,,372,347,,,2.420137355,263.11,496,https://doi.org/10.1021/acssuschemeng.1c01396,ACS,mp-4103, icsd-77062 icsd-62960,1.071629451,ACS Sustainable Chemistry and Engineering,2168-0485,2021
1514,Ca1.97Sb2O7Bi0.03,Ca1.97Sb2O7,Bi,3,0.03,,,,298,437,0.1482,0.0617,62.38,41.97,,372,347,,,2.471643699,296.24,496,https://doi.org/10.1021/acssuschemeng.1c01396,ACS,"mp-16280,mp-1190115,mp-14145", icsd-261535 icsd-77063 icsd-166282 icsd-238545 icsd-24245,1.235406327,ACS Sustainable Chemistry and Engineering,2168-0485,2021
1515,Sr2LiScB4O10Ce0.03,Sr2LiScB4O10,Ce,3,0.03,,,,298,385,0.175,0.062,37.61,,,325,,,,1.991576029,98.079,385,https://doi.org/10.1021/acs.inorgchem.9b00639,ACS,mp-8796, icsd-68429,1.060320211,Inorganic Chemistry,0020-1669,2019
1516,Sr2LiScB4O10Ce0.03Tb0.01,Sr2LiScB4O10,Ce,3,0.03,Tb,3,0.01,298,544,0.244,0.282,,,,325,,,,1.864178707,73.144,385,https://doi.org/10.1021/acs.inorgchem.9b00639,ACS,mp-8796, icsd-68429,1.063202225,Inorganic Chemistry,0020-1669,2019
1517,Sr2LiScB4O10Ce0.03Tb0.03,Sr2LiScB4O10,Ce,3,0.03,Tb,3,0.03,298,544,0.268,0.372,,,,325,,,,,,385,https://doi.org/10.1021/acs.inorgchem.9b00639,ACS,mp-8796, icsd-68429,1.264665836,Inorganic Chemistry,0020-1669,2019
1518,Sr2LiScB4O10Ce0.03Tb0.05,Sr2LiScB4O10,Ce,3,0.03,Tb,3,0.05,298,544,0.292,0.458,39.67,,,325,,,,1.755897713,57.003,385,https://doi.org/10.1021/acs.inorgchem.9b00639,ACS,mp-8796, icsd-68429,1.058288736,Inorganic Chemistry,0020-1669,2019
1519,Sr2LiScB4O10Ce0.03Tb0.07,Sr2LiScB4O10,Ce,3,0.03,Tb,3,0.07,298,544,0.312,0.513,,,,325,,,,,,385,https://doi.org/10.1021/acs.inorgchem.9b00639,ACS,mp-8796, icsd-68429,1.26283426,Inorganic Chemistry,0020-1669,2019
1520,Sr2LiScB4O10Ce0.03Tb0.1,Sr2LiScB4O10,Ce,3,0.03,Tb,3,0.1,298,544,0.33,0.54,43.49,,,325,,,,1.631930555,42.848,385,https://doi.org/10.1021/acs.inorgchem.9b00639,ACS,mp-8796, icsd-68429,1.048780113,Inorganic Chemistry,0020-1669,2019
1521,Sr2LiScB4O10Ce0.03Tb0.15,Sr2LiScB4O10,Ce,3,0.03,Tb,3,0.15,298,544,0.325,0.558,,,,325,,,,1.550020331,35.483,385,https://doi.org/10.1021/acs.inorgchem.9b00639,ACS,mp-8796, icsd-68429,1.038574643,Inorganic Chemistry,0020-1669,2019
1522,Sr2LiScB4O10Ce0.03Tb0.2,Sr2LiScB4O10,Ce,3,0.03,Tb,3,0.2,298,544,0.34,0.566,45.87,,,325,,,,1.424326168,26.566,385,https://doi.org/10.1021/acs.inorgchem.9b00639,ACS,mp-8796, icsd-68429,1.02913172,Inorganic Chemistry,0020-1669,2019
1523,Sr2LiScB4O10Ce0.03Tb0.25,Sr2LiScB4O10,Ce,3,0.03,Tb,3,0.25,298,544,0.339,0.58,,,,325,,,,,,385,https://doi.org/10.1021/acs.inorgchem.9b00639,ACS,mp-8796, icsd-68429,1.211571033,Inorganic Chemistry,0020-1669,2019
1524,Sr2LiScB4O10Ce0.03Tb0.3,Sr2LiScB4O10,Ce,3,0.03,Tb,3,0.3,298,544,0.338,0.582,,,,325,,,,1.240798771,17.41,385,https://doi.org/10.1021/acs.inorgchem.9b00639,ACS,mp-8796, icsd-68429,1.035966055,Inorganic Chemistry,0020-1669,2019
1525,BaMgSi4O10Eu0.04,BaMgSi4O10,Eu,2,0.04,,,,298,464,0.162,0.168,75.3,51.7,,360,,,,3.198657087,1580,464,https://doi.org/10.1021/acs.inorgchem.0c01803,ACS,,,1.035433866,Inorganic Chemistry,0020-1669,2020
1526,BaMgSi4O10Eu0.04Mn0.02,BaMgSi4O10,Eu,2,0.04,Mn,2,0.02,298,464,,,62,42,,360,,,,3.170261715,1480,464,https://doi.org/10.1021/acs.inorgchem.0c01803,ACS,,,1.034409527,Inorganic Chemistry,0020-1669,2020
1527,BaMgSi4O10Eu0.04Mn0.04,BaMgSi4O10,Eu,2,0.04,Mn,2,0.04,298,464,,,69,47.5,,360,,,,3.1430148,1390,464,https://doi.org/10.1021/acs.inorgchem.0c01803,ACS,,,1.035813366,Inorganic Chemistry,0020-1669,2020
1528,BaMgSi4O10Eu0.04Mn0.06,BaMgSi4O10,Eu,2,0.04,Mn,2,0.06,298,537,,,65,47,,360,,,,3.117271296,1310,464,https://doi.org/10.1021/acs.inorgchem.0c01803,ACS,,,1.036761131,Inorganic Chemistry,0020-1669,2020
1529,BaMgSi4O10Eu0.04Mn0.08,BaMgSi4O10,Eu,2,0.04,Mn,2,0.08,298,537,,,59,42,,360,,,,3.100370545,1260,464,https://doi.org/10.1021/acs.inorgchem.0c01803,ACS,,,1.070191001,Inorganic Chemistry,0020-1669,2020
1530,BaMgSi4O10Eu0.04Mn0.1,BaMgSi4O10,Eu,2,0.04,Mn,2,0.1,298,537,,,55,38.5,,360,,,,3.075546961,1190,464,https://doi.org/10.1021/acs.inorgchem.0c01803,ACS,,,1.094077073,Inorganic Chemistry,0020-1669,2020
1531,BaMgSi4O10Eu0.04Mn0.12,BaMgSi4O10,Eu,2,0.04,Mn,2,0.12,298,537,,,53,38.5,,360,,,,3.056904851,1140,464,https://doi.org/10.1021/acs.inorgchem.0c01803,ACS,,,1.089083125,Inorganic Chemistry,0020-1669,2020
1532,BaMgSi4O10Mn0.08,BaMgSi4O10,Mn,2,0.08,,,,298,537,0.341,0.61,0.3,0.1,,440,,,,,,537,https://doi.org/10.1021/acs.inorgchem.0c01803,ACS,,,0.949782277,Inorganic Chemistry,0020-1669,2020
1533,Ga1.97O3Cr0.03,Ga1.97O3,Cr,3,0.03,,,,298,713,,,92.5,,483,450,450,300,600,5.361916619,230100,713,https://doi.org/10.1021/acsami.1c05949,ACS,"mp-886,mp-1243,mp-1244900,mp-1245167,mp-1244938,mp-1245018,mp-1244932,mp-685090,mp-13134", icsd-603563 icsd-184327 icsd-166198 icsd-34243 icsd-83645 icsd-33644 icsd-635016 icsd-166199 icsd-27431 icsd-162252,1.051360941,ACS Applied Materials &amp; Interfaces,1944-8244,2021
1534,Ga1.87In0.1O3Cr0.03,Ga1.87In0.1O3,Cr,3,0.03,,,,298,760,,,90.9,,,450,,,,5.086359831,122000,,https://doi.org/10.1021/acsami.1c05949,ACS,"mp-886,mp-1243,mp-1244900,mp-1245167,mp-1244938,mp-1245018,mp-1244932,mp-685090,mp-13134", icsd-603563 icsd-184327 icsd-166198 icsd-34243 icsd-83645 icsd-33644 icsd-635016 icsd-166199 icsd-27431 icsd-162252,1.111669956,ACS Applied Materials &amp; Interfaces,1944-8244,2021
1535,Ga1.77In0.2O3Cr0.03,Ga1.77In0.2O3,Cr,3,0.03,,,,298,780,,,89.3,,473,450,,,,4.929418926,85000,,https://doi.org/10.1021/acsami.1c05949,ACS,"mp-886,mp-1243,mp-1244900,mp-1245167,mp-1244938,mp-1245018,mp-1244932,mp-685090,mp-13134", icsd-603563 icsd-184327 icsd-166198 icsd-34243 icsd-83645 icsd-33644 icsd-635016 icsd-166199 icsd-27431 icsd-162252,1.062550022,ACS Applied Materials &amp; Interfaces,1944-8244,2021
1536,Ga1.67In0.3O3Cr0.03,Ga1.67In0.3O3,Cr,3,0.03,,,,298,795,,,92.2,,,450,,,,4.826074803,67000,,https://doi.org/10.1021/acsami.1c05949,ACS,"mp-886,mp-1243,mp-1244900,mp-1245167,mp-1244938,mp-1245018,mp-1244932,mp-685090,mp-13134", icsd-603563 icsd-184327 icsd-166198 icsd-34243 icsd-83645 icsd-33644 icsd-635016 icsd-166199 icsd-27431 icsd-162252,0.988683726,ACS Applied Materials &amp; Interfaces,1944-8244,2021
1537,Ga1.57In0.4O3Cr0.03,Ga1.57In0.4O3,Cr,3,0.03,,,,298,815,,,87.9,,448,450,,,,4.807535028,64200,,https://doi.org/10.1021/acsami.1c05949,ACS,"mp-886,mp-1243,mp-1244900,mp-1245167,mp-1244938,mp-1245018,mp-1244932,mp-685090,mp-13134", icsd-603563 icsd-184327 icsd-166198 icsd-34243 icsd-83645 icsd-33644 icsd-635016 icsd-166199 icsd-27431 icsd-162252,0.987406015,ACS Applied Materials &amp; Interfaces,1944-8244,2021
1538,Ga1.47In0.5O3Cr0.03,Ga1.47In0.5O3,Cr,3,0.03,,,,298,820,,,71.9,,,450,,,,4.761927838,57800,,https://doi.org/10.1021/acsami.1c05949,ACS,"mp-886,mp-1243,mp-1244900,mp-1245167,mp-1244938,mp-1245018,mp-1244932,mp-685090,mp-13134", icsd-603563 icsd-184327 icsd-166198 icsd-34243 icsd-83645 icsd-33644 icsd-635016 icsd-166199 icsd-27431 icsd-162252,1.002141155,ACS Applied Materials &amp; Interfaces,1944-8244,2021
1544,Ba2Y5B5O17Ce0.25,Ba2Y5B5O17,Ce,3,0.25,,,,298,457,,,,70,413,363,363,,,,,450,https://doi.org/10.1021/acs.chemmater.7b01416,ACS,,,1.370981933,Chemistry of Materials,0897-4756,2017
1545,Ba2Y3.75Lu1.25B5O17Ce0.25,Ba2Y3.75Lu1.25B5O17,Ce,3,0.25,,,,298,458,,,,73,422,363,363,,,,,450,https://doi.org/10.1021/acs.chemmater.7b01416,ACS,,,1.595371906,Chemistry of Materials,0897-4756,2017
1546,Ba2Y2.5Lu2.5B5O17Ce0.25,Ba2Y2.5Lu2.5B5O17,Ce,3,0.25,,,,298,452,,,,88,447,363,363,,,,,450,https://doi.org/10.1021/acs.chemmater.7b01416,ACS,,,1.684931958,Chemistry of Materials,0897-4756,2017
1547,Ba2Y1.25Lu3.75B5O17Ce0.25,Ba2Y1.25Lu3.75B5O17,Ce,3,0.25,,,,298,450,,,,90,443,363,363,,,,,450,https://doi.org/10.1021/acs.chemmater.7b01416,ACS,,,1.63002839,Chemistry of Materials,0897-4756,2017
1548,Ba2Lu5B5O17Ce0.25,Ba2Lu5B5O17,Ce,3,0.25,,,,298,447,,,,87,452,363,363,,,,,450,https://doi.org/10.1021/acs.chemmater.7b01416,ACS,,,1.656516574,Chemistry of Materials,0897-4756,2017
1549,NaLa3.6Mo3O15FEu0.1,NaLa3.6Mo3O15F,Eu,3,0.1,,,,298,615,0.664,0.329,32.1,,,395,395,465,,,,615,https://doi.org/10.1364/OME.4.000190,OSA,,,1.00181624,Optical Materials Express,2159-3930,2014
1550,NaLa3.2Mo3O15FEu0.2,NaLa3.2Mo3O15F,Eu,3,0.2,,,,298,615,0.671,0.225,36.3,,,395,395,465,,,,615,https://doi.org/10.1364/OME.4.000190,OSA,,,0.994166887,Optical Materials Express,2159-3930,2014
1551,NaLa2.8Mo3O15FEu0.3,NaLa2.8Mo3O15F,Eu,3,0.3,,,,298,615,0.671,0.321,37.6,,,395,395,465,,,,615,https://doi.org/10.1364/OME.4.000190,OSA,,,1.01094599,Optical Materials Express,2159-3930,2014
1552,NaLa2.4Mo3O15FEu0.4,NaLa2.4Mo3O15F,Eu,3,0.4,,,,298,615,0.665,0.328,45.5,,,395,395,465,,,,615,https://doi.org/10.1364/OME.4.000190,OSA,,,1.048233669,Optical Materials Express,2159-3930,2014
1553,NaLa2Mo3O15FEu0.5,NaLa2Mo3O15F,Eu,3,0.5,,,,298,615,0.667,0.323,58.1,,,395,395,465,,,,615,https://doi.org/10.1364/OME.4.000190,OSA,,,1.090882585,Optical Materials Express,2159-3930,2014
1554,NaLa1.6Mo3O15FEu0.6,NaLa1.6Mo3O15F,Eu,3,0.6,,,,298,615,0.668,0.331,65.8,,,395,395,465,,,,615,https://doi.org/10.1364/OME.4.000190,OSA,,,1.07674535,Optical Materials Express,2159-3930,2014
1555,NaLa1.2Mo3O15FEu0.7,NaLa1.2Mo3O15F,Eu,3,0.7,,,,298,615,0.664,0.328,72.5,,,395,395,465,,,,615,https://doi.org/10.1364/OME.4.000190,OSA,,,1.068413584,Optical Materials Express,2159-3930,2014
1556,NaLa0.8Mo3O15FEu0.8,NaLa0.8Mo3O15F,Eu,3,0.8,,,,298,615,0.668,0.323,66.8,,,395,395,465,,,,615,https://doi.org/10.1364/OME.4.000190,OSA,,,1.081826309,Optical Materials Express,2159-3930,2014
1557,NaLa0.4Mo3O15FEu0.9,NaLa0.4Mo3O15F,Eu,3,0.9,,,,298,615,0.662,0.332,65.7,,,395,395,465,,,,615,https://doi.org/10.1364/OME.4.000190,OSA,,,1.121161262,Optical Materials Express,2159-3930,2014
1558,NaMo3O15FEu1,NaMo3O15F,Eu,3,1,,,,298,615,0.667,0.325,62.9,,,395,395,465,,,,615,https://doi.org/10.1364/OME.4.000190,OSA,,,1.108325586,Optical Materials Express,2159-3930,2014
1559,Gd6MoO12Eu0.25,Gd6MoO12,Eu,3,0.25,,,,298,613,0.655,0.345,62,,473,394,394,465,,5.439332694,275000,613,https://doi.org/10.1007/s11051-013-1940-7,SN,,,0.984827491,Journal of Nanoparticle Research,1388-0764,2013
1560,Gd6MoO12Eu0.25,Gd6MoO12,Eu,3,0.25,,,,298,613,,,43,,,320,,,,,,,https://doi.org/10.1007/s11051-013-1940-7,SN,,,1.158881079,Journal of Nanoparticle Research,1388-0764,2013
1561,Gd6MoO12Eu0.25,Gd6MoO12,Eu,3,0.25,,,,298,613,,,25,,,450,,,,,,,https://doi.org/10.1007/s11051-013-1940-7,SN,,,1.156034283,Journal of Nanoparticle Research,1388-0764,2013
1562,Ca2PO4ClEu0.11,Ca2PO4Cl,Eu,2,0.11,,,,298,454,,,84.8,61,,400,,,,,,454,https://doi.org/10.1039/B920610H,RSC,mp-554081, icsd-15316,1.073071128,Journal of Materials Chemistry,0959-9428,2010
1563,Y3Al5O12Ce0.06,Y3Al5O12,Ce,3,0.06,,,,298,560,0.43,0.54,54,,,450,,,,,,560,https://doi.org/10.1063/1.2367657,AIP,mp-3050, icsd-67102 icsd-236589 icsd-280104 icsd-41144 icsd-74607 icsd-41145 icsd-67103 icsd-170157 icsd-20090 icsd-93635 icsd-16825 icsd-170158 icsd-31496 icsd-23848 icsd-93634,1.074775213,Applied Physics Letters,0003-6951,2006
1564,BaBeSiO4Eu0.01,BaBeSiO4,Eu,2,0.01,,,,298,460,0.19,0.22,,,,337,337,,,2.626340367,423,460,https://doi.org/10.1364/OME.6.000416,OSA,mp-550751, icsd-86792,1.225737719,Optical Materials Express,2159-3930,2016
1565,BaBeSiO4Eu0.02,BaBeSiO4,Eu,2,0.02,,,,298,460,0.18,0.21,,,,337,337,,,,,460,https://doi.org/10.1364/OME.6.000416,OSA,mp-550751, icsd-86792,1.116155079,Optical Materials Express,2159-3930,2016
1566,BaBeSiO4Eu0.03,BaBeSiO4,Eu,2,0.03,,,,298,460,0.18,0.22,53.35,,483,337,337,,,2.56937391,371,460,https://doi.org/10.1364/OME.6.000416,OSA,mp-550751, icsd-86792,1.170864075,Optical Materials Express,2159-3930,2016
1567,BaBeSiO4Eu0.05,BaBeSiO4,Eu,2,0.05,,,,298,460,0.18,0.24,,,,337,337,,,2.530199698,339,460,https://doi.org/10.1364/OME.6.000416,OSA,mp-550751, icsd-86792,1.168380032,Optical Materials Express,2159-3930,2016
1568,BaBeSiO4Eu0.07,BaBeSiO4,Eu,2,0.07,,,,298,460,0.19,0.25,,,,337,337,,,2.541579244,348,460,https://doi.org/10.1364/OME.6.000416,OSA,mp-550751, icsd-86792,1.178265835,Optical Materials Express,2159-3930,2016
1569,BaBeSiO4Eu0.1,BaBeSiO4,Eu,2,0.1,,,,298,460,0.18,0.25,,,,337,337,,,2.471291711,296,460,https://doi.org/10.1364/OME.6.000416,OSA,mp-550751, icsd-86792,1.152027746,Optical Materials Express,2159-3930,2016
1570,Ca9LaP7O28Eu0.005,Ca9LaP7O28,Eu,2,0.005,,,,298,502,0.281,0.445,,,483,365,405,,,2.923244019,838,502,https://doi.org/10.1364/OE.18.005089,OSA,,,1.079606037,Optics Express,1094-4087,2010
1571,Ca9LaP7O28Eu0.005Mn0.01,Ca9LaP7O28,Eu,2,0.005,Mn,2,0.01,298,502,0.367,0.411,,,,365,405,,,2.88536122,768,502,https://doi.org/10.1364/OE.18.005089,OSA,,,1.043470399,Optics Express,1094-4087,2010
1572,Ca9LaP7O28Eu0.005Mn0.015,Ca9LaP7O28,Eu,2,0.005,Mn,2,0.015,298,502,0.406,0.388,,,,365,405,,,2.78604121,611,502,https://doi.org/10.1364/OE.18.005089,OSA,,,0.989349884,Optics Express,1094-4087,2010
1573,Ca9LaP7O28Eu0.005Mn0.03,Ca9LaP7O28,Eu,2,0.005,Mn,2,0.03,298,502,0.495,0.358,,,,365,405,,,2.627365857,424,502,https://doi.org/10.1364/OE.18.005089,OSA,,,0.955603721,Optics Express,1094-4087,2010
1574,Ca9LaP7O28Eu0.005Mn0.05,Ca9LaP7O28,Eu,2,0.005,Mn,2,0.05,298,635,0.573,0.328,,,483,365,405,,,2.120573931,132,502,https://doi.org/10.1364/OE.18.005089,OSA,,,0.990411931,Optics Express,1094-4087,2010
1575,Ca9LaP7O28Eu0.005Mn0.07,Ca9LaP7O28,Eu,2,0.005,Mn,2,0.07,298,635,0.62,0.31,,,,365,405,,,1.745855195,55.7,502,https://doi.org/10.1364/OE.18.005089,OSA,,,0.985747964,Optics Express,1094-4087,2010
1576,Ca9LaP7O28Eu0.005Mn0.1,Ca9LaP7O28,Eu,2,0.005,Mn,2,0.1,298,635,0.637,0.303,,,,365,405,,,1.411619706,25.8,502,https://doi.org/10.1364/OE.18.005089,OSA,,,0.991110828,Optics Express,1094-4087,2010
1578,Ba0.99YSi2Al2O2N5Eu0.01,Ba0.99YSi2Al2O2N5,Eu,2,0.01,,,,298,510,0.2345,0.5577,,,,354,354,,,,,510,https://doi.org/10.1039/C0JM03573D,RSC,,,1.009276926,Journal of Materials Chemistry,0959-9428,2011
1579,Ba0.98YSi2Al2O2N5Eu0.02,Ba0.98YSi2Al2O2N5,Eu,2,0.02,,,,298,512,0.241,0.554,,,,358,358,,,,,512,https://doi.org/10.1039/C0JM03573D,RSC,,,1.011387561,Journal of Materials Chemistry,0959-9428,2011
1580,Ba0.96YSi2Al2O2N5Eu0.04,Ba0.96YSi2Al2O2N5,Eu,2,0.04,,,,298,515,0.2655,0.5698,,,,354,354,,,,,515,https://doi.org/10.1039/C0JM03573D,RSC,,,1.012520141,Journal of Materials Chemistry,0959-9428,2011
1581,Ba0.92YSi2Al2O2N5Eu0.08,Ba0.92YSi2Al2O2N5,Eu,2,0.08,,,,298,519,0.2923,0.5771,,,433,359,359,,,,,519,https://doi.org/10.1039/C0JM03573D,RSC,,,1.021633765,Journal of Materials Chemistry,0959-9428,2011
1582,Ba0.88YSi2Al2O2N5Eu0.12,Ba0.88YSi2Al2O2N5,Eu,2,0.12,,,,298,527,0.3164,0.5856,,,,362,362,,,,,527,https://doi.org/10.1039/C0JM03573D,RSC,,,1.022426845,Journal of Materials Chemistry,0959-9428,2011
1583,Ba0.84YSi2Al2O2N5Eu0.16,Ba0.84YSi2Al2O2N5,Eu,2,0.16,,,,298,533,0.3477,0.5779,,,,359,359,,,,,533,https://doi.org/10.1039/C0JM03573D,RSC,,,1.034516301,Journal of Materials Chemistry,0959-9428,2011
1584,Ba0.82Sr0.1YSi2Al2O2N5Eu0.08,Ba0.82Sr0.1YSi2Al2O2N5,Eu,2,0.08,,,,298,528,0.326,0.5767,,,,365,,,,,,,https://doi.org/10.1039/C0JM03573D,RSC,,,1.051486325,Journal of Materials Chemistry,0959-9428,2011
1585,Ba0.72Sr0.2YSi2Al2O2N5Eu0.08,Ba0.72Sr0.2YSi2Al2O2N5,Eu,2,0.08,,,,298,533,0.3418,0.5863,,,,365,,,,,,,https://doi.org/10.1039/C0JM03573D,RSC,,,1.063584037,Journal of Materials Chemistry,0959-9428,2011
1586,Ba0.52Sr0.4YSi2Al2O2N5Eu0.08,Ba0.52Sr0.4YSi2Al2O2N5,Eu,2,0.08,,,,298,545,0.398,0.5528,,,,365,,,,,,,https://doi.org/10.1039/C0JM03573D,RSC,,,1.075692513,Journal of Materials Chemistry,0959-9428,2011
1587,Ba0.32Sr0.6YSi2Al2O2N5Eu0.08,Ba0.32Sr0.6YSi2Al2O2N5,Eu,2,0.08,,,,298,550,0.4075,0.529,,,,365,,,,,,,https://doi.org/10.1039/C0JM03573D,RSC,,,1.081197382,Journal of Materials Chemistry,0959-9428,2011
1588,Ba0.12Sr0.8YSi2Al2O2N5Eu0.08,Ba0.12Sr0.8YSi2Al2O2N5,Eu,2,0.08,,,,298,565,0.4168,0.5163,,,,365,,,,,,,https://doi.org/10.1039/C0JM03573D,RSC,,,1.090671708,Journal of Materials Chemistry,0959-9428,2011
1589,Ba0.98La2Si2S8Eu0.02,Ba0.98La2Si2S8,Eu,2,0.02,,,,298,645,0.597,0.394,23.73,,403,405,405,,,2.563006187,365.6,645,https://doi.org/10.1021/am505613s,ACS,,,1.329712814,ACS Applied Materials &amp; Interfaces,1944-8244,2014
1590,Ca0.975Sr0.975SiO4Eu0.05,Ca0.975Sr0.975SiO4,Eu,2,0.05,,,,298,509,,,,,453,385,,,,,,,https://doi.org/10.1016/j.ceramint.2014.12.131,ESV,mp-554006, icsd-20544,1.002691115,Ceramics International,0272-8842,2015
1591,Sr7.92MgYP7O28Eu0.01,Sr7.92MgYP7O28,Eu,2,0.01,,,,298,610,0.44,0.471,,,453,400,400,,,,,610,https://doi.org/10.1021/ic200515w,ACS,,,1.626458199,Inorganic Chemistry,0020-1669,2011
1592,Sr7.76MgLaP7O28Eu0.03,Sr7.76MgLaP7O28,Eu,2,0.03,,,,298,611,0.495,0.473,,,443,400,400,,,,,611,https://doi.org/10.1021/ic200515w,ACS,,,1.963260398,Inorganic Chemistry,0020-1669,2011
1593,Ca0.94Al2Si2O8Eu0.01,Ca0.94Al2Si2O8,Eu,2,0.01,,,,298,425,0.17,0.11,,,,354,354,,,2.86332286,730,425,https://doi.org/10.1021/cm050638f,ACS,"mp-6532,mp-758658,mp-1227479", icsd-252652 icsd-252654 icsd-252649 icsd-654 icsd-31127 icsd-86319 icsd-34942 icsd-252657 icsd-252653 icsd-252650 icsd-86317 icsd-252655 icsd-252656 icsd-23922 icsd-22023 icsd-252648 icsd-22022 icsd-86318 icsd-252651 icsd-202712,1.063639207,Chemistry of Materials,0897-4756,2005
1594,Ca0.94Al2Si2O8Eu0.01Mn0.05,Ca0.94Al2Si2O8,Eu,2,0.01,Mn,2,0.05,298,425,0.18,0.12,,,,354,354,,,,,425,https://doi.org/10.1021/cm050638f,ACS,"mp-6532,mp-758658,mp-1227479", icsd-252652 icsd-252654 icsd-252649 icsd-654 icsd-31127 icsd-86319 icsd-34942 icsd-252657 icsd-252653 icsd-252650 icsd-86317 icsd-252655 icsd-252656 icsd-23922 icsd-22023 icsd-252648 icsd-22022 icsd-86318 icsd-252651 icsd-202712,1.016145695,Chemistry of Materials,0897-4756,2005
1595,Ca0.89Al2Si2O8Eu0.01Mn0.1,Ca0.89Al2Si2O8,Eu,2,0.01,Mn,2,0.1,298,425,0.2,0.14,,,,354,354,,,2.819543936,660,425,https://doi.org/10.1021/cm050638f,ACS,"mp-6532,mp-758658,mp-1227479", icsd-252652 icsd-252654 icsd-252649 icsd-654 icsd-31127 icsd-86319 icsd-34942 icsd-252657 icsd-252653 icsd-252650 icsd-86317 icsd-252655 icsd-252656 icsd-23922 icsd-22023 icsd-252648 icsd-22022 icsd-86318 icsd-252651 icsd-202712,0.973064365,Chemistry of Materials,0897-4756,2005
1596,Ca0.84Al2Si2O8Eu0.01Mn0.15,Ca0.84Al2Si2O8,Eu,2,0.01,Mn,2,0.15,298,425,0.24,0.21,,,,354,354,,,2.755874856,570,425,https://doi.org/10.1021/cm050638f,ACS,"mp-6532,mp-758658,mp-1227479", icsd-252652 icsd-252654 icsd-252649 icsd-654 icsd-31127 icsd-86319 icsd-34942 icsd-252657 icsd-252653 icsd-252650 icsd-86317 icsd-252655 icsd-252656 icsd-23922 icsd-22023 icsd-252648 icsd-22022 icsd-86318 icsd-252651 icsd-202712,0.970760308,Chemistry of Materials,0897-4756,2005
1597,Ca0.79Al2Si2O8Eu0.01Mn0.2,Ca0.79Al2Si2O8,Eu,2,0.01,Mn,2,0.2,298,425,0.3,0.29,,,,354,354,,,2.633468456,430,425,https://doi.org/10.1021/cm050638f,ACS,"mp-6532,mp-758658,mp-1227479", icsd-252652 icsd-252654 icsd-252649 icsd-654 icsd-31127 icsd-86319 icsd-34942 icsd-252657 icsd-252653 icsd-252650 icsd-86317 icsd-252655 icsd-252656 icsd-23922 icsd-22023 icsd-252648 icsd-22022 icsd-86318 icsd-252651 icsd-202712,1.003379404,Chemistry of Materials,0897-4756,2005
1598,Ca0.74Al2Si2O8Eu0.01Mn0.25,Ca0.74Al2Si2O8,Eu,2,0.01,Mn,2,0.25,298,425,0.33,0.31,,,,354,354,,,2.531478917,340,425,https://doi.org/10.1021/cm050638f,ACS,"mp-6532,mp-758658,mp-1227479", icsd-252652 icsd-252654 icsd-252649 icsd-654 icsd-31127 icsd-86319 icsd-34942 icsd-252657 icsd-252653 icsd-252650 icsd-86317 icsd-252655 icsd-252656 icsd-23922 icsd-22023 icsd-252648 icsd-22022 icsd-86318 icsd-252651 icsd-202712,1.002863563,Chemistry of Materials,0897-4756,2005
1599,Sr0.99Zn2P2O8Eu0.01,Sr0.99Zn2P2O8,Eu,2,0.01,,,,298,416,0.17,0.06,,,,365,365,,,,,416,https://doi.org/10.1063/1.2182026,AIP,mp-8810, icsd-68881,1.056559211,Applied Physics Letters,0003-6951,2006
1600,Sr0.99Zn1.994P2O8Eu0.01Mn0.006,Sr0.99Zn1.994P2O8,Eu,2,0.01,Mn,2,0.006,298,416,0.26,0.22,,,,365,365,,,,,416,https://doi.org/10.1063/1.2182026,AIP,mp-8810, icsd-68881,1.082096078,Applied Physics Letters,0003-6951,2006
1601,Sr0.99Zn1.99P2O8Eu0.01Mn0.01,Sr0.99Zn1.99P2O8,Eu,2,0.01,Mn,2,0.01,298,416,0.32,0.31,,,,365,365,,,,,416,https://doi.org/10.1063/1.2182026,AIP,mp-8810, icsd-68881,1.081885347,Applied Physics Letters,0003-6951,2006
1602,Sr0.99Zn1.86P2O8Eu0.01Mn0.014,Sr0.99Zn1.86P2O8,Eu,2,0.01,Mn,2,0.014,298,416,0.37,0.37,,,,365,365,,,,,416,https://doi.org/10.1063/1.2182026,AIP,mp-8810, icsd-68881,1.09050988,Applied Physics Letters,0003-6951,2006
1603,SrZn1.96P2O8Mn0.04,SrZn1.96P2O8,Mn,2,0.04,,,,298,538,0.46,0.46,,,,416,416,,,,,538,https://doi.org/10.1063/1.2182026,AIP,mp-8810, icsd-68881,1.047075994,Applied Physics Letters,0003-6951,2006
1604,Ca1.992MgSi2O7Eu0.004,Ca1.992MgSi2O7,Eu,2,0.004,,,,298,528,0.36,0.55,,,,381,381,,,,,528,https://doi.org/10.1063/1.2722670,AIP,"mp-6094,mp-559083,mp-677780", icsd-94146 icsd-85089 icsd-94142 icsd-160358 icsd-94145 icsd-94140 icsd-92773 icsd-50065 icsd-160352 icsd-50068 icsd-50070 icsd-163285 icsd-160353 icsd-94141 icsd-160355 icsd-160354 icsd-187931 icsd-50067 icsd-160356 icsd-34805 icsd-50071 icsd-100736 icsd-26683 icsd-192373 icsd-94144 icsd-50066 icsd-67691 icsd-39924 icsd-160357 icsd-50069 icsd-163286 icsd-158177 icsd-94143 icsd-85088 icsd-163287,0.965303702,Applied Physics Letters,0003-6951,2007
1605,Ca1.992Mg0.9Si2O7Eu0.004Mn0.1,Ca1.992Mg0.9Si2O7,Eu,2,0.004,Mn,2,0.1,298,528,0.37,0.55,,,,381,381,,,,,528,https://doi.org/10.1063/1.2722670,AIP,"mp-6094,mp-559083,mp-677780", icsd-94146 icsd-85089 icsd-94142 icsd-160358 icsd-94145 icsd-94140 icsd-92773 icsd-50065 icsd-160352 icsd-50068 icsd-50070 icsd-163285 icsd-160353 icsd-94141 icsd-160355 icsd-160354 icsd-187931 icsd-50067 icsd-160356 icsd-34805 icsd-50071 icsd-100736 icsd-26683 icsd-192373 icsd-94144 icsd-50066 icsd-67691 icsd-39924 icsd-160357 icsd-50069 icsd-163286 icsd-158177 icsd-94143 icsd-85088 icsd-163287,0.994646449,Applied Physics Letters,0003-6951,2007
1606,Ca1.992Mg0.85Si2O7Eu0.004Mn0.15,Ca1.992Mg0.85Si2O7,Eu,2,0.004,Mn,2,0.15,298,528,0.38,0.53,,,,381,381,,,,,528,https://doi.org/10.1063/1.2722670,AIP,"mp-6094,mp-559083,mp-677780", icsd-94146 icsd-85089 icsd-94142 icsd-160358 icsd-94145 icsd-94140 icsd-92773 icsd-50065 icsd-160352 icsd-50068 icsd-50070 icsd-163285 icsd-160353 icsd-94141 icsd-160355 icsd-160354 icsd-187931 icsd-50067 icsd-160356 icsd-34805 icsd-50071 icsd-100736 icsd-26683 icsd-192373 icsd-94144 icsd-50066 icsd-67691 icsd-39924 icsd-160357 icsd-50069 icsd-163286 icsd-158177 icsd-94143 icsd-85088 icsd-163287,0.994646449,Applied Physics Letters,0003-6951,2007
1607,Ca1.992Mg0.8Si2O7Eu0.004Mn0.2,Ca1.992Mg0.8Si2O7,Eu,2,0.004,Mn,2,0.2,298,528,0.4,0.49,,,,381,381,,,,,528,https://doi.org/10.1063/1.2722670,AIP,"mp-6094,mp-559083,mp-677780", icsd-94146 icsd-85089 icsd-94142 icsd-160358 icsd-94145 icsd-94140 icsd-92773 icsd-50065 icsd-160352 icsd-50068 icsd-50070 icsd-163285 icsd-160353 icsd-94141 icsd-160355 icsd-160354 icsd-187931 icsd-50067 icsd-160356 icsd-34805 icsd-50071 icsd-100736 icsd-26683 icsd-192373 icsd-94144 icsd-50066 icsd-67691 icsd-39924 icsd-160357 icsd-50069 icsd-163286 icsd-158177 icsd-94143 icsd-85088 icsd-163287,0.994694047,Applied Physics Letters,0003-6951,2007
1608,Ca1.992Mg0.75Si2O7Eu0.004Mn0.25,Ca1.992Mg0.75Si2O7,Eu,2,0.004,Mn,2,0.25,298,528,0.42,0.47,,,,381,381,,,,,528,https://doi.org/10.1063/1.2722670,AIP,"mp-6094,mp-559083,mp-677780", icsd-94146 icsd-85089 icsd-94142 icsd-160358 icsd-94145 icsd-94140 icsd-92773 icsd-50065 icsd-160352 icsd-50068 icsd-50070 icsd-163285 icsd-160353 icsd-94141 icsd-160355 icsd-160354 icsd-187931 icsd-50067 icsd-160356 icsd-34805 icsd-50071 icsd-100736 icsd-26683 icsd-192373 icsd-94144 icsd-50066 icsd-67691 icsd-39924 icsd-160357 icsd-50069 icsd-163286 icsd-158177 icsd-94143 icsd-85088 icsd-163287,0.994737821,Applied Physics Letters,0003-6951,2007
1609,Ca1.992Mg0.7Si2O7Eu0.004Mn0.3,Ca1.992Mg0.7Si2O7,Eu,2,0.004,Mn,2,0.3,298,528,0.45,0.46,,,,381,381,,,,,528,https://doi.org/10.1063/1.2722670,AIP,"mp-6094,mp-559083,mp-677780", icsd-94146 icsd-85089 icsd-94142 icsd-160358 icsd-94145 icsd-94140 icsd-92773 icsd-50065 icsd-160352 icsd-50068 icsd-50070 icsd-163285 icsd-160353 icsd-94141 icsd-160355 icsd-160354 icsd-187931 icsd-50067 icsd-160356 icsd-34805 icsd-50071 icsd-100736 icsd-26683 icsd-192373 icsd-94144 icsd-50066 icsd-67691 icsd-39924 icsd-160357 icsd-50069 icsd-163286 icsd-158177 icsd-94143 icsd-85088 icsd-163287,0.994777766,Applied Physics Letters,0003-6951,2007
1610,Ca1.992Mg0.65Si2O7Eu0.004Mn0.35,Ca1.992Mg0.65Si2O7,Eu,2,0.004,Mn,2,0.35,298,528,0.45,0.44,,,,381,381,,,,,528,https://doi.org/10.1063/1.2722670,AIP,"mp-6094,mp-559083,mp-677780", icsd-94146 icsd-85089 icsd-94142 icsd-160358 icsd-94145 icsd-94140 icsd-92773 icsd-50065 icsd-160352 icsd-50068 icsd-50070 icsd-163285 icsd-160353 icsd-94141 icsd-160355 icsd-160354 icsd-187931 icsd-50067 icsd-160356 icsd-34805 icsd-50071 icsd-100736 icsd-26683 icsd-192373 icsd-94144 icsd-50066 icsd-67691 icsd-39924 icsd-160357 icsd-50069 icsd-163286 icsd-158177 icsd-94143 icsd-85088 icsd-163287,0.994813863,Applied Physics Letters,0003-6951,2007
1611,Ca2Mg0.75Si2O7Mn0.25,Ca2Mg0.75Si2O7,Mn,2,0.25,,,,298,602,0.57,0.36,,,,408,408,,,,,602,https://doi.org/10.1063/1.2722670,AIP,"mp-6094,mp-559083,mp-677780", icsd-94146 icsd-85089 icsd-94142 icsd-160358 icsd-94145 icsd-94140 icsd-92773 icsd-50065 icsd-160352 icsd-50068 icsd-50070 icsd-163285 icsd-160353 icsd-94141 icsd-160355 icsd-160354 icsd-187931 icsd-50067 icsd-160356 icsd-34805 icsd-50071 icsd-100736 icsd-26683 icsd-192373 icsd-94144 icsd-50066 icsd-67691 icsd-39924 icsd-160357 icsd-50069 icsd-163286 icsd-158177 icsd-94143 icsd-85088 icsd-163287,1.151127022,Applied Physics Letters,0003-6951,2007
1612,Ca9.9KP7O28Eu0.01,Ca9.9KP7O28,Eu,2,0.01,,,,298,460,0.175,0.2075,,,,347,347,,,,,460,https://doi.org/10.1149/1.3121531,IOP,mp-6813, icsd-91525,1.168239412,Journal of The Electrochemical Society,0013-4651,2009
1613,Ca9.6KP7O28Eu0.01Mn0.03,Ca9.6KP7O28,Eu,2,0.01,Mn,2,0.03,298,460,0.2195,0.213,,,543,347,347,,,,,460,https://doi.org/10.1149/1.3121531,IOP,mp-6813, icsd-91525,1.446472047,Journal of The Electrochemical Society,0013-4651,2009
1614,Ca9.5KP7O28Eu0.01Mn0.04,Ca9.5KP7O28,Eu,2,0.01,Mn,2,0.04,298,460,0.264,0.2317,,,,347,347,,,,,460,https://doi.org/10.1149/1.3121531,IOP,mp-6813, icsd-91525,1.392959144,Journal of The Electrochemical Society,0013-4651,2009
1615,Ca9.2KP7O28Eu0.01Mn0.07,Ca9.2KP7O28,Eu,2,0.01,Mn,2,0.07,298,460,0.3016,0.2368,,,,347,347,,,,,460,https://doi.org/10.1149/1.3121531,IOP,mp-6813, icsd-91525,1.473516324,Journal of The Electrochemical Society,0013-4651,2009
1616,Ca8.9KP7O28Eu0.01Mn0.1,Ca8.9KP7O28,Eu,2,0.01,Mn,2,0.1,298,460,0.3483,0.2376,,,,347,347,,,,,460,https://doi.org/10.1149/1.3121531,IOP,mp-6813, icsd-91525,1.420064012,Journal of The Electrochemical Society,0013-4651,2009
1617,Sr3B2O6Ce0.01,Sr3B2O6,Ce,3,0.01,,,,298,434,0.2,0.16,,,,351,351,,,,,434,https://doi.org/10.1063/1.2772195,AIP,mp-16432, icsd-93395,1.208683926,Applied Physics Letters,0003-6951,2007
1618,Sr3B2O6Ce0.01Eu0.001,Sr3B2O6,Ce,3,0.01,Eu,2,0.001,298,434,0.25,0.19,,,,351,351,,,,,434,https://doi.org/10.1063/1.2772195,AIP,mp-16432, icsd-93395,1.1415387,Applied Physics Letters,0003-6951,2007
1619,Sr3B2O6Ce0.01Eu0.0015,Sr3B2O6,Ce,3,0.01,Eu,2,0.0015,298,434,0.31,0.24,,,,351,351,,,,,434,https://doi.org/10.1063/1.2772195,AIP,mp-16432, icsd-93395,1.141407707,Applied Physics Letters,0003-6951,2007
1620,Sr3B2O6Ce0.01Eu0.002,Sr3B2O6,Ce,3,0.01,Eu,2,0.002,298,434,0.43,0.36,,,,351,351,,,,,434,https://doi.org/10.1063/1.2772195,AIP,mp-16432, icsd-93395,1.141277093,Applied Physics Letters,0003-6951,2007
1621,Sr3B2O6Ce0.01Eu0.0025,Sr3B2O6,Ce,3,0.01,Eu,2,0.0025,298,434,0.44,0.37,,,,351,351,,,,,434,https://doi.org/10.1063/1.2772195,AIP,mp-16432, icsd-93395,1.141146764,Applied Physics Letters,0003-6951,2007
1622,Sr3B2O6Ce0.01Eu0.007,Sr3B2O6,Ce,3,0.01,Eu,2,0.007,298,574,0.49,0.44,,,,351,351,,,,,574,https://doi.org/10.1063/1.2772195,AIP,mp-16432, icsd-93395,1.142326256,Applied Physics Letters,0003-6951,2007
1623,Sr3B2O6Eu0.01,Sr3B2O6,Eu,2,0.01,,,,298,574,0.53,0.46,,,,377,377,,,,,574,https://doi.org/10.1063/1.2772195,AIP,mp-16432, icsd-93395,1.183198391,Applied Physics Letters,0003-6951,2007
1624,LiBa0.99PO4Eu0.01,LiBa0.99PO4,Eu,2,0.01,,,,298,470,0.1397,0.1857,,,,350,350,,,3.079181246,1200,470,https://doi.org/10.1063/1.3673331,AIP,,,1.024212098,Journal of Applied Physics,0021-8979,2012
1625,LiBa0.97PO4Eu0.03,LiBa0.97PO4,Eu,2,0.03,,,,298,470,0.1401,0.1903,,,,350,350,,,2.995635195,990,470,https://doi.org/10.1063/1.3673331,AIP,,,0.984261447,Journal of Applied Physics,0021-8979,2012
1626,LiBa0.95PO4Eu0.05,LiBa0.95PO4,Eu,2,0.05,,,,298,470,0.1403,0.1976,,,433,350,350,,,2.991226076,980,470,https://doi.org/10.1063/1.3673331,AIP,,,0.984440678,Journal of Applied Physics,0021-8979,2012
1627,LiBa0.93PO4Eu0.07,LiBa0.93PO4,Eu,2,0.07,,,,298,470,0.1409,0.2023,,,,350,350,,,2.954242509,900,470,https://doi.org/10.1063/1.3673331,AIP,,,1.000653863,Journal of Applied Physics,0021-8979,2012
1628,LiBa0.91PO4Eu0.09,LiBa0.91PO4,Eu,2,0.09,,,,298,470,0.1411,0.2059,,,,350,350,,,2.86332286,730,470,https://doi.org/10.1063/1.3673331,AIP,,,1.003377,Journal of Applied Physics,0021-8979,2012
1629,LiBa0.9PO5Tb0.1,LiBa0.9PO5,Tb,3,0.1,,,,298,545,0.2231,0.4287,,,,378,378,,,6.371067862,2350000,545,https://doi.org/10.1063/1.3673331,AIP,,,1.08827629,Journal of Applied Physics,0021-8979,2012
1630,LiBa0.8PO5Tb0.2,LiBa0.8PO5,Tb,3,0.2,,,,298,545,0.2282,0.423,,,,378,378,,,6.397940009,2500000,545,https://doi.org/10.1063/1.3673331,AIP,,,0.981193869,Journal of Applied Physics,0021-8979,2012
1631,LiBa0.7PO5Tb0.3,LiBa0.7PO5,Tb,3,0.3,,,,298,545,0.2543,0.5457,,,,378,378,,,6.401400541,2520000,545,https://doi.org/10.1063/1.3673331,AIP,,,1.009346371,Journal of Applied Physics,0021-8979,2012
1632,LiBa0.6PO5Tb0.4,LiBa0.6PO5,Tb,3,0.4,,,,298,545,0.2535,0.5488,,,,378,378,,,6.399673721,2510000,545,https://doi.org/10.1063/1.3673331,AIP,,,0.979701228,Journal of Applied Physics,0021-8979,2012
1633,LiBa0.5PO5Tb0.5,LiBa0.5PO5,Tb,3,0.5,,,,298,545,0.2527,0.4961,,,,378,378,,,6.041392685,1100000,545,https://doi.org/10.1063/1.3673331,AIP,,,0.997932575,Journal of Applied Physics,0021-8979,2012
1634,LiBa0.98PO4Sm0.02,LiBa0.98PO4,Sm,3,0.02,,,,298,599,0.5308,0.4617,,,,402,402,,,6.447158031,2800000,599,https://doi.org/10.1063/1.3673331,AIP,,,1.083107981,Journal of Applied Physics,0021-8979,2012
1635,LiBa0.96PO4Sm0.04,LiBa0.96PO4,Sm,3,0.04,,,,298,599,0.5331,0.4592,,,,402,402,,,6.450249108,2820000,599,https://doi.org/10.1063/1.3673331,AIP,,,1.035699314,Journal of Applied Physics,0021-8979,2012
1636,LiBa0.94PO4Sm0.06,LiBa0.94PO4,Sm,3,0.06,,,,298,599,0.536,0.4573,,,,402,402,,,6.434568904,2720000,599,https://doi.org/10.1063/1.3673331,AIP,,,1.144422474,Journal of Applied Physics,0021-8979,2012
1637,LiBa0.91PO4Sm0.09,LiBa0.91PO4,Sm,3,0.09,,,,298,599,0.5308,0.4612,,,,402,402,,,6.382017043,2410000,599,https://doi.org/10.1063/1.3673331,AIP,,,0.976104664,Journal of Applied Physics,0021-8979,2012
1638,LiBa0.88PO4Sm0.12,LiBa0.88PO4,Sm,3,0.12,,,,298,599,0.5237,0.4665,,,,402,402,,,6.371067862,2350000,599,https://doi.org/10.1063/1.3673331,AIP,,,1.088302932,Journal of Applied Physics,0021-8979,2012
1639,Ca2Y0.995TaO6Eu0.005,Ca2Y0.995TaO6,Eu,3,0.005,,,,298,612,0.619,0.378,,,,395,395,,,5.990782692,979000,612,https://doi.org/10.1016/j.jre.2020.07.006,ESV,,,0.95463001,Journal of Rare Earths,1002-0721,2021
1640,Ca2Y0.99TaO6Eu0.01,Ca2Y0.99TaO6,Eu,3,0.01,,,,298,612,0.625,0.373,,,,395,395,,,,,612,https://doi.org/10.1016/j.jre.2020.07.006,ESV,,,0.964498168,Journal of Rare Earths,1002-0721,2021
1641,Ca2Y0.98TaO6Eu0.02,Ca2Y0.98TaO6,Eu,3,0.02,,,,298,612,0.631,0.367,,,,395,395,,,,,612,https://doi.org/10.1016/j.jre.2020.07.006,ESV,,,0.964278064,Journal of Rare Earths,1002-0721,2021
1642,Ca2Y0.95TaO6Eu0.05,Ca2Y0.95TaO6,Eu,3,0.05,,,,298,612,0.641,0.358,,,,395,395,,,,,612,https://doi.org/10.1016/j.jre.2020.07.006,ESV,,,0.956349118,Journal of Rare Earths,1002-0721,2021
1643,Ca2Y0.9TaO6Eu0.1,Ca2Y0.9TaO6,Eu,3,0.1,,,,298,612,0.65,0.349,,,,395,395,,,5.915927212,824000,612,https://doi.org/10.1016/j.jre.2020.07.006,ESV,,,1.177957115,Journal of Rare Earths,1002-0721,2021
1644,Ca2Y0.8TaO6Eu0.2,Ca2Y0.8TaO6,Eu,3,0.2,,,,298,612,0.66,0.339,,,,395,395,,,,,612,https://doi.org/10.1016/j.jre.2020.07.006,ESV,,,0.956645904,Journal of Rare Earths,1002-0721,2021
1645,Ca2Y0.7TaO6Eu0.3,Ca2Y0.7TaO6,Eu,3,0.3,,,,298,612,0.664,0.335,,,,395,395,,,,,612,https://doi.org/10.1016/j.jre.2020.07.006,ESV,,,0.976555241,Journal of Rare Earths,1002-0721,2021
1646,Ca2Y0.6TaO6Eu0.4,Ca2Y0.6TaO6,Eu,3,0.4,,,,298,612,0.666,0.333,52.7,12.4,,395,395,,,5.869818208,741000,612,https://doi.org/10.1016/j.jre.2020.07.006,ESV,,,1.044657689,Journal of Rare Earths,1002-0721,2021
1647,Ca2Y0.5TaO6Eu0.5,Ca2Y0.5TaO6,Eu,3,0.5,,,,298,612,0.667,0.332,,,,395,395,,,,,612,https://doi.org/10.1016/j.jre.2020.07.006,ESV,,,1.008672287,Journal of Rare Earths,1002-0721,2021
1648,Ca2In0.95SbO6Eu0.05,Ca2In0.95SbO6,Eu,3,0.05,,,,298,616,0.586,0.363,,,,395,395,,,6.086359831,1220000,616,https://doi.org/10.1016/j.jallcom.2020.156249,ESV,,,0.997341095,Journal of Alloys and Compounds,0925-8388,2020
1649,Ca2In0.9SbO6Eu0.1,Ca2In0.9SbO6,Eu,3,0.1,,,,298,616,0.602,0.361,,,,395,395,,,6.06069784,1150000,616,https://doi.org/10.1016/j.jallcom.2020.156249,ESV,,,1.04974017,Journal of Alloys and Compounds,0925-8388,2020
1650,Ca2In0.8SbO6Eu0.2,Ca2In0.8SbO6,Eu,3,0.2,,,,298,616,0.602,0.346,,,,395,395,,,6.053078443,1130000,616,https://doi.org/10.1016/j.jallcom.2020.156249,ESV,,,0.963625973,Journal of Alloys and Compounds,0925-8388,2020
1651,Ca2In0.6SbO6Eu0.4,Ca2In0.6SbO6,Eu,3,0.4,,,,298,616,0.654,0.34,,,,395,395,,,6.029383778,1070000,616,https://doi.org/10.1016/j.jallcom.2020.156249,ESV,,,1.073161626,Journal of Alloys and Compounds,0925-8388,2020
1652,Ca2In0.4SbO6Eu0.6,Ca2In0.4SbO6,Eu,3,0.6,,,,298,616,0.655,0.339,,,,395,395,,,6.008600172,1020000,616,https://doi.org/10.1016/j.jallcom.2020.156249,ESV,,,0.987653392,Journal of Alloys and Compounds,0925-8388,2020
1653,Ca2In0.2SbO6Eu0.8,Ca2In0.2SbO6,Eu,3,0.8,,,,298,616,0.656,0.338,82,,,395,395,,,5.929418926,850000,616,https://doi.org/10.1016/j.jallcom.2020.156249,ESV,,,1.039424575,Journal of Alloys and Compounds,0925-8388,2020
1654,Ca2SbO6Eu1,Ca2SbO6,Eu,3,1,,,,298,616,0.653,0.339,,,,395,395,,,5.770852012,590000,616,https://doi.org/10.1016/j.jallcom.2020.156249,ESV,,,0.99782721,Journal of Alloys and Compounds,0925-8388,2020
1655,Ba2La7.98Ge6O26Eu0.02,Ba2La7.98Ge6O26,Eu,3,0.02,,,,298,611,,,,,,395,395,,,6.200303183,1586000,611,https://doi.org/10.1016/j.jre.2020.10.019,ESV,,,1.013433993,Journal of Rare Earths,1002-0721,2021
1656,Ba2La7.92Ge6O26Eu0.08,Ba2La7.92Ge6O26,Eu,3,0.08,,,,298,611,0.5838,0.4071,37.23,,523,395,395,,,6.205745541,1606000,611,https://doi.org/10.1016/j.jre.2020.10.019,ESV,,,0.961963158,Journal of Rare Earths,1002-0721,2021
1657,Ba2La7.86Ge6O26Eu0.14,Ba2La7.86Ge6O26,Eu,3,0.14,,,,298,611,,,,,,395,395,,,6.20790353,1614000,611,https://doi.org/10.1016/j.jre.2020.10.019,ESV,,,0.985572379,Journal of Rare Earths,1002-0721,2021
1658,Ba3.72Na2W2O11Eu0.07,Ba3.72Na2W2O11,Eu,3,0.07,,,,298,615,,,10.1,,,275,395,,,,,615,https://doi.org/10.1016/j.jallcom.2015.09.182,ESV,mp-1228581,,1.051149804,Journal of Alloys and Compounds,0925-8388,2016
1659,Ba3.72Na2W2O11Eu0.07,Ba3.72Na2W2O11,Eu,3,0.07,,,,298,615,,,15.8,,,335,395,,,,,615,https://doi.org/10.1016/j.jallcom.2015.09.182,ESV,mp-1228581,,1.044349885,Journal of Alloys and Compounds,0925-8388,2016
1660,Ba3.96Na2W2O11Eu0.01,Ba3.96Na2W2O11,Eu,3,0.01,,,,298,615,0.575,0.397,,,,395,395,,,,,615,https://doi.org/10.1016/j.jallcom.2015.09.182,ESV,mp-1228581,,1.054767616,Journal of Alloys and Compounds,0925-8388,2016
1661,Ba3.96Na2W2O11Eu0.01,Ba3.96Na2W2O11,Eu,3,0.01,,,,298,615,,,,,,266,395,,,6.201397124,1590000,615,https://doi.org/10.1016/j.jallcom.2015.09.182,ESV,mp-1228581,,0.989724463,Journal of Alloys and Compounds,0925-8388,2016
1662,Ba3.88Na2W2O11Eu0.03,Ba3.88Na2W2O11,Eu,3,0.03,,,,298,615,,,,,,266,395,,,6.149219113,1410000,615,https://doi.org/10.1016/j.jallcom.2015.09.182,ESV,mp-1228581,,0.991375726,Journal of Alloys and Compounds,0925-8388,2016
1663,Ba3.8Na2W2O11Eu0.05,Ba3.8Na2W2O11,Eu,3,0.05,,,,298,615,,,,,,266,395,,,6.021189299,1050000,615,https://doi.org/10.1016/j.jallcom.2015.09.182,ESV,mp-1228581,,0.999687732,Journal of Alloys and Compounds,0925-8388,2016
1664,Ba3.72Na2W2O11Eu0.07,Ba3.72Na2W2O11,Eu,3,0.07,,,,298,615,,,,,,266,395,,,5.982271233,960000,615,https://doi.org/10.1016/j.jallcom.2015.09.182,ESV,mp-1228581,,1.035138192,Journal of Alloys and Compounds,0925-8388,2016
1665,Ba3.72Na2W2O11Eu0.07,Ba3.72Na2W2O11,Eu,3,0.07,,,,298,615,,,68.1,,,395,395,,,,,615,https://doi.org/10.1016/j.jallcom.2015.09.182,ESV,mp-1228581,,1.034845322,Journal of Alloys and Compounds,0925-8388,2016
1666,Ba3.64Na2W2O11Eu0.09,Ba3.64Na2W2O11,Eu,3,0.09,,,,298,615,0.654,0.329,,,,395,395,,,4.838849091,69000,615,https://doi.org/10.1016/j.jallcom.2015.09.182,ESV,mp-1228581,,0.976323351,Journal of Alloys and Compounds,0925-8388,2016
1667,Ba3.72Na2W2O11Eu0.07,Ba3.72Na2W2O11,Eu,3,0.07,,,,298,615,,,45.3,,,465,395,,,,,615,https://doi.org/10.1016/j.jallcom.2015.09.182,ESV,mp-1228581,,1.0431943,Journal of Alloys and Compounds,0925-8388,2016
1668,Y2O2SEu0.05,Y2O2S,Eu,3,0.05,,,,298,627,,,57.2,,,275,395,,,,,627,https://doi.org/10.1016/j.jallcom.2015.09.182,ESV,mp-12894, icsd-154582,1.133278366,Journal of Alloys and Compounds,0925-8388,2016
1669,Y2O2SEu0.05,Y2O2S,Eu,3,0.05,,,,298,627,,,39.2,,,335,395,,,,,627,https://doi.org/10.1016/j.jallcom.2015.09.182,ESV,mp-12894, icsd-154582,1.149516546,Journal of Alloys and Compounds,0925-8388,2016
1670,Ba4La5.64Si6O25Eu0.06,Ba4La5.64Si6O25,Eu,3,0.06,,,,298,613,0.634,0.365,65,,418,394,394,,,6.193124598,1560000,613,https://doi.org/10.1039/C5TC03919C,RSC,,,1.154495273,Journal of Materials Chemistry C,2050-7526,2016
1671,Ca9LaP5O24SiF2Ce0.05,Ca9LaP5O24SiF2,Ce,3,0.05,,,,298,404,,,39.7,,,275,275,,,2.585257635,384.82,403,https://doi.org/10.1016/j.optcom.2014.09.010,ESV,,,1.04115637,Optics Communications,0030-4018,2015
1672,Ca9La0.94P5O24SiF2Ce0.05Tb0.01,Ca9La0.94P5O24SiF2,Ce,3,0.05,Tb,3,0.01,298,543,,,22.6,,,275,275,,,2.544737582,350.54,403,https://doi.org/10.1016/j.optcom.2014.09.010,ESV,,,1.126508616,Optics Communications,0030-4018,2015
1673,Ca9La0.92P5O24SiF2Ce0.05Tb0.03,Ca9La0.92P5O24SiF2,Ce,3,0.05,Tb,3,0.03,298,543,,,21.7,,,275,275,,,,,403,https://doi.org/10.1016/j.optcom.2014.09.010,ESV,,,1.48155463,Optics Communications,0030-4018,2015
1674,Ca9La0.91P5O24SiF2Ce0.05Tb0.05,Ca9La0.91P5O24SiF2,Ce,3,0.05,Tb,3,0.05,298,543,,,18.3,,,275,275,,,2.492550872,310.85,403,https://doi.org/10.1016/j.optcom.2014.09.010,ESV,,,1.113208436,Optics Communications,0030-4018,2015
1675,Ca9La0.85P5O24SiF2Ce0.05Tb0.1,Ca9La0.85P5O24SiF2,Ce,3,0.05,Tb,3,0.1,298,543,,,15.9,,573,275,275,,,2.450849313,282.39,403,https://doi.org/10.1016/j.optcom.2014.09.010,ESV,,,1.113143417,Optics Communications,0030-4018,2015
1676,Ca9La0.75P5O24SiF2Ce0.05Tb0.2,Ca9La0.75P5O24SiF2,Ce,3,0.05,Tb,3,0.2,298,404,,,14.8,,,275,275,,,2.413182371,258.93,403,https://doi.org/10.1016/j.optcom.2014.09.010,ESV,,,1.095996819,Optics Communications,0030-4018,2015
1677,Ca8La1.98P6O26Ce0.02,Ca8La1.98P6O26,Ce,3,0.02,,,,298,415,0.157,0.123,59,,,310,310,,,,,415,https://doi.org/10.1021/jp302252k,ACS,,,1.009190201,Journal of Physical Chemistry C,1932-7447,2012
1678,Ca8La1.96P6O26Ce0.04,Ca8La1.96P6O26,Ce,3,0.04,,,,298,415,0.16,0.115,67,,,310,310,,,,,415,https://doi.org/10.1021/jp302252k,ACS,,,1.00873596,Journal of Physical Chemistry C,1932-7447,2012
1679,Ca8La1.94P6O26Ce0.06,Ca8La1.94P6O26,Ce,3,0.06,,,,298,415,0.168,0.158,47,,,310,310,,,,,415,https://doi.org/10.1021/jp302252k,ACS,,,1.006532665,Journal of Physical Chemistry C,1932-7447,2012
1680,Ca8La1.92P6O26Ce0.08,Ca8La1.92P6O26,Ce,3,0.08,,,,298,415,0.171,0.159,44,,,310,310,,,,,415,https://doi.org/10.1021/jp302252k,ACS,,,1.006661165,Journal of Physical Chemistry C,1932-7447,2012
1681,Ca7.98La2P6O26Eu0.02,Ca7.98La2P6O26,Eu,2,0.02,,,,298,453,0.184,0.156,13,,,318,318,370,252,,,453,https://doi.org/10.1021/jp302252k,ACS,,,1.041314653,Journal of Physical Chemistry C,1932-7447,2012
1682,Ca7.95La2P6O26Eu0.05,Ca7.95La2P6O26,Eu,2,0.05,,,,298,453,0.187,0.164,14,,,318,318,370,252,,,453,https://doi.org/10.1021/jp302252k,ACS,,,1.032633482,Journal of Physical Chemistry C,1932-7447,2012
1683,Ca7.94La2P6O26Eu0.06,Ca7.94La2P6O26,Eu,2,0.06,,,,298,453,0.196,0.185,9,,,318,318,370,252,,,453,https://doi.org/10.1021/jp302252k,ACS,,,1.032920085,Journal of Physical Chemistry C,1932-7447,2012
1684,Ca7.92La2P6O26Eu0.08,Ca7.92La2P6O26,Eu,2,0.08,,,,298,453,0.199,0.192,7,,,318,318,370,252,,,453,https://doi.org/10.1021/jp302252k,ACS,,,1.033177058,Journal of Physical Chemistry C,1932-7447,2012
1685,Ca7.98La1.96P6O26Ce0.04Eu0.02,Ca7.98La1.96P6O26,Ce,3,0.04,Eu,2,0.02,298,453,0.179,0.169,43,,,310,,,,1.460597189,28.88,415,https://doi.org/10.1021/jp302252k,ACS,,,1.001875286,Journal of Physical Chemistry C,1932-7447,2012
1686,Ca7.95La1.96P6O26Ce0.04Eu0.05,Ca7.95La1.96P6O26,Ce,3,0.04,Eu,2,0.05,298,453,0.184,0.181,31,,,310,,,,,,415,https://doi.org/10.1021/jp302252k,ACS,,,1.014938581,Journal of Physical Chemistry C,1932-7447,2012
1687,Ca7.94La1.96P6O26Ce0.04Eu0.06,Ca7.94La1.96P6O26,Ce,3,0.04,Eu,2,0.06,298,453,0.19,0.192,19,,,310,,,,1.174059808,14.93,415,https://doi.org/10.1021/jp302252k,ACS,,,1.027227594,Journal of Physical Chemistry C,1932-7447,2012
1688,Ca7.92La1.96P6O26Ce0.04Eu0.08,Ca7.92La1.96P6O26,Ce,3,0.04,Eu,2,0.08,298,453,0.198,0.201,13,,,310,,,,1,10,415,https://doi.org/10.1021/jp302252k,ACS,,,1.027037084,Journal of Physical Chemistry C,1932-7447,2012
1689,Ba3La0.99KP3O12FTb0.01,Ba3La0.99KP3O12F,Tb,3,0.01,,,,298,549,0.21,0.196,,,,225,225,374,,,,549,https://doi.org/10.1016/j.materresbull.2015.12.008,ESV,,,1.109798266,Materials Research Bulletin,0025-5408,2016
1690,Ba3La0.99KP3O12FTb0.01,Ba3La0.99KP3O12F,Tb,3,0.01,,,,298,549,,,,,,374,225,,,3.751279104,5640,419,https://doi.org/10.1016/j.materresbull.2015.12.008,ESV,,,1.021514978,Materials Research Bulletin,0025-5408,2016
1691,Ba3La0.97KP3O12FTb0.03,Ba3La0.97KP3O12F,Tb,3,0.03,,,,298,549,0.226,0.251,,,,225,224,374,,,,549,https://doi.org/10.1016/j.materresbull.2015.12.008,ESV,,,1.110322834,Materials Research Bulletin,0025-5408,2016
1692,Ba3La0.95KP3O12FTb0.05,Ba3La0.95KP3O12F,Tb,3,0.05,,,,298,549,0.25,0.323,,,,225,226,374,,,,549,https://doi.org/10.1016/j.materresbull.2015.12.008,ESV,,,1.108529813,Materials Research Bulletin,0025-5408,2016
1693,Ba3La0.9KP3O12FTb0.1,Ba3La0.9KP3O12F,Tb,3,0.1,,,,298,549,0.28,0.421,,,,225,227,374,,,,549,https://doi.org/10.1016/j.materresbull.2015.12.008,ESV,,,1.108597768,Materials Research Bulletin,0025-5408,2016
1694,Ba3La0.85KP3O12FTb0.15,Ba3La0.85KP3O12F,Tb,3,0.15,,,,298,549,0.296,0.474,,,,225,228,374,,,,549,https://doi.org/10.1016/j.materresbull.2015.12.008,ESV,,,1.109541907,Materials Research Bulletin,0025-5408,2016
1695,Ba3La0.8KP3O12FTb0.2,Ba3La0.8KP3O12F,Tb,3,0.2,,,,298,549,0.306,0.504,,,,225,229,374,,,,549,https://doi.org/10.1016/j.materresbull.2015.12.008,ESV,,,1.110770977,Materials Research Bulletin,0025-5408,2016
1696,Ba3La0.7KP3O12FTb0.3,Ba3La0.7KP3O12F,Tb,3,0.3,,,,298,549,0.314,0.534,,,,225,230,374,,,,549,https://doi.org/10.1016/j.materresbull.2015.12.008,ESV,,,1.115425463,Materials Research Bulletin,0025-5408,2016
1697,Ba3La0.6KP3O12FTb0.4,Ba3La0.6KP3O12F,Tb,3,0.4,,,,298,549,0.319,0.549,,,,225,374,232,,,,549,https://doi.org/10.1016/j.materresbull.2015.12.008,ESV,,,1.192246168,Materials Research Bulletin,0025-5408,2016
1698,Ba3La0.6KP3O12FTb0.4,Ba3La0.6KP3O12F,Tb,3,0.4,,,,298,549,,,,,,374,374,232,,5.957128198,906000,549,https://doi.org/10.1016/j.materresbull.2015.12.008,ESV,,,1.123701622,Materials Research Bulletin,0025-5408,2016
1699,Ba3La0.5KP3O12FTb0.5,Ba3La0.5KP3O12F,Tb,3,0.5,,,,298,549,0.321,0.554,,,,225,374,232,,,,549,https://doi.org/10.1016/j.materresbull.2015.12.008,ESV,,,1.192070883,Materials Research Bulletin,0025-5408,2016
1700,Sr2La7.93Si6O24F2Ce0.07,Sr2La7.93Si6O24F2,Ce,3,0.07,,,,298,415,0.172,0.049,,,,279,,,,,,,https://doi.org/10.1016/j.jssc.2014.12.017,ESV,,,1.109796723,Journal of Solid State Chemistry,0022-4596,2015
1701,Sr2La7.93Si6O24F2Ce0.07,Sr2La7.93Si6O24F2,Ce,3,0.07,,,,298,,,,,,,370,,,,1.654946227,45.18,415,https://doi.org/10.1016/j.jssc.2014.12.017,ESV,,,1.096538138,Journal of Solid State Chemistry,0022-4596,2015
1702,Sr2La7.88Si6O24F2Ce0.07Tb0.05,Sr2La7.88Si6O24F2,Ce,3,0.07,Tb,3,0.05,298,415,0.194,0.256,,,,279,,,,,,,https://doi.org/10.1016/j.jssc.2014.12.017,ESV,,,1.129266251,Journal of Solid State Chemistry,0022-4596,2015
1703,Sr2La7.88Si6O24F2Ce0.07Tb0.05,Sr2La7.88Si6O24F2,Ce,3,0.07,Tb,3,0.05,298,,,,,,,370,,,,1.599337133,39.75,415,https://doi.org/10.1016/j.jssc.2014.12.017,ESV,,,1.062428805,Journal of Solid State Chemistry,0022-4596,2015
1704,Sr2La7.83Si6O24F2Ce0.07Tb0.1,Sr2La7.83Si6O24F2,Ce,3,0.07,Tb,3,0.1,298,543,0.219,0.354,,,,279,,,,,,,https://doi.org/10.1016/j.jssc.2014.12.017,ESV,,,2.235887895,Journal of Solid State Chemistry,0022-4596,2015
1705,Sr2La7.83Si6O24F2Ce0.07Tb0.1,Sr2La7.83Si6O24F2,Ce,3,0.07,Tb,3,0.1,298,,,,,,,370,,,,1.556905269,36.05,415,https://doi.org/10.1016/j.jssc.2014.12.017,ESV,,,1.067431621,Journal of Solid State Chemistry,0022-4596,2015
1706,Sr2La7.78Si6O24F2Ce0.07Tb0.15,Sr2La7.78Si6O24F2,Ce,3,0.07,Tb,3,0.15,298,543,0.248,0.406,,,,279,,,,,,,https://doi.org/10.1016/j.jssc.2014.12.017,ESV,,,2.244437235,Journal of Solid State Chemistry,0022-4596,2015
1707,Sr2La7.78Si6O24F2Ce0.07Tb0.15,Sr2La7.78Si6O24F2,Ce,3,0.07,Tb,3,0.15,298,,,,,,,370,,,,1.404491618,25.38,415,https://doi.org/10.1016/j.jssc.2014.12.017,ESV,,,1.066992287,Journal of Solid State Chemistry,0022-4596,2015
1708,Sr2La7.73Si6O24F2Ce0.07Tb0.2,Sr2La7.73Si6O24F2,Ce,3,0.07,Tb,3,0.2,298,543,0.274,0.532,,,,279,,,,,,,https://doi.org/10.1016/j.jssc.2014.12.017,ESV,,,2.254345473,Journal of Solid State Chemistry,0022-4596,2015
1709,Sr2La7.73Si6O24F2Ce0.07Tb0.2,Sr2La7.73Si6O24F2,Ce,3,0.07,Tb,3,0.2,298,,,,,,,370,,,,1.152594078,14.21,415,https://doi.org/10.1016/j.jssc.2014.12.017,ESV,,,1.066542637,Journal of Solid State Chemistry,0022-4596,2015
1710,Sr2La7.68Si6O24F2Ce0.07Tb0.25,Sr2La7.68Si6O24F2,Ce,3,0.07,Tb,3,0.25,298,,,,,,,370,,,,1.148910993,14.09,415,https://doi.org/10.1016/j.jssc.2014.12.017,ESV,,,1.081352823,Journal of Solid State Chemistry,0022-4596,2015
1711,Ba3Sc0.95P3O12Sm0.05,Ba3Sc0.95P3O12,Sm,3,0.05,,,,298,603,0.568,0.424,53.5,,,406,406,,,6.214843848,1640000,603,https://doi.org/10.1016/j.cplett.2016.04.092,ESV,,,1.050663941,Chemical Physics Letters,0009-2614,2016
1712,Ba2.9LaKP3O12FEu0.1,Ba2.9LaKP3O12F,Eu,2,0.1,,,,298,460,0.147,0.092,,,,388,388,,,,,460,https://doi.org/10.1016/j.poly.2016.09.001,ESV,,,1.082771967,Polyhedron,0277-5387,2016
1722,Ca8NaGd0.98P6O24F2Ce0.02,Ca8NaGd0.98P6O24F2,Ce,3,0.02,,,,298,337,,,,,,303,303,,,1.401745082,25.22,337,https://doi.org/10.1016/j.materresbull.2012.11.114,ESV,,,1.057788547,Materials Research Bulletin,0025-5408,2013
1723,Ca7.99NaGd0.98P6O24F2Ce0.02Mn0.01,Ca7.99NaGd0.98P6O24F2,Ce,3,0.02,Mn,2,0.01,298,337,0.38,0.44,,,,303,303,,,1.366796383,23.27,337,https://doi.org/10.1016/j.materresbull.2012.11.114,ESV,,,1.062146681,Materials Research Bulletin,0025-5408,2013
1724,Ca7.96NaGd0.98P6O24F2Ce0.02Mn0.04,Ca7.96NaGd0.98P6O24F2,Ce,3,0.02,Mn,2,0.04,298,337,0.45,0.45,,,,303,303,,,1.343802333,22.07,337,https://doi.org/10.1016/j.materresbull.2012.11.114,ESV,,,1.063464637,Materials Research Bulletin,0025-5408,2013
1725,Ca7.92NaGd0.98P6O24F2Ce0.02Mn0.07,Ca7.92NaGd0.98P6O24F2,Ce,3,0.02,Mn,2,0.07,298,337,0.48,0.49,,,,303,303,,,1.32159843,20.97,337,https://doi.org/10.1016/j.materresbull.2012.11.114,ESV,,,1.064480339,Materials Research Bulletin,0025-5408,2013
1726,Ca7.9NaGd0.98P6O24F2Ce0.02Mn0.1,Ca7.9NaGd0.98P6O24F2,Ce,3,0.02,Mn,2,0.1,298,337,0.48,0.49,,,,303,303,,,1.288919606,19.45,337,https://doi.org/10.1016/j.materresbull.2012.11.114,ESV,,,1.064493618,Materials Research Bulletin,0025-5408,2013
1727,Ca7.87NaGd0.98P6O24F2Ce0.02Mn0.13,Ca7.87NaGd0.98P6O24F2,Ce,3,0.02,Mn,2,0.13,298,337,0.48,0.5,,,,303,303,,,1.240299582,17.39,337,https://doi.org/10.1016/j.materresbull.2012.11.114,ESV,,,1.065232129,Materials Research Bulletin,0025-5408,2013
1728,Ca7.84NaGd0.98P6O24F2Ce0.02Mn0.16,Ca7.84NaGd0.98P6O24F2,Ce,3,0.02,Mn,2,0.16,298,337,0.5,0.49,,,,303,303,,,1.181843588,15.2,337,https://doi.org/10.1016/j.materresbull.2012.11.114,ESV,,,1.066030211,Materials Research Bulletin,0025-5408,2013
1729,La5.95Ba4Si6O24F2Ce0.05,La5.95Ba4Si6O24F2,Ce,3,0.05,,,,298,413,0.1709,0.0482,,,,280,,,,,,,https://doi.org/10.1016/j.jlumin.2013.07.035,ESV,mp-686674,,1.523761049,Journal of Luminescence,0022-2313,2014
1730,La5.85Ba4Si6O24F2Ce0.05Tb0.1,La5.85Ba4Si6O24F2,Ce,3,0.05,Tb,3,0.1,298,413,0.2186,0.2837,,,,280,,,,,,,https://doi.org/10.1016/j.jlumin.2013.07.035,ESV,mp-686674,,1.508019692,Journal of Luminescence,0022-2313,2014
1731,La5.75Ba4Si6O24F2Ce0.05Tb0.2,La5.75Ba4Si6O24F2,Ce,3,0.05,Tb,3,0.2,298,545,0.2573,0.3654,,,,280,,,,,,,https://doi.org/10.1016/j.jlumin.2013.07.035,ESV,mp-686674,,1.510343397,Journal of Luminescence,0022-2313,2014
1732,La5.65Ba4Si6O24F2Ce0.05Tb0.3,La5.65Ba4Si6O24F2,Ce,3,0.05,Tb,3,0.3,298,545,0.2745,0.4221,,,,280,,,,,,,https://doi.org/10.1016/j.jlumin.2013.07.035,ESV,mp-686674,,1.538477577,Journal of Luminescence,0022-2313,2014
1733,La5.55Ba4Si6O24F2Ce0.05Tb0.4,La5.55Ba4Si6O24F2,Ce,3,0.05,Tb,3,0.4,298,545,0.2806,0.4653,,,,280,,,,,,,https://doi.org/10.1016/j.jlumin.2013.07.035,ESV,mp-686674,,1.518704944,Journal of Luminescence,0022-2313,2014
1734,Sr3Y0.94P3O12Eu0.06,Sr3Y0.94P3O12,Eu,3,0.06,,,,298,613,0.64,0.33,75,,,392,392,,,6.380211242,2400000,613,https://doi.org/10.1016/j.poly.2016.09.001,ESV,,,0.973181989,Polyhedron,0277-5387,2016
1735,ZnMoO4Eu0.05,ZnMoO4,Eu,3,0.05,,,,298,616,0.642,0.353,,,,395,395,380,362,6.243286146,1751000,616,https://doi.org/10.1016/S1002-0721(14)60527-5,ESV,"mp-16882,mp-1095420", icsd-411378 icsd-17030 icsd-236416 icsd-195515 icsd-236417,1.00718794,Journal of Rare Earths,1002-0721,2015
1736,Mg0.10Zn0.85MoO4Eu0.05,Mg0.10Zn0.85MoO4,Eu,3,0.05,,,,298,616,0.648,0.349,,,,395,395,380,362,6.053078443,1130000,616,https://doi.org/10.1016/S1002-0721(14)60527-5,ESV,"mp-16882,mp-1095420", icsd-411378 icsd-17030 icsd-236416 icsd-195515 icsd-236417,0.963611281,Journal of Rare Earths,1002-0721,2015
1737,Mg0.20Zn0.75MoO4Eu0.05,Mg0.20Zn0.75MoO4,Eu,3,0.05,,,,298,616,0.644,0.332,,,,395,395,380,362,6.256477206,1805000,616,https://doi.org/10.1016/S1002-0721(14)60527-5,ESV,"mp-16882,mp-1095420", icsd-411378 icsd-17030 icsd-236416 icsd-195515 icsd-236417,1.022252443,Journal of Rare Earths,1002-0721,2015
1738,Mg0.30Zn0.65MoO4Eu0.05,Mg0.30Zn0.65MoO4,Eu,3,0.05,,,,298,616,0.623,0.37,,,,395,395,380,362,6.264817823,1840000,616,https://doi.org/10.1016/S1002-0721(14)60527-5,ESV,"mp-16882,mp-1095420", icsd-411378 icsd-17030 icsd-236416 icsd-195515 icsd-236417,0.967431644,Journal of Rare Earths,1002-0721,2015
1739,Mg0.40Zn0.55MoO4Eu0.05,Mg0.40Zn0.55MoO4,Eu,3,0.05,,,,298,616,0.61,0.38,,,,395,395,380,362,6.3872118,2439000,616,https://doi.org/10.1016/S1002-0721(14)60527-5,ESV,"mp-16882,mp-1095420", icsd-411378 icsd-17030 icsd-236416 icsd-195515 icsd-236417,1.013955498,Journal of Rare Earths,1002-0721,2015
1740,Mg0.10Zn0.84MoO4Eu0.05Bi0.01,Mg0.10Zn0.84MoO4,Eu,3,0.05,Bi,3,0.01,298,616,0.648,0.35,,,387,395,395,380,,6.02325246,1055000,616,https://doi.org/10.1016/S1002-0721(14)60527-5,ESV,"mp-16882,mp-1095420", icsd-411378 icsd-17030 icsd-236416 icsd-195515 icsd-236417,1.010610769,Journal of Rare Earths,1002-0721,2015
1741,Mg0.10Zn0.82MoO4Eu0.05Bi0.03,Mg0.10Zn0.82MoO4,Eu,3,0.05,Bi,3,0.03,298,616,0.638,0.358,,,,395,395,380,,6.059941888,1148000,616,https://doi.org/10.1016/S1002-0721(14)60527-5,ESV,"mp-16882,mp-1095420", icsd-411378 icsd-17030 icsd-236416 icsd-195515 icsd-236417,1.046632756,Journal of Rare Earths,1002-0721,2015
1742,Mg0.10Zn0.8MoO4Eu0.05Bi0.05,Mg0.10Zn0.8MoO4,Eu,3,0.05,Bi,3,0.05,298,616,0.626,0.368,,,,395,395,,,6.090963077,1233000,616,https://doi.org/10.1016/S1002-0721(14)60527-5,ESV,"mp-16882,mp-1095420", icsd-411378 icsd-17030 icsd-236416 icsd-195515 icsd-236417,0.969173649,Journal of Rare Earths,1002-0721,2015
1743,Ca1.64Gd8Si6O26Mn0.18,Ca1.64Gd8Si6O26,Mn,2,0.18,,,,298,590,0.527,0.441,4.9,,,313,313,,,,,590,https://doi.org/10.1039/C1JM11650A,RSC,,,4.937149724,Journal of Materials Chemistry,0959-9428,2011
1744,Ca1.9Gd7.6Si6O26Ce0.05,Ca1.9Gd7.6Si6O26,Ce,3,0.05,,,,298,403,0.186,0.095,10.4,,,287,287,,,,,403,https://doi.org/10.1039/C1JM11650A,RSC,,,4.242431263,Journal of Materials Chemistry,0959-9428,2011
1745,Ca1.99Gd7.6Si6O26Ce0.05Mn0.005,Ca1.99Gd7.6Si6O26,Ce,3,0.05,Mn,2,0.005,298,585,0.26,0.193,6.5,,,287,287,,,,,585,https://doi.org/10.1039/C1JM11650A,RSC,,,0.993976896,Journal of Materials Chemistry,0959-9428,2011
1746,Ca1.98Gd7.6Si6O26Ce0.05Mn0.01,Ca1.98Gd7.6Si6O26,Ce,3,0.05,Mn,2,0.01,298,588,0.295,0.223,7.2,,,287,287,,,,,588,https://doi.org/10.1039/C1JM11650A,RSC,,,0.990078459,Journal of Materials Chemistry,0959-9428,2011
1747,Ca1.97Gd7.6Si6O26Ce0.05Mn0.015,Ca1.97Gd7.6Si6O26,Ce,3,0.05,Mn,2,0.015,298,588,0.346,0.272,9.3,,,287,287,,,,,588,https://doi.org/10.1039/C1JM11650A,RSC,,,0.988342509,Journal of Materials Chemistry,0959-9428,2011
1748,Ca1.96Gd7.6Si6O26Ce0.05Mn0.02,Ca1.96Gd7.6Si6O26,Ce,3,0.05,Mn,2,0.02,298,588,0.373,0.297,10.8,,,287,287,,,,,588,https://doi.org/10.1039/C1JM11650A,RSC,,,0.988342509,Journal of Materials Chemistry,0959-9428,2011
1749,Ca1.94Gd7.6Si6O26Ce0.05Mn0.03,Ca1.94Gd7.6Si6O26,Ce,3,0.05,Mn,2,0.03,298,588,0.405,0.327,16.1,,,287,287,,,,,588,https://doi.org/10.1039/C1JM11650A,RSC,,,0.990248517,Journal of Materials Chemistry,0959-9428,2011
1750,Ca1.9Gd7.6Si6O26Ce0.05Mn0.05,Ca1.9Gd7.6Si6O26,Ce,3,0.05,Mn,2,0.05,298,588,0.451,0.367,19.2,,,287,287,,,,,588,https://doi.org/10.1039/C1JM11650A,RSC,,,0.987648967,Journal of Materials Chemistry,0959-9428,2011
1751,Ca1.8Gd7.6Si6O26Ce0.05Mn0.1,Ca1.8Gd7.6Si6O26,Ce,3,0.05,Mn,2,0.1,298,591,0.497,0.401,22.7,,,287,287,,,,,591,https://doi.org/10.1039/C1JM11650A,RSC,,,1.005985674,Journal of Materials Chemistry,0959-9428,2011
1752,Ca1.64Gd7.6Si6O26Ce0.05Mn0.18,Ca1.64Gd7.6Si6O26,Ce,3,0.05,Mn,2,0.18,298,598,0.519,0.414,28,,,287,287,,,,,598,https://doi.org/10.1039/C1JM11650A,RSC,,,1.085936753,Journal of Materials Chemistry,0959-9428,2011
1753,Ca1.5Gd7.6Si6O26Ce0.05Mn0.25,Ca1.5Gd7.6Si6O26,Ce,3,0.05,Mn,2,0.25,298,600,0.545,0.415,31.5,,,287,287,,,,,600,https://doi.org/10.1039/C1JM11650A,RSC,,,1.282248889,Journal of Materials Chemistry,0959-9428,2011
1754,CaGd7.6Si6O26Ce0.05Mn0.5,CaGd7.6Si6O26,Ce,3,0.05,Mn,2,0.5,298,620,0.574,0.395,15.6,,,287,287,,,,,620,https://doi.org/10.1039/C1JM11650A,RSC,,,2.130573119,Journal of Materials Chemistry,0959-9428,2011
1755,Ca1.99Gd7.6Si6O26Ce0.05Mn0.005,Ca1.99Gd7.6Si6O26,Ce,3,0.05,Mn,2,0.005,298,588,0.312,0.285,5.8,,,330,287,,,,,588,https://doi.org/10.1039/C1JM11650A,RSC,,,0.990654474,Journal of Materials Chemistry,0959-9428,2011
1756,Ca1.98Gd7.6Si6O26Ce0.05Mn0.01,Ca1.98Gd7.6Si6O26,Ce,3,0.05,Mn,2,0.01,298,588,0.35,0.317,6.3,,,330,287,,,,,588,https://doi.org/10.1039/C1JM11650A,RSC,,,0.989944327,Journal of Materials Chemistry,0959-9428,2011
1757,Ca1.97Gd7.6Si6O26Ce0.05Mn0.015,Ca1.97Gd7.6Si6O26,Ce,3,0.05,Mn,2,0.015,298,588,0.383,0.334,6.4,,,330,287,,,,,588,https://doi.org/10.1039/C1JM11650A,RSC,,,0.990427229,Journal of Materials Chemistry,0959-9428,2011
1758,Ca1.96Gd7.Si6O26Ce0.05Mn0.02,Ca1.96Gd7.Si6O26,Ce,3,0.05,Mn,2,0.02,298,588,0.415,0.363,7.6,,,330,287,,,,,588,https://doi.org/10.1039/C1JM11650A,RSC,,,3.880740525,Journal of Materials Chemistry,0959-9428,2011
1759,Ca1.94Gd7.6Si6O26Ce0.05Mn0.03,Ca1.94Gd7.6Si6O26,Ce,3,0.05,Mn,2,0.03,298,588,0.448,0.391,11.7,,,330,287,,,,,588,https://doi.org/10.1039/C1JM11650A,RSC,,,0.992693361,Journal of Materials Chemistry,0959-9428,2011
1760,Ca1.9Gd7.6Si6O26Ce0.05Mn0.05,Ca1.9Gd7.6Si6O26,Ce,3,0.05,Mn,2,0.05,298,588,0.48,0.41,15.5,,,330,287,,,,,588,https://doi.org/10.1039/C1JM11650A,RSC,,,0.983726405,Journal of Materials Chemistry,0959-9428,2011
1761,Ca1.8Gd7.6Si6O26Ce0.05Mn0.1,Ca1.8Gd7.6Si6O26,Ce,3,0.05,Mn,2,0.1,298,588,0.513,0.424,17.8,,,330,287,,,,,588,https://doi.org/10.1039/C1JM11650A,RSC,,,0.990857796,Journal of Materials Chemistry,0959-9428,2011
1762,Ca1.64Gd7.6Si6O26Ce0.05Mn0.18,Ca1.64Gd7.6Si6O26,Ce,3,0.05,Mn,2,0.18,298,588,0.531,0.432,25.7,,,330,287,,,,,588,https://doi.org/10.1039/C1JM11650A,RSC,,,1.03496905,Journal of Materials Chemistry,0959-9428,2011
1763,Ca1.5Gd7.6Si6O26Ce0.05Mn0.25,Ca1.5Gd7.6Si6O26,Ce,3,0.05,Mn,2,0.25,298,588,0.552,0.423,33.9,,,330,287,,,,,588,https://doi.org/10.1039/C1JM11650A,RSC,,,1.237299252,Journal of Materials Chemistry,0959-9428,2011
1764,Ca1.99Gd7.6Si6O26Ce0.05Mn0.005,Ca1.99Gd7.6Si6O26,Ce,3,0.05,Mn,2,0.005,298,588,0.29,0.234,5.4,,,313,287,,,,,588,https://doi.org/10.1039/C1JM11650A,RSC,,,0.986856825,Journal of Materials Chemistry,0959-9428,2011
1765,Ca1.98Gd7.6Si6O26Ce0.05Mn0.01,Ca1.98Gd7.6Si6O26,Ce,3,0.05,Mn,2,0.01,298,588,0.31,0.263,5.9,,,313,287,,,,,588,https://doi.org/10.1039/C1JM11650A,RSC,,,0.988601661,Journal of Materials Chemistry,0959-9428,2011
1766,Ca1.97Gd7.6Si6O26Ce0.05Mn0.015,Ca1.97Gd7.6Si6O26,Ce,3,0.05,Mn,2,0.015,298,588,0.384,0.322,6.1,,,313,287,,,,,588,https://doi.org/10.1039/C1JM11650A,RSC,,,0.990208844,Journal of Materials Chemistry,0959-9428,2011
1767,Ca1.96Gd7.6Si6O26Ce0.05Mn0.02,Ca1.96Gd7.6Si6O26,Ce,3,0.05,Mn,2,0.02,298,588,0.409,0.343,5.9,,,313,287,,,,,588,https://doi.org/10.1039/C1JM11650A,RSC,,,0.991624521,Journal of Materials Chemistry,0959-9428,2011
1768,Ca1.94Gd7.6Si6O26Ce0.05Mn0.03,Ca1.94Gd7.6Si6O26,Ce,3,0.05,Mn,2,0.03,298,588,0.434,0.367,10.1,,,313,287,,,,,588,https://doi.org/10.1039/C1JM11650A,RSC,,,0.996316328,Journal of Materials Chemistry,0959-9428,2011
1769,Ca1.9Gd7.6Si6O26Ce0.05Mn0.05,Ca1.9Gd7.6Si6O26,Ce,3,0.05,Mn,2,0.05,298,588,0.471,0.395,13.1,,,313,287,,,,,588,https://doi.org/10.1039/C1JM11650A,RSC,,,1.003212815,Journal of Materials Chemistry,0959-9428,2011
1770,Ca1.8Gd7.6Si6O26Ce0.05Mn0.1,Ca1.8Gd7.6Si6O26,Ce,3,0.05,Mn,2,0.1,298,588,0.51,0.418,17.2,,,313,287,,,,,588,https://doi.org/10.1039/C1JM11650A,RSC,,,0.996839765,Journal of Materials Chemistry,0959-9428,2011
1771,Ca1.64Gd7.6Si6O26Ce0.05Mn0.18,Ca1.64Gd7.6Si6O26,Ce,3,0.05,Mn,2,0.18,298,588,0.527,0.426,21.5,,,313,287,,,,,588,https://doi.org/10.1039/C1JM11650A,RSC,,,0.998046949,Journal of Materials Chemistry,0959-9428,2011
1772,Ca1.5Gd7.6Si6O26Ce0.05Mn0.25,Ca1.5Gd7.6Si6O26,Ce,3,0.05,Mn,2,0.25,298,588,0.547,0.419,26.7,,,313,287,,,,,588,https://doi.org/10.1039/C1JM11650A,RSC,,,1.177510369,Journal of Materials Chemistry,0959-9428,2011
1773,CaGd7.6Si6O26Ce0.05Mn0.5,CaGd7.6Si6O26,Ce,3,0.05,Mn,2,0.5,298,588,0.575,0.394,15,,,313,287,,,,,588,https://doi.org/10.1039/C1JM11650A,RSC,,,1.912950697,Journal of Materials Chemistry,0959-9428,2011
1774,Ca1.9Gd8Si6O26Ce0.05,Ca1.9Gd8Si6O26,Ce,3,0.05,,,,298,428,0.192,0.173,6.2,,,352,287,,,,,428,https://doi.org/10.1039/C1JM11650A,RSC,,,3.683426337,Journal of Materials Chemistry,0959-9428,2011
1775,Ca1.99Gd7.6Si6O26Ce0.05Mn0.005,Ca1.99Gd7.6Si6O26,Ce,3,0.05,Mn,2,0.005,298,430,0.229,0.198,6,,,352,287,,,,,428,https://doi.org/10.1039/C1JM11650A,RSC,,,3.610598753,Journal of Materials Chemistry,0959-9428,2011
1776,Ca1.98Gd7.6Si6O26Ce0.05Mn0.01,Ca1.98Gd7.6Si6O26,Ce,3,0.05,Mn,2,0.01,298,430,0.261,0.225,6.1,,,352,287,,,1.357172258,22.76,428,https://doi.org/10.1039/C1JM11650A,RSC,,,1.036036841,Journal of Materials Chemistry,0959-9428,2011
1777,Ca1.97Gd7.6Si6O26Ce0.05Mn0.015,Ca1.97Gd7.6Si6O26,Ce,3,0.05,Mn,2,0.015,298,430,0.278,0.233,7.4,,,352,287,,,,,428,https://doi.org/10.1039/C1JM11650A,RSC,,,3.609959232,Journal of Materials Chemistry,0959-9428,2011
1778,Ca1.96Gd7.6Si6O26Ce0.05Mn0.02,Ca1.96Gd7.6Si6O26,Ce,3,0.05,Mn,2,0.02,298,430,0.318,0.27,8.9,,,352,287,,,,,428,https://doi.org/10.1039/C1JM11650A,RSC,,,3.609788787,Journal of Materials Chemistry,0959-9428,2011
1779,Ca1.94Gd7.6Si6O26Ce0.05Mn0.03,Ca1.94Gd7.6Si6O26,Ce,3,0.05,Mn,2,0.03,298,430,0.374,0.314,16.6,,,352,287,,,1.29136885,19.56,428,https://doi.org/10.1039/C1JM11650A,RSC,,,1.035974026,Journal of Materials Chemistry,0959-9428,2011
1780,Ca1.9Gd7.6Si6O26Ce0.05Mn0.05,Ca1.9Gd7.6Si6O26,Ce,3,0.05,Mn,2,0.05,298,430,0.419,0.349,18.8,,,352,287,,,1.195346058,15.68,428,https://doi.org/10.1039/C1JM11650A,RSC,,,1.035937619,Journal of Materials Chemistry,0959-9428,2011
1781,Ca1.8Gd7.6Si6O26Ce0.05Mn0.1,Ca1.8Gd7.6Si6O26,Ce,3,0.05,Mn,2,0.1,298,430,0.472,0.384,19.5,,,352,287,,,,,428,https://doi.org/10.1039/C1JM11650A,RSC,,,3.502337884,Journal of Materials Chemistry,0959-9428,2011
1782,Ca1.64Gd7.6Si6O26Ce0.05Mn0.18,Ca1.64Gd7.6Si6O26,Ce,3,0.05,Mn,2,0.18,298,430,0.514,0.413,27.2,,,352,287,,,,,428,https://doi.org/10.1039/C1JM11650A,RSC,,,3.454300495,Journal of Materials Chemistry,0959-9428,2011
1783,Ca1.5Gd7.6Si6O26Ce0.05Mn0.25,Ca1.5Gd7.6Si6O26,Ce,3,0.05,Mn,2,0.25,298,430,0.548,0.414,30.6,,,352,287,,,,,428,https://doi.org/10.1039/C1JM11650A,RSC,,,3.468025426,Journal of Materials Chemistry,0959-9428,2011
1784,Mg2Y8Si6O26Mn0.18,Mg2Y8Si6O26,Mn,2,0.18,,,,298,613,0.522,0.332,0.105,,,409,409,,,,,613,https://doi.org/10.1021/jp204824d,ACS,,,4.591434975,Journal of Physical Chemistry C,1932-7447,2011
1785,Mg2Y8Si6O26Ce0.01,Mg2Y8Si6O26,Ce,3,0.01,,,,298,425,0.193,0.182,48,,,292,292,,,1.786751422,61.2,425,https://doi.org/10.1021/jp204824d,ACS,,,1.080760501,Journal of Physical Chemistry C,1932-7447,2011
1786,Mg2Y8Si6O26Ce0.01Mn0.01,Mg2Y8Si6O26,Ce,3,0.01,Mn,2,0.01,298,425,0.225,0.202,39,,,292,,,,1.754348336,56.8,425,https://doi.org/10.1021/jp204824d,ACS,,,1.03342805,Journal of Physical Chemistry C,1932-7447,2011
1787,Mg2Y8Si6O26Ce0.01Mn0.03,Mg2Y8Si6O26,Ce,3,0.01,Mn,2,0.03,298,425,0.252,0.217,49,,,292,,,,1.674861141,47.3,425,https://doi.org/10.1021/jp204824d,ACS,,,1.03368182,Journal of Physical Chemistry C,1932-7447,2011
1788,Mg2Y8Si6O26Ce0.01Mn0.05,Mg2Y8Si6O26,Ce,3,0.01,Mn,2,0.05,298,613,0.32,0.252,54,,,292,,,,1.588831726,38.8,425,https://doi.org/10.1021/jp204824d,ACS,,,1.04093638,Journal of Physical Chemistry C,1932-7447,2011
1789,Mg2Y8Si6O26Ce0.01Mn0.07,Mg2Y8Si6O26,Ce,3,0.01,Mn,2,0.07,298,613,0.335,0.261,45,,,292,,,,1.498310554,31.5,425,https://doi.org/10.1021/jp204824d,ACS,,,1.041941581,Journal of Physical Chemistry C,1932-7447,2011
1790,Mg2Y8Si6O26Ce0.01Mn0.09,Mg2Y8Si6O26,Ce,3,0.01,Mn,2,0.09,298,613,0.361,0.274,38,,,292,,,,,,,https://doi.org/10.1021/jp204824d,ACS,,,1.00187455,Journal of Physical Chemistry C,1932-7447,2011
1791,Mg2Y8Si6O26Ce0.01Mn0.15,Mg2Y8Si6O26,Ce,3,0.01,Mn,2,0.15,298,613,0.461,0.324,39,,,292,,,,,,,https://doi.org/10.1021/jp204824d,ACS,,,1.000242149,Journal of Physical Chemistry C,1932-7447,2011
1792,Mg2Y8Si6O26Ce0.01Mn0.2,Mg2Y8Si6O26,Ce,3,0.01,Mn,2,0.2,298,613,0.498,0.34,36,,,292,,,,,,,https://doi.org/10.1021/jp204824d,ACS,,,1.027731309,Journal of Physical Chemistry C,1932-7447,2011
1793,Mg2Y8Si6O26Ce0.01Mn0.25,Mg2Y8Si6O26,Ce,3,0.01,Mn,2,0.25,298,613,0.528,0.352,43,,,292,,,,,,,https://doi.org/10.1021/jp204824d,ACS,,,1.029857435,Journal of Physical Chemistry C,1932-7447,2011
1794,Mg2Y8Si6O26Ce0.01Mn0.3,Mg2Y8Si6O26,Ce,3,0.01,Mn,2,0.3,298,613,0.544,0.357,46,,,292,,,,,,,https://doi.org/10.1021/jp204824d,ACS,,,1.039421329,Journal of Physical Chemistry C,1932-7447,2011
1795,Mg2Y8Si6O26Ce0.01Mn0.4,Mg2Y8Si6O26,Ce,3,0.01,Mn,2,0.4,298,613,0.572,0.356,26,,,292,,,,,,,https://doi.org/10.1021/jp204824d,ACS,,,1.089577113,Journal of Physical Chemistry C,1932-7447,2011
1796,Mg2Y8Si6O26Ce0.01Mn0.5,Mg2Y8Si6O26,Ce,3,0.01,Mn,2,0.5,298,613,0.589,0.355,21,,,292,,,,,,,https://doi.org/10.1021/jp204824d,ACS,,,1.227990068,Journal of Physical Chemistry C,1932-7447,2011
1797,Mg2Y8Si6O26Ce0.01Tb0.01,Mg2Y8Si6O26,Ce,3,0.01,Tb,3,0.01,298,400,0.218,0.241,50,,,292,,,,,,,https://doi.org/10.1021/jp204824d,ACS,,,3.140960341,Journal of Physical Chemistry C,1932-7447,2011
1798,Mg2Y8Si6O26Ce0.01Tb0.05,Mg2Y8Si6O26,Ce,3,0.01,Tb,3,0.05,298,544,0.251,0.333,62,,,292,,,,,,,https://doi.org/10.1021/jp204824d,ACS,,,2.109830277,Journal of Physical Chemistry C,1932-7447,2011
1799,Mg2Y8Si6O26Ce0.01Tb0.08,Mg2Y8Si6O26,Ce,3,0.01,Tb,3,0.08,298,544,0.284,0.429,68,,,292,,,,,,,https://doi.org/10.1021/jp204824d,ACS,,,2.113128598,Journal of Physical Chemistry C,1932-7447,2011
1800,Mg2Y8Si6O26Ce0.001Mn0.05,Mg2Y8Si6O26,Ce,3,0.001,Mn,2,0.05,298,613,0.319,0.247,19,,,292,,,,,,,https://doi.org/10.1021/jp204824d,ACS,,,1.027705268,Journal of Physical Chemistry C,1932-7447,2011
1801,Mg2Y8Si6O26Ce0.003Mn0.05,Mg2Y8Si6O26,Ce,3,0.003,Mn,2,0.05,298,613,0.315,0.245,34,,,292,,,,,,,https://doi.org/10.1021/jp204824d,ACS,,,0.991542665,Journal of Physical Chemistry C,1932-7447,2011
1802,Mg2Y8Si6O26Ce0.005Mn0.05,Mg2Y8Si6O26,Ce,3,0.005,Mn,2,0.05,298,613,0.329,0.257,32,,,292,,,,,,,https://doi.org/10.1021/jp204824d,ACS,,,1.005428036,Journal of Physical Chemistry C,1932-7447,2011
1803,Mg2Y8Si6O26Ce0.008Mn0.05,Mg2Y8Si6O26,Ce,3,0.008,Mn,2,0.05,298,613,0.333,0.26,44,,,292,,,,,,,https://doi.org/10.1021/jp204824d,ACS,,,0.993584158,Journal of Physical Chemistry C,1932-7447,2011
1804,Mg2Y8Si6O26Ce0.012Mn0.05,Mg2Y8Si6O26,Ce,3,0.012,Mn,2,0.05,298,613,0.321,0.253,53,,,292,,,,,,,https://doi.org/10.1021/jp204824d,ACS,,,0.991611072,Journal of Physical Chemistry C,1932-7447,2011
1805,Mg2Y8Si6O26Ce0.02Mn0.05,Mg2Y8Si6O26,Ce,3,0.02,Mn,2,0.05,298,613,0.323,0.262,51,,,292,,,,,,,https://doi.org/10.1021/jp204824d,ACS,,,0.991552467,Journal of Physical Chemistry C,1932-7447,2011
1806,Mg2Y8Si6O26Ce0.01,Mg2Y8Si6O26,Ce,3,0.01,,,,298,455,0.203,0.229,49,,,324,,,,,,,https://doi.org/10.1021/jp204824d,ACS,,,3.226275689,Journal of Physical Chemistry C,1932-7447,2011
1807,Mg2Y8Si6O26Ce0.01Mn0.01,Mg2Y8Si6O26,Ce,3,0.01,Mn,2,0.01,298,,0.234,0.245,42,,,324,,,,,,,https://doi.org/10.1021/jp204824d,ACS,,,0.986357633,Journal of Physical Chemistry C,1932-7447,2011
1808,Mg2Y8Si6O26Ce0.01Mn0.03,Mg2Y8Si6O26,Ce,3,0.01,Mn,2,0.03,298,,0.26,0.257,51,,,324,,,,,,,https://doi.org/10.1021/jp204824d,ACS,,,0.98464596,Journal of Physical Chemistry C,1932-7447,2011
1809,Mg2Y8Si6O26Ce0.01Mn0.05,Mg2Y8Si6O26,Ce,3,0.01,Mn,2,0.05,298,,0.328,0.286,56,,,324,,,,,,,https://doi.org/10.1021/jp204824d,ACS,,,0.985648979,Journal of Physical Chemistry C,1932-7447,2011
1810,Mg2Y8Si6O26Ce0.01Mn0.07,Mg2Y8Si6O26,Ce,3,0.01,Mn,2,0.07,298,,0.341,0.292,56,,,324,,,,,,,https://doi.org/10.1021/jp204824d,ACS,,,0.985382031,Journal of Physical Chemistry C,1932-7447,2011
1811,Mg2Y8Si6O26Ce0.01Mn0.09,Mg2Y8Si6O26,Ce,3,0.01,Mn,2,0.09,298,,0.366,0.302,46,,,324,,,,,,,https://doi.org/10.1021/jp204824d,ACS,,,0.987362656,Journal of Physical Chemistry C,1932-7447,2011
1812,Mg2Y8Si6O26Ce0.01Mn0.15,Mg2Y8Si6O26,Ce,3,0.01,Mn,2,0.15,298,,0.466,0.342,47,,,324,,,,,,,https://doi.org/10.1021/jp204824d,ACS,,,0.989500751,Journal of Physical Chemistry C,1932-7447,2011
1813,Mg2Y8Si6O26Ce0.01Mn0.2,Mg2Y8Si6O26,Ce,3,0.01,Mn,2,0.2,298,,0.503,0.354,47,,,324,,,,,,,https://doi.org/10.1021/jp204824d,ACS,,,1.005246266,Journal of Physical Chemistry C,1932-7447,2011
1814,Mg2Y8Si6O26Ce0.01Mn0.25,Mg2Y8Si6O26,Ce,3,0.01,Mn,2,0.25,298,,0.532,0.362,57,,,324,,,,,,,https://doi.org/10.1021/jp204824d,ACS,,,1.003499601,Journal of Physical Chemistry C,1932-7447,2011
1815,Mg2Y8Si6O26Ce0.01Mn0.3,Mg2Y8Si6O26,Ce,3,0.01,Mn,2,0.3,298,,0.549,0.365,53,,,324,,,,,,,https://doi.org/10.1021/jp204824d,ACS,,,1.003499601,Journal of Physical Chemistry C,1932-7447,2011
1816,Mg2Y8Si6O26Ce0.01Mn0.4,Mg2Y8Si6O26,Ce,3,0.01,Mn,2,0.4,298,,0.579,0.362,34,,,324,,,,,,,https://doi.org/10.1021/jp204824d,ACS,,,1.045671026,Journal of Physical Chemistry C,1932-7447,2011
1817,Mg2Y8Si6O26Ce0.01Mn0.5,Mg2Y8Si6O26,Ce,3,0.01,Mn,2,0.5,298,,0.596,0.36,27,,,324,,,,,,,https://doi.org/10.1021/jp204824d,ACS,,,1.191590247,Journal of Physical Chemistry C,1932-7447,2011
1818,Mg2Y8Si6O26Ce0.01Tb0.01,Mg2Y8Si6O26,Ce,3,0.01,Tb,3,0.01,298,,0.227,0.263,54,,,324,,,,,,,https://doi.org/10.1021/jp204824d,ACS,,,2.014838958,Journal of Physical Chemistry C,1932-7447,2011
1819,Mg2Y8Si6O26Ce0.01Tb0.05,Mg2Y8Si6O26,Ce,3,0.01,Tb,3,0.05,298,,0.258,0.362,65,,,324,,,,,,,https://doi.org/10.1021/jp204824d,ACS,,,2.023469229,Journal of Physical Chemistry C,1932-7447,2011
1820,Mg2Y8Si6O26Ce0.01Tb0.08,Mg2Y8Si6O26,Ce,3,0.01,Tb,3,0.08,298,,0.288,0.447,76,,,324,,,,,,,https://doi.org/10.1021/jp204824d,ACS,,,2.051651506,Journal of Physical Chemistry C,1932-7447,2011
1821,Mg2Y8Si6O26Ce0.001Mn0.05,Mg2Y8Si6O26,Ce,3,0.001,Mn,2,0.05,298,,0.327,0.285,22,,,324,,,,,,,https://doi.org/10.1021/jp204824d,ACS,,,0.992224063,Journal of Physical Chemistry C,1932-7447,2011
1822,Mg2Y8Si6O26Ce0.003Mn0.05,Mg2Y8Si6O26,Ce,3,0.003,Mn,2,0.05,298,,0.324,0.283,35,,,324,,,,,,,https://doi.org/10.1021/jp204824d,ACS,,,0.98943058,Journal of Physical Chemistry C,1932-7447,2011
1823,Mg2Y8Si6O26Ce0.005Mn0.05,Mg2Y8Si6O26,Ce,3,0.005,Mn,2,0.05,298,,0.335,0.29,34,,,324,,,,,,,https://doi.org/10.1021/jp204824d,ACS,,,0.989811439,Journal of Physical Chemistry C,1932-7447,2011
1824,Mg2Y8Si6O26Ce0.008Mn0.05,Mg2Y8Si6O26,Ce,3,0.008,Mn,2,0.05,298,,0.338,0.292,45,,,324,,,,,,,https://doi.org/10.1021/jp204824d,ACS,,,0.986389424,Journal of Physical Chemistry C,1932-7447,2011
1825,Mg2Y8Si6O26Ce0.012Mn0.05,Mg2Y8Si6O26,Ce,3,0.012,Mn,2,0.05,298,,0.327,0.286,52,,,324,,,,,,,https://doi.org/10.1021/jp204824d,ACS,,,0.984846578,Journal of Physical Chemistry C,1932-7447,2011
1826,Mg2Y8Si6O26Ce0.02Mn0.05,Mg2Y8Si6O26,Ce,3,0.02,Mn,2,0.05,298,,0.326,0.289,50,,,324,,,,,,,https://doi.org/10.1021/jp204824d,ACS,,,0.985866946,Journal of Physical Chemistry C,1932-7447,2011
1827,Na3Sc1.94P3O12Ce0.03,Na3Sc1.94P3O12,Ce,3,0.03,,,,298,380,0.171,0.05,42,,,320,,,,1.338057875,21.78,542,https://doi.org/10.1016/j.dyepig.2017.12.051,ESV,"mp-16956,mp-1221280,mp-555608", icsd-65406 icsd-20740,1.022531529,Dyes and Pigments,0143-7208,2018
1828,Na3Sc1.93P3O12Ce0.03Tb0.005,Na3Sc1.93P3O12,Ce,3,0.03,Tb,3,0.005,298,542,0.205,0.209,48.6,,,320,320,,,1.31993844,20.89,542,https://doi.org/10.1016/j.dyepig.2017.12.051,ESV,"mp-16956,mp-1221280,mp-555608", icsd-65406 icsd-20740,0.979267697,Dyes and Pigments,0143-7208,2018
1829,Na3Sc1.92P3O12Ce0.03Tb0.01,Na3Sc1.92P3O12,Ce,3,0.03,Tb,3,0.01,298,542,0.249,0.339,41,,,320,320,,,1.26904571,18.58,542,https://doi.org/10.1016/j.dyepig.2017.12.051,ESV,"mp-16956,mp-1221280,mp-555608", icsd-65406 icsd-20740,0.97916642,Dyes and Pigments,0143-7208,2018
1830,Na3Sc1.88P3O12Ce0.03Tb0.03,Na3Sc1.88P3O12,Ce,3,0.03,Tb,3,0.03,298,542,0.277,0.493,33.7,,,320,320,,,1.234770295,17.17,542,https://doi.org/10.1016/j.dyepig.2017.12.051,ESV,"mp-16956,mp-1221280,mp-555608", icsd-65406 icsd-20740,0.983236274,Dyes and Pigments,0143-7208,2018
1831,Na3Sc1.84P3O12Ce0.03Tb0.05,Na3Sc1.84P3O12,Ce,3,0.03,Tb,3,0.05,298,542,0.29,0.547,53.5,,,320,320,,,1.203848464,15.99,542,https://doi.org/10.1016/j.dyepig.2017.12.051,ESV,"mp-16956,mp-1221280,mp-555608", icsd-65406 icsd-20740,0.983510182,Dyes and Pigments,0143-7208,2018
1832,Na3Sc1.74P3O12Ce0.03Tb0.1,Na3Sc1.74P3O12,Ce,3,0.03,Tb,3,0.1,298,542,0.3,0.576,65,,,320,320,,,0.994756945,9.88,542,https://doi.org/10.1016/j.dyepig.2017.12.051,ESV,"mp-16956,mp-1221280,mp-555608", icsd-65406 icsd-20740,0.984583881,Dyes and Pigments,0143-7208,2018
1833,Na3Sc1.54P3O12Ce0.03Tb0.2,Na3Sc1.54P3O12,Ce,3,0.03,Tb,3,0.2,298,542,0.299,0.593,25.1,,,320,320,,,0.706717782,5.09,542,https://doi.org/10.1016/j.dyepig.2017.12.051,ESV,"mp-16956,mp-1221280,mp-555608", icsd-65406 icsd-20740,0.985042576,Dyes and Pigments,0143-7208,2018
1834,Ca3Gd0.95Ga3B4O15Ce0.05,Ca3Gd0.95Ga3B4O15,Ce,3,0.05,,,,298,400,0.1661,0.0686,60,,,344,344,,,1.429913698,26.91,400,https://doi.org/10.1016/j.ceramint.2017.12.082,ESV,,,0.997558527,Ceramics International,0272-8842,2018
1835,Ca3Gd0.9Ga3B4O15Ce0.05Tb0.05,Ca3Gd0.9Ga3B4O15,Ce,3,0.05,Tb,3,0.05,298,544,0.2068,0.1852,65.2,,,344,,,,1.403977964,25.35,400,https://doi.org/10.1016/j.ceramint.2017.12.082,ESV,,,1.029029273,Ceramics International,0272-8842,2018
1836,Ca3Gd0.85Ga3B4O15Ce0.05Tb0.1,Ca3Gd0.85Ga3B4O15,Ce,3,0.05,Tb,3,0.1,298,544,0.237,0.2618,69.3,,,344,,,,1.371806459,23.54,400,https://doi.org/10.1016/j.ceramint.2017.12.082,ESV,,,1.029185318,Ceramics International,0272-8842,2018
1837,Ca3Gd0.65Ga3B4O15Ce0.05Tb0.3,Ca3Gd0.65Ga3B4O15,Ce,3,0.05,Tb,3,0.3,298,544,0.298,0.4105,75.5,,,344,,,,1.273001272,18.75,400,https://doi.org/10.1016/j.ceramint.2017.12.082,ESV,,,1.029546435,Ceramics International,0272-8842,2018
1838,Ca3Gd0.45Ga3B4O15Ce0.05Tb0.5,Ca3Gd0.45Ga3B4O15,Ce,3,0.05,Tb,3,0.5,298,544,0.3263,0.4791,61.2,,,344,,,,1.149527014,14.11,400,https://doi.org/10.1016/j.ceramint.2017.12.082,ESV,,,1.030401706,Ceramics International,0272-8842,2018
1845,NaBi0.9F4Eu0.1,NaBi0.9F4,Eu,3,0.1,,,,298,616,,,,,,394,394,,,6.695481676,4960000,616,https://doi.org/10.1016/j.cej.2017.12.063,ESV,,,1.011838441,Chemical Engineering Journal,1385-8947,2018
1846,NaBi0.8F4Eu0.2,NaBi0.8F4,Eu,3,0.2,,,,298,616,,,,,,394,394,,,6.67669361,4750000,616,https://doi.org/10.1016/j.cej.2017.12.063,ESV,,,1.056378297,Chemical Engineering Journal,1385-8947,2018
1847,NaBi0.6F4Eu0.4,NaBi0.6F4,Eu,3,0.4,,,,298,616,0.644,0.356,73.1,,465,394,394,316,380,6.51054501,3240000,616,https://doi.org/10.1016/j.cej.2017.12.063,ESV,,,59.29575081,Chemical Engineering Journal,1385-8947,2018
1848,NaBi0.4F4Eu0.6,NaBi0.4F4,Eu,3,0.6,,,,298,616,,,,,,394,394,,,6.346352974,2220000,616,https://doi.org/10.1016/j.cej.2017.12.063,ESV,,,1.034299153,Chemical Engineering Journal,1385-8947,2018
1849,NaBi0.3F4Eu0.7,NaBi0.3F4,Eu,3,0.7,,,,298,616,,,,,,394,394,,,6.206825876,1610000,616,https://doi.org/10.1016/j.cej.2017.12.063,ESV,,,0.965540418,Chemical Engineering Journal,1385-8947,2018
1850,Ba2.97LaNaP3O12FEu0.01,Ba2.97LaNaP3O12F,Eu,2,0.01,,,,298,465,0.133,0.121,,,,355,400,,,,,465,https://doi.org/10.1021/ic401033u,ACS,,,1.03345644,Inorganic Chemistry,0020-1669,2013
1851,Ba2.97La0.94NaP3O12FEu0.01Tb0.06,Ba2.97La0.94NaP3O12F,Eu,2,0.01,Tb,3,0.06,298,543,,,,,,355,400,,,2.602059991,400,465,https://doi.org/10.1021/ic401033u,ACS,,,1.071369319,Inorganic Chemistry,0020-1669,2013
1852,Ba2.97La0.88NaP3O12FEu0.01Tb0.12,Ba2.97La0.88NaP3O12F,Eu,2,0.01,Tb,3,0.12,298,543,,,,,,355,400,,,2.591064607,390,465,https://doi.org/10.1021/ic401033u,ACS,,,1.072021172,Inorganic Chemistry,0020-1669,2013
1853,Ba2.97La0.8NaP3O12FEu0.01Tb0.2,Ba2.97La0.8NaP3O12F,Eu,2,0.01,Tb,3,0.2,298,543,,,,,,355,400,,,2.544068044,350,465,https://doi.org/10.1021/ic401033u,ACS,,,1.076551963,Inorganic Chemistry,0020-1669,2013
1854,Ba2.97La0.75NaP3O12FEu0.01Tb0.25,Ba2.97La0.75NaP3O12F,Eu,2,0.01,Tb,3,0.25,298,543,,,,,,355,400,,,2.51851394,330,465,https://doi.org/10.1021/ic401033u,ACS,,,1.080206184,Inorganic Chemistry,0020-1669,2013
1855,Ba2.97La0.7NaP3O12FEu0.01Tb0.3,Ba2.97La0.7NaP3O12F,Eu,2,0.01,Tb,3,0.3,298,543,,,,,,355,400,,,2.491361694,310,465,https://doi.org/10.1021/ic401033u,ACS,,,1.084650728,Inorganic Chemistry,0020-1669,2013
1856,Ba2.97La0.6NaP3O12FEu0.01Tb0.4,Ba2.97La0.6NaP3O12F,Eu,2,0.01,Tb,3,0.4,298,543,,,,,,355,400,,,2.414973348,260,465,https://doi.org/10.1021/ic401033u,ACS,,,1.185166045,Inorganic Chemistry,0020-1669,2013
1857,Ba2.97La0.5NaP3O12FEu0.01Tb0.5,Ba2.97La0.5NaP3O12F,Eu,2,0.01,Tb,3,0.5,298,543,,,,,,355,400,,,2.380211242,240,465,https://doi.org/10.1021/ic401033u,ACS,,,1.177517761,Inorganic Chemistry,0020-1669,2013
1858,Ba2.97La0.4NaP3O12FEu0.01Tb0.6,Ba2.97La0.4NaP3O12F,Eu,2,0.01,Tb,3,0.6,298,543,0.319,0.523,,,,355,400,,,2.322219295,210,465,https://doi.org/10.1021/ic401033u,ACS,,,1.168254419,Inorganic Chemistry,0020-1669,2013
1859,Na0.95ScSi2O6Eu0.05,Na0.95ScSi2O6,Eu,2,0.05,,,,298,533,0.313,0.529,71.7,,,365,,,,,,,https://doi.org/10.1021/jp4062225,ACS,mp-7074, icsd-74553 icsd-159541,1.034403314,Journal of Physical Chemistry C,1932-7447,2013
1860,Na0.95Sc0.97Si2O6Eu0.05Mn0.03,Na0.95Sc0.97Si2O6,Eu,2,0.05,Mn,2,0.03,298,533,0.334,0.512,42.7,,,365,,,,,,,https://doi.org/10.1021/jp4062225,ACS,mp-7074, icsd-74553 icsd-159541,1.048726558,Journal of Physical Chemistry C,1932-7447,2013
1861,Na0.95Sc0.9Si2O6Eu0.05Mn0.1,Na0.95Sc0.9Si2O6,Eu,2,0.05,Mn,2,0.1,298,533,0.35,0.505,40,,,365,,,,,,,https://doi.org/10.1021/jp4062225,ACS,mp-7074, icsd-74553 icsd-159541,1.04477649,Journal of Physical Chemistry C,1932-7447,2013
1862,Na0.95Sc0.85Si2O6Eu0.05Mn0.15,Na0.95Sc0.85Si2O6,Eu,2,0.05,Mn,2,0.15,298,654,0.39,0.488,39.9,,,365,,,,,,,https://doi.org/10.1021/jp4062225,ACS,mp-7074, icsd-74553 icsd-159541,1.094177374,Journal of Physical Chemistry C,1932-7447,2013
1863,Na0.95Sc0.8Si2O6Eu0.05Mn0.2,Na0.95Sc0.8Si2O6,Eu,2,0.05,Mn,2,0.2,298,654,0.431,0.465,33,,,365,,,,,,,https://doi.org/10.1021/jp4062225,ACS,mp-7074, icsd-74553 icsd-159541,1.094411652,Journal of Physical Chemistry C,1932-7447,2013
1864,K2Gd0.5PWO8Tb0.5,K2Gd0.5PWO8,Tb,3,0.5,,,,298,543,0.35,0.58,,,,378,378,,,,,543,https://doi.org/10.1039/C4TC02406K,RSC,,,1.513921947,Journal of Materials Chemistry C,2050-7526,2015
1865,K2Gd0.495PWO8Tb0.5Eu0.005,K2Gd0.495PWO8,Tb,3,0.5,Eu,3,0.005,298,616,0.47,0.49,,,,394,378,,,6.51851394,3300000,616,https://doi.org/10.1039/C4TC02406K,RSC,,,179.3467873,Journal of Materials Chemistry C,2050-7526,2015
1866,K2Gd0.47PWO8Tb0.5Eu0.03,K2Gd0.47PWO8,Tb,3,0.5,Eu,3,0.03,298,616,0.6,0.38,,,,394,378,,,6.534026106,3420000,616,https://doi.org/10.1039/C4TC02406K,RSC,,,1.997248679,Journal of Materials Chemistry C,2050-7526,2015
1867,K2Gd0.4PWO8Tb0.5Eu0.1,K2Gd0.4PWO8,Tb,3,0.5,Eu,3,0.1,298,616,0.64,0.35,,,,394,378,,,,,616,https://doi.org/10.1039/C4TC02406K,RSC,,,0.992619157,Journal of Materials Chemistry C,2050-7526,2015
1868,K2PWO8Tb0.5Eu0.5,K2PWO8,Tb,3,0.5,Eu,3,0.5,298,616,0.65,0.34,76.45,35.24,,394,378,,,,,616,https://doi.org/10.1039/C4TC02406K,RSC,,,1.505032154,Journal of Materials Chemistry C,2050-7526,2015
1869,Na2Y2B2O7Ce0.03,Na2Y2B2O7,Ce,3,0.03,,,,298,422,0.1535,0.1022,58.2,,,366,366,,,1.857332496,72,422,https://doi.org/10.1016/j.jssc.2014.02.002,ESV,mp-6331, icsd-191128 icsd-245226 icsd-99206,1.052639818,Journal of Solid State Chemistry,0022-4596,2014
1870,Na2Y2B2O7Ce0.03Tb0.025,Na2Y2B2O7,Ce,3,0.03,Tb,3,0.025,298,542,0.2502,0.415,61.6,,,366,,,,1.919078092,83,422,https://doi.org/10.1016/j.jssc.2014.02.002,ESV,mp-6331, icsd-191128 icsd-245226 icsd-99206,0.983148326,Journal of Solid State Chemistry,0022-4596,2014
1871,Na2Y2B2O7Ce0.03Tb0.05,Na2Y2B2O7,Ce,3,0.03,Tb,3,0.05,298,542,0.2781,0.5042,69.3,,,366,,,,1.903089987,80,422,https://doi.org/10.1016/j.jssc.2014.02.002,ESV,mp-6331, icsd-191128 icsd-245226 icsd-99206,0.982698786,Journal of Solid State Chemistry,0022-4596,2014
1872,Na2Y2B2O7Ce0.03Tb0.075,Na2Y2B2O7,Ce,3,0.03,Tb,3,0.075,298,542,0.2898,0.5386,71.7,,,366,,,,1.892094603,78,422,https://doi.org/10.1016/j.jssc.2014.02.002,ESV,mp-6331, icsd-191128 icsd-245226 icsd-99206,0.98225369,Journal of Solid State Chemistry,0022-4596,2014
1873,Na2Y2B2O7Ce0.03Tb0.1,Na2Y2B2O7,Ce,3,0.03,Tb,3,0.1,298,542,0.2983,0.5644,75.2,,,366,,,,1.880813592,76,422,https://doi.org/10.1016/j.jssc.2014.02.002,ESV,mp-6331, icsd-191128 icsd-245226 icsd-99206,0.982760335,Journal of Solid State Chemistry,0022-4596,2014
1874,Na2Y2B2O7Ce0.03Tb0.125,Na2Y2B2O7,Ce,3,0.03,Tb,3,0.125,298,542,0.3294,0.5811,59,,,366,,,,1.86332286,73,422,https://doi.org/10.1016/j.jssc.2014.02.002,ESV,mp-6331, icsd-191128 icsd-245226 icsd-99206,0.984432891,Journal of Solid State Chemistry,0022-4596,2014
1875,Na0.34Ca0.66Al1.66Si2.34O8Eu0.07,Na0.34Ca0.66Al1.66Si2.34O8,Eu,2,0.07,,,,298,420,,,89,68,473,365,365,,,2.712649702,516,420,https://doi.org/10.1021/ic300956m,ACS,,,0.980559449,Inorganic Chemistry,0020-1669,2012
1876,NaSrBO3Ce0.01,NaSrBO3,Ce,3,0.01,,,,298,420,0.1583,0.0493,74.7,61.6,483,355,355,,,1.9820314,95.947,420,https://doi.org/10.1039/C1JM10765H,RSC,mp-556695, icsd-172420 icsd-239003,0.996193324,Journal of Materials Chemistry,0959-9428,2011
1877,NaSrBO3Ce0.03,NaSrBO3,Ce,3,0.03,,,,298,420,,,,,,355,355,,,1.917526515,82.704,420,https://doi.org/10.1039/C1JM10765H,RSC,mp-556695, icsd-172420 icsd-239003,0.997444467,Journal of Materials Chemistry,0959-9428,2011
1878,NaSrBO3Ce0.05,NaSrBO3,Ce,3,0.05,,,,298,420,,,,,,355,355,,,1.906846626,80.695,420,https://doi.org/10.1039/C1JM10765H,RSC,mp-556695, icsd-172420 icsd-239003,0.997507422,Journal of Materials Chemistry,0959-9428,2011
1879,NaSrBO3Ce0.07,NaSrBO3,Ce,3,0.07,,,,298,420,,,,,,355,355,,,1.88456315,76.659,420,https://doi.org/10.1039/C1JM10765H,RSC,mp-556695, icsd-172420 icsd-239003,0.99759432,Journal of Materials Chemistry,0959-9428,2011
1880,Ca3La2W1.996O12Mn0.002,Ca3La2W1.996O12,Mn,4,0.002,,,,298,711,,,,,,360,360,,,5.931457871,854000,711,https://doi.org/10.1016/j.dyepig.2018.01.022,ESV,,,1.053947845,Dyes and Pigments,0143-7208,2018
1881,Ca3La2W1.992O12Mn0.004,Ca3La2W1.992O12,Mn,4,0.004,,,,298,711,,,,,,360,360,,,5.893761762,783000,711,https://doi.org/10.1016/j.dyepig.2018.01.022,ESV,,,0.996084953,Dyes and Pigments,0143-7208,2018
1882,Ca3La2W1.984O12Mn0.008,Ca3La2W1.984O12,Mn,4,0.008,,,,298,711,0.7125,0.2858,47.9,,390,360,360,470,,5.890421019,777000,711,https://doi.org/10.1016/j.dyepig.2018.01.022,ESV,,,0.951149436,Dyes and Pigments,0143-7208,2018
1883,Ca3La2W1.98O12Mn0.01,Ca3La2W1.98O12,Mn,4,0.01,,,,298,711,,,,,,360,360,,,5.869818208,741000,711,https://doi.org/10.1016/j.dyepig.2018.01.022,ESV,,,1.044143709,Dyes and Pigments,0143-7208,2018
1884,Ca3La2W1.976O12Mn0.012,Ca3La2W1.976O12,Mn,4,0.012,,,,298,711,,,,,,360,360,,,5.821513528,663000,711,https://doi.org/10.1016/j.dyepig.2018.01.022,ESV,,,1.000125892,Dyes and Pigments,0143-7208,2018
1885,Ca3La2W1.97O12Mn0.015,Ca3La2W1.97O12,Mn,4,0.015,,,,298,711,,,,,,360,360,,,5.810904281,647000,711,https://doi.org/10.1016/j.dyepig.2018.01.022,ESV,,,1.198747742,Dyes and Pigments,0143-7208,2018
1886,Ca3La2W1.96O12Mn0.02,Ca3La2W1.96O12,Mn,4,0.02,,,,298,711,,,,,,360,360,,,5.770852012,590000,711,https://doi.org/10.1016/j.dyepig.2018.01.022,ESV,,,0.999257103,Dyes and Pigments,0143-7208,2018
1887,Na3Sc2P3O12Dy0.01,Na3Sc2P3O12,Dy,3,0.01,,,,298,575,0.394,0.405,,,,350,350,325,362,6.201123897,1589000,575,https://doi.org/10.1016/j.dyepig.2018.03.053,ESV,"mp-16956,mp-1221280,mp-555608", icsd-65406 icsd-20740,0.989724463,Dyes and Pigments,0143-7208,2018
1888,Na3Sc2P3O12Dy0.03,Na3Sc2P3O12,Dy,3,0.03,,,,298,575,0.393,0.412,,,,350,350,325,362,5.98721923,971000,575,https://doi.org/10.1016/j.dyepig.2018.03.053,ESV,"mp-16956,mp-1221280,mp-555608", icsd-65406 icsd-20740,0.987456197,Dyes and Pigments,0143-7208,2018
1889,Na3Sc2P3O12Dy0.05,Na3Sc2P3O12,Dy,3,0.05,,,,298,575,0.39,0.409,77.8,,,350,350,325,362,5.90579588,805000,575,https://doi.org/10.1016/j.dyepig.2018.03.053,ESV,"mp-16956,mp-1221280,mp-555608", icsd-65406 icsd-20740,1.005551164,Dyes and Pigments,0143-7208,2018
1890,Na3Sc2P3O12Dy0.08,Na3Sc2P3O12,Dy,3,0.08,,,,298,575,0.39,0.409,,,,350,350,325,362,5.878521796,756000,575,https://doi.org/10.1016/j.dyepig.2018.03.053,ESV,"mp-16956,mp-1221280,mp-555608", icsd-65406 icsd-20740,1.066333858,Dyes and Pigments,0143-7208,2018
1891,Na3Sc2P3O12Dy0.1,Na3Sc2P3O12,Dy,3,0.1,,,,298,575,0.387,0.407,,,,350,350,325,362,5.784617293,609000,575,https://doi.org/10.1016/j.dyepig.2018.03.053,ESV,"mp-16956,mp-1221280,mp-555608", icsd-65406 icsd-20740,1.020014224,Dyes and Pigments,0143-7208,2018
1892,Na3Sc2P3O12Dy0.05Eu0.03,Na3Sc2P3O12,Dy,3,0.05,Eu,3,0.03,298,575,0.409,0.406,,,,350,,,,5.837588438,688000,486,https://doi.org/10.1016/j.dyepig.2018.03.053,ESV,"mp-16956,mp-1221280,mp-555608", icsd-65406 icsd-20740,1.132453398,Dyes and Pigments,0143-7208,2018
1893,Na3Sc2P3O12Dy0.05Eu0.05,Na3Sc2P3O12,Dy,3,0.05,Eu,3,0.05,298,575,0.421,0.403,,,,350,,,,5.831229694,678000,486,https://doi.org/10.1016/j.dyepig.2018.03.053,ESV,"mp-16956,mp-1221280,mp-555608", icsd-65406 icsd-20740,0.983278921,Dyes and Pigments,0143-7208,2018
1894,Na3Sc2P3O12Dy0.05Eu0.1,Na3Sc2P3O12,Dy,3,0.05,Eu,3,0.1,298,575,0.434,0.399,,,,350,,,,5.810232518,646000,486,https://doi.org/10.1016/j.dyepig.2018.03.053,ESV,"mp-16956,mp-1221280,mp-555608", icsd-65406 icsd-20740,1.214474623,Dyes and Pigments,0143-7208,2018
1895,Na3Sc2P3O12Dy0.05Eu0.15,Na3Sc2P3O12,Dy,3,0.05,Eu,3,0.15,298,575,0.446,0.395,,,,350,,,,5.799340549,630000,486,https://doi.org/10.1016/j.dyepig.2018.03.053,ESV,"mp-16956,mp-1221280,mp-555608", icsd-65406 icsd-20740,0.969981177,Dyes and Pigments,0143-7208,2018
1896,Na3Sc2P3O12Dy0.05Eu0.2,Na3Sc2P3O12,Dy,3,0.05,Eu,3,0.2,298,575,0.453,0.39,44.1,,,350,,,,5.797267541,627000,486,https://doi.org/10.1016/j.dyepig.2018.03.053,ESV,"mp-16956,mp-1221280,mp-555608", icsd-65406 icsd-20740,0.984506782,Dyes and Pigments,0143-7208,2018
1897,Na3Sc2P3O12Dy0.05Eu0.3,Na3Sc2P3O12,Dy,3,0.05,Eu,3,0.3,298,575,0.489,0.379,,,,350,,,,5.764176132,581000,486,https://doi.org/10.1016/j.dyepig.2018.03.053,ESV,"mp-16956,mp-1221280,mp-555608", icsd-65406 icsd-20740,0.998115651,Dyes and Pigments,0143-7208,2018
1898,Na3Sc2P3O12Dy0.05Eu0.4,Na3Sc2P3O12,Dy,3,0.05,Eu,3,0.4,298,575,0.499,0.374,,,,350,,,,5.738780558,548000,486,https://doi.org/10.1016/j.dyepig.2018.03.053,ESV,"mp-16956,mp-1221280,mp-555608", icsd-65406 icsd-20740,0.991638381,Dyes and Pigments,0143-7208,2018
1899,Na3Sc2P3O12Eu0.1,Na3Sc2P3O12,Eu,3,0.1,,,,298,621,0.641,0.358,,,,395,395,,,,,621,https://doi.org/10.1016/j.dyepig.2018.03.053,ESV,"mp-16956,mp-1221280,mp-555608", icsd-65406 icsd-20740,1.062178963,Dyes and Pigments,0143-7208,2018
1900,Ca0.98Zr4P6O24Dy0.02,Ca0.98Zr4P6O24,Dy,3,0.02,,,,298,487,0.273,0.291,,,,350,350,362,,6.30920418,2038000,577,https://doi.org/10.1016/j.saa.2014.07.052,ESV,mp-556440, icsd-151683,1.008432845,Spectrochimica Acta - Part A: Molecular and Biomolecular Spectroscopy,1386-1425,2015
1901,Ca0.96Zr4P6O24Dy0.04,Ca0.96Zr4P6O24,Dy,3,0.04,,,,298,487,0.279,0.306,13.5,,,350,350,362,,6.25358029,1793000,577,https://doi.org/10.1016/j.saa.2014.07.052,ESV,mp-556440, icsd-151683,1.00252856,Spectrochimica Acta - Part A: Molecular and Biomolecular Spectroscopy,1386-1425,2015
1902,Ca0.94Zr4P6O24Dy0.06,Ca0.94Zr4P6O24,Dy,3,0.06,,,,298,487,0.279,0.304,,,,350,350,362,,6.219846386,1659000,577,https://doi.org/10.1016/j.saa.2014.07.052,ESV,mp-556440, icsd-151683,1.02143018,Spectrochimica Acta - Part A: Molecular and Biomolecular Spectroscopy,1386-1425,2015
1903,Ca0.92Zr4P6O24Dy0.08,Ca0.92Zr4P6O24,Dy,3,0.08,,,,298,487,0.277,0.297,,,,350,350,362,,6.216957207,1648000,577,https://doi.org/10.1016/j.saa.2014.07.052,ESV,mp-556440, icsd-151683,1.087460728,Spectrochimica Acta - Part A: Molecular and Biomolecular Spectroscopy,1386-1425,2015
1904,Ca0.9Zr4P6O24Dy0.1,Ca0.9Zr4P6O24,Dy,3,0.1,,,,298,487,0.276,0.294,,,,350,350,362,,6.206015877,1607000,577,https://doi.org/10.1016/j.saa.2014.07.052,ESV,mp-556440, icsd-151683,0.96028401,Spectrochimica Acta - Part A: Molecular and Biomolecular Spectroscopy,1386-1425,2015
1905,NaSr2Nb5O15Dy0.005,NaSr2Nb5O15,Dy,3,0.005,,,,298,576,0.401,0.44,,,,388,388,,,5.485070349,305541.6,576,https://doi.org/10.1016/j.matlet.2012.09.072,ESV,mp-1220952,,1.037337585,Materials Letters,0167-577X,2013
1906,NaSr2Nb5O15Dy0.01,NaSr2Nb5O15,Dy,3,0.01,,,,298,576,0.399,0.434,,,,388,388,,,5.471141296,295897.5,576,https://doi.org/10.1016/j.matlet.2012.09.072,ESV,mp-1220952,,1.102408072,Materials Letters,0167-577X,2013
1907,NaSr2Nb5O15Dy0.02,NaSr2Nb5O15,Dy,3,0.02,,,,298,576,0.397,0.432,,,,388,388,,,5.455083732,285156.8,576,https://doi.org/10.1016/j.matlet.2012.09.072,ESV,mp-1220952,,0.986027298,Materials Letters,0167-577X,2013
1908,NaSr2Nb5O15Dy0.03,NaSr2Nb5O15,Dy,3,0.03,,,,298,576,0.396,0.433,38.6,,,388,388,,,5.440506229,275744.1,576,https://doi.org/10.1016/j.matlet.2012.09.072,ESV,mp-1220952,,0.975452339,Materials Letters,0167-577X,2013
1909,NaSr2Nb5O15Dy0.04,NaSr2Nb5O15,Dy,3,0.04,,,,298,576,0.402,0.437,,,,388,388,,,5.429858338,269065.7,576,https://doi.org/10.1016/j.matlet.2012.09.072,ESV,mp-1220952,,1.037306477,Materials Letters,0167-577X,2013
1910,K1.02Sr3.98B3O9Dy0.005,K1.02Sr3.98B3O9,Dy,3,0.005,,,,298,573,0.29,0.351,,,,389,,,,5.81391442,651500,480,https://doi.org/10.1016/j.jlumin.2016.01.010,ESV,mp-554346, icsd-423814 icsd-425548 icsd-171423,1.226176655,Journal of Luminescence,0022-2313,2016
1911,K1.08Sr3.92B3O9Dy0.005Eu0.015,K1.08Sr3.92B3O9,Dy,3,0.005,Eu,3,0.015,298,480,0.334,0.351,42,,,389,,,,5.758003009,572800,480,https://doi.org/10.1016/j.jlumin.2016.01.010,ESV,mp-554346, icsd-423814 icsd-425548 icsd-171423,1.009664261,Journal of Luminescence,0022-2313,2016
1912,K1.12Sr3.88B3O9Dy0.005Eu0.025,K1.12Sr3.88B3O9,Dy,3,0.005,Eu,3,0.025,298,480,0.365,0.353,,,,389,,,,5.736396502,545000,480,https://doi.org/10.1016/j.jlumin.2016.01.010,ESV,mp-554346, icsd-423814 icsd-425548 icsd-171423,0.966240365,Journal of Luminescence,0022-2313,2016
1913,K1.16Sr3.84B3O9Dy0.005Eu0.035,K1.16Sr3.84B3O9,Dy,3,0.005,Eu,3,0.035,298,480,0.4,0.354,,,,389,,,,5.720903171,525900,480,https://doi.org/10.1016/j.jlumin.2016.01.010,ESV,mp-554346, icsd-423814 icsd-425548 icsd-171423,1.058106785,Journal of Luminescence,0022-2313,2016
1914,K1.02Sr3.98B3O9Eu0.005,K1.02Sr3.98B3O9,Eu,3,0.005,,,,298,612,0.623,0.376,,,,396,396,466,,,,612,https://doi.org/10.1016/j.jlumin.2016.01.010,ESV,mp-554346, icsd-423814 icsd-425548 icsd-171423,1.174613433,Journal of Luminescence,0022-2313,2016
1915,Sr3Y0.94P3O12Dy0.06,Sr3Y0.94P3O12,Dy,3,0.06,,,,298,482,0.2685,0.2794,,,503,349,349,363,386,,,574,https://doi.org/10.1016/j.mseb.2016.07.017,ESV,,,1.035828663,Materials Science and Engineering B: Solid-State Materials for Advanced Technology,0921-5107,2016
1916,Sr3Y0.94P3O12Dy0.06,Sr3Y0.94P3O12,Dy,3,0.06,,,,298,482,,,,,,393,,,,5.818555779,658500,482,https://doi.org/10.1016/j.mseb.2016.07.017,ESV,,,1.023956278,Materials Science and Engineering B: Solid-State Materials for Advanced Technology,0921-5107,2016
1917,Sr3Y0.92P3O12Dy0.06Eu0.02,Sr3Y0.92P3O12,Dy,3,0.06,Eu,3,0.02,298,482,0.3325,0.311,,,543,393,393,381,464,6.268811904,1857000,614,https://doi.org/10.1016/j.mseb.2016.07.017,ESV,,,1.027761989,Materials Science and Engineering B: Solid-State Materials for Advanced Technology,0921-5107,2016
1918,Sr3Y0.9P3O12Dy0.06Eu0.04,Sr3Y0.9P3O12,Dy,3,0.06,Eu,3,0.04,298,614,0.3831,0.3252,19.7,,,393,393,,,6.303930064,2013400,614,https://doi.org/10.1016/j.mseb.2016.07.017,ESV,,,1.012823586,Materials Science and Engineering B: Solid-State Materials for Advanced Technology,0921-5107,2016
1919,Sr3Y0.88P3O12Dy0.06Eu0.06,Sr3Y0.88P3O12,Dy,3,0.06,Eu,3,0.06,298,614,0.4202,0.3365,,,,393,393,,,6.325720858,2117000,614,https://doi.org/10.1016/j.mseb.2016.07.017,ESV,,,0.98223326,Materials Science and Engineering B: Solid-State Materials for Advanced Technology,0921-5107,2016
1920,Sr3Y0.86P3O12Dy0.06Eu0.08,Sr3Y0.86P3O12,Dy,3,0.06,Eu,3,0.08,298,614,0.4331,0.3395,,,,393,393,,,6.330210785,2139000,614,https://doi.org/10.1016/j.mseb.2016.07.017,ESV,,,1.00826657,Materials Science and Engineering B: Solid-State Materials for Advanced Technology,0921-5107,2016
1921,Sr3Y0.84P3O12Dy0.06Eu0.1,Sr3Y0.84P3O12,Dy,3,0.06,Eu,3,0.1,298,614,0.4624,0.348,,,,393,393,,,6.334815513,2161800,614,https://doi.org/10.1016/j.mseb.2016.07.017,ESV,,,0.976733828,Materials Science and Engineering B: Solid-State Materials for Advanced Technology,0921-5107,2016
1922,Sr3Y0.98P3O12Eu0.02,Sr3Y0.98P3O12,Eu,3,0.02,,,,298,614,0.4997,0.3622,,,,393,393,,,5.796018969,625200,614,https://doi.org/10.1016/j.mseb.2016.07.017,ESV,,,0.988388576,Materials Science and Engineering B: Solid-State Materials for Advanced Technology,0921-5107,2016
1923,Sr3Sc0.93P3O12Dy0.07,Sr3Sc0.93P3O12,Dy,3,0.07,,,,298,483,0.2619,0.2761,,,,394,350,362,387,5.679972694,478600,483,https://doi.org/10.1016/j.ijleo.2017.08.110,ESV,,,1.008706262,Optik,0030-4026,2017
1924,Sr3Sc0.925P3O12Dy0.07Eu0.005,Sr3Sc0.925P3O12,Dy,3,0.07,Eu,3,0.005,298,483,0.2509,0.2149,,,,394,350,,,,,483,https://doi.org/10.1016/j.ijleo.2017.08.110,ESV,,,0.998461753,Optik,0030-4026,2017
1925,Sr3Sc0.92P3O12Dy0.07Eu0.01,Sr3Sc0.92P3O12,Dy,3,0.07,Eu,3,0.01,298,483,0.2748,0.2435,,,,394,350,,,5.638489257,435000,483,https://doi.org/10.1016/j.ijleo.2017.08.110,ESV,,,1.012825875,Optik,0030-4026,2017
1926,Sr3Sc0.91P3O12Dy0.07Eu0.02,Sr3Sc0.91P3O12,Dy,3,0.07,Eu,3,0.02,298,483,0.3053,0.2636,,,,394,350,,,,,483,https://doi.org/10.1016/j.ijleo.2017.08.110,ESV,,,0.998187147,Optik,0030-4026,2017
1927,Sr3Sc0.89P3O12Dy0.07Eu0.04,Sr3Sc0.89P3O12,Dy,3,0.07,Eu,3,0.04,298,483,0.3337,0.2891,,,,394,350,362,387,5.615844883,412900,483,https://doi.org/10.1016/j.ijleo.2017.08.110,ESV,,,1.031257529,Optik,0030-4026,2017
1928,Sr3Sc0.87P3O12Dy0.07Eu0.06,Sr3Sc0.87P3O12,Dy,3,0.07,Eu,3,0.06,298,483,0.3661,0.2875,,,,394,350,,,5.589614541,388700,483,https://doi.org/10.1016/j.ijleo.2017.08.110,ESV,,,0.980933485,Optik,0030-4026,2017
1929,Sr3Sc0.85P3O12Dy0.07Eu0.08,Sr3Sc0.85P3O12,Dy,3,0.07,Eu,3,0.08,298,614,0.4022,0.2924,,,,394,350,,,5.565257343,367500,483,https://doi.org/10.1016/j.ijleo.2017.08.110,ESV,,,1.032567361,Optik,0030-4026,2017
1930,BaLa1.75WO7Dy0.25,BaLa1.75WO7,Dy,3,0.25,,,,298,484,0.2878,0.3433,,,,320,320,350,380,5.53058386,339300,484,https://doi.org/10.1016/j.materresbull.2014.05.035,ESV,"mp-1203123,mp-1201679", icsd-166617 icsd-247840,1.719884782,Materials Research Bulletin,0025-5408,2014
1931,BaLa1.74WO7Dy0.25Eu0.01,BaLa1.74WO7,Dy,3,0.25,Eu,3,0.01,298,484,0.3232,0.3568,,,,320,320,,,5.451018452,282500,484,https://doi.org/10.1016/j.materresbull.2014.05.035,ESV,"mp-1203123,mp-1201679", icsd-166617 icsd-247840,0.980414163,Materials Research Bulletin,0025-5408,2014
1932,BaLa1.72WO7Dy0.25Eu0.03,BaLa1.72WO7,Dy,3,0.25,Eu,3,0.03,298,484,0.3431,0.3631,,,,320,320,350,380,5.450403086,282100,484,https://doi.org/10.1016/j.materresbull.2014.05.035,ESV,"mp-1203123,mp-1201679", icsd-166617 icsd-247840,0.978155302,Materials Research Bulletin,0025-5408,2014
1933,BaLa1.7WO7Dy0.25Eu0.05,BaLa1.7WO7,Dy,3,0.25,Eu,3,0.05,298,484,0.3588,0.3687,,,,320,320,,,5.448551739,280900,484,https://doi.org/10.1016/j.materresbull.2014.05.035,ESV,"mp-1203123,mp-1201679", icsd-166617 icsd-247840,0.984170046,Materials Research Bulletin,0025-5408,2014
1934,BaLa1.68WO7Dy0.25Eu0.07,BaLa1.68WO7,Dy,3,0.25,Eu,3,0.07,298,484,0.3786,0.3684,,,,320,320,,,5.385963571,243200,484,https://doi.org/10.1016/j.materresbull.2014.05.035,ESV,"mp-1203123,mp-1201679", icsd-166617 icsd-247840,1.085738794,Materials Research Bulletin,0025-5408,2014
1935,BaLa1.65WO7Dy0.25Eu0.1,BaLa1.65WO7,Dy,3,0.25,Eu,3,0.1,298,484,0.3849,0.3731,,,,320,320,,,5.363423933,230900,484,https://doi.org/10.1016/j.materresbull.2014.05.035,ESV,"mp-1203123,mp-1201679", icsd-166617 icsd-247840,1.051360941,Materials Research Bulletin,0025-5408,2014
1936,K2YWPO8Tm0.01,K2YWPO8,Tm,3,0.01,,,,298,572,0.156,0.036,,,,360,,,,4.578982843,37930,451,https://doi.org/10.1016/j.jlumin.2016.03.020,ESV,,,1.01737879,Journal of Luminescence,0022-2313,2016
1937,K2YWPO8Tm0.01Dy0.01,K2YWPO8,Tm,3,0.01,Dy,3,0.01,298,572,0.385,0.415,,,,350,,,,4.554004321,35810,451,https://doi.org/10.1016/j.jlumin.2016.03.020,ESV,,,1.038814606,Journal of Luminescence,0022-2313,2016
1938,K2YWPO8Tm0.01Dy0.05,K2YWPO8,Tm,3,0.01,Dy,3,0.05,298,572,0.35,0.381,,,,350,,,,4.400710637,25160,451,https://doi.org/10.1016/j.jlumin.2016.03.020,ESV,,,1.19970631,Journal of Luminescence,0022-2313,2016
1939,K2YWPO8Tm0.01Dy0.1,K2YWPO8,Tm,3,0.01,Dy,3,0.1,298,572,0.358,0.387,,,,350,,,,4.25163822,17850,451,https://doi.org/10.1016/j.jlumin.2016.03.020,ESV,,,1.03062747,Journal of Luminescence,0022-2313,2016
1940,K2YWPO8Tm0.01Dy0.2,K2YWPO8,Tm,3,0.01,Dy,3,0.2,298,572,0.336,0.355,,,,350,,,,3.94792362,8870,451,https://doi.org/10.1016/j.jlumin.2016.03.020,ESV,,,1.020734495,Journal of Luminescence,0022-2313,2016
1941,K2YWPO8Tm0.01Dy0.22,K2YWPO8,Tm,3,0.01,Dy,3,0.22,298,572,0.331,0.349,,,,350,350,365,390,,,572,https://doi.org/10.1016/j.jlumin.2016.03.020,ESV,,,0.991199362,Journal of Luminescence,0022-2313,2016
1942,K2YWPO8Tm0.01Dy0.24,K2YWPO8,Tm,3,0.01,Dy,3,0.24,298,572,0.335,0.354,,,,350,350,365,390,,,572,https://doi.org/10.1016/j.jlumin.2016.03.020,ESV,,,0.990833636,Journal of Luminescence,0022-2313,2016
1943,K2YWPO8Tm0.01Dy0.26,K2YWPO8,Tm,3,0.01,Dy,3,0.26,298,572,0.327,0.344,,,,350,350,365,390,,,572,https://doi.org/10.1016/j.jlumin.2016.03.020,ESV,,,0.99044617,Journal of Luminescence,0022-2313,2016
1944,K2YWPO8Tm0.01Dy0.3,K2YWPO8,Tm,3,0.01,Dy,3,0.3,298,572,0.294,0.292,,,,350,350,365,390,,,572,https://doi.org/10.1016/j.jlumin.2016.03.020,ESV,,,0.99044617,Journal of Luminescence,0022-2313,2016
1945,K2YWPO8Dy0.05,K2YWPO8,Dy,3,0.05,,,,298,572,0.36,0.392,16.7,,523,350,350,365,390,5.769214805,587780,572,https://doi.org/10.1016/j.jlumin.2016.03.020,ESV,,,1.045366954,Journal of Luminescence,0022-2313,2016
1946,K2YWPO8Tm0.001Dy0.05,K2YWPO8,Tm,3,0.001,Dy,3,0.05,298,572,0.359,0.389,,,,350,350,365,390,5.766048303,583510,572,https://doi.org/10.1016/j.jlumin.2016.03.020,ESV,,,1.026651898,Journal of Luminescence,0022-2313,2016
1947,K2YWPO8Tm0.005Dy0.05,K2YWPO8,Tm,3,0.005,Dy,3,0.05,298,572,0.361,0.391,,,,350,350,365,390,5.763525325,580130,572,https://doi.org/10.1016/j.jlumin.2016.03.020,ESV,,,0.993678369,Journal of Luminescence,0022-2313,2016
1948,K2YWPO8Tm0.01Dy0.05,K2YWPO8,Tm,3,0.01,Dy,3,0.05,298,572,0.356,0.385,,,,350,350,365,390,5.756681741,571060,572,https://doi.org/10.1016/j.jlumin.2016.03.020,ESV,,,1.008409993,Journal of Luminescence,0022-2313,2016
1949,K2YWPO8Tm0.03Dy0.05,K2YWPO8,Tm,3,0.03,Dy,3,0.05,298,572,0.352,0.378,,,,350,350,365,390,5.747714698,559390,572,https://doi.org/10.1016/j.jlumin.2016.03.020,ESV,,,1.030107015,Journal of Luminescence,0022-2313,2016
1950,K2YWPO8Tm0.05Dy0.05,K2YWPO8,Tm,3,0.05,Dy,3,0.05,298,572,0.346,0.369,,,,350,350,365,390,5.736810677,545520,572,https://doi.org/10.1016/j.jlumin.2016.03.020,ESV,,,0.969985095,Journal of Luminescence,0022-2313,2016
1951,K2YWPO8Tm0.07Dy0.05,K2YWPO8,Tm,3,0.07,Dy,3,0.05,298,572,0.347,0.37,,,,350,350,365,390,5.723069643,528530,572,https://doi.org/10.1016/j.jlumin.2016.03.020,ESV,,,1.060185282,Journal of Luminescence,0022-2313,2016
1952,K2YWPO8Tm0.09Dy0.05,K2YWPO8,Tm,3,0.09,Dy,3,0.05,298,572,0.331,0.349,,,,350,350,365,390,,,572,https://doi.org/10.1016/j.jlumin.2016.03.020,ESV,,,0.992786668,Journal of Luminescence,0022-2313,2016
1953,K2YWPO8Tm0.11Dy0.05,K2YWPO8,Tm,3,0.11,Dy,3,0.05,298,572,0.322,0.334,,,,350,350,365,390,,,572,https://doi.org/10.1016/j.jlumin.2016.03.020,ESV,,,0.992514719,Journal of Luminescence,0022-2313,2016
1954,NaGdW2O8Dy0.03,NaGdW2O8,Dy,3,0.03,,,,298,575,0.306,0.353,,,,365,,,,,,,https://doi.org/10.1021/ic501284y,ACS,,,1.008026816,Inorganic Chemistry,0020-1669,2014
1955,NaGdW2O8Dy0.03Eu0.02,NaGdW2O8,Dy,3,0.03,Eu,3,0.02,298,575,0.363,0.328,,,,365,,,,,,,https://doi.org/10.1021/ic501284y,ACS,,,1.061590288,Inorganic Chemistry,0020-1669,2014
1956,NaGdW2O8Dy0.03Eu0.04,NaGdW2O8,Dy,3,0.03,Eu,3,0.04,298,575,0.375,0.322,,,,365,,,,,,,https://doi.org/10.1021/ic501284y,ACS,,,1.067499996,Inorganic Chemistry,0020-1669,2014
1957,NaGdW2O8Dy0.03Eu0.06,NaGdW2O8,Dy,3,0.03,Eu,3,0.06,298,575,0.407,0.318,,,,365,,,,,,,https://doi.org/10.1021/ic501284y,ACS,,,1.067829068,Inorganic Chemistry,0020-1669,2014
1958,NaGdW2O8Dy0.03Eu0.1,NaGdW2O8,Dy,3,0.03,Eu,3,0.1,298,575,0.442,0.295,,,,365,,,,,,,https://doi.org/10.1021/ic501284y,ACS,,,1.064251577,Inorganic Chemistry,0020-1669,2014
1959,NaGdW2O8Dy0.03Eu0.14,NaGdW2O8,Dy,3,0.03,Eu,3,0.14,298,575,0.449,0.284,,,,365,,,,,,,https://doi.org/10.1021/ic501284y,ACS,,,1.058574846,Inorganic Chemistry,0020-1669,2014
1960,NaGdW2O8Tm0.01,NaGdW2O8,Tm,3,0.01,,,,298,454,0.164,0.054,,,,359,359,,,,,454,https://doi.org/10.1021/ic501284y,ACS,,,1.009031094,Inorganic Chemistry,0020-1669,2014
1961,NaGdW2O8Tm0.01,NaGdW2O8,Tm,3,0.01,,,,298,454,0.18,0.116,,,,355,355,,,,,454,https://doi.org/10.1021/ic501284y,ACS,,,1.009966143,Inorganic Chemistry,0020-1669,2014
1962,NaGdW2O8Tm0.01Dy0.01,NaGdW2O8,Tm,3,0.01,Dy,3,0.01,298,575,0.266,0.256,,,,355,,,,,,,https://doi.org/10.1021/ic501284y,ACS,,,1.071802127,Inorganic Chemistry,0020-1669,2014
1963,NaGdW2O8Tm0.01Dy0.03,NaGdW2O8,Tm,3,0.01,Dy,3,0.03,298,575,0.291,0.301,,,,355,,,,6.356025857,2270000,454,https://doi.org/10.1021/ic501284y,ACS,,,1.006143564,Inorganic Chemistry,0020-1669,2014
1964,NaGdW2O8Tm0.01Dy0.05,NaGdW2O8,Tm,3,0.01,Dy,3,0.05,298,575,0.306,0.332,,,,355,,,,,,,https://doi.org/10.1021/ic501284y,ACS,,,1.063531051,Inorganic Chemistry,0020-1669,2014
1965,NaGdW2O8Tm0.01Dy0.07,NaGdW2O8,Tm,3,0.01,Dy,3,0.07,298,575,0.317,0.337,,,,355,,,,,,,https://doi.org/10.1021/ic501284y,ACS,,,1.063677143,Inorganic Chemistry,0020-1669,2014
1972,NaGdW2O8Eu0.05,NaGdW2O8,Eu,3,0.05,,,,298,613,0.65,0.32,,,,465,465,396,,,,613,https://doi.org/10.1039/C3CE41712C,RSC,mp-1220735,,0.993361239,CrystEngComm,1466-8033,2014
1973,NaGdW2O8Tb0.05,NaGdW2O8,Tb,3,0.05,,,,298,541,0.21,0.56,,,,380,380,371,361,,,541,https://doi.org/10.1039/C3CE41712C,RSC,mp-1220735,,1.002574358,CrystEngComm,1466-8033,2014
1974,NaGdW2O8Tm0.05,NaGdW2O8,Tm,3,0.05,,,,298,461,0.15,0.06,,,,361,361,,,,,461,https://doi.org/10.1039/C3CE41712C,RSC,mp-1220735,,1.004676895,CrystEngComm,1466-8033,2014
1980,KSr3.96B3O9Tm0.01,KSr3.96B3O9,Tm,3,0.01,,,,298,453,0.166,0.065,,,,356,,,,,,453,https://doi.org/10.1039/C2JM15506K,RSC,mp-554346, icsd-423814 icsd-425548 icsd-171423,1.195188324,Journal of Materials Chemistry,0959-9428,2012
1981,KSr3.98B3O9Dy0.005Tm0.005,KSr3.98B3O9,Dy,3,0.005,Tm,3,0.005,298,574,0.279,0.256,,,,356,,,,4.255754787,18020,453,https://doi.org/10.1039/C2JM15506K,RSC,mp-554346, icsd-423814 icsd-425548 icsd-171423,1.024663987,Journal of Materials Chemistry,0959-9428,2012
1982,KSr3.94B3O9Dy0.01Tm0.005,KSr3.94B3O9,Dy,3,0.01,Tm,3,0.005,298,574,0.306,0.311,,,,356,,,,4.082426301,12090,453,https://doi.org/10.1039/C2JM15506K,RSC,mp-554346, icsd-423814 icsd-425548 icsd-171423,1.061180229,Journal of Materials Chemistry,0959-9428,2012
1983,KSr3.92B3O9Dy0.015Tm0.005,KSr3.92B3O9,Dy,3,0.015,Tm,3,0.005,298,574,0.327,0.344,,,,356,,,,3.895422546,7860,453,https://doi.org/10.1039/C2JM15506K,RSC,mp-554346, icsd-423814 icsd-425548 icsd-171423,1.036105742,Journal of Materials Chemistry,0959-9428,2012
1984,KSr3.96B3O9Dy0.01,KSr3.96B3O9,Dy,3,0.01,,,,298,574,0.364,0.401,,,,356,,,,,,574,https://doi.org/10.1039/C2JM15506K,RSC,mp-554346, icsd-423814 icsd-425548 icsd-171423,1.114308473,Journal of Materials Chemistry,0959-9428,2012
1996,Na2Y1.99B2O7Ce0.01,Na2Y1.99B2O7,Ce,3,0.01,,,,298,421,0.16,0.081,,,,365,365,,,1.858477042,72.19,421,https://doi.org/10.1039/C3DT52214H,RSC,mp-6331, icsd-191128 icsd-245226 icsd-99206,1.053591874,Dalton Transactions,1477-9226,2013
1997,Na2Y1.98B2O7Ce0.01Eu0.01,Na2Y1.98B2O7,Ce,3,0.01,Eu,3,0.01,298,421,,,,,,365,365,,,1.774151859,59.45,421,https://doi.org/10.1039/C3DT52214H,RSC,mp-6331, icsd-191128 icsd-245226 icsd-99206,0.997573366,Dalton Transactions,1477-9226,2013
1998,Na2Y1.97B2O7Ce0.01Eu0.02,Na2Y1.97B2O7,Ce,3,0.01,Eu,3,0.02,298,421,,,,,,365,365,,,1.741466762,55.14,421,https://doi.org/10.1039/C3DT52214H,RSC,mp-6331, icsd-191128 icsd-245226 icsd-99206,0.997573366,Dalton Transactions,1477-9226,2013
1999,Na2Y1.96B2O7Ce0.01Eu0.03,Na2Y1.96B2O7,Ce,3,0.01,Eu,3,0.03,298,421,,,,,,365,365,,,1.717254313,52.15,421,https://doi.org/10.1039/C3DT52214H,RSC,mp-6331, icsd-191128 icsd-245226 icsd-99206,0.997573366,Dalton Transactions,1477-9226,2013
2000,Na2Y1.95B2O7Ce0.01Eu0.04,Na2Y1.95B2O7,Ce,3,0.01,Eu,3,0.04,298,421,,,,,,365,365,,,1.712565528,51.59,421,https://doi.org/10.1039/C3DT52214H,RSC,mp-6331, icsd-191128 icsd-245226 icsd-99206,0.997573366,Dalton Transactions,1477-9226,2013
2001,Na2Y1.95B2O7Tb0.05,Na2Y1.95B2O7,Tb,3,0.05,,,,298,542,,,,,,380,250,,,5.176091259,150000,542,https://doi.org/10.1039/C3DT52214H,RSC,mp-6331, icsd-191128 icsd-245226 icsd-99206,1.022900843,Dalton Transactions,1477-9226,2013
2002,Na2Y1.94B2O7Tb0.05Eu0.01,Na2Y1.94B2O7,Tb,3,0.05,Eu,3,0.01,298,542,,,,,,380,275,,,5.149219113,141000,542,https://doi.org/10.1039/C3DT52214H,RSC,mp-6331, icsd-191128 icsd-245226 icsd-99206,1.012087201,Dalton Transactions,1477-9226,2013
2003,Na2Y1.93B2O7Tb0.05Eu0.02,Na2Y1.93B2O7,Tb,3,0.05,Eu,3,0.02,298,542,,,,,,380,275,,,5.123198075,132800,542,https://doi.org/10.1039/C3DT52214H,RSC,mp-6331, icsd-191128 icsd-245226 icsd-99206,1.02865284,Dalton Transactions,1477-9226,2013
2004,Na2Y1.92B2O7Tb0.05Eu0.03,Na2Y1.92B2O7,Tb,3,0.05,Eu,3,0.03,298,542,,,,,,380,275,,,5.100370545,126000,542,https://doi.org/10.1039/C3DT52214H,RSC,mp-6331, icsd-191128 icsd-245226 icsd-99206,1.094614725,Dalton Transactions,1477-9226,2013
2005,Na2Y1.91B2O7Tb0.05Eu0.04,Na2Y1.91B2O7,Tb,3,0.05,Eu,3,0.04,298,611,,,,,,380,275,,,5.065206128,116200,542,https://doi.org/10.1039/C3DT52214H,RSC,mp-6331, icsd-191128 icsd-245226 icsd-99206,1.152384112,Dalton Transactions,1477-9226,2013
2018,YP0.5V0.5O4Dy0.01,YP0.5V0.5O4,Dy,3,0.01,,,,298,574,0.34,0.39,,,,270,,,,3.602059991,4000,430,https://doi.org/10.1039/C3TC31586J,RSC,"mvc-15449,mvc-16805,mvc-4606",,1.069934438,Journal of Materials Chemistry C,2050-7526,2014
2019,YP0.6V0.4O4Dy0.01,YP0.6V0.4O4,Dy,3,0.01,,,,298,574,0.3,0.34,,,,270,,,,3.698970004,5000,430,https://doi.org/10.1039/C3TC31586J,RSC,"mvc-15449,mvc-16805,mvc-4606",,0.978248956,Journal of Materials Chemistry C,2050-7526,2014
2020,YP0.65V0.35O4Dy0.01,YP0.65V0.35O4,Dy,3,0.01,,,,298,574,0.32,0.36,,,,270,,,,3.77815125,6000,430,https://doi.org/10.1039/C3TC31586J,RSC,"mvc-15449,mvc-16805,mvc-4606",,0.972642175,Journal of Materials Chemistry C,2050-7526,2014
2021,YP0.7V0.3O4Dy0.01,YP0.7V0.3O4,Dy,3,0.01,,,,298,574,0.3,0.34,,,,270,,,,3.875061263,7500,430,https://doi.org/10.1039/C3TC31586J,RSC,"mvc-15449,mvc-16805,mvc-4606",,1.015557861,Journal of Materials Chemistry C,2050-7526,2014
2022,YP0.75V0.25O4Dy0.01,YP0.75V0.25O4,Dy,3,0.01,,,,298,574,0.28,0.32,,,,270,,,,4.322219295,21000,430,https://doi.org/10.1039/C3TC31586J,RSC,"mvc-15449,mvc-16805,mvc-4606",,1.095167911,Journal of Materials Chemistry C,2050-7526,2014
2023,YP0.8V0.2O4Dy0.01,YP0.8V0.2O4,Dy,3,0.01,,,,298,574,0.26,0.27,,,,270,,,,4.380211242,24000,430,https://doi.org/10.1039/C3TC31586J,RSC,"mvc-15449,mvc-16805,mvc-4606",,1.188948224,Journal of Materials Chemistry C,2050-7526,2014
2024,YP0.85V0.15O4Dy0.01,YP0.85V0.15O4,Dy,3,0.01,,,,298,574,0.22,0.23,,,,270,,,,4.477121255,30000,430,https://doi.org/10.1039/C3TC31586J,RSC,"mvc-15449,mvc-16805,mvc-4606",,1.118612058,Journal of Materials Chemistry C,2050-7526,2014
2025,YP0.9V0.1O4Dy0.01,YP0.9V0.1O4,Dy,3,0.01,,,,298,574,0.23,0.25,,,,270,,,,4.352182518,22500,430,https://doi.org/10.1039/C3TC31586J,RSC,"mvc-15449,mvc-16805,mvc-4606",,1.153132619,Journal of Materials Chemistry C,2050-7526,2014
2026,YP0.8V0.2O4Dy0.001,YP0.8V0.2O4,Dy,3,0.001,,,,298,574,0.17,0.13,,,,270,,,,5.212187604,163000,574,https://doi.org/10.1039/C3TC31586J,RSC,"mvc-15449,mvc-16805,mvc-4606",,1.043548095,Journal of Materials Chemistry C,2050-7526,2014
2027,YP0.8V0.2O4Dy0.0025,YP0.8V0.2O4,Dy,3,0.0025,,,,298,574,0.18,0.16,,,,270,,,,5.423245874,265000,574,https://doi.org/10.1039/C3TC31586J,RSC,"mvc-15449,mvc-16805,mvc-4606",,1.045268673,Journal of Materials Chemistry C,2050-7526,2014
2028,YP0.8V0.2O4Dy0.005,YP0.8V0.2O4,Dy,3,0.005,,,,298,574,0.19,0.2,,,,270,,,,5.372912003,236000,574,https://doi.org/10.1039/C3TC31586J,RSC,"mvc-15449,mvc-16805,mvc-4606",,1.053531619,Journal of Materials Chemistry C,2050-7526,2014
2029,YP0.8V0.2O4Dy0.0075,YP0.8V0.2O4,Dy,3,0.0075,,,,298,574,0.24,0.26,,,,270,,,,5.334453751,216000,574,https://doi.org/10.1039/C3TC31586J,RSC,"mvc-15449,mvc-16805,mvc-4606",,1.05227639,Journal of Materials Chemistry C,2050-7526,2014
2030,YP0.8V0.2O4Dy0.015,YP0.8V0.2O4,Dy,3,0.015,,,,298,574,0.27,0.3,,,,270,,,,5.309630167,204000,574,https://doi.org/10.1039/C3TC31586J,RSC,"mvc-15449,mvc-16805,mvc-4606",,1.064082801,Journal of Materials Chemistry C,2050-7526,2014
2031,YP0.8V0.2O4Dy0.02,YP0.8V0.2O4,Dy,3,0.02,,,,298,574,0.28,0.32,,,,270,,,,5.264817823,184000,574,https://doi.org/10.1039/C3TC31586J,RSC,"mvc-15449,mvc-16805,mvc-4606",,0.979198659,Journal of Materials Chemistry C,2050-7526,2014
2032,YP0.8V0.2O4Dy0.03,YP0.8V0.2O4,Dy,3,0.03,,,,298,574,0.33,0.38,,,,270,,,,5.247973266,177000,574,https://doi.org/10.1039/C3TC31586J,RSC,"mvc-15449,mvc-16805,mvc-4606",,0.987616996,Journal of Materials Chemistry C,2050-7526,2014
2033,YP0.8V0.2O4Dy0.01Sm0.005,YP0.8V0.2O4,Dy,3,0.01,Sm,3,0.005,298,574,0.3,0.31,,,,270,,,,5.230448921,170000,,https://doi.org/10.1039/C3TC31586J,RSC,"mvc-15449,mvc-16805,mvc-4606",,1.018124187,Journal of Materials Chemistry C,2050-7526,2014
2034,YP0.8V0.2O4Dy0.01Sm0.0075,YP0.8V0.2O4,Dy,3,0.01,Sm,3,0.0075,298,574,0.33,0.32,25,,,270,,,,,,,https://doi.org/10.1039/C3TC31586J,RSC,"mvc-15449,mvc-16805,mvc-4606",,0.993503787,Journal of Materials Chemistry C,2050-7526,2014
2035,YP0.8V0.2O4Dy0.01Sm0.01,YP0.8V0.2O4,Dy,3,0.01,Sm,3,0.01,298,574,0.41,0.34,,,,270,,,,,,,https://doi.org/10.1039/C3TC31586J,RSC,"mvc-15449,mvc-16805,mvc-4606",,0.992442275,Journal of Materials Chemistry C,2050-7526,2014
2036,YP0.8V0.2O4Dy0.005Sm0.01,YP0.8V0.2O4,Dy,3,0.005,Sm,3,0.01,298,574,0.37,0.28,,,,270,,,,,,,https://doi.org/10.1039/C3TC31586J,RSC,"mvc-15449,mvc-16805,mvc-4606",,0.992358388,Journal of Materials Chemistry C,2050-7526,2014
2037,YP0.8V0.2O4Dy0.0075Sm0.01,YP0.8V0.2O4,Dy,3,0.0075,Sm,3,0.01,298,574,0.36,0.28,,,,270,,,,,,,https://doi.org/10.1039/C3TC31586J,RSC,"mvc-15449,mvc-16805,mvc-4606",,0.992346192,Journal of Materials Chemistry C,2050-7526,2014
2038,YP0.8V0.2O4Dy0.005Sm0.015,YP0.8V0.2O4,Dy,3,0.005,Sm,3,0.015,298,574,0.43,0.31,,,,270,,,,,,,https://doi.org/10.1039/C3TC31586J,RSC,"mvc-15449,mvc-16805,mvc-4606",,0.992584863,Journal of Materials Chemistry C,2050-7526,2014
2039,YP0.8V0.2O4Dy0.005Eu0.005,YP0.8V0.2O4,Dy,3,0.005,Eu,3,0.005,298,620,0.43,0.33,,,,270,,,,,,,https://doi.org/10.1039/C3TC31586J,RSC,"mvc-15449,mvc-16805,mvc-4606",,0.99031219,Journal of Materials Chemistry C,2050-7526,2014
2040,YP0.8V0.2O4Dy0.005Eu0.0075,YP0.8V0.2O4,Dy,3,0.005,Eu,3,0.0075,298,620,0.4,0.28,,,,270,,,,,,,https://doi.org/10.1039/C3TC31586J,RSC,"mvc-15449,mvc-16805,mvc-4606",,0.990391244,Journal of Materials Chemistry C,2050-7526,2014
2041,YP0.8V0.2O4Dy0.005Eu0.01,YP0.8V0.2O4,Dy,3,0.005,Eu,3,0.01,298,620,0.44,0.29,,,,270,,,,,,,https://doi.org/10.1039/C3TC31586J,RSC,"mvc-15449,mvc-16805,mvc-4606",,0.990469165,Journal of Materials Chemistry C,2050-7526,2014
2042,YP0.8V0.2O4Dy0.005Eu0.015,YP0.8V0.2O4,Dy,3,0.005,Eu,3,0.015,298,620,0.5,0.31,,,,270,,,,,,,https://doi.org/10.1039/C3TC31586J,RSC,"mvc-15449,mvc-16805,mvc-4606",,0.990623424,Journal of Materials Chemistry C,2050-7526,2014
2043,YP0.8V0.2O4Dy0.005Eu0.02,YP0.8V0.2O4,Dy,3,0.005,Eu,3,0.02,298,620,0.52,0.33,,,,270,,,,,,,https://doi.org/10.1039/C3TC31586J,RSC,"mvc-15449,mvc-16805,mvc-4606",,0.990775566,Journal of Materials Chemistry C,2050-7526,2014
2044,YP0.8V0.2O4Dy0.005Eu0.03,YP0.8V0.2O4,Dy,3,0.005,Eu,3,0.03,298,620,0.57,0.33,,,,270,,,,,,,https://doi.org/10.1039/C3TC31586J,RSC,"mvc-15449,mvc-16805,mvc-4606",,0.991073395,Journal of Materials Chemistry C,2050-7526,2014
2045,Ca4.85P2SiO12Ce0.03,Ca4.85P2SiO12,Ce,3,0.03,,,,298,416,0.183,0.133,0.498,,,307,307,,,1.913336926,81.91,416,https://doi.org/10.1039/C3TC00039G,RSC,mp-1227400,,1.001916701,Journal of Materials Chemistry C,2050-7526,2013
2046,Ca4.8P2SiO12Ce0.03Tb0.01,Ca4.8P2SiO12,Ce,3,0.03,Tb,3,0.01,298,544,0.235,0.301,0.494,,,307,307,,,1.785614525,61.04,416,https://doi.org/10.1039/C3TC00039G,RSC,mp-1227400,,1.002458842,Journal of Materials Chemistry C,2050-7526,2013
2047,Ca4.7P2SiO12Ce0.03Tb0.03,Ca4.7P2SiO12,Ce,3,0.03,Tb,3,0.03,298,544,0.277,0.402,0.549,,,307,307,,,1.635684763,43.22,416,https://doi.org/10.1039/C3TC00039G,RSC,mp-1227400,,0.997526624,Journal of Materials Chemistry C,2050-7526,2013
2048,Ca4.6P2SiO12Ce0.03Tb0.05,Ca4.6P2SiO12,Ce,3,0.03,Tb,3,0.05,298,544,0.306,0.5,0.56,,,307,307,,,1.495127881,31.27,416,https://doi.org/10.1039/C3TC00039G,RSC,mp-1227400,,0.994256885,Journal of Materials Chemistry C,2050-7526,2013
2049,Ca4.5P2SiO12Ce0.03Tb0.07,Ca4.5P2SiO12,Ce,3,0.03,Tb,3,0.07,298,544,0.313,0.523,0.468,,,307,307,,,1.318480725,20.82,416,https://doi.org/10.1039/C3TC00039G,RSC,mp-1227400,,0.986287519,Journal of Materials Chemistry C,2050-7526,2013
2050,Ca4.35P2SiO12Ce0.03Tb0.1,Ca4.35P2SiO12,Ce,3,0.03,Tb,3,0.1,298,544,0.318,0.542,0.403,,,307,307,,,1.193124598,15.6,416,https://doi.org/10.1039/C3TC00039G,RSC,mp-1227400,,0.97722828,Journal of Materials Chemistry C,2050-7526,2013
2051,Ca4.8P2SiO12Ce0.03Mn0.01,Ca4.8P2SiO12,Ce,3,0.03,Mn,2,0.01,298,416,0.268,0.179,0.426,,,307,,,,,,,https://doi.org/10.1039/C3TC00039G,RSC,mp-1227400,,1.066151966,Journal of Materials Chemistry C,2050-7526,2013
2052,Ca4.7P2SiO12Ce0.03Mn0.03,Ca4.7P2SiO12,Ce,3,0.03,Mn,2,0.03,298,618,0.345,0.225,0.379,,,307,,,,,,,https://doi.org/10.1039/C3TC00039G,RSC,mp-1227400,,1.028021264,Journal of Materials Chemistry C,2050-7526,2013
2053,Ca4.6P2SiO12Ce0.03Mn0.05,Ca4.6P2SiO12,Ce,3,0.03,Mn,2,0.05,298,618,0.4,0.253,0.371,,535,307,307,,,,,603,https://doi.org/10.1039/C3TC00039G,RSC,mp-1227400,,1.056171639,Journal of Materials Chemistry C,2050-7526,2013
2054,Ca4.5P2SiO12Ce0.03Mn0.07,Ca4.5P2SiO12,Ce,3,0.03,Mn,2,0.07,298,618,0.474,0.267,0.345,,,307,,,,,,,https://doi.org/10.1039/C3TC00039G,RSC,mp-1227400,,1.001497996,Journal of Materials Chemistry C,2050-7526,2013
2055,Ca4.35P2SiO12Ce0.03Mn0.1,Ca4.35P2SiO12,Ce,3,0.03,Mn,2,0.1,298,618,0.519,0.281,0.318,,,307,,,,,,,https://doi.org/10.1039/C3TC00039G,RSC,mp-1227400,,0.977309954,Journal of Materials Chemistry C,2050-7526,2013
2056,Ca4.1P2SiO12Ce0.03Mn0.15,Ca4.1P2SiO12,Ce,3,0.03,Mn,2,0.15,298,618,0.538,0.287,0.287,,,307,,,,,,,https://doi.org/10.1039/C3TC00039G,RSC,mp-1227400,,1.005402953,Journal of Materials Chemistry C,2050-7526,2013
2069,SrLa0.925MgTaO6Dy0.07Eu0.005,SrLa0.925MgTaO6,Dy,3,0.07,Eu,3,0.005,298,577,0.264,0.205,,,,250,,,,,,,https://doi.org/10.1016/j.materresbull.2016.12.035,ESV,mp-1218203,,1.260637308,Materials Research Bulletin,0025-5408,2017
2070,SrLa0.92MgTaO6Dy0.07Eu0.01,SrLa0.92MgTaO6,Dy,3,0.07,Eu,3,0.01,298,577,0.254,0.187,,,,250,,,,,,,https://doi.org/10.1016/j.materresbull.2016.12.035,ESV,mp-1218203,,1.261190269,Materials Research Bulletin,0025-5408,2017
2071,SrLa0.9MgTaO6Dy0.07Eu0.03,SrLa0.9MgTaO6,Dy,3,0.07,Eu,3,0.03,298,577,0.212,0.118,,,,250,,,,,,,https://doi.org/10.1016/j.materresbull.2016.12.035,ESV,mp-1218203,,1.264202994,Materials Research Bulletin,0025-5408,2017
2072,SrLa0.88MgTaO6Dy0.07Eu0.05,SrLa0.88MgTaO6,Dy,3,0.07,Eu,3,0.05,298,577,0.198,0.093,,,,250,,,,,,,https://doi.org/10.1016/j.materresbull.2016.12.035,ESV,mp-1218203,,1.266143166,Materials Research Bulletin,0025-5408,2017
2073,SrLa0.86MgTaO6Dy0.07Eu0.07,SrLa0.86MgTaO6,Dy,3,0.07,Eu,3,0.07,298,425,0.19,0.078,,,,250,,,,,,,https://doi.org/10.1016/j.materresbull.2016.12.035,ESV,mp-1218203,,1.278920462,Materials Research Bulletin,0025-5408,2017
2074,SrLa0.83MgTaO6Dy0.07Eu0.1,SrLa0.83MgTaO6,Dy,3,0.07,Eu,3,0.1,298,425,0.186,0.07,,,,250,,,,,,,https://doi.org/10.1016/j.materresbull.2016.12.035,ESV,mp-1218203,,1.279313186,Materials Research Bulletin,0025-5408,2017
2075,SrLa0.93MgTaO6Dy0.07,SrLa0.93MgTaO6,Dy,3,0.07,,,,298,577,,,,,,354,354,392,367,5.344392274,221000,577,https://doi.org/10.1016/j.materresbull.2016.12.035,ESV,mp-1218203,,1.052856881,Materials Research Bulletin,0025-5408,2017
2076,SrLa0.925MgTaO6Dy0.07Eu0.005,SrLa0.925MgTaO6,Dy,3,0.07,Eu,3,0.005,298,577,0.357,0.34,,,,354,354,392,367,5.338456494,218000,577,https://doi.org/10.1016/j.materresbull.2016.12.035,ESV,mp-1218203,,1.069144661,Materials Research Bulletin,0025-5408,2017
2077,SrLa0.92MgTaO6Dy0.07Eu0.01,SrLa0.92MgTaO6,Dy,3,0.07,Eu,3,0.01,298,577,0.359,0.335,,,553,354,354,392,367,5.324282455,211000,577,https://doi.org/10.1016/j.materresbull.2016.12.035,ESV,mp-1218203,,1.054047925,Materials Research Bulletin,0025-5408,2017
2078,SrLa0.9MgTaO6Dy0.07Eu0.03,SrLa0.9MgTaO6,Dy,3,0.07,Eu,3,0.03,298,577,0.37,0.316,,,,354,354,392,367,5.298853076,199000,577,https://doi.org/10.1016/j.materresbull.2016.12.035,ESV,mp-1218203,,1.016089666,Materials Research Bulletin,0025-5408,2017
2079,SrLa0.88MgTaO6Dy0.07Eu0.05,SrLa0.88MgTaO6,Dy,3,0.07,Eu,3,0.05,298,577,0.385,0.304,,,,354,354,392,367,5.281033367,191000,577,https://doi.org/10.1016/j.materresbull.2016.12.035,ESV,mp-1218203,,0.97499295,Materials Research Bulletin,0025-5408,2017
2080,SrLa0.86MgTaO6Dy0.07Eu0.07,SrLa0.86MgTaO6,Dy,3,0.07,Eu,3,0.07,298,615,0.393,0.28,,,,354,354,392,367,5.26245109,183000,577,https://doi.org/10.1016/j.materresbull.2016.12.035,ESV,mp-1218203,,0.979270683,Materials Research Bulletin,0025-5408,2017
2081,SrLa0.83MgTaO6Dy0.07Eu0.1,SrLa0.83MgTaO6,Dy,3,0.07,Eu,3,0.1,298,615,0.404,0.279,,,,354,354,392,367,5.245512668,176000,577,https://doi.org/10.1016/j.materresbull.2016.12.035,ESV,mp-1218203,,0.988614986,Materials Research Bulletin,0025-5408,2017
2082,Ca9GdP7O28Eu0.007,Ca9GdP7O28,Eu,2,0.007,,,,298,494,0.219,0.371,,,,380,,,,,,,https://doi.org/10.1021/jp106693z,ACS,,,1.32446585,Journal of Physical Chemistry C,1932-7447,2010
2083,Ca8.28GdP7O28Eu0.007Mn0.01,Ca8.28GdP7O28,Eu,2,0.007,Mn,2,0.01,298,494,0.257,0.36,,,,380,,,,,,,https://doi.org/10.1021/jp106693z,ACS,,,1.098278714,Journal of Physical Chemistry C,1932-7447,2010
2084,Ca8.19GdP7O28Eu0.007Mn0.02,Ca8.19GdP7O28,Eu,2,0.007,Mn,2,0.02,298,494,0.326,0.328,,,,380,,,,,,,https://doi.org/10.1021/jp106693z,ACS,,,1.151755455,Journal of Physical Chemistry C,1932-7447,2010
2085,Ca8.1GdP7O28Eu0.007Mn0.03,Ca8.1GdP7O28,Eu,2,0.007,Mn,2,0.03,298,652,0.369,0.336,,,508,380,,,,,,,https://doi.org/10.1021/jp106693z,ACS,,,1.217585283,Journal of Physical Chemistry C,1932-7447,2010
2086,Ca7.92GdP7O28Eu0.007Mn0.05,Ca7.92GdP7O28,Eu,2,0.007,Mn,2,0.05,298,652,0.491,0.325,,,,380,,,,,,,https://doi.org/10.1021/jp106693z,ACS,,,1.280612362,Journal of Physical Chemistry C,1932-7447,2010
2087,Ca7.74GdP7O28Eu0.007Mn0.07,Ca7.74GdP7O28,Eu,2,0.007,Mn,2,0.07,298,652,0.4583,0.311,,,,380,,,,,,,https://doi.org/10.1021/jp106693z,ACS,,,1.316245516,Journal of Physical Chemistry C,1932-7447,2010
2088,Ca7.47GdP7O28Eu0.007Mn0.1,Ca7.47GdP7O28,Eu,2,0.007,Mn,2,0.1,298,652,0.625,0.307,,,,380,,,,,,,https://doi.org/10.1021/jp106693z,ACS,,,1.435894189,Journal of Physical Chemistry C,1932-7447,2010
2092,Na3Bi1.95P3O12Eu0.05,Na3Bi1.95P3O12,Eu,3,0.05,,,,298,621,0.637,0.358,35.59,,,396,396,,,6.365113432,2318000,621,https://doi.org/10.1016/S1002-0721(16)60106-0,ESV,,,1.053732416,Journal of Rare Earths,1002-0721,2016
2093,Na3Bi1.9P3O12Eu0.1,Na3Bi1.9P3O12,Eu,3,0.1,,,,298,598,0.64,0.357,38.78,,,396,396,,,6.354108439,2260000,598,https://doi.org/10.1016/S1002-0721(16)60106-0,ESV,,,1.009145128,Journal of Rare Earths,1002-0721,2016
2094,Na3Bi1.875P3O12Eu0.125,Na3Bi1.875P3O12,Eu,3,0.125,,,,298,598,0.64,0.358,39.54,,,396,396,,,6.353723938,2258000,598,https://doi.org/10.1016/S1002-0721(16)60106-0,ESV,,,1.011156431,Journal of Rare Earths,1002-0721,2016
2095,Na3Bi1.85P3O12Eu0.15,Na3Bi1.85P3O12,Eu,3,0.15,,,,298,598,0.64,0.358,40.58,,,396,396,,,6.354492601,2262000,598,https://doi.org/10.1016/S1002-0721(16)60106-0,ESV,,,1.004037129,Journal of Rare Earths,1002-0721,2016
2096,Na3Bi1.8P3O12Eu0.2,Na3Bi1.8P3O12,Eu,3,0.2,,,,298,598,0.64,0.358,39.61,,,396,396,,,6.360593414,2294000,598,https://doi.org/10.1016/S1002-0721(16)60106-0,ESV,,,1.01589693,Journal of Rare Earths,1002-0721,2016
2097,Na3Bi1.75P3O12Eu0.25,Na3Bi1.75P3O12,Eu,3,0.25,,,,298,598,0.638,0.36,43.23,,,396,396,,,6.3586961,2284000,598,https://doi.org/10.1016/S1002-0721(16)60106-0,ESV,,,1.002767413,Journal of Rare Earths,1002-0721,2016
2098,Na3Bi1.7P3O12Eu0.3,Na3Bi1.7P3O12,Eu,3,0.3,,,,298,598,0.635,0.358,41.76,,,396,396,,,6.349860082,2238000,598,https://doi.org/10.1016/S1002-0721(16)60106-0,ESV,,,1.036043477,Journal of Rare Earths,1002-0721,2016
2099,Na3Bi0.95P3O12Eu0.05,Na3Bi0.95P3O12,Eu,3,0.05,,,,298,623,0.626,0.341,34.15,,,396,396,,,6.379668034,2397000,623,https://doi.org/10.1016/S1002-0721(16)60106-0,ESV,,,0.977374286,Journal of Rare Earths,1002-0721,2016
2100,Na3Bi0.9P3O12Eu0.1,Na3Bi0.9P3O12,Eu,3,0.1,,,,298,623,0.636,0.343,35.62,,,396,396,468,,6.387923467,2443000,623,https://doi.org/10.1016/S1002-0721(16)60106-0,ESV,,,1.006453142,Journal of Rare Earths,1002-0721,2016
2101,Na3Bi0.875P3O12Eu0.125,Na3Bi0.875P3O12,Eu,3,0.125,,,,298,623,0.639,0.344,37.24,,,396,396,,,6.391464412,2463000,623,https://doi.org/10.1016/S1002-0721(16)60106-0,ESV,,,0.982520721,Journal of Rare Earths,1002-0721,2016
2102,Na3Bi0.85P3O12Eu0.15,Na3Bi0.85P3O12,Eu,3,0.15,,,,298,623,0.643,0.345,38.75,,,396,396,,,6.39375064,2476000,623,https://doi.org/10.1016/S1002-0721(16)60106-0,ESV,,,1.000551207,Journal of Rare Earths,1002-0721,2016
2103,Na3Bi0.8P3O12Eu0.2,Na3Bi0.8P3O12,Eu,3,0.2,,,,298,623,0.647,0.345,40.67,,,396,396,468,,6.397940009,2500000,623,https://doi.org/10.1016/S1002-0721(16)60106-0,ESV,,,0.981197431,Journal of Rare Earths,1002-0721,2016
2104,Na3Bi0.75P3O12Eu0.25,Na3Bi0.75P3O12,Eu,3,0.25,,,,298,623,0.645,0.346,39.25,,,396,396,,,6.40688067,2552000,623,https://doi.org/10.1016/S1002-0721(16)60106-0,ESV,,,1.089618175,Journal of Rare Earths,1002-0721,2016
2105,Na3Bi0.7P3O12Eu0.3,Na3Bi0.7P3O12,Eu,3,0.3,,,,298,623,0.626,0.341,41.57,,,396,396,,,6.410270964,2572000,623,https://doi.org/10.1016/S1002-0721(16)60106-0,ESV,,,1.148518671,Journal of Rare Earths,1002-0721,2016
2106,Sr3GdP3O12Ce0.006,Sr3GdP3O12,Ce,3,0.006,,,,298,374,0.1775,0.1176,,,,310,,,,1.407390904,25.55,374,https://doi.org/10.1016/j.jlumin.2013.01.015,ESV,,,1.084935331,Journal of Luminescence,0022-2313,2013
2107,Sr3GdP3O12Ce0.006Mn0.01,Sr3GdP3O12,Ce,3,0.006,Mn,2,0.01,298,374,0.2282,0.1553,,,,310,,,,1.370328008,23.46,374,https://doi.org/10.1016/j.jlumin.2013.01.015,ESV,,,1.003029848,Journal of Luminescence,0022-2313,2013
2108,Sr3GdP3O12Ce0.006Mn0.03,Sr3GdP3O12,Ce,3,0.006,Mn,2,0.03,298,374,0.3102,0.222,,,,310,,,,1.273464273,18.77,374,https://doi.org/10.1016/j.jlumin.2013.01.015,ESV,,,1.00123743,Journal of Luminescence,0022-2313,2013
2109,Sr3GdP3O12Ce0.006Mn0.05,Sr3GdP3O12,Ce,3,0.006,Mn,2,0.05,298,374,0.3224,0.2238,,,,310,,,,1.187520721,15.4,374,https://doi.org/10.1016/j.jlumin.2013.01.015,ESV,,,0.9993434,Journal of Luminescence,0022-2313,2013
2110,Sr3GdP3O12Ce0.006Mn0.06,Sr3GdP3O12,Ce,3,0.006,Mn,2,0.06,298,374,0.3278,0.2301,,,,310,,,,0.914871818,8.22,374,https://doi.org/10.1016/j.jlumin.2013.01.015,ESV,,,0.999014992,Journal of Luminescence,0022-2313,2013
2111,Sr3GdP3O12Ce0.006Mn0.08,Sr3GdP3O12,Ce,3,0.006,Mn,2,0.08,298,374,0.3582,0.2592,,,,310,,,,0.369215857,2.34,374,https://doi.org/10.1016/j.jlumin.2013.01.015,ESV,,,0.998068209,Journal of Luminescence,0022-2313,2013
2112,Ba0.99MoO4Eu0.01,Ba0.99MoO4,Eu,3,0.01,,,,298,613,0.64,0.359,,,,464,464,395,,,,613,https://doi.org/10.1016/j.saa.2013.12.007,ESV,mp-19276, icsd-194082 icsd-161851 icsd-50821 icsd-155140 icsd-16166 icsd-56109 icsd-194083 icsd-250487 icsd-193795,1.160710055,Spectrochimica Acta - Part A: Molecular and Biomolecular Spectroscopy,1386-1425,2014
2113,Ba0.97MoO4Eu0.03,Ba0.97MoO4,Eu,3,0.03,,,,298,613,0.649,0.35,,,,464,464,395,,,,613,https://doi.org/10.1016/j.saa.2013.12.007,ESV,mp-19276, icsd-194082 icsd-161851 icsd-50821 icsd-155140 icsd-16166 icsd-56109 icsd-194083 icsd-250487 icsd-193795,1.15919446,Spectrochimica Acta - Part A: Molecular and Biomolecular Spectroscopy,1386-1425,2014
2114,Ba0.94MoO4Eu0.06,Ba0.94MoO4,Eu,3,0.06,,,,298,613,0.655,0.344,,,,464,464,395,,,,613,https://doi.org/10.1016/j.saa.2013.12.007,ESV,mp-19276, icsd-194082 icsd-161851 icsd-50821 icsd-155140 icsd-16166 icsd-56109 icsd-194083 icsd-250487 icsd-193795,1.151184481,Spectrochimica Acta - Part A: Molecular and Biomolecular Spectroscopy,1386-1425,2014
2115,Ba0.91MoO4Eu0.09,Ba0.91MoO4,Eu,3,0.09,,,,298,613,0.65,0.347,,,,464,464,395,,,,613,https://doi.org/10.1016/j.saa.2013.12.007,ESV,mp-19276, icsd-194082 icsd-161851 icsd-50821 icsd-155140 icsd-16166 icsd-56109 icsd-194083 icsd-250487 icsd-193795,1.146619767,Spectrochimica Acta - Part A: Molecular and Biomolecular Spectroscopy,1386-1425,2014
2116,Ba0.88MoO4Eu0.12,Ba0.88MoO4,Eu,3,0.12,,,,298,613,0.647,0.647,,,,464,464,395,,,,613,https://doi.org/10.1016/j.saa.2013.12.007,ESV,mp-19276, icsd-194082 icsd-161851 icsd-50821 icsd-155140 icsd-16166 icsd-56109 icsd-194083 icsd-250487 icsd-193795,1.143457123,Spectrochimica Acta - Part A: Molecular and Biomolecular Spectroscopy,1386-1425,2014
2117,Sr2V2O7,Sr2V2O7,,,,,,,298,518,0.242,0.364,,,,355,355,,,,,518,https://doi.org/10.1016/j.actamat.2013.03.036,ESV,"mp-19660,mp-19368", icsd-10330 icsd-20401 icsd-72200,1.388890103,Acta Materialia,1359-6454,2013
2118,Sr1.96V2O7Eu0.04,Sr1.96V2O7,Eu,3,0.04,,,,298,518,0.272,0.365,,,,355,355,,,,,518,https://doi.org/10.1016/j.actamat.2013.03.036,ESV,"mp-19660,mp-19368", icsd-10330 icsd-20401 icsd-72200,1.010226218,Acta Materialia,1359-6454,2013
2119,Sr1.92V2O7Eu0.08,Sr1.92V2O7,Eu,3,0.08,,,,298,518,0.284,0.366,,,,355,355,,,,,518,https://doi.org/10.1016/j.actamat.2013.03.036,ESV,"mp-19660,mp-19368", icsd-10330 icsd-20401 icsd-72200,1.007803837,Acta Materialia,1359-6454,2013
2120,Sr1.88V2O7Eu0.12,Sr1.88V2O7,Eu,3,0.12,,,,298,518,0.294,0.363,,,,355,355,,,,,518,https://doi.org/10.1016/j.actamat.2013.03.036,ESV,"mp-19660,mp-19368", icsd-10330 icsd-20401 icsd-72200,1.007988312,Acta Materialia,1359-6454,2013
2121,Sr1.84V2O7Eu0.16,Sr1.84V2O7,Eu,3,0.16,,,,298,518,0.284,0.357,,,,355,355,,,,,518,https://doi.org/10.1016/j.actamat.2013.03.036,ESV,"mp-19660,mp-19368", icsd-10330 icsd-20401 icsd-72200,1.010535684,Acta Materialia,1359-6454,2013
2122,Sr1.80V2O7Eu0.2,Sr1.80V2O7,Eu,3,0.2,,,,298,518,0.272,0.355,,,,355,355,,,,,518,https://doi.org/10.1016/j.actamat.2013.03.036,ESV,"mp-19660,mp-19368", icsd-10330 icsd-20401 icsd-72200,1.012262434,Acta Materialia,1359-6454,2013
2123,Sr1.76V2O7Eu0.24,Sr1.76V2O7,Eu,3,0.24,,,,298,518,0.245,0.348,,,,355,355,,,,,518,https://doi.org/10.1016/j.actamat.2013.03.036,ESV,"mp-19660,mp-19368", icsd-10330 icsd-20401 icsd-72200,1.019949399,Acta Materialia,1359-6454,2013
2124,NaGdF4Dy0.03,NaGdF4,Dy,3,0.03,,,,298,478,0.234,0.281,,,,273,273,350,,6.046885191,1114000,478,https://doi.org/10.1039/C4NJ00688G,RSC,mp-1221034,,0.986160583,New Journal of Chemistry,1144-0546,2014
2125,NaGdF4Dy0.03Eu0.02,NaGdF4,Dy,3,0.03,Eu,3,0.02,298,616,0.333,0.361,,,,273,,,,6.046104787,1112000,478,https://doi.org/10.1039/C4NJ00688G,RSC,mp-1221034,,0.98320161,New Journal of Chemistry,1144-0546,2014
2126,NaGdF4Dy0.03Eu0.03,NaGdF4,Dy,3,0.03,Eu,3,0.03,298,616,,,,,,273,,,,6.031408464,1075000,478,https://doi.org/10.1039/C4NJ00688G,RSC,mp-1221034,,1.093795282,New Journal of Chemistry,1144-0546,2014
2127,NaGdF4Dy0.03Eu0.04,NaGdF4,Dy,3,0.03,Eu,3,0.04,298,616,,,,,,273,,,,6.016197354,1038000,478,https://doi.org/10.1039/C4NJ00688G,RSC,mp-1221034,,0.979982017,New Journal of Chemistry,1144-0546,2014
2128,NaGdF4Dy0.03Eu0.06,NaGdF4,Dy,3,0.03,Eu,3,0.06,298,616,,,,,,273,,,,5.992950961,983900,478,https://doi.org/10.1039/C4NJ00688G,RSC,mp-1221034,,1.009245161,New Journal of Chemistry,1144-0546,2014
2129,NaGdF4Dy0.03Eu0.08,NaGdF4,Dy,3,0.03,Eu,3,0.08,298,616,,,,,,273,,,,5.95240494,896200,478,https://doi.org/10.1039/C4NJ00688G,RSC,mp-1221034,,1.025175173,New Journal of Chemistry,1144-0546,2014
2130,NaGdF4Eu0.07,NaGdF4,Eu,3,0.07,,,,298,616,0.505,0.38,,,,273,273,394,,,,616,https://doi.org/10.1039/C4NJ00688G,RSC,mp-1221034,,0.986512612,New Journal of Chemistry,1144-0546,2014
2131,CaZrO3Eu0.01,CaZrO3,Eu,3,0.01,,,,298,593,0.6017,0.3883,,,,395,395,593,615,,,593,https://doi.org/10.1016/j.jsamd.2017.01.002,ESV,"mp-4571,mp-776024,mp-542112", icsd-130053 icsd-183757 icsd-239370 icsd-167889 icsd-97465 icsd-37264 icsd-183758 icsd-97463 icsd-97466 icsd-97464 icsd-29003 icsd-56094,1.420922801,Journal of Science: Advanced Materials and Devices,2468-2179,2017
2132,CaZrO3Eu0.02,CaZrO3,Eu,3,0.02,,,,298,593,0.6065,0.3856,,,,395,395,593,615,,,593,https://doi.org/10.1016/j.jsamd.2017.01.002,ESV,"mp-4571,mp-776024,mp-542112", icsd-130053 icsd-183757 icsd-239370 icsd-167889 icsd-97465 icsd-37264 icsd-183758 icsd-97463 icsd-97466 icsd-97464 icsd-29003 icsd-56094,1.420370411,Journal of Science: Advanced Materials and Devices,2468-2179,2017
2133,CaZrO3Eu0.03,CaZrO3,Eu,3,0.03,,,,298,593,0.6092,0.3836,,,,395,395,593,615,,,593,https://doi.org/10.1016/j.jsamd.2017.01.002,ESV,"mp-4571,mp-776024,mp-542112", icsd-130053 icsd-183757 icsd-239370 icsd-167889 icsd-97465 icsd-37264 icsd-183758 icsd-97463 icsd-97466 icsd-97464 icsd-29003 icsd-56094,1.420039667,Journal of Science: Advanced Materials and Devices,2468-2179,2017
2134,CaZrO3Eu0.04,CaZrO3,Eu,3,0.04,,,,298,593,0.6076,0.3844,,,,395,395,593,615,,,593,https://doi.org/10.1016/j.jsamd.2017.01.002,ESV,"mp-4571,mp-776024,mp-542112", icsd-130053 icsd-183757 icsd-239370 icsd-167889 icsd-97465 icsd-37264 icsd-183758 icsd-97463 icsd-97466 icsd-97464 icsd-29003 icsd-56094,1.419930778,Journal of Science: Advanced Materials and Devices,2468-2179,2017
2135,CaZrO3Eu0.05,CaZrO3,Eu,3,0.05,,,,298,593,0.5927,0.3945,,,,395,395,593,615,,,593,https://doi.org/10.1016/j.jsamd.2017.01.002,ESV,"mp-4571,mp-776024,mp-542112", icsd-130053 icsd-183757 icsd-239370 icsd-167889 icsd-97465 icsd-37264 icsd-183758 icsd-97463 icsd-97466 icsd-97464 icsd-29003 icsd-56094,1.420043834,Journal of Science: Advanced Materials and Devices,2468-2179,2017
2136,ZrO2Dy0.01,ZrO2,Dy,3,0.01,,,,298,583,0.417,0.389,,,,352,352,,,,,583,https://doi.org/10.1111/jace.12149,Wiley,"mp-2858, mp-776404,mp-754403,mp-1190186,mp-556605 ,mp-755089,mp-755759,mp-2574,mp-776427,mp-775909,mp-775980,mp-755769,mp-775910,mp-1565,mp-754741,mp-775935 ,mp-776386,mp-963,mp-1245318,mp-1100824", icsd-82544 icsd-187209 icsd-80043 icsd-172161 icsd-173959 icsd-82543 icsd-291451 icsd-80042 icsd-658755 icsd-94887 icsd-186674 icsd-41010 icsd-80044 icsd-18190 icsd-62993 icsd-248445 icsd-68782 icsd-57158 icsd-157403 icsd-94886 icsd-86692 icsd-57451 icsd-89426 icsd-417639 icsd-187208 icsd-80048 icsd-80046 icsd-80045 icsd-291120 icsd-41572 icsd-248446 icsd-80050 icsd-80049 icsd-187207 icsd-26488 icsd-15983 icsd-82545 icsd-60900 icsd-647691 icsd-57157 icsd-96537 icsd-80047 icsd-185125 icsd-659226 icsd-60901 icsd-237008 icsd-248449 icsd-173960 icsd-67004 icsd-94931 icsd-66784 icsd-66783 icsd-92091 icsd-92093 icsd-85322 icsd-157620 icsd-237007 icsd-647692 icsd-9993 icsd-92092 icsd-66781 icsd-164736 icsd-51051 icsd-93124 icsd-66786 icsd-248448 icsd-291452 icsd-173961 icsd-157621 icsd-66788 icsd-88022 icsd-93028 icsd-66782 icsd-185124 icsd-93125 icsd-66787 icsd-93033 icsd-93032 icsd-93030 icsd-66785 icsd-93031 icsd-68781 icsd-92090 icsd-180936 icsd-157618 icsd-97004 icsd-248447 icsd-164862 icsd-186673 icsd-157619 icsd-66789 icsd-93123 icsd-93126 icsd-23928 icsd-93029 icsd-68589 icsd-655671 icsd-248444 icsd-53998 icsd-105553 icsd-164861 icsd-291119 icsd-92096 icsd-248443 icsd-186672 icsd-291453 icsd-157617 icsd-173962 icsd-647689 icsd-92095 icsd-237006 icsd-185123 icsd-89429 icsd-79914 icsd-173963 icsd-56696 icsd-83862 icsd-79915,1.071722914,Journal of the American Ceramic Society,0002-7820,2013
2137,ZrO2Eu0.05,ZrO2,Eu,3,0.05,,,,298,610,0.494,0.344,,,,352,394,,,,,610,https://doi.org/10.1111/jace.12149,Wiley,"mp-2858, mp-776404,mp-754403,mp-1190186,mp-556605 ,mp-755089,mp-755759,mp-2574,mp-776427,mp-775909,mp-775980,mp-755769,mp-775910,mp-1565,mp-754741,mp-775935 ,mp-776386,mp-963,mp-1245318,mp-1100824", icsd-82544 icsd-187209 icsd-80043 icsd-172161 icsd-173959 icsd-82543 icsd-291451 icsd-80042 icsd-658755 icsd-94887 icsd-186674 icsd-41010 icsd-80044 icsd-18190 icsd-62993 icsd-248445 icsd-68782 icsd-57158 icsd-157403 icsd-94886 icsd-86692 icsd-57451 icsd-89426 icsd-417639 icsd-187208 icsd-80048 icsd-80046 icsd-80045 icsd-291120 icsd-41572 icsd-248446 icsd-80050 icsd-80049 icsd-187207 icsd-26488 icsd-15983 icsd-82545 icsd-60900 icsd-647691 icsd-57157 icsd-96537 icsd-80047 icsd-185125 icsd-659226 icsd-60901 icsd-237008 icsd-248449 icsd-173960 icsd-67004 icsd-94931 icsd-66784 icsd-66783 icsd-92091 icsd-92093 icsd-85322 icsd-157620 icsd-237007 icsd-647692 icsd-9993 icsd-92092 icsd-66781 icsd-164736 icsd-51051 icsd-93124 icsd-66786 icsd-248448 icsd-291452 icsd-173961 icsd-157621 icsd-66788 icsd-88022 icsd-93028 icsd-66782 icsd-185124 icsd-93125 icsd-66787 icsd-93033 icsd-93032 icsd-93030 icsd-66785 icsd-93031 icsd-68781 icsd-92090 icsd-180936 icsd-157618 icsd-97004 icsd-248447 icsd-164862 icsd-186673 icsd-157619 icsd-66789 icsd-93123 icsd-93126 icsd-23928 icsd-93029 icsd-68589 icsd-655671 icsd-248444 icsd-53998 icsd-105553 icsd-164861 icsd-291119 icsd-92096 icsd-248443 icsd-186672 icsd-291453 icsd-157617 icsd-173962 icsd-647689 icsd-92095 icsd-237006 icsd-185123 icsd-89429 icsd-79914 icsd-173963 icsd-56696 icsd-83862 icsd-79915,1.088640636,Journal of the American Ceramic Society,0002-7820,2013
2138,ZrO2Dy0.01Eu0.05,ZrO2,Dy,3,0.01,Eu,3,0.05,298,583,0.424,0.358,,,,352,352,,,,,583,https://doi.org/10.1111/jace.12149,Wiley,"mp-2858, mp-776404,mp-754403,mp-1190186,mp-556605 ,mp-755089,mp-755759,mp-2574,mp-776427,mp-775909,mp-775980,mp-755769,mp-775910,mp-1565,mp-754741,mp-775935 ,mp-776386,mp-963,mp-1245318,mp-1100824", icsd-82544 icsd-187209 icsd-80043 icsd-172161 icsd-173959 icsd-82543 icsd-291451 icsd-80042 icsd-658755 icsd-94887 icsd-186674 icsd-41010 icsd-80044 icsd-18190 icsd-62993 icsd-248445 icsd-68782 icsd-57158 icsd-157403 icsd-94886 icsd-86692 icsd-57451 icsd-89426 icsd-417639 icsd-187208 icsd-80048 icsd-80046 icsd-80045 icsd-291120 icsd-41572 icsd-248446 icsd-80050 icsd-80049 icsd-187207 icsd-26488 icsd-15983 icsd-82545 icsd-60900 icsd-647691 icsd-57157 icsd-96537 icsd-80047 icsd-185125 icsd-659226 icsd-60901 icsd-237008 icsd-248449 icsd-173960 icsd-67004 icsd-94931 icsd-66784 icsd-66783 icsd-92091 icsd-92093 icsd-85322 icsd-157620 icsd-237007 icsd-647692 icsd-9993 icsd-92092 icsd-66781 icsd-164736 icsd-51051 icsd-93124 icsd-66786 icsd-248448 icsd-291452 icsd-173961 icsd-157621 icsd-66788 icsd-88022 icsd-93028 icsd-66782 icsd-185124 icsd-93125 icsd-66787 icsd-93033 icsd-93032 icsd-93030 icsd-66785 icsd-93031 icsd-68781 icsd-92090 icsd-180936 icsd-157618 icsd-97004 icsd-248447 icsd-164862 icsd-186673 icsd-157619 icsd-66789 icsd-93123 icsd-93126 icsd-23928 icsd-93029 icsd-68589 icsd-655671 icsd-248444 icsd-53998 icsd-105553 icsd-164861 icsd-291119 icsd-92096 icsd-248443 icsd-186672 icsd-291453 icsd-157617 icsd-173962 icsd-647689 icsd-92095 icsd-237006 icsd-185123 icsd-89429 icsd-79914 icsd-173963 icsd-56696 icsd-83862 icsd-79915,2.012964965,Journal of the American Ceramic Society,0002-7820,2013
2139,ZrO2Dy0.025Eu0.05,ZrO2,Dy,3,0.025,Eu,3,0.05,298,583,0.402,0.355,,,,352,352,,,,,583,https://doi.org/10.1111/jace.12149,Wiley,"mp-2858, mp-776404,mp-754403,mp-1190186,mp-556605 ,mp-755089,mp-755759,mp-2574,mp-776427,mp-775909,mp-775980,mp-755769,mp-775910,mp-1565,mp-754741,mp-775935 ,mp-776386,mp-963,mp-1245318,mp-1100824", icsd-82544 icsd-187209 icsd-80043 icsd-172161 icsd-173959 icsd-82543 icsd-291451 icsd-80042 icsd-658755 icsd-94887 icsd-186674 icsd-41010 icsd-80044 icsd-18190 icsd-62993 icsd-248445 icsd-68782 icsd-57158 icsd-157403 icsd-94886 icsd-86692 icsd-57451 icsd-89426 icsd-417639 icsd-187208 icsd-80048 icsd-80046 icsd-80045 icsd-291120 icsd-41572 icsd-248446 icsd-80050 icsd-80049 icsd-187207 icsd-26488 icsd-15983 icsd-82545 icsd-60900 icsd-647691 icsd-57157 icsd-96537 icsd-80047 icsd-185125 icsd-659226 icsd-60901 icsd-237008 icsd-248449 icsd-173960 icsd-67004 icsd-94931 icsd-66784 icsd-66783 icsd-92091 icsd-92093 icsd-85322 icsd-157620 icsd-237007 icsd-647692 icsd-9993 icsd-92092 icsd-66781 icsd-164736 icsd-51051 icsd-93124 icsd-66786 icsd-248448 icsd-291452 icsd-173961 icsd-157621 icsd-66788 icsd-88022 icsd-93028 icsd-66782 icsd-185124 icsd-93125 icsd-66787 icsd-93033 icsd-93032 icsd-93030 icsd-66785 icsd-93031 icsd-68781 icsd-92090 icsd-180936 icsd-157618 icsd-97004 icsd-248447 icsd-164862 icsd-186673 icsd-157619 icsd-66789 icsd-93123 icsd-93126 icsd-23928 icsd-93029 icsd-68589 icsd-655671 icsd-248444 icsd-53998 icsd-105553 icsd-164861 icsd-291119 icsd-92096 icsd-248443 icsd-186672 icsd-291453 icsd-157617 icsd-173962 icsd-647689 icsd-92095 icsd-237006 icsd-185123 icsd-89429 icsd-79914 icsd-173963 icsd-56696 icsd-83862 icsd-79915,1.993104324,Journal of the American Ceramic Society,0002-7820,2013
2140,ZrO2Dy0.05Eu0.05,ZrO2,Dy,3,0.05,Eu,3,0.05,298,583,0.343,0.325,,,,352,352,,,,,583,https://doi.org/10.1111/jace.12149,Wiley,"mp-2858, mp-776404,mp-754403,mp-1190186,mp-556605 ,mp-755089,mp-755759,mp-2574,mp-776427,mp-775909,mp-775980,mp-755769,mp-775910,mp-1565,mp-754741,mp-775935 ,mp-776386,mp-963,mp-1245318,mp-1100824", icsd-82544 icsd-187209 icsd-80043 icsd-172161 icsd-173959 icsd-82543 icsd-291451 icsd-80042 icsd-658755 icsd-94887 icsd-186674 icsd-41010 icsd-80044 icsd-18190 icsd-62993 icsd-248445 icsd-68782 icsd-57158 icsd-157403 icsd-94886 icsd-86692 icsd-57451 icsd-89426 icsd-417639 icsd-187208 icsd-80048 icsd-80046 icsd-80045 icsd-291120 icsd-41572 icsd-248446 icsd-80050 icsd-80049 icsd-187207 icsd-26488 icsd-15983 icsd-82545 icsd-60900 icsd-647691 icsd-57157 icsd-96537 icsd-80047 icsd-185125 icsd-659226 icsd-60901 icsd-237008 icsd-248449 icsd-173960 icsd-67004 icsd-94931 icsd-66784 icsd-66783 icsd-92091 icsd-92093 icsd-85322 icsd-157620 icsd-237007 icsd-647692 icsd-9993 icsd-92092 icsd-66781 icsd-164736 icsd-51051 icsd-93124 icsd-66786 icsd-248448 icsd-291452 icsd-173961 icsd-157621 icsd-66788 icsd-88022 icsd-93028 icsd-66782 icsd-185124 icsd-93125 icsd-66787 icsd-93033 icsd-93032 icsd-93030 icsd-66785 icsd-93031 icsd-68781 icsd-92090 icsd-180936 icsd-157618 icsd-97004 icsd-248447 icsd-164862 icsd-186673 icsd-157619 icsd-66789 icsd-93123 icsd-93126 icsd-23928 icsd-93029 icsd-68589 icsd-655671 icsd-248444 icsd-53998 icsd-105553 icsd-164861 icsd-291119 icsd-92096 icsd-248443 icsd-186672 icsd-291453 icsd-157617 icsd-173962 icsd-647689 icsd-92095 icsd-237006 icsd-185123 icsd-89429 icsd-79914 icsd-173963 icsd-56696 icsd-83862 icsd-79915,1.983959792,Journal of the American Ceramic Society,0002-7820,2013
2141,Sr3LuV2O8,Sr3LuV2O8,,,,,,,298,439,,,,,,319,,,,4.11058971,12900,439,https://doi.org/10.1111/jace.17689,Wiley,"mp-18972,mp-541507,mp-555382,mp-1237534", icsd-69012 icsd-69000 icsd-72219 icsd-71450 icsd-80602 icsd-80601 icsd-80602,1.038580505,Journal of the American Ceramic Society,0002-7820,2021
2142,Sr3Lu0.993V2O8Eu0.007,Sr3Lu0.993V2O8,Eu,3,0.007,,,,298,615,,,44,,,319,391,,,5.761175813,577000,615,https://doi.org/10.1111/jace.17689,Wiley,"mp-18972,mp-541507,mp-555382,mp-1237534", icsd-69012 icsd-69000 icsd-72219 icsd-71450 icsd-80602 icsd-80601 icsd-80602,1.004870968,Journal of the American Ceramic Society,0002-7820,2021
2143,Sr3Lu0.991V2O8Eu0.009,Sr3Lu0.991V2O8,Eu,3,0.009,,,,298,615,,,46,,,319,391,,,5.751740874,564600,615,https://doi.org/10.1111/jace.17689,Wiley,"mp-18972,mp-541507,mp-555382,mp-1237534", icsd-69012 icsd-69000 icsd-72219 icsd-71450 icsd-80602 icsd-80601 icsd-80602,1.033261462,Journal of the American Ceramic Society,0002-7820,2021
2144,Sr3Lu0.98V2O8Eu0.02,Sr3Lu0.98V2O8,Eu,3,0.02,,,,298,615,,,51,,,319,391,,,5.742882171,553200,615,https://doi.org/10.1111/jace.17689,Wiley,"mp-18972,mp-541507,mp-555382,mp-1237534", icsd-69012 icsd-69000 icsd-72219 icsd-71450 icsd-80602 icsd-80601 icsd-80602,1.009870621,Journal of the American Ceramic Society,0002-7820,2021
2145,Sr3Lu0.96V2O8Eu0.04,Sr3Lu0.96V2O8,Eu,3,0.04,,,,298,615,0.65,0.34,53,,,319,391,461,,5.733598461,541500,615,https://doi.org/10.1111/jace.17689,Wiley,"mp-18972,mp-541507,mp-555382,mp-1237534", icsd-69012 icsd-69000 icsd-72219 icsd-71450 icsd-80602 icsd-80601 icsd-80602,0.983916341,Journal of the American Ceramic Society,0002-7820,2021
2146,Sr3Lu0.94V2O8Eu0.06,Sr3Lu0.94V2O8,Eu,3,0.06,,,,298,615,,,49,,,319,391,,,5.719248398,523900,615,https://doi.org/10.1111/jace.17689,Wiley,"mp-18972,mp-541507,mp-555382,mp-1237534", icsd-69012 icsd-69000 icsd-72219 icsd-71450 icsd-80602 icsd-80601 icsd-80602,1.08961912,Journal of the American Ceramic Society,0002-7820,2021
2147,La1.97MgGeO6Dy0.03,La1.97MgGeO6,Dy,3,0.03,,,,298,575,,,,,,350,350,,,5.002770628,100640,575,https://doi.org/10.1111/jace.15923,Wiley,mp-11585,,0.983020493,Journal of the American Ceramic Society,0002-7820,2018
2148,La1.97MgGe0.998O6Dy0.03Mn0.002,La1.97MgGe0.998O6,Dy,3,0.03,Mn,4,0.002,298,708,,,,,,350,,,,4.997124156,99340,575,https://doi.org/10.1111/jace.15923,Wiley,mp-11585,,0.974430784,Journal of the American Ceramic Society,0002-7820,2018
2149,La1.97MgGe0.996O6Dy0.03Mn0.004,La1.97MgGe0.996O6,Dy,3,0.03,Mn,4,0.004,298,708,,,,,,350,,,,4.9882021,97320,575,https://doi.org/10.1111/jace.15923,Wiley,mp-11585,,0.973861717,Journal of the American Ceramic Society,0002-7820,2018
2150,La1.97MgGe0.994O6Dy0.03Mn0.006,La1.97MgGe0.994O6,Dy,3,0.03,Mn,4,0.006,298,708,,,,,,350,,,,4.790496277,61730,575,https://doi.org/10.1111/jace.15923,Wiley,mp-11585,,0.972103381,Journal of the American Ceramic Society,0002-7820,2018
2151,La1.97MgGe0.992O6Dy0.03Mn0.008,La1.97MgGe0.992O6,Dy,3,0.03,Mn,4,0.008,298,708,,,81.6,60.3,533,350,,,,4.703377369,50510,575,https://doi.org/10.1111/jace.15923,Wiley,mp-11585,,1.034648485,Journal of the American Ceramic Society,0002-7820,2018
2152,KBaSc2P3O12Ce0.04,KBaSc2P3O12,Ce,3,0.04,,,,298,380,0.159,0.036,69.3,,,320,320,,,,,380,https://doi.org/10.1002/cphc.201500387,Wiley,,,1.26834615,ChemPhysChem,1439-4235,2015
2153,KBaSc2P3O12Eu0.04,KBaSc2P3O12,Eu,2,0.04,,,,298,420,0.153,0.072,30.1,,,300,300,,,2.657533888,454.5,420,https://doi.org/10.1002/cphc.201500387,Wiley,,,0.929564394,ChemPhysChem,1439-4235,2015
2154,KBaSc2P3O12Eu0.04Tb0.03,KBaSc2P3O12,Eu,2,0.04,Tb,3,0.03,298,552,0.165,0.121,32.4,,,300,300,,,2.60238559,400.3,420,https://doi.org/10.1002/cphc.201500387,Wiley,,,1.036209226,ChemPhysChem,1439-4235,2015
2155,KBaSc2P3O12Eu0.04Tb0.06,KBaSc2P3O12,Eu,2,0.04,Tb,3,0.06,298,552,0.181,0.209,37.2,,,300,300,,,2.57333584,374.4,420,https://doi.org/10.1002/cphc.201500387,Wiley,,,1.044390177,ChemPhysChem,1439-4235,2015
2156,KBaSc2P3O12Eu0.04Tb0.09,KBaSc2P3O12,Eu,2,0.04,Tb,3,0.09,298,552,0.193,0.245,56.4,,,300,300,,,2.550839605,355.5,420,https://doi.org/10.1002/cphc.201500387,Wiley,,,1.048355511,ChemPhysChem,1439-4235,2015
2157,KBaSc2P3O12Eu0.04Tb0.12,KBaSc2P3O12,Eu,2,0.04,Tb,3,0.12,298,552,0.204,0.285,57.3,,,300,300,,,2.517591731,329.3,420,https://doi.org/10.1002/cphc.201500387,Wiley,,,1.056347551,ChemPhysChem,1439-4235,2015
2158,KBaSc2P3O12Eu0.04Tb0.15,KBaSc2P3O12,Eu,2,0.04,Tb,3,0.15,298,552,0.224,0.344,42.9,,,300,300,,,2.477699928,300.4,420,https://doi.org/10.1002/cphc.201500387,Wiley,,,1.07306278,ChemPhysChem,1439-4235,2015
2159,KBaSc2P3O12Eu0.04Tb0.18,KBaSc2P3O12,Eu,2,0.04,Tb,3,0.18,298,552,0.232,0.375,39.7,,,300,300,,,,,420,https://doi.org/10.1002/cphc.201500387,Wiley,,,1.252021978,ChemPhysChem,1439-4235,2015
2160,KBaSc2P3O12Ce0.04Tb0.03,KBaSc2P3O12,Ce,3,0.04,Tb,3,0.03,298,380,0.194,0.203,70.2,,,320,,,,,,,https://doi.org/10.1002/cphc.201500387,Wiley,,,1.244359851,ChemPhysChem,1439-4235,2015
2161,KBaSc2P3O12Ce0.04Tb0.06,KBaSc2P3O12,Ce,3,0.04,Tb,3,0.06,298,552,0.217,0.312,72.1,,,320,,,,,,,https://doi.org/10.1002/cphc.201500387,Wiley,,,1.187318882,ChemPhysChem,1439-4235,2015
2162,KBaSc2P3O12Ce0.04Tb0.09,KBaSc2P3O12,Ce,3,0.04,Tb,3,0.09,298,552,0.236,0.401,69.4,,,320,,,,,,,https://doi.org/10.1002/cphc.201500387,Wiley,,,1.181589847,ChemPhysChem,1439-4235,2015
2163,KBaSc2P3O12Ce0.04Tb0.12,KBaSc2P3O12,Ce,3,0.04,Tb,3,0.12,298,552,0.248,0.453,66.8,,,320,,,,,,,https://doi.org/10.1002/cphc.201500387,Wiley,,,1.170497942,ChemPhysChem,1439-4235,2015
2164,KBaSc2P3O12Ce0.04Tb0.15,KBaSc2P3O12,Ce,3,0.04,Tb,3,0.15,298,552,0.252,0.476,61.3,,,320,,,,,,,https://doi.org/10.1002/cphc.201500387,Wiley,,,1.164990873,ChemPhysChem,1439-4235,2015
2192,Li2Sr0.99SiO4Dy0.01,Li2Sr0.99SiO4,Dy,3,0.01,,,,298,479,0.246,0.29,,,,349,349,364,386,,,479,https://doi.org/10.1002/bio.2692,Wiley,mp-1191141, icsd-167334,1.066826931,Luminescence,1522-7235,2014
2193,Li2Sr0.98SiO4Dy0.02,Li2Sr0.98SiO4,Dy,3,0.02,,,,298,479,0.244,0.286,,,,349,349,364,386,,,479,https://doi.org/10.1002/bio.2692,Wiley,mp-1191141, icsd-167334,1.066752262,Luminescence,1522-7235,2014
2194,Li2Sr0.97SiO4Dy0.03,Li2Sr0.97SiO4,Dy,3,0.03,,,,298,479,0.246,0.288,,,,349,349,364,386,,,479,https://doi.org/10.1002/bio.2692,Wiley,mp-1191141, icsd-167334,1.066731104,Luminescence,1522-7235,2014
2195,Li2Sr0.95SiO4Dy0.05,Li2Sr0.95SiO4,Dy,3,0.05,,,,298,479,0.245,0.281,,,,349,349,364,386,,,479,https://doi.org/10.1002/bio.2692,Wiley,mp-1191141, icsd-167334,1.067258344,Luminescence,1522-7235,2014
2196,Li2Sr0.93SiO4Dy0.07,Li2Sr0.93SiO4,Dy,3,0.07,,,,298,479,0.262,0.309,,,,349,349,364,386,,,479,https://doi.org/10.1002/bio.2692,Wiley,mp-1191141, icsd-167334,1.067690027,Luminescence,1522-7235,2014
2197,Li2Sr0.98SiO4Dy0.02,Li2Sr0.98SiO4,Dy,3,0.02,,,,298,479,0.271,0.322,,,,393,,,,,,479,https://doi.org/10.1002/bio.2692,Wiley,mp-1191141, icsd-167334,1.058783799,Luminescence,1522-7235,2014
2198,Li2Sr0.97SiO4Dy0.02Eu0.01,Li2Sr0.97SiO4,Dy,3,0.02,Eu,3,0.01,298,590,0.325,0.338,,,,393,393,,,,,590,https://doi.org/10.1002/bio.2692,Wiley,mp-1191141, icsd-167334,1.106100494,Luminescence,1522-7235,2014
2199,Li2Sr0.96SiO4Dy0.02Eu0.02,Li2Sr0.96SiO4,Dy,3,0.02,Eu,3,0.02,298,590,0.364,0.342,,,,393,393,,,,,590,https://doi.org/10.1002/bio.2692,Wiley,mp-1191141, icsd-167334,1.102604901,Luminescence,1522-7235,2014
2200,Li2Sr0.95SiO4Dy0.02Eu0.03,Li2Sr0.95SiO4,Dy,3,0.02,Eu,3,0.03,298,590,0.397,0.349,,,,393,393,,,,,590,https://doi.org/10.1002/bio.2692,Wiley,mp-1191141, icsd-167334,1.099822389,Luminescence,1522-7235,2014
2201,Li2Sr0.94SiO4Dy0.02Eu0.04,Li2Sr0.94SiO4,Dy,3,0.02,Eu,3,0.04,298,590,0.409,0.356,,,,393,393,,,,,590,https://doi.org/10.1002/bio.2692,Wiley,mp-1191141, icsd-167334,1.098975102,Luminescence,1522-7235,2014
2209,La2.98SbO7Sm0.02,La2.98SbO7,Sm,3,0.02,,,,298,608,,,,,,407,407,,,6.318063335,2080000,608,https://doi.org/10.1002/bio.2983,Wiley,"mp-1211549,mp-1190600", icsd-246732 icsd-188501,1.044449342,Luminescence,1522-7235,2015
2210,La2.9SbO7Sm0.1,La2.9SbO7,Sm,3,0.1,,,,298,608,0.547,0.443,,,,407,407,,,6.278753601,1900000,608,https://doi.org/10.1002/bio.2983,Wiley,"mp-1211549,mp-1190600", icsd-246732 icsd-188501,0.999473693,Luminescence,1522-7235,2015
2211,La2.8SbO7Sm0.2,La2.8SbO7,Sm,3,0.2,,,,298,608,,,,,,407,407,,,6.243038049,1750000,608,https://doi.org/10.1002/bio.2983,Wiley,"mp-1211549,mp-1190600", icsd-246732 icsd-188501,1.008253728,Luminescence,1522-7235,2015
2212,Sr0.97MoO4Tb0.02,Sr0.97MoO4,Tb,3,0.02,,,,298,545,0.2605,0.6339,,,,290,290,,,,,545,https://doi.org/10.1002/bio.2971,Wiley,mp-18834, icsd-193794 icsd-250491 icsd-23700 icsd-28025 icsd-194080 icsd-173125 icsd-173120 icsd-245803 icsd-245802 icsd-173122 icsd-239418 icsd-248458 icsd-99089 icsd-194081,0.998622432,Luminescence,1522-7235,2015
2213,Sr0.925MoO4Sm0.05,Sr0.925MoO4,Sm,3,0.05,,,,298,646,0.5856,0.4136,,,,278,278,,,5.790988475,618000,646,https://doi.org/10.1002/bio.2971,Wiley,mp-18834, icsd-193794 icsd-250491 icsd-23700 icsd-28025 icsd-194080 icsd-173125 icsd-173120 icsd-245803 icsd-245802 icsd-173122 icsd-239418 icsd-248458 icsd-99089 icsd-194081,1.015466906,Luminescence,1522-7235,2015
2214,Sr0.9175MoO4Sm0.05Tb0.005,Sr0.9175MoO4,Sm,3,0.05,Tb,3,0.005,298,646,0.5015,0.4658,,,,290,290,,,,,646,https://doi.org/10.1002/bio.2971,Wiley,mp-18834, icsd-193794 icsd-250491 icsd-23700 icsd-28025 icsd-194080 icsd-173125 icsd-173120 icsd-245803 icsd-245802 icsd-173122 icsd-239418 icsd-248458 icsd-99089 icsd-194081,0.98661334,Luminescence,1522-7235,2015
2215,Sr0.91MoO4Sm0.05Tb0.01,Sr0.91MoO4,Sm,3,0.05,Tb,3,0.01,298,545,0.4453,0.5063,,,,290,290,,,,,646,https://doi.org/10.1002/bio.2971,Wiley,mp-18834, icsd-193794 icsd-250491 icsd-23700 icsd-28025 icsd-194080 icsd-173125 icsd-173120 icsd-245803 icsd-245802 icsd-173122 icsd-239418 icsd-248458 icsd-99089 icsd-194081,0.978431296,Luminescence,1522-7235,2015
2216,Sr0.895MoO4Sm0.05Tb0.02,Sr0.895MoO4,Sm,3,0.05,Tb,3,0.02,298,545,0.4238,0.5213,,,,290,290,,,5.783188691,607000,646,https://doi.org/10.1002/bio.2971,Wiley,mp-18834, icsd-193794 icsd-250491 icsd-23700 icsd-28025 icsd-194080 icsd-173125 icsd-173120 icsd-245803 icsd-245802 icsd-173122 icsd-239418 icsd-248458 icsd-99089 icsd-194081,1.020567071,Luminescence,1522-7235,2015
2217,Sr0.880MoO4Sm0.05Tb0.03,Sr0.880MoO4,Sm,3,0.05,Tb,3,0.03,298,545,0.371,0.5606,,,,290,290,,,,,646,https://doi.org/10.1002/bio.2971,Wiley,mp-18834, icsd-193794 icsd-250491 icsd-23700 icsd-28025 icsd-194080 icsd-173125 icsd-173120 icsd-245803 icsd-245802 icsd-173122 icsd-239418 icsd-248458 icsd-99089 icsd-194081,0.980021365,Luminescence,1522-7235,2015
2218,Sr0.865MoO4Sm0.05Tb0.04,Sr0.865MoO4,Sm,3,0.05,Tb,3,0.04,298,545,0.363,0.567,,,,290,290,,,,,646,https://doi.org/10.1002/bio.2971,Wiley,mp-18834, icsd-193794 icsd-250491 icsd-23700 icsd-28025 icsd-194080 icsd-173125 icsd-173120 icsd-245803 icsd-245802 icsd-173122 icsd-239418 icsd-248458 icsd-99089 icsd-194081,0.979717894,Luminescence,1522-7235,2015
2219,Sr0.85MoO4Sm0.05Tb0.05,Sr0.85MoO4,Sm,3,0.05,Tb,3,0.05,298,545,0.3439,0.5812,,,,290,290,,,,,646,https://doi.org/10.1002/bio.2971,Wiley,mp-18834, icsd-193794 icsd-250491 icsd-23700 icsd-28025 icsd-194080 icsd-173125 icsd-173120 icsd-245803 icsd-245802 icsd-173122 icsd-239418 icsd-248458 icsd-99089 icsd-194081,0.979536093,Luminescence,1522-7235,2015
2220,Sr0.9MoO4Na0.05Sm0.05,Sr0.9MoO4Na0.05,Sm,3,0.05,,,,298,646,,,,,,290,646,,,5.846337112,702000,646,https://doi.org/10.1002/bio.2971,Wiley,mp-18834, icsd-193794 icsd-250491 icsd-23700 icsd-28025 icsd-194080 icsd-173125 icsd-173120 icsd-245803 icsd-245802 icsd-173122 icsd-239418 icsd-248458 icsd-99089 icsd-194081,1.170037098,Luminescence,1522-7235,2015
2222,LiGd0.5MgWO6Eu0.5,LiGd0.5MgWO6,Eu,3,0.5,,,,298,615,0.664,0.336,69.8,,,395,465,,,,,615,https://doi.org/10.1016/j.dyepig.2018.08.013,ESV,,,1.005327492,Dyes and Pigments,0143-7208,2019
2223,LiGd0.5MgWO6Eu0.5,LiGd0.5MgWO6,Eu,3,0.5,,,,298,615,,,70.6,,,465,465,,,,,615,https://doi.org/10.1016/j.dyepig.2018.08.013,ESV,,,1.014314499,Dyes and Pigments,0143-7208,2019
2224,Rb1.01Ba0.98PO4Eu0.01,Rb1.01Ba0.98PO4,Eu,3,0.01,,,,298,612,0.53,0.45,,,,392,392,,,,,612,https://doi.org/10.1007/s10854-015-3745-1,SN,mp-17832, icsd-72001,0.992437788,Journal of Materials Science: Materials in Electronics,0957-4522,2015
2225,Rb1.03Ba0.94PO4Eu0.03,Rb1.03Ba0.94PO4,Eu,3,0.03,,,,298,612,0.586,0.405,,,,392,392,,,,,612,https://doi.org/10.1007/s10854-015-3745-1,SN,mp-17832, icsd-72001,0.992331647,Journal of Materials Science: Materials in Electronics,0957-4522,2015
2226,Rb1.05Ba0.9PO4Eu0.05,Rb1.05Ba0.9PO4,Eu,3,0.05,,,,298,612,0.596,0.397,,,,392,392,,,,,612,https://doi.org/10.1007/s10854-015-3745-1,SN,mp-17832, icsd-72001,0.9972224,Journal of Materials Science: Materials in Electronics,0957-4522,2015
2227,Rb1.07Ba0.86PO4Eu0.07,Rb1.07Ba0.86PO4,Eu,3,0.07,,,,298,612,0.603,0.391,,,,392,392,,,,,612,https://doi.org/10.1007/s10854-015-3745-1,SN,mp-17832, icsd-72001,1.000889883,Journal of Materials Science: Materials in Electronics,0957-4522,2015
2228,Rb1.09Ba0.82PO4Eu0.09,Rb1.09Ba0.82PO4,Eu,3,0.09,,,,298,612,0.61,0.386,31,,473,392,392,462,,6.28780173,1940000,612,https://doi.org/10.1007/s10854-015-3745-1,SN,mp-17832, icsd-72001,1.031752224,Journal of Materials Science: Materials in Electronics,0957-4522,2015
2229,Rb1.09Ba0.82PO4Eu0.09,Rb1.09Ba0.82PO4,Eu,3,0.09,,,,323,612,0.61,0.387,,,,392,,,,,,,https://doi.org/10.1007/s10854-015-3745-1,SN,mp-17832, icsd-72001,1.002048914,Journal of Materials Science: Materials in Electronics,0957-4522,2015
2230,Rb1.09Ba0.82PO4Eu0.09,Rb1.09Ba0.82PO4,Eu,3,0.09,,,,343,612,0.609,0.388,,,,392,,,,,,,https://doi.org/10.1007/s10854-015-3745-1,SN,mp-17832, icsd-72001,1.000802792,Journal of Materials Science: Materials in Electronics,0957-4522,2015
2231,Rb1.09Ba0.82PO4Eu0.09,Rb1.09Ba0.82PO4,Eu,3,0.09,,,,363,612,0.608,0.39,,,,392,,,,,,,https://doi.org/10.1007/s10854-015-3745-1,SN,mp-17832, icsd-72001,0.998908929,Journal of Materials Science: Materials in Electronics,0957-4522,2015
2232,Rb1.09Ba0.82PO4Eu0.09,Rb1.09Ba0.82PO4,Eu,3,0.09,,,,383,612,0.606,0.392,,,,392,,,,,,,https://doi.org/10.1007/s10854-015-3745-1,SN,mp-17832, icsd-72001,0.996439142,Journal of Materials Science: Materials in Electronics,0957-4522,2015
2233,Rb1.09Ba0.82PO4Eu0.09,Rb1.09Ba0.82PO4,Eu,3,0.09,,,,403,612,0.603,0.395,,,,392,,,,,,,https://doi.org/10.1007/s10854-015-3745-1,SN,mp-17832, icsd-72001,0.993472138,Journal of Materials Science: Materials in Electronics,0957-4522,2015
2234,Rb1.09Ba0.82PO4Eu0.09,Rb1.09Ba0.82PO4,Eu,3,0.09,,,,423,612,0.598,0.398,,,,392,,,,,,,https://doi.org/10.1007/s10854-015-3745-1,SN,mp-17832, icsd-72001,0.99269012,Journal of Materials Science: Materials in Electronics,0957-4522,2015
2235,Rb1.09Ba0.82PO4Eu0.09,Rb1.09Ba0.82PO4,Eu,3,0.09,,,,433,612,0.597,0.4,,,,392,,,,,,,https://doi.org/10.1007/s10854-015-3745-1,SN,mp-17832, icsd-72001,0.99731449,Journal of Materials Science: Materials in Electronics,0957-4522,2015
2236,Rb1.09Ba0.82PO4Eu0.09,Rb1.09Ba0.82PO4,Eu,3,0.09,,,,443,612,0.595,0.402,,,,392,,,,,,,https://doi.org/10.1007/s10854-015-3745-1,SN,mp-17832, icsd-72001,1.007576691,Journal of Materials Science: Materials in Electronics,0957-4522,2015
2237,Rb1.09Ba0.82PO4Eu0.09,Rb1.09Ba0.82PO4,Eu,3,0.09,,,,453,612,0.592,0.405,,,,392,,,,,,,https://doi.org/10.1007/s10854-015-3745-1,SN,mp-17832, icsd-72001,1.024188235,Journal of Materials Science: Materials in Electronics,0957-4522,2015
2238,Rb1.11Ba0.78PO4Eu0.11,Rb1.11Ba0.78PO4,Eu,3,0.11,,,,298,612,0.608,0.387,,,,392,392,,,,,612,https://doi.org/10.1007/s10854-015-3745-1,SN,mp-17832, icsd-72001,1.01121373,Journal of Materials Science: Materials in Electronics,0957-4522,2015
2239,Rb1.13Ba0.74PO4Eu0.13,Rb1.13Ba0.74PO4,Eu,3,0.13,,,,298,612,0.606,0.389,,,,392,392,,,,,612,https://doi.org/10.1007/s10854-015-3745-1,SN,mp-17832, icsd-72001,1.009988013,Journal of Materials Science: Materials in Electronics,0957-4522,2015
2240,BiOClTb0.01,BiOCl,Tb,3,0.01,,,,298,543,,,,,,377,377,,,4.913813852,82000,543,https://doi.org/10.1016/j.jallcom.2016.11.224,ESV,mp-22939, icsd-29143 icsd-195115 icsd-24608 icsd-74502 icsd-185970,1.060926176,Journal of Alloys and Compounds,0925-8388,2017
2241,BiOClTb0.03,BiOCl,Tb,3,0.03,,,,298,543,,,,,,377,377,,,4.84509804,70000,543,https://doi.org/10.1016/j.jallcom.2016.11.224,ESV,mp-22939, icsd-29143 icsd-195115 icsd-24608 icsd-74502 icsd-185970,0.977833984,Journal of Alloys and Compounds,0925-8388,2017
2242,BiOClTb0.05,BiOCl,Tb,3,0.05,,,,298,543,,,,,,377,377,,,4.69019608,49000,543,https://doi.org/10.1016/j.jallcom.2016.11.224,ESV,mp-22939, icsd-29143 icsd-195115 icsd-24608 icsd-74502 icsd-185970,1.039554621,Journal of Alloys and Compounds,0925-8388,2017
2243,BiOClTb0.07,BiOCl,Tb,3,0.07,,,,298,543,,,,,,377,377,,,4.672097858,47000,543,https://doi.org/10.1016/j.jallcom.2016.11.224,ESV,mp-22939, icsd-29143 icsd-195115 icsd-24608 icsd-74502 icsd-185970,1.02799174,Journal of Alloys and Compounds,0925-8388,2017
2244,BiOClTb0.09,BiOCl,Tb,3,0.09,,,,298,543,0.353,0.572,,,370,377,377,354,,4.079181246,12000,543,https://doi.org/10.1016/j.jallcom.2016.11.224,ESV,mp-22939, icsd-29143 icsd-195115 icsd-24608 icsd-74502 icsd-185970,1.043983341,Journal of Alloys and Compounds,0925-8388,2017
2245,BiOClTb0.11,BiOCl,Tb,3,0.11,,,,298,543,,,,,,377,377,,,4,10000,543,https://doi.org/10.1016/j.jallcom.2016.11.224,ESV,mp-22939, icsd-29143 icsd-195115 icsd-24608 icsd-74502 icsd-185970,1.033145579,Journal of Alloys and Compounds,0925-8388,2017
2246,KMg4P3O12Eu0.005,KMg4P3O12,Eu,2,0.005,,,,298,450,,,,,,365,300,,,3.095518042,1246,450,https://doi.org/10.1038/srep09673,SN,mp-557844, icsd-154111,1.02477373,Scientific Reports,2045-2322,2015
2247,KMg4P3O12Eu0.01,KMg4P3O12,Eu,2,0.01,,,,298,450,0.1507,0.0645,50.44,,823,365,300,,,3.101059355,1262,450,https://doi.org/10.1038/srep09673,SN,mp-557844, icsd-154111,1.066113141,Scientific Reports,2045-2322,2015
2248,KMg4P3O12Eu0.02,KMg4P3O12,Eu,2,0.02,,,,298,450,,,,,,365,300,,,3.095169351,1245,450,https://doi.org/10.1038/srep09673,SN,mp-557844, icsd-154111,1.033254297,Scientific Reports,2045-2322,2015
2249,KMg4P3O12Eu0.04,KMg4P3O12,Eu,2,0.04,,,,298,450,,,,,,365,300,,,3.070407322,1176,450,https://doi.org/10.1038/srep09673,SN,mp-557844, icsd-154111,1.06555159,Scientific Reports,2045-2322,2015
2250,KMg4P3O12Eu0.06,KMg4P3O12,Eu,2,0.06,,,,298,450,,,,,,365,300,,,3.065579715,1163,450,https://doi.org/10.1038/srep09673,SN,mp-557844, icsd-154111,1.108166792,Scientific Reports,2045-2322,2015
2251,KMg4P3O12Eu0.08,KMg4P3O12,Eu,2,0.08,,,,298,450,,,,,,365,300,,,3.06483222,1161,450,https://doi.org/10.1038/srep09673,SN,mp-557844, icsd-154111,1.107948562,Scientific Reports,2045-2322,2015
2252,CaGd1.92ZnO5Tb0.04,CaGd1.92ZnO5,Tb,3,0.04,,,,298,541,0.305,0.556,,,,317,317,,,6.136720567,1370000,541,https://doi.org/10.1039/C4RA15376F,RSC,,,1.069358212,RSC Advances,2046-2069,2015
2253,Na3MgZrP3O12Eu0.01,Na3MgZrP3O12,Eu,3,0.01,,,,298,611,0.639,0.359,,,513,393,393,,,6.729731595,5367000,611,https://doi.org/10.1007/s10854-017-8135-4,SN,mp-690382,,1.024685533,Journal of Materials Science: Materials in Electronics,0957-4522,2017
2254,CaWO4Eu0.08,CaWO4,Eu,3,0.08,,,,298,614,,,,,,280,393,463,,5.733197265,541000,614,https://doi.org/10.1016/j.dyepig.2017.04.037,ESV,"mp-19426,mp-1190383", icsd-60550 icsd-193491 icsd-60548 icsd-60551 icsd-15869 icsd-155423 icsd-193047 icsd-15586 icsd-60549 icsd-18135 icsd-77335 icsd-157428 icsd-291535 icsd-60547 icsd-155791 icsd-238259 icsd-238258,0.985191888,Dyes and Pigments,0143-7208,2017
2255,CaW0.9Mo0.1O4Eu0.08,CaW0.9Mo0.1O4,Eu,3,0.08,,,,298,614,,,,,,280,393,463,,5.728353782,535000,614,https://doi.org/10.1016/j.dyepig.2017.04.037,ESV,"mp-19426,mp-1190383", icsd-60550 icsd-193491 icsd-60548 icsd-60551 icsd-15869 icsd-155423 icsd-193047 icsd-15586 icsd-60549 icsd-18135 icsd-77335 icsd-157428 icsd-291535 icsd-60547 icsd-155791 icsd-238259 icsd-238258,0.98024776,Dyes and Pigments,0143-7208,2017
2256,CaW0.7Mo0.3O4Eu0.08,CaW0.7Mo0.3O4,Eu,3,0.08,,,,298,614,,,,,,280,393,463,,5.707570176,510000,614,https://doi.org/10.1016/j.dyepig.2017.04.037,ESV,"mp-19426,mp-1190383", icsd-60550 icsd-193491 icsd-60548 icsd-60551 icsd-15869 icsd-155423 icsd-193047 icsd-15586 icsd-60549 icsd-18135 icsd-77335 icsd-157428 icsd-291535 icsd-60547 icsd-155791 icsd-238259 icsd-238258,0.981807176,Dyes and Pigments,0143-7208,2017
2257,CaW0.4Mo0.6O4Eu0.08,CaW0.4Mo0.6O4,Eu,3,0.08,,,,298,614,0.653,0.354,,,440,280,393,463,,5.679427897,478000,614,https://doi.org/10.1016/j.dyepig.2017.04.037,ESV,"mp-19426,mp-1190383", icsd-60550 icsd-193491 icsd-60548 icsd-60551 icsd-15869 icsd-155423 icsd-193047 icsd-15586 icsd-60549 icsd-18135 icsd-77335 icsd-157428 icsd-291535 icsd-60547 icsd-155791 icsd-238259 icsd-238258,1.006271139,Dyes and Pigments,0143-7208,2017
2258,CaW0.2Mo0.8O4Eu0.08,CaW0.2Mo0.8O4,Eu,3,0.08,,,,298,614,,,,,,280,393,463,,5.657055853,454000,614,https://doi.org/10.1016/j.dyepig.2017.04.037,ESV,"mp-19426,mp-1190383", icsd-60550 icsd-193491 icsd-60548 icsd-60551 icsd-15869 icsd-155423 icsd-193047 icsd-15586 icsd-60549 icsd-18135 icsd-77335 icsd-157428 icsd-291535 icsd-60547 icsd-155791 icsd-238259 icsd-238258,1.040670752,Dyes and Pigments,0143-7208,2017
2259,CaMoO4Eu0.08,CaMoO4,Eu,3,0.08,,,,298,614,,,,,,280,393,463,,5.638489257,435000,614,https://doi.org/10.1016/j.dyepig.2017.04.037,ESV,mp-19330, icsd-23699 icsd-60558 icsd-193793 icsd-183446 icsd-60557 icsd-194078 icsd-60554 icsd-60553 icsd-417513 icsd-183447 icsd-62219 icsd-60552 icsd-22351 icsd-194079 icsd-60556 icsd-60555 icsd-77334,1.01221324,Dyes and Pigments,0143-7208,2017
2260,Sr1.8Li0.1MgWO6Eu0.1,Sr1.8Li0.1MgWO6,Eu,3,0.1,,,,298,,,,,,,464,464,530,,5.499687083,316000,615,https://doi.org/10.1016/j.cap.2013.03.027,ESV,"mp-18848,mp-19420", icsd-152575 icsd-152576 icsd-155307 icsd-168463 icsd-151703 icsd-155310 icsd-155309 icsd-155306 icsd-155308 icsd-152574,0.939442699,Current Applied Physics,1567-1739,2013
2261,Sr1.8Li0.1MgMo0.1W0.9O6Eu0.1,Sr1.8Li0.1MgMo0.1W0.9O6,Eu,3,0.1,,,,298,,0.647,0.342,,,,464,464,530,,5.484299839,305000,615,https://doi.org/10.1016/j.cap.2013.03.027,ESV,"mp-18848,mp-19420", icsd-152575 icsd-152576 icsd-155307 icsd-168463 icsd-151703 icsd-155310 icsd-155309 icsd-155306 icsd-155308 icsd-152574,1.042486972,Current Applied Physics,1567-1739,2013
2262,Sr1.8Li0.1MgMo0.2W0.8O6Eu0.1,Sr1.8Li0.1MgMo0.2W0.8O6,Eu,3,0.1,,,,298,,0.648,0.342,,,,464,464,530,,5.465382851,292000,615,https://doi.org/10.1016/j.cap.2013.03.027,ESV,"mp-18848,mp-19420", icsd-152575 icsd-152576 icsd-155307 icsd-168463 icsd-151703 icsd-155310 icsd-155309 icsd-155306 icsd-155308 icsd-152574,1.052164488,Current Applied Physics,1567-1739,2013
2263,Sr1.8Li0.1MgMo0.4W0.6O6Eu0.1,Sr1.8Li0.1MgMo0.4W0.6O6,Eu,3,0.1,,,,298,,0.646,0.344,,,,464,464,530,,5.403120521,253000,615,https://doi.org/10.1016/j.cap.2013.03.027,ESV,"mp-18848,mp-19420", icsd-152575 icsd-152576 icsd-155307 icsd-168463 icsd-151703 icsd-155310 icsd-155309 icsd-155306 icsd-155308 icsd-152574,1.071022512,Current Applied Physics,1567-1739,2013
2264,Sr1.8Li0.1MgMo0.6W0.4O6Eu0.1,Sr1.8Li0.1MgMo0.6W0.4O6,Eu,3,0.1,,,,298,,0.643,0.346,,,,464,464,530,,5.367355921,233000,615,https://doi.org/10.1016/j.cap.2013.03.027,ESV,"mp-18848,mp-19420", icsd-152575 icsd-152576 icsd-155307 icsd-168463 icsd-151703 icsd-155310 icsd-155309 icsd-155306 icsd-155308 icsd-152574,1.061474528,Current Applied Physics,1567-1739,2013
2265,Sr1.8Li0.1MgMo0.8W0.2O6Eu0.1,Sr1.8Li0.1MgMo0.8W0.2O6,Eu,3,0.1,,,,298,,0.643,0.346,,,,464,464,530,,5.344392274,221000,615,https://doi.org/10.1016/j.cap.2013.03.027,ESV,"mp-18848,mp-19420", icsd-152575 icsd-152576 icsd-155307 icsd-168463 icsd-151703 icsd-155310 icsd-155309 icsd-155306 icsd-155308 icsd-152574,1.052863462,Current Applied Physics,1567-1739,2013
2266,Sr1.8Li0.1MgMoO6Eu0.1,Sr1.8Li0.1MgMoO6,Eu,3,0.1,,,,298,,0.643,0.345,,,,464,464,530,,5.31386722,206000,615,https://doi.org/10.1016/j.cap.2013.03.027,ESV,"mp-1078539,mp-1206730", icsd-187662,1.058689513,Current Applied Physics,1567-1739,2013
2267,Sr0.99MoO4Eu0.01,Sr0.99MoO4,Eu,3,0.01,,,,298,615,,,,,,290,393,,,5.704150517,506000,615,https://doi.org/10.1039/C5RA06053B,RSC,mp-18834, icsd-193794 icsd-250491 icsd-23700 icsd-28025 icsd-194080 icsd-173125 icsd-173120 icsd-245803 icsd-245802 icsd-173122 icsd-239418 icsd-248458 icsd-99089 icsd-194081,1.005646569,RSC Advances,2046-2069,2015
2268,Sr0.93MoO4Eu0.07,Sr0.93MoO4,Eu,3,0.07,,,,298,615,0.623,0.335,,,,290,393,,,5.688419822,488000,615,https://doi.org/10.1039/C5RA06053B,RSC,mp-18834, icsd-193794 icsd-250491 icsd-23700 icsd-28025 icsd-194080 icsd-173125 icsd-173120 icsd-245803 icsd-245802 icsd-173122 icsd-239418 icsd-248458 icsd-99089 icsd-194081,1.024907416,RSC Advances,2046-2069,2015
2269,Sr0.86MoO4Na0.07Eu0.07,Sr0.86MoO4Na0.07,Eu,3,0.07,,,,298,615,0.644,0.355,,,,290,393,360,,5.749736316,562000,615,https://doi.org/10.1039/C5RA06053B,RSC,mp-18834, icsd-193794 icsd-250491 icsd-23700 icsd-28025 icsd-194080 icsd-173125 icsd-173120 icsd-245803 icsd-245802 icsd-173122 icsd-239418 icsd-248458 icsd-99089 icsd-194081,1.040537108,RSC Advances,2046-2069,2015
2270,Sr0.84MoO4Na0.09Eu0.07,Sr0.84MoO4Na0.09,Eu,3,0.07,,,,298,615,,,,,,290,393,,,5.698970004,500000,615,https://doi.org/10.1039/C5RA06053B,RSC,mp-18834, icsd-193794 icsd-250491 icsd-23700 icsd-28025 icsd-194080 icsd-173125 icsd-173120 icsd-245803 icsd-245802 icsd-173122 icsd-239418 icsd-248458 icsd-99089 icsd-194081,0.985826562,RSC Advances,2046-2069,2015
2271,Sr4.995P3O12ClEu0.005,Sr4.995P3O12Cl,Eu,2,0.005,,,,298,444,,,,,,277,277,,,2.692732384,492.87,444,https://doi.org/10.1039/C5TC02482J,RSC,mp-23121, icsd-80085 icsd-2089 icsd-80084,1.096166947,Journal of Materials Chemistry C,2050-7526,2015
2272,Sr4.99P3O12ClEu0.01,Sr4.99P3O12Cl,Eu,2,0.01,,,,298,444,0.154,0.023,,,,277,277,,,2.722576342,527.93,444,https://doi.org/10.1039/C5TC02482J,RSC,mp-23121, icsd-80085 icsd-2089 icsd-80084,1.107251846,Journal of Materials Chemistry C,2050-7526,2015
2273,Sr4.99P3O12ClEu0.01,Sr4.99P3O12Cl,Eu,2,0.01,,,,298,444,,,80.53,,,395,,,,,,444,https://doi.org/10.1039/C5TC02482J,RSC,mp-23121, icsd-80085 icsd-2089 icsd-80084,1.295356935,Journal of Materials Chemistry C,2050-7526,2015
2274,Sr4.98P3O12ClEu0.02,Sr4.98P3O12Cl,Eu,2,0.02,,,,298,444,,,,,,277,277,,,2.716320597,520.38,444,https://doi.org/10.1039/C5TC02482J,RSC,mp-23121, icsd-80085 icsd-2089 icsd-80084,1.105583424,Journal of Materials Chemistry C,2050-7526,2015
2275,Sr4.97P3O12ClEu0.03,Sr4.97P3O12Cl,Eu,2,0.03,,,,298,444,,,,,,277,277,,,2.699933069,501.11,444,https://doi.org/10.1039/C5TC02482J,RSC,mp-23121, icsd-80085 icsd-2089 icsd-80084,1.120508404,Journal of Materials Chemistry C,2050-7526,2015
2276,Sr4.95P3O12ClEu0.05,Sr4.95P3O12Cl,Eu,2,0.05,,,,298,444,,,,,,277,277,,,2.67171884,469.59,444,https://doi.org/10.1039/C5TC02482J,RSC,mp-23121, icsd-80085 icsd-2089 icsd-80084,1.187906419,Journal of Materials Chemistry C,2050-7526,2015
2277,La0.99BWO6Tb0.01,La0.99BWO6,Tb,3,0.01,,,,298,543,0.3601,0.5145,,,,380,380,,,6.324899497,2113000,543,https://doi.org/10.1016/j.dyepig.2017.11.003,ESV,,,0.987188244,Dyes and Pigments,0143-7208,2018
2278,La0.985BWO6Tb0.01Eu0.005,La0.985BWO6,Tb,3,0.01,Eu,3,0.005,298,543,0.4157,0.4817,,,,380,380,,,6.31196566,2051000,543,https://doi.org/10.1016/j.dyepig.2017.11.003,ESV,,,0.989401441,Dyes and Pigments,0143-7208,2018
2279,La0.98BWO6Tb0.01Eu0.01,La0.98BWO6,Tb,3,0.01,Eu,3,0.01,298,695,0.4514,0.4549,,,,380,380,,,6.281941933,1914000,543,https://doi.org/10.1016/j.dyepig.2017.11.003,ESV,,,1.043611579,Dyes and Pigments,0143-7208,2018
2280,La0.97BWO6Tb0.01Eu0.02,La0.97BWO6,Tb,3,0.01,Eu,3,0.02,298,695,0.4958,0.4345,,,,380,380,,,6.260786669,1823000,543,https://doi.org/10.1016/j.dyepig.2017.11.003,ESV,,,1.025506287,Dyes and Pigments,0143-7208,2018
2281,La0.94BWO6Tb0.01Eu0.05,La0.94BWO6,Tb,3,0.01,Eu,3,0.05,298,695,0.549,0.4063,,,,380,380,,,6.198106999,1578000,543,https://doi.org/10.1016/j.dyepig.2017.11.003,ESV,,,1.032760343,Dyes and Pigments,0143-7208,2018
2282,La0.89BWO6Tb0.01Eu0.1,La0.89BWO6,Tb,3,0.01,Eu,3,0.1,298,695,0.5902,0.3829,,,,380,380,,,6.089551883,1229000,543,https://doi.org/10.1016/j.dyepig.2017.11.003,ESV,,,0.971329276,Dyes and Pigments,0143-7208,2018
2283,La0.79BWO6Tb0.01Eu0.2,La0.79BWO6,Tb,3,0.01,Eu,3,0.2,298,695,0.616,0.3687,,,425,380,380,,,5.80140371,633000,543,https://doi.org/10.1016/j.dyepig.2017.11.003,ESV,,,0.979541851,Dyes and Pigments,0143-7208,2018
2284,CaWO4Tm0.005Dy0.01,CaWO4,Tm,3,0.005,Dy,3,0.01,298,575,0.276,0.273,,,,355,,,,,,,https://doi.org/10.1039/C6RA02594C,RSC,"mp-19426,mp-1190383", icsd-60550 icsd-193491 icsd-60548 icsd-60551 icsd-15869 icsd-155423 icsd-193047 icsd-15586 icsd-60549 icsd-18135 icsd-77335 icsd-157428 icsd-291535 icsd-60547 icsd-155791 icsd-238259 icsd-238258,1.107822858,RSC Advances,2046-2069,2016
2293,CaWO4Tm0.005Dy0.01,CaWO4,Tm,3,0.005,Dy,3,0.01,298,454,0.244,0.218,,,,365,,,,,,,https://doi.org/10.1039/C6RA02594C,RSC,"mp-19426,mp-1190383", icsd-60550 icsd-193491 icsd-60548 icsd-60551 icsd-15869 icsd-155423 icsd-193047 icsd-15586 icsd-60549 icsd-18135 icsd-77335 icsd-157428 icsd-291535 icsd-60547 icsd-155791 icsd-238259 icsd-238258,1.130261335,RSC Advances,2046-2069,2016
2302,CaWO4Tm0.02,CaWO4,Tm,3,0.02,,,,298,454,,,,,,359,359,,,6.213451346,1634750,454,https://doi.org/10.1039/C6RA02594C,RSC,"mp-19426,mp-1190383", icsd-60550 icsd-193491 icsd-60548 icsd-60551 icsd-15869 icsd-155423 icsd-193047 icsd-15586 icsd-60549 icsd-18135 icsd-77335 icsd-157428 icsd-291535 icsd-60547 icsd-155791 icsd-238259 icsd-238258,1.069126961,RSC Advances,2046-2069,2016
2303,CaWO4Tm0.02Dy0.005,CaWO4,Tm,3,0.02,Dy,3,0.005,298,454,,,,,,359,359,,,5.966953222,926730,454,https://doi.org/10.1039/C6RA02594C,RSC,"mp-19426,mp-1190383", icsd-60550 icsd-193491 icsd-60548 icsd-60551 icsd-15869 icsd-155423 icsd-193047 icsd-15586 icsd-60549 icsd-18135 icsd-77335 icsd-157428 icsd-291535 icsd-60547 icsd-155791 icsd-238259 icsd-238258,1.234273424,RSC Advances,2046-2069,2016
2304,CaWO4Tm0.02Dy0.01,CaWO4,Tm,3,0.02,Dy,3,0.01,298,454,,,,,,359,359,,,5.914337867,820990,454,https://doi.org/10.1039/C6RA02594C,RSC,"mp-19426,mp-1190383", icsd-60550 icsd-193491 icsd-60548 icsd-60551 icsd-15869 icsd-155423 icsd-193047 icsd-15586 icsd-60549 icsd-18135 icsd-77335 icsd-157428 icsd-291535 icsd-60547 icsd-155791 icsd-238259 icsd-238258,1.167360778,RSC Advances,2046-2069,2016
2305,CaWO4Tm0.02Dy0.015,CaWO4,Tm,3,0.02,Dy,3,0.015,298,454,,,,,,359,359,,,5.888987776,774440,454,https://doi.org/10.1039/C6RA02594C,RSC,"mp-19426,mp-1190383", icsd-60550 icsd-193491 icsd-60548 icsd-60551 icsd-15869 icsd-155423 icsd-193047 icsd-15586 icsd-60549 icsd-18135 icsd-77335 icsd-157428 icsd-291535 icsd-60547 icsd-155791 icsd-238259 icsd-238258,0.946719581,RSC Advances,2046-2069,2016
2306,CaWO4Tm0.02Dy0.02,CaWO4,Tm,3,0.02,Dy,3,0.02,298,454,,,,,,359,359,,,5.780857144,603750,454,https://doi.org/10.1039/C6RA02594C,RSC,"mp-19426,mp-1190383", icsd-60550 icsd-193491 icsd-60548 icsd-60551 icsd-15869 icsd-155423 icsd-193047 icsd-15586 icsd-60549 icsd-18135 icsd-77335 icsd-157428 icsd-291535 icsd-60547 icsd-155791 icsd-238259 icsd-238258,0.994590568,RSC Advances,2046-2069,2016
2307,Ca0.5LaMo2O8Eu0.6,Ca0.5LaMo2O8,Eu,3,0.6,,,,298,615,0.667,0.33,,,,395,395,,,5.5774918,378000,615,https://doi.org/10.1039/C5RA21208A,RSC,,,1.002062857,RSC Advances,2046-2069,2015
2308,Ca0.5LaMo2O8Eu0.6Bi0.03,Ca0.5LaMo2O8,Eu,3,0.6,Bi,1,0.03,298,615,,,,,,395,395,,,5.606381365,404000,615,https://doi.org/10.1039/C5RA21208A,RSC,,,0.980539225,RSC Advances,2046-2069,2015
2309,CaMoO4Eu0.24,CaMoO4,Eu,3,0.24,,,,298,615,,,,,,395,395,,,5.651278014,448000,615,https://doi.org/10.1039/C5RA21208A,RSC,mp-19330, icsd-23699 icsd-60558 icsd-193793 icsd-183446 icsd-60557 icsd-194078 icsd-60554 icsd-60553 icsd-417513 icsd-183447 icsd-62219 icsd-60552 icsd-22351 icsd-194079 icsd-60556 icsd-60555 icsd-77334,1.006720191,RSC Advances,2046-2069,2015
2310,Bi3.64Ge3O12Eu0.09,Bi3.64Ge3O12,Eu,3,0.09,,,,298,612,0.6301,0.3694,,,498,394,394,,,,,612,https://doi.org/10.1016/j.jallcom.2016.09.115,ESV,mp-23560, icsd-156438 icsd-86276 icsd-201356 icsd-260560 icsd-108872 icsd-39231 icsd-156439 icsd-39227,1.313226244,Journal of Alloys and Compounds,0925-8388,2017
2311,CsGd0.99Mo2O8Dy0.01,CsGd0.99Mo2O8,Dy,3,0.01,,,,298,575,0.365,0.42,,,,354,,,,,,,https://doi.org/10.1016/j.dyepig.2016.10.016,ESV,"mp-1213392,mp-1213304",,1.013620655,Dyes and Pigments,0143-7208,2017
2312,CsGd0.97Mo2O8Dy0.03,CsGd0.97Mo2O8,Dy,3,0.03,,,,298,575,0.363,0.415,,,,354,,,,,,,https://doi.org/10.1016/j.dyepig.2016.10.016,ESV,"mp-1213392,mp-1213304",,1.01275805,Dyes and Pigments,0143-7208,2017
2313,CsGd0.95Mo2O8Dy0.05,CsGd0.95Mo2O8,Dy,3,0.05,,,,298,575,0.377,0.422,,,,354,,,,,,,https://doi.org/10.1016/j.dyepig.2016.10.016,ESV,"mp-1213392,mp-1213304",,1.012097969,Dyes and Pigments,0143-7208,2017
2314,CsGd0.93Mo2O8Dy0.07,CsGd0.93Mo2O8,Dy,3,0.07,,,,298,575,0.373,0.42,,,,354,,,,,,,https://doi.org/10.1016/j.dyepig.2016.10.016,ESV,"mp-1213392,mp-1213304",,1.011819833,Dyes and Pigments,0143-7208,2017
2315,CsGd0.9Mo2O8Dy0.1,CsGd0.9Mo2O8,Dy,3,0.1,,,,298,575,0.38,0.426,,,,354,,,,,,,https://doi.org/10.1016/j.dyepig.2016.10.016,ESV,"mp-1213392,mp-1213304",,1.011312563,Dyes and Pigments,0143-7208,2017
2316,CsGd0.88Mo2O8Dy0.12,CsGd0.88Mo2O8,Dy,3,0.12,,,,298,575,0.381,0.423,,,,354,,,,,,,https://doi.org/10.1016/j.dyepig.2016.10.016,ESV,"mp-1213392,mp-1213304",,1.010915693,Dyes and Pigments,0143-7208,2017
2317,CsGd0.85Mo2O8Dy0.15,CsGd0.85Mo2O8,Dy,3,0.15,,,,298,575,0.376,0.423,,,,354,,,,,,,https://doi.org/10.1016/j.dyepig.2016.10.016,ESV,"mp-1213392,mp-1213304",,1.010943489,Dyes and Pigments,0143-7208,2017
2318,CsGd0.95Mo2O8Dy0.05,CsGd0.95Mo2O8,Dy,3,0.05,,,,298,575,0.377,0.43,,,,395,,,,,,,https://doi.org/10.1016/j.dyepig.2016.10.016,ESV,"mp-1213392,mp-1213304",,1.012865205,Dyes and Pigments,0143-7208,2017
2319,CsGd0.95Mo2O8Dy0.05,CsGd0.95Mo2O8,Dy,3,0.05,,,,298,575,,,,,,295,,,,0.84509804,7,575,https://doi.org/10.1016/j.dyepig.2016.10.016,ESV,"mp-1213392,mp-1213304",,1.063503187,Dyes and Pigments,0143-7208,2017
2320,CsGd0.94Mo2O8Dy0.05Eu0.01,CsGd0.94Mo2O8,Dy,3,0.05,Eu,3,0.01,298,575,0.411,0.404,,,,395,,,,,,,https://doi.org/10.1016/j.dyepig.2016.10.016,ESV,"mp-1213392,mp-1213304",,0.988621077,Dyes and Pigments,0143-7208,2017
2321,CsGd0.94Mo2O8Dy0.05Eu0.01,CsGd0.94Mo2O8,Dy,3,0.05,Eu,3,0.01,298,575,,,,,,295,,,,0.809559715,6.45,575,https://doi.org/10.1016/j.dyepig.2016.10.016,ESV,"mp-1213392,mp-1213304",,1.024443492,Dyes and Pigments,0143-7208,2017
2322,CsGd0.93Mo2O8Dy0.05Eu0.02,CsGd0.93Mo2O8,Dy,3,0.05,Eu,3,0.02,298,575,0.437,0.405,,,,395,,,,,,,https://doi.org/10.1016/j.dyepig.2016.10.016,ESV,"mp-1213392,mp-1213304",,0.988574301,Dyes and Pigments,0143-7208,2017
2323,CsGd0.93Mo2O8Dy0.05Eu0.02,CsGd0.93Mo2O8,Dy,3,0.05,Eu,3,0.02,298,575,,,,,,295,,,,0.795880017,6.25,575,https://doi.org/10.1016/j.dyepig.2016.10.016,ESV,"mp-1213392,mp-1213304",,1.024480138,Dyes and Pigments,0143-7208,2017
2324,CsGd0.92Mo2O8Dy0.05Eu0.03,CsGd0.92Mo2O8,Dy,3,0.05,Eu,3,0.03,298,614,0.455,0.391,,,,395,,,,,,,https://doi.org/10.1016/j.dyepig.2016.10.016,ESV,"mp-1213392,mp-1213304",,0.989194404,Dyes and Pigments,0143-7208,2017
2325,CsGd0.92Mo2O8Dy0.05Eu0.03,CsGd0.92Mo2O8,Dy,3,0.05,Eu,3,0.03,298,614,,,,,,295,,,,0.768638101,5.87,575,https://doi.org/10.1016/j.dyepig.2016.10.016,ESV,"mp-1213392,mp-1213304",,1.03331603,Dyes and Pigments,0143-7208,2017
2326,CsGd0.91Mo2O8Dy0.05Eu0.04,CsGd0.91Mo2O8,Dy,3,0.05,Eu,3,0.04,298,614,0.479,0.395,,,,395,,,,,,,https://doi.org/10.1016/j.dyepig.2016.10.016,ESV,"mp-1213392,mp-1213304",,0.989122563,Dyes and Pigments,0143-7208,2017
2327,CsGd0.91Mo2O8Dy0.05Eu0.04,CsGd0.91Mo2O8,Dy,3,0.05,Eu,3,0.04,298,614,,,,,,295,,,,0.760422483,5.76,575,https://doi.org/10.1016/j.dyepig.2016.10.016,ESV,"mp-1213392,mp-1213304",,1.033368556,Dyes and Pigments,0143-7208,2017
2328,CsGd0.9Mo2O8Dy0.05Eu0.05,CsGd0.9Mo2O8,Dy,3,0.05,Eu,3,0.05,298,614,0.497,0.39,,,,395,,,,,,,https://doi.org/10.1016/j.dyepig.2016.10.016,ESV,"mp-1213392,mp-1213304",,0.989021005,Dyes and Pigments,0143-7208,2017
2329,CsGd0.9Mo2O8Dy0.05Eu0.05,CsGd0.9Mo2O8,Dy,3,0.05,Eu,3,0.05,298,614,,,,,,295,,,,0.750508395,5.63,575,https://doi.org/10.1016/j.dyepig.2016.10.016,ESV,"mp-1213392,mp-1213304",,1.033506469,Dyes and Pigments,0143-7208,2017
2330,CsGd0.95Mo2O8Eu0.05,CsGd0.95Mo2O8,Eu,3,0.05,,,,298,614,0.596,0.382,,,,395,,,,,,,https://doi.org/10.1016/j.dyepig.2016.10.016,ESV,"mp-1213392,mp-1213304",,1.013272651,Dyes and Pigments,0143-7208,2017
2331,CsGd0.95Mo2O8Eu0.05,CsGd0.95Mo2O8,Eu,3,0.05,,,,298,614,,,,,,295,,,,0.8162413,6.55,615,https://doi.org/10.1016/j.dyepig.2016.10.016,ESV,"mp-1213392,mp-1213304",,1.104533035,Dyes and Pigments,0143-7208,2017
2332,CsGd0.94Mo2O8Eu0.05Dy0.01,CsGd0.94Mo2O8,Eu,3,0.05,Dy,3,0.01,298,614,0.422,0.386,,,,395,,,,,,,https://doi.org/10.1016/j.dyepig.2016.10.016,ESV,"mp-1213392,mp-1213304",,0.989343514,Dyes and Pigments,0143-7208,2017
2333,CsGd0.94Mo2O8Eu0.05Dy0.01,CsGd0.94Mo2O8,Eu,3,0.05,Dy,3,0.01,298,614,,,,,,295,,,,0.757396029,5.72,615,https://doi.org/10.1016/j.dyepig.2016.10.016,ESV,"mp-1213392,mp-1213304",,1.044096121,Dyes and Pigments,0143-7208,2017
2334,CsGd0.93Mo2O8Eu0.05Dy0.02,CsGd0.93Mo2O8,Eu,3,0.05,Dy,3,0.02,298,614,0.4,0.395,,,,395,,,,,,,https://doi.org/10.1016/j.dyepig.2016.10.016,ESV,"mp-1213392,mp-1213304",,0.989267592,Dyes and Pigments,0143-7208,2017
2335,CsGd0.93Mo2O8Eu0.05Dy0.02,CsGd0.93Mo2O8,Eu,3,0.05,Dy,3,0.02,298,614,,,,,,295,,,,0.740362689,5.5,615,https://doi.org/10.1016/j.dyepig.2016.10.016,ESV,"mp-1213392,mp-1213304",,1.043856491,Dyes and Pigments,0143-7208,2017
2336,CsGd0.92Mo2O8Eu0.05Dy0.03,CsGd0.92Mo2O8,Eu,3,0.05,Dy,3,0.03,298,614,0.393,0.401,,,,395,,,,,,,https://doi.org/10.1016/j.dyepig.2016.10.016,ESV,"mp-1213392,mp-1213304",,0.989179474,Dyes and Pigments,0143-7208,2017
2337,CsGd0.92Mo2O8Eu0.05Dy0.03,CsGd0.92Mo2O8,Eu,3,0.05,Dy,3,0.03,298,614,,,,,,295,,,,0.725911632,5.32,615,https://doi.org/10.1016/j.dyepig.2016.10.016,ESV,"mp-1213392,mp-1213304",,1.042407119,Dyes and Pigments,0143-7208,2017
2338,CsGd0.91Mo2O8Eu0.05Dy0.04,CsGd0.91Mo2O8,Eu,3,0.05,Dy,3,0.04,298,575,0.39,0.406,,,,395,,,,,,,https://doi.org/10.1016/j.dyepig.2016.10.016,ESV,"mp-1213392,mp-1213304",,0.988720778,Dyes and Pigments,0143-7208,2017
2339,CsGd0.91Mo2O8Eu0.05Dy0.04,CsGd0.91Mo2O8,Eu,3,0.05,Dy,3,0.04,298,575,,,,,,295,,,,0.712649702,5.16,615,https://doi.org/10.1016/j.dyepig.2016.10.016,ESV,"mp-1213392,mp-1213304",,1.041068985,Dyes and Pigments,0143-7208,2017
2340,CsGd0.9Mo2O8Eu0.05Dy0.05,CsGd0.9Mo2O8,Eu,3,0.05,Dy,3,0.05,298,575,0.384,0.404,,,,395,,,,,,,https://doi.org/10.1016/j.dyepig.2016.10.016,ESV,"mp-1213392,mp-1213304",,0.988874845,Dyes and Pigments,0143-7208,2017
2341,CsGd0.9Mo2O8Eu0.05Dy0.05,CsGd0.9Mo2O8,Eu,3,0.05,Dy,3,0.05,298,575,,,,,,295,,,,0.689308859,4.89,615,https://doi.org/10.1016/j.dyepig.2016.10.016,ESV,"mp-1213392,mp-1213304",,1.039537149,Dyes and Pigments,0143-7208,2017
2342,CaSb2O6Eu0.05,CaSb2O6,Eu,3,0.05,,,,298,612,0.5935,0.4059,,,,394,394,,,,,612,https://doi.org/10.1007/s10854-015-4186-6,SN,"mp-9125,mvc-1657", icsd-74539,0.996608792,Journal of Materials Science: Materials in Electronics,0957-4522,2015
2343,CaSb2O6Bi0.02,CaSb2O6,Bi,3,0.02,,,,298,450,0.1995,0.2205,,,,298,298,,,,,450,https://doi.org/10.1007/s10854-015-4186-6,SN,"mp-9125,mvc-1657", icsd-74539,1.161704622,Journal of Materials Science: Materials in Electronics,0957-4522,2015
2344,CaSb2O6Bi0.02,CaSb2O6,Bi,3,0.02,,,,298,450,0.1995,0.2205,,,,394,298,,,,,450,https://doi.org/10.1007/s10854-015-4186-6,SN,"mp-9125,mvc-1657", icsd-74539,1.170301707,Journal of Materials Science: Materials in Electronics,0957-4522,2015
2345,CaSb2O6Eu0.05Bi0.04,CaSb2O6,Eu,3,0.05,Bi,3,0.04,298,612,0.3339,0.2882,,,,298,298,,,,,612,https://doi.org/10.1007/s10854-015-4186-6,SN,"mp-9125,mvc-1657", icsd-74539,1.015274092,Journal of Materials Science: Materials in Electronics,0957-4522,2015
2346,CaSb2O6Eu0.05Bi0.04,CaSb2O6,Eu,3,0.05,Bi,3,0.04,298,612,0.6498,0.3499,,,,394,394,,,,,612,https://doi.org/10.1007/s10854-015-4186-6,SN,"mp-9125,mvc-1657", icsd-74539,1.02698389,Journal of Materials Science: Materials in Electronics,0957-4522,2015
2347,CaSb2O6Eu0.05Bi0.005,CaSb2O6,Eu,3,0.05,Bi,3,0.005,298,590,0.4853,0.3651,,,,298,,,,,,,https://doi.org/10.1007/s10854-015-4186-6,SN,"mp-9125,mvc-1657", icsd-74539,1.019876838,Journal of Materials Science: Materials in Electronics,0957-4522,2015
2348,CaSb2O6Eu0.05Bi0.01,CaSb2O6,Eu,3,0.05,Bi,3,0.01,298,590,0.375,0.3155,,,,298,,,,,,,https://doi.org/10.1007/s10854-015-4186-6,SN,"mp-9125,mvc-1657", icsd-74539,1.019303667,Journal of Materials Science: Materials in Electronics,0957-4522,2015
2349,CaSb2O6Eu0.05Bi0.02,CaSb2O6,Eu,3,0.05,Bi,3,0.02,298,590,0.3549,0.3032,,,,298,,,,,,,https://doi.org/10.1007/s10854-015-4186-6,SN,"mp-9125,mvc-1657", icsd-74539,1.018197559,Journal of Materials Science: Materials in Electronics,0957-4522,2015
2350,CaSb2O6Eu0.05Bi0.03,CaSb2O6,Eu,3,0.05,Bi,3,0.03,298,590,0.3394,0.2948,,,,298,,,,,,,https://doi.org/10.1007/s10854-015-4186-6,SN,"mp-9125,mvc-1657", icsd-74539,1.017145916,Journal of Materials Science: Materials in Electronics,0957-4522,2015
2351,CaSb2O6Eu0.05Bi0.04,CaSb2O6,Eu,3,0.05,Bi,3,0.04,298,590,0.3135,0.2859,,,,298,,,,,,,https://doi.org/10.1007/s10854-015-4186-6,SN,"mp-9125,mvc-1657", icsd-74539,1.016298203,Journal of Materials Science: Materials in Electronics,0957-4522,2015
2352,CaSb2O6Eu0.05Bi0.05,CaSb2O6,Eu,3,0.05,Bi,3,0.05,298,590,0.3074,0.2825,,,,298,,,,,,,https://doi.org/10.1007/s10854-015-4186-6,SN,"mp-9125,mvc-1657", icsd-74539,1.015779063,Journal of Materials Science: Materials in Electronics,0957-4522,2015
2353,CaSb2O6Eu0.05Bi0.04,CaSb2O6,Eu,3,0.05,Bi,3,0.04,298,612,0.6498,0.3499,,,,394,394,,,,,612,https://doi.org/10.1007/s10854-015-4186-6,SN,"mp-9125,mvc-1657", icsd-74539,1.02698389,Journal of Materials Science: Materials in Electronics,0957-4522,2015
2354,Sr2.985ScP3O12Eu0.005,Sr2.985ScP3O12,Eu,2,0.005,,,,298,500,0.277,0.428,11,,,350,350,,,2.778874472,601,500,https://doi.org/10.1039/C3DT32946A,RSC,,,1.036867541,Dalton Transactions,1477-9226,2013
2355,Sr2.97ScP3O12Eu0.005Mn0.005,Sr2.97ScP3O12,Eu,2,0.005,Mn,2,0.005,298,500,0.306,0.415,11.6,,,350,,,,2.759667845,575,500,https://doi.org/10.1039/C3DT32946A,RSC,,,1.000239765,Dalton Transactions,1477-9226,2013
2356,Sr2.955ScP3O12Eu0.005Mn0.01,Sr2.955ScP3O12,Eu,2,0.005,Mn,2,0.01,298,500,0.329,0.413,12.3,,,350,,,,2.748188027,560,500,https://doi.org/10.1039/C3DT32946A,RSC,,,0.999560513,Dalton Transactions,1477-9226,2013
2357,Sr2.925ScP3O12Eu0.005Mn0.02,Sr2.925ScP3O12,Eu,2,0.005,Mn,2,0.02,298,500,0.368,0.411,13.7,,,350,,,,2.740362689,550,500,https://doi.org/10.1039/C3DT32946A,RSC,,,0.999563713,Dalton Transactions,1477-9226,2013
2358,Sr2.895ScP3O12Eu0.005Mn0.03,Sr2.895ScP3O12,Eu,2,0.005,Mn,2,0.03,298,620,0.394,0.402,14,,,350,,,,2.707570176,510,500,https://doi.org/10.1039/C3DT32946A,RSC,,,1.015575778,Dalton Transactions,1477-9226,2013
2359,Sr2.865ScP3O12Eu0.005Mn0.04,Sr2.865ScP3O12,Eu,2,0.005,Mn,2,0.04,298,620,0.414,0.395,14.8,,,350,,,,2.698970004,500,500,https://doi.org/10.1039/C3DT32946A,RSC,,,1.014301143,Dalton Transactions,1477-9226,2013
2360,Sr2.805ScP3O12Eu0.005Mn0.06,Sr2.805ScP3O12,Eu,2,0.005,Mn,2,0.06,298,620,0.44,0.393,14.3,,,350,,,,2.681241237,480,500,https://doi.org/10.1039/C3DT32946A,RSC,,,1.008067323,Dalton Transactions,1477-9226,2013
2361,Sr2.745ScP3O12Eu0.005Mn0.08,Sr2.745ScP3O12,Eu,2,0.005,Mn,2,0.08,298,620,0.461,0.379,12,,,350,,,,2.574031268,375,500,https://doi.org/10.1039/C3DT32946A,RSC,,,0.994198428,Dalton Transactions,1477-9226,2013
2362,Sr2.685ScP3O12Eu0.005Mn0.1,Sr2.685ScP3O12,Eu,2,0.005,Mn,2,0.1,298,620,0.472,0.366,9.4,,,350,,,,2.472756449,297,500,https://doi.org/10.1039/C3DT32946A,RSC,,,1.068641931,Dalton Transactions,1477-9226,2013
2363,NaSrBO3Ce0.01Sm0.06,NaSrBO3,Ce,3,0.01,Sm,3,0.06,298,424,0.248,0.13,,,,360,360,,,1.439332694,27.5,424,https://doi.org/10.1039/C5TC00832H,RSC,mp-556695, icsd-172420 icsd-239003,0.927473616,Journal of Materials Chemistry C,2050-7526,2015
2368,NaCaBO3Ce0.01,NaCaBO3,Ce,3,0.01,,,,298,425,0.161,0.107,75,,,347,,,,1.569650085,37.1236,425,https://doi.org/10.1039/C3DT52328D,RSC,,,0.990103893,Dalton Transactions,1477-9226,2014
2369,NaCaBO3Ce0.01Tb0.03,NaCaBO3,Ce,3,0.01,Tb,3,0.03,298,543,0.197,0.226,,,,347,,,,,,,https://doi.org/10.1039/C3DT52328D,RSC,,,1.016865466,Dalton Transactions,1477-9226,2014
2370,NaCaBO3Ce0.01Tb0.09,NaCaBO3,Ce,3,0.01,Tb,3,0.09,298,543,0.233,0.354,,,,347,,,,,,,https://doi.org/10.1039/C3DT52328D,RSC,,,1.016865466,Dalton Transactions,1477-9226,2014
2371,NaCaBO3Ce0.01Tb0.15,NaCaBO3,Ce,3,0.01,Tb,3,0.15,298,543,0.254,0.426,,,,347,,,,,,,https://doi.org/10.1039/C3DT52328D,RSC,,,1.016865466,Dalton Transactions,1477-9226,2014
2372,NaCaBO3Tb0.15,NaCaBO3,Tb,3,0.15,,,,298,543,0.31,0.58,,,,347,,,,,,,https://doi.org/10.1039/C3DT52328D,RSC,,,1.017344096,Dalton Transactions,1477-9226,2014
2373,NaCaBO3Ce0.01Mn0.01,NaCaBO3,Ce,3,0.01,Mn,2,0.01,298,425,0.274,0.177,,,,347,,,,1.542268825,34.8553,425,https://doi.org/10.1039/C3DT52328D,RSC,,,1.009941545,Dalton Transactions,1477-9226,2014
2374,NaCaBO3Ce0.01Mn0.03,NaCaBO3,Ce,3,0.01,Mn,2,0.03,298,425,0.358,0.247,,,,347,,,,1.474707118,29.8337,425,https://doi.org/10.1039/C3DT52328D,RSC,,,1.010080431,Dalton Transactions,1477-9226,2014
2375,NaCaBO3Ce0.01Mn0.05,NaCaBO3,Ce,3,0.01,Mn,2,0.05,298,610,0.397,0.259,,,,347,,,,,,,https://doi.org/10.1039/C3DT52328D,RSC,,,1.097783993,Dalton Transactions,1477-9226,2014
2376,NaCaBO3Ce0.01Mn0.07,NaCaBO3,Ce,3,0.01,Mn,2,0.07,298,610,0.442,0.285,,,,347,,,,,,,https://doi.org/10.1039/C3DT52328D,RSC,,,1.09721933,Dalton Transactions,1477-9226,2014
2377,NaCaBO3Ce0.01Mn0.09,NaCaBO3,Ce,3,0.01,Mn,2,0.09,298,610,0.501,0.32,,,,347,,,,,,,https://doi.org/10.1039/C3DT52328D,RSC,,,1.094844922,Dalton Transactions,1477-9226,2014
2378,NaCaBO3Ce0.01Mn0.11,NaCaBO3,Ce,3,0.01,Mn,2,0.11,298,610,0.54,0.33,,,,347,,,,,,,https://doi.org/10.1039/C3DT52328D,RSC,,,1.092650902,Dalton Transactions,1477-9226,2014
2379,NaCaBO3Mn0.05,NaCaBO3,Mn,2,0.05,,,,298,610,0.605,0.395,,,,347,,,,,,,https://doi.org/10.1039/C3DT52328D,RSC,,,1.291484383,Dalton Transactions,1477-9226,2014
2383,LiGdW2O8Tm0.05,LiGdW2O8,Tm,3,0.05,,,,298,455,0.16,0.061,,,,360,360,,,,,455,https://doi.org/10.1039/C5RA19345A,RSC,"mp-1210920,mp-1222332",,1.011380195,RSC Advances,2046-2069,2015
2384,LiGdW2O8Tb0.05,LiGdW2O8,Tb,3,0.05,,,,298,547,0.277,0.583,,,,272,390,,,,,547,https://doi.org/10.1039/C5RA19345A,RSC,"mp-1210920,mp-1222332",,1.00492436,RSC Advances,2046-2069,2015
2385,LiGdW2O8Dy0.05,LiGdW2O8,Dy,3,0.05,,,,298,576,0.406,0.431,,,,267,352,366,,,,576,https://doi.org/10.1039/C5RA19345A,RSC,"mp-1210920,mp-1222332",,1.003080776,RSC Advances,2046-2069,2015
2386,LiGdW2O8Eu0.05,LiGdW2O8,Eu,3,0.05,,,,298,617,0.619,0.345,,,,275,395,465,,,,617,https://doi.org/10.1039/C5RA19345A,RSC,"mp-1210920,mp-1222332",,0.99105128,RSC Advances,2046-2069,2015
2387,LiGdW2O8Tm0.02Tb0.04,LiGdW2O8,Tm,3,0.02,Tb,3,0.04,298,547,0.279,0.418,,,,360,,,,,,,https://doi.org/10.1039/C5RA19345A,RSC,"mp-1210920,mp-1222332",,1.018820535,RSC Advances,2046-2069,2015
2388,LiGdW2O8Tm0.02Tb0.04,LiGdW2O8,Tm,3,0.02,Tb,3,0.04,298,547,,,,,,272,,,,6.720985744,5260000,547,https://doi.org/10.1039/C5RA19345A,RSC,"mp-1210920,mp-1222332",,1.023909422,RSC Advances,2046-2069,2015
2397,LiGdW2O8Tm0.02,LiGdW2O8,Tm,3,0.02,,,,298,455,,,,,,360,,,,3.980457892,9560,455,https://doi.org/10.1039/C5RA19345A,RSC,"mp-1210920,mp-1222332",,1.016238665,RSC Advances,2046-2069,2015
2398,LiGdW2O8Tm0.02Dy0.02,LiGdW2O8,Tm,3,0.02,Dy,3,0.02,298,455,0.258,0.207,,,,360,,,,,,455,https://doi.org/10.1039/C5RA19345A,RSC,"mp-1210920,mp-1222332",,1.05469233,RSC Advances,2046-2069,2015
2399,LiGdW2O8Tm0.02Dy0.04,LiGdW2O8,Tm,3,0.02,Dy,3,0.04,298,455,0.294,0.257,,,,360,,,,3.893206753,7820,455,https://doi.org/10.1039/C5RA19345A,RSC,"mp-1210920,mp-1222332",,1.013649942,RSC Advances,2046-2069,2015
2400,LiGdW2O8Tm0.02Dy0.06,LiGdW2O8,Tm,3,0.02,Dy,3,0.06,298,576,0.335,0.321,28,,,360,,,,3.821513528,6630,455,https://doi.org/10.1039/C5RA19345A,RSC,"mp-1210920,mp-1222332",,0.983674825,RSC Advances,2046-2069,2015
2401,LiGdW2O8Tm0.02Dy0.08,LiGdW2O8,Tm,3,0.02,Dy,3,0.08,298,576,0.349,0.348,,,,360,,,,3.725094521,5310,455,https://doi.org/10.1039/C5RA19345A,RSC,"mp-1210920,mp-1222332",,0.997692348,RSC Advances,2046-2069,2015
2402,LiGdW2O8Tm0.02Dy0.1,LiGdW2O8,Tm,3,0.02,Dy,3,0.1,298,576,0.368,0.368,,,,360,,,,3.657055853,4540,455,https://doi.org/10.1039/C5RA19345A,RSC,"mp-1210920,mp-1222332",,1.002953214,RSC Advances,2046-2069,2015
2403,Sr7La2.9P2.5Si3B1.5O26Ce0.01,Sr7La2.9P2.5Si3B1.5O26,Ce,3,0.01,,,,298,415,0.177,0.095,,,623,351,351,,,1.527152817,33.663,415,https://doi.org/10.1039/C4TC00217B,RSC,,,1.100035068,Journal of Materials Chemistry C,2050-7526,2014
2404,Sr6.2La3P2.5Si3B1.5O26Mn0.08,Sr6.2La3P2.5Si3B1.5O26,Mn,2,0.08,,,,298,628,0.55,0.44,,,503,410,410,,,,,628,https://doi.org/10.1039/C4TC00217B,RSC,,,2.916941829,Journal of Materials Chemistry C,2050-7526,2014
2405,Sr6.8La2.9P2.5Si3B1.5O26Ce0.01Mn0.02,Sr6.8La2.9P2.5Si3B1.5O26,Ce,3,0.01,Mn,2,0.02,298,415,0.211,0.158,,,,351,,,,1.493750735,31.171,415,https://doi.org/10.1039/C4TC00217B,RSC,,,1.151433553,Journal of Materials Chemistry C,2050-7526,2014
2406,Sr6.6La2.9P2.5Si3B1.5O26Ce0.01Mn0.04,Sr6.6La2.9P2.5Si3B1.5O26,Ce,3,0.01,Mn,2,0.04,298,415,0.257,0.21,,,,351,,,,6.872738827,7460000,628,https://doi.org/10.1039/C4TC00217B,RSC,,,1.401822079,Journal of Materials Chemistry C,2050-7526,2014
2407,Sr6.4La2.9P2.5Si3B1.5O26Ce0.01Mn0.06,Sr6.4La2.9P2.5Si3B1.5O26,Ce,3,0.01,Mn,2,0.06,298,415,0.349,0.275,,,,351,,,,6.774516966,5950000,628,https://doi.org/10.1039/C4TC00217B,RSC,,,1.045797619,Journal of Materials Chemistry C,2050-7526,2014
2408,Sr6.2La2.9P2.5Si3B1.5O26Ce0.01Mn0.08,Sr6.2La2.9P2.5Si3B1.5O26,Ce,3,0.01,Mn,2,0.08,298,628,0.375,0.289,28.7,,398,351,,,,6.754348336,5680000,628,https://doi.org/10.1039/C4TC00217B,RSC,,,1.030680858,Journal of Materials Chemistry C,2050-7526,2014
2409,Sr6La2.9P2.5Si3B1.5O26Ce0.01Mn0.1,Sr6La2.9P2.5Si3B1.5O26,Ce,3,0.01,Mn,2,0.1,298,628,0.424,0.323,,,,351,,,,6.697229343,4980000,628,https://doi.org/10.1039/C4TC00217B,RSC,,,1.011838441,Journal of Materials Chemistry C,2050-7526,2014
2410,Sr5.8La2.9P2.5Si3B1.5O26Ce0.01Mn0.12,Sr5.8La2.9P2.5Si3B1.5O26,Ce,3,0.01,Mn,2,0.12,298,628,0.406,0.315,,,,351,,,,1.371621927,23.53,415,https://doi.org/10.1039/C4TC00217B,RSC,,,1.098159315,Journal of Materials Chemistry C,2050-7526,2014
2411,Sr5.6La2.9P2.5Si3B1.5O26Ce0.01Mn0.14,Sr5.6La2.9P2.5Si3B1.5O26,Ce,3,0.01,Mn,2,0.14,298,628,0.427,0.323,,,,351,,,,1.358011032,22.804,415,https://doi.org/10.1039/C4TC00217B,RSC,,,1.12661262,Journal of Materials Chemistry C,2050-7526,2014
2412,Sr5.4La2.9P2.5Si3B1.5O26Ce0.01Mn0.16,Sr5.4La2.9P2.5Si3B1.5O26,Ce,3,0.01,Mn,2,0.16,298,628,0.392,0.314,,,,351,,,,1.329682569,21.364,415,https://doi.org/10.1039/C4TC00217B,RSC,,,1.118080702,Journal of Materials Chemistry C,2050-7526,2014
2413,BaY1.95Si3O10Ce0.05,BaY1.95Si3O10,Ce,3,0.05,,,,298,436,0.1501,0.0805,,,,365,365,,,1.516931809,32.88,436,https://doi.org/10.1039/C5TC00962F,RSC,mp-560478, icsd-240470,1.011513956,Journal of Materials Chemistry C,2050-7526,2015
2420,Gd0.99BO3Ce0.01,Gd0.99BO3,Ce,3,0.01,,,,298,412,0.168,0.018,,,,356,356,,,1.396199347,24.9,412,https://doi.org/10.1016/j.optmat.2014.02.009,ESV,"mp-1224628,mp-561949,mp-29762", icsd-87779 icsd-87778,1.353359155,Optical Materials,0925-3467,2014
2421,Gd0.98BO3Ce0.01Tb0.01,Gd0.98BO3,Ce,3,0.01,Tb,3,0.01,298,545,0.212,0.252,,,,356,,,,1.357934847,22.8,412,https://doi.org/10.1016/j.optmat.2014.02.009,ESV,"mp-1224628,mp-561949,mp-29762", icsd-87779 icsd-87778,1.353652607,Optical Materials,0925-3467,2014
2422,Gd0.96BO3Ce0.01Tb0.03,Gd0.96BO3,Ce,3,0.01,Tb,3,0.03,298,545,0.249,0.449,,,,356,,,,1.309630167,20.4,412,https://doi.org/10.1016/j.optmat.2014.02.009,ESV,"mp-1224628,mp-561949,mp-29762", icsd-87779 icsd-87778,1.350319154,Optical Materials,0925-3467,2014
2423,Gd0.9BO3Ce0.01Tb0.09,Gd0.9BO3,Ce,3,0.01,Tb,3,0.09,298,545,0.272,0.562,,,,356,,,,1.222716471,16.7,412,https://doi.org/10.1016/j.optmat.2014.02.009,ESV,"mp-1224628,mp-561949,mp-29762", icsd-87779 icsd-87778,1.34081417,Optical Materials,0925-3467,2014
2424,Gd0.84BO3Ce0.01Tb0.15,Gd0.84BO3,Ce,3,0.01,Tb,3,0.15,298,545,0.291,0.59,,,,356,,,,1.198657087,15.8,412,https://doi.org/10.1016/j.optmat.2014.02.009,ESV,"mp-1224628,mp-561949,mp-29762", icsd-87779 icsd-87778,1.347976044,Optical Materials,0925-3467,2014
2429,Sr1.94P2O7Tb0.06,Sr1.94P2O7,Tb,3,0.06,,,,298,545,0.2473,0.4185,,,,378,378,,,,,545,https://doi.org/10.1111/jace.13497,Wiley,mp-5616, icsd-31004 icsd-59395 icsd-34467,1.029743463,Journal of the American Ceramic Society,0002-7820,2015
2430,Sr1.935P2O7Tb0.06Eu0.005,Sr1.935P2O7,Tb,3,0.06,Eu,3,0.005,298,593,0.2823,0.2562,,,,378,,,,,,,https://doi.org/10.1111/jace.13497,Wiley,mp-5616, icsd-31004 icsd-59395 icsd-34467,0.988595932,Journal of the American Ceramic Society,0002-7820,2015
2431,Sr1.925P2O7Tb0.06Eu0.015,Sr1.925P2O7,Tb,3,0.06,Eu,3,0.015,298,593,0.3502,0.2879,,,,378,,,,,,,https://doi.org/10.1111/jace.13497,Wiley,mp-5616, icsd-31004 icsd-59395 icsd-34467,0.988048627,Journal of the American Ceramic Society,0002-7820,2015
2432,Sr1.92P2O7Tb0.06Eu0.02,Sr1.92P2O7,Tb,3,0.06,Eu,3,0.02,298,593,0.3353,0.2958,,,,378,,,,,,,https://doi.org/10.1111/jace.13497,Wiley,mp-5616, icsd-31004 icsd-59395 icsd-34467,0.987797712,Journal of the American Ceramic Society,0002-7820,2015
2433,Sr1.90P2O7Tb0.06Eu0.04,Sr1.90P2O7,Tb,3,0.06,Eu,3,0.04,298,593,0.34,0.264,,,,378,,,,,,,https://doi.org/10.1111/jace.13497,Wiley,mp-5616, icsd-31004 icsd-59395 icsd-34467,0.989957968,Journal of the American Ceramic Society,0002-7820,2015
2434,Sr1.88P2O7Tb0.06Eu0.06,Sr1.88P2O7,Tb,3,0.06,Eu,3,0.06,298,593,0.2863,0.272,,,,378,,,,,,,https://doi.org/10.1111/jace.13497,Wiley,mp-5616, icsd-31004 icsd-59395 icsd-34467,0.989592675,Journal of the American Ceramic Society,0002-7820,2015
2435,Sr1.98P2O7Eu0.02,Sr1.98P2O7,Eu,3,0.02,,,,298,593,0.5458,0.4409,,,,395,395,,,,,593,https://doi.org/10.1111/jace.13497,Wiley,mp-5616, icsd-31004 icsd-59395 icsd-34467,1.01045951,Journal of the American Ceramic Society,0002-7820,2015
2436,Sr1.92P2O7Tb0.06,Sr1.92P2O7,Tb,3,0.06,,,,298,545,0.5599,0.4298,,,,395,,,,,,,https://doi.org/10.1111/jace.13497,Wiley,mp-5616, icsd-31004 icsd-59395 icsd-34467,1.026112615,Journal of the American Ceramic Society,0002-7820,2015
2437,Sr1.935P2O7Tb0.06Eu0.005,Sr1.935P2O7,Tb,3,0.06,Eu,3,0.005,298,593,0.5029,0.4768,,,,395,,,,,,,https://doi.org/10.1111/jace.13497,Wiley,mp-5616, icsd-31004 icsd-59395 icsd-34467,0.988670344,Journal of the American Ceramic Society,0002-7820,2015
2438,Sr1.925P2O7Tb0.06Eu0.015,Sr1.925P2O7,Tb,3,0.06,Eu,3,0.015,298,593,0.5288,0.4559,,,,395,,,,,,,https://doi.org/10.1111/jace.13497,Wiley,mp-5616, icsd-31004 icsd-59395 icsd-34467,0.988008707,Journal of the American Ceramic Society,0002-7820,2015
2439,Sr1.92P2O7Tb0.06Eu0.02,Sr1.92P2O7,Tb,3,0.06,Eu,3,0.02,298,593,0.5599,0.4298,,,,395,,,,,,,https://doi.org/10.1111/jace.13497,Wiley,mp-5616, icsd-31004 icsd-59395 icsd-34467,0.987700353,Journal of the American Ceramic Society,0002-7820,2015
2440,Sr1.90P2O7Tb0.06Eu0.04,Sr1.90P2O7,Tb,3,0.06,Eu,3,0.04,298,593,0.578,0.4115,,,,395,,,,,,,https://doi.org/10.1111/jace.13497,Wiley,mp-5616, icsd-31004 icsd-59395 icsd-34467,0.989712666,Journal of the American Ceramic Society,0002-7820,2015
2441,Sr1.88P2O7Tb0.06Eu0.06,Sr1.88P2O7,Tb,3,0.06,Eu,3,0.06,298,593,0.584,0.4097,,,,395,,,,,,,https://doi.org/10.1111/jace.13497,Wiley,mp-5616, icsd-31004 icsd-59395 icsd-34467,0.989357293,Journal of the American Ceramic Society,0002-7820,2015
2442,Na2Ca3.96Mg2Si4O15Eu0.01,Na2Ca3.96Mg2Si4O15,Eu,2,0.01,,,,298,480,0.168,0.304,,,,330,330,,,2.764922985,582,480,https://doi.org/10.1039/C3RA46474A,RSC,,,1.235684789,RSC Advances,2046-2069,2014
2443,Na2Ca3.96Mg1.98Si4O15Eu0.01Mn0.01,Na2Ca3.96Mg1.98Si4O15,Eu,2,0.01,Mn,2,0.01,298,480,,,,,,330,330,,,2.584331224,384,480,https://doi.org/10.1039/C3RA46474A,RSC,,,1.138922487,RSC Advances,2046-2069,2014
2444,Na2Ca3.96Mg1.96Si4O15Eu0.01Mn0.02,Na2Ca3.96Mg1.96Si4O15,Eu,2,0.01,Mn,2,0.02,298,480,,,,,,330,330,,,2.579783597,380,480,https://doi.org/10.1039/C3RA46474A,RSC,,,1.135369465,RSC Advances,2046-2069,2014
2445,Na2Ca3.96Mg1.94Si4O15Eu0.01Mn0.03,Na2Ca3.96Mg1.94Si4O15,Eu,2,0.01,Mn,2,0.03,298,480,,,,,,330,330,,,2.559906625,363,480,https://doi.org/10.1039/C3RA46474A,RSC,,,1.123753474,RSC Advances,2046-2069,2014
2446,Na2Ca3.96Mg1.92Si4O15Eu0.01Mn0.04,Na2Ca3.96Mg1.92Si4O15,Eu,2,0.01,Mn,2,0.04,298,480,,,,,,330,330,,,2.534026106,342,480,https://doi.org/10.1039/C3RA46474A,RSC,,,1.111160278,RSC Advances,2046-2069,2014
2447,Na2Ca3.96Mg1.88Si4O15Eu0.01Mn0.06,Na2Ca3.96Mg1.88Si4O15,Eu,2,0.01,Mn,2,0.06,298,654,,,,,,330,330,,,2.44870632,281,480,https://doi.org/10.1039/C3RA46474A,RSC,,,1.12485875,RSC Advances,2046-2069,2014
2448,Na2Ca3.96Mg1.84Si4O15Eu0.01Mn0.08,Na2Ca3.96Mg1.84Si4O15,Eu,2,0.01,Mn,2,0.08,298,654,,,,,,330,330,,,2.506505032,321,480,https://doi.org/10.1039/C3RA46474A,RSC,,,1.142591586,RSC Advances,2046-2069,2014
2449,Na2Ca3.96Mg1.8Si4O15Eu0.01Mn0.1,Na2Ca3.96Mg1.8Si4O15,Eu,2,0.01,Mn,2,0.1,298,654,,,,,,330,330,,,2.432969291,271,480,https://doi.org/10.1039/C3RA46474A,RSC,,,1.115530341,RSC Advances,2046-2069,2014
2450,Na2Ca3.96Mg1.76Si4O15Eu0.01Mn0.12,Na2Ca3.96Mg1.76Si4O15,Eu,2,0.01,Mn,2,0.12,298,654,0.305,0.319,,,,330,330,,,2.309630167,204,480,https://doi.org/10.1039/C3RA46474A,RSC,,,1.095886408,RSC Advances,2046-2069,2014
2451,Ca3Gd7PSi5O26Ce0.05,Ca3Gd7PSi5O26,Ce,3,0.05,,,,298,380,0.166,0.093,,,,286,286,,,,,380,https://doi.org/10.1021/ic3015578,ACS,,,1.90865292,Inorganic Chemistry,0020-1669,2012
2452,Ca3Gd7PSi5O26Ce0.05Tb0.05,Ca3Gd7PSi5O26,Ce,3,0.05,Tb,3,0.05,298,380,0.179,0.144,,,,286,,,,,,,https://doi.org/10.1021/ic3015578,ACS,,,1.087717261,Inorganic Chemistry,0020-1669,2012
2453,Ca3Gd7PSi5O26Ce0.05Tb0.08,Ca3Gd7PSi5O26,Ce,3,0.05,Tb,3,0.08,298,380,0.186,0.172,,,,286,,,,,,,https://doi.org/10.1021/ic3015578,ACS,,,1.087903767,Inorganic Chemistry,0020-1669,2012
2454,Ca3Gd7PSi5O26Ce0.05Tb0.1,Ca3Gd7PSi5O26,Ce,3,0.05,Tb,3,0.1,298,545,0.186,0.2,,,,286,,,,,,,https://doi.org/10.1021/ic3015578,ACS,,,2.405693544,Inorganic Chemistry,0020-1669,2012
2455,Ca3Gd7PSi5O26Ce0.05Tb0.12,Ca3Gd7PSi5O26,Ce,3,0.05,Tb,3,0.12,298,545,0.209,0.318,,,,286,,,,,,,https://doi.org/10.1021/ic3015578,ACS,,,2.406371436,Inorganic Chemistry,0020-1669,2012
2456,Ca3Gd7PSi5O26Ce0.05Tb0.15,Ca3Gd7PSi5O26,Ce,3,0.05,Tb,3,0.15,298,545,0.212,0.329,,,,286,,,,,,,https://doi.org/10.1021/ic3015578,ACS,,,2.408302851,Inorganic Chemistry,0020-1669,2012
2457,Ca3Gd7PSi5O26Ce0.05Tb0.2,Ca3Gd7PSi5O26,Ce,3,0.05,Tb,3,0.2,298,545,0.222,0.382,,,,286,,,,,,,https://doi.org/10.1021/ic3015578,ACS,,,2.412400285,Inorganic Chemistry,0020-1669,2012
2458,Ca3Gd7PSi5O26Ce0.05Tb0.25,Ca3Gd7PSi5O26,Ce,3,0.05,Tb,3,0.25,298,545,0.231,0.431,,,,286,,,,,,,https://doi.org/10.1021/ic3015578,ACS,,,2.417556033,Inorganic Chemistry,0020-1669,2012
2459,Ca3Gd7PSi5O26Mn0.09,Ca3Gd7PSi5O26,Mn,2,0.09,,,,298,575,0.519,0.438,,,,286,276,,,,,575,https://doi.org/10.1021/ic3015578,ACS,,,4.943882622,Inorganic Chemistry,0020-1669,2012
2460,Ca3Gd7PSi5O26Ce0.05Mn0.01,Ca3Gd7PSi5O26,Ce,3,0.05,Mn,2,0.01,298,380,0.312,0.261,,,,286,,,,1.390405156,24.57,340,https://doi.org/10.1021/ic3015578,ACS,,,1.066550412,Inorganic Chemistry,0020-1669,2012
2461,Ca3Gd7PSi5O26Ce0.05Mn0.03,Ca3Gd7PSi5O26,Ce,3,0.05,Mn,2,0.03,298,380,0.366,0.308,,,,286,,,,1.351796307,22.48,340,https://doi.org/10.1021/ic3015578,ACS,,,1.066566604,Inorganic Chemistry,0020-1669,2012
2462,Ca3Gd7PSi5O26Ce0.05Mn0.05,Ca3Gd7PSi5O26,Ce,3,0.05,Mn,2,0.05,298,380,0.393,0.321,,,,286,,,,1.249442961,17.76,340,https://doi.org/10.1021/ic3015578,ACS,,,1.06658816,Inorganic Chemistry,0020-1669,2012
2463,Ca3Gd7PSi5O26Ce0.05Mn0.07,Ca3Gd7PSi5O26,Ce,3,0.05,Mn,2,0.07,298,380,0.404,0.35,,,,286,,,,,,,https://doi.org/10.1021/ic3015578,ACS,,,1.05366647,Inorganic Chemistry,0020-1669,2012
2464,Ca3Gd7PSi5O26Ce0.05Mn0.09,Ca3Gd7PSi5O26,Ce,3,0.05,Mn,2,0.09,298,575,0.437,0.369,,,,286,,,,,,,https://doi.org/10.1021/ic3015578,ACS,,,2.912795577,Inorganic Chemistry,0020-1669,2012
2465,Ca3Gd7PSi5O26Ce0.05Mn0.15,Ca3Gd7PSi5O26,Ce,3,0.05,Mn,2,0.15,298,575,0.466,0.399,,,,286,,,,,,,https://doi.org/10.1021/ic3015578,ACS,,,2.50270882,Inorganic Chemistry,0020-1669,2012
2466,Ca3Gd7PSi5O26Ce0.05Mn0.2,Ca3Gd7PSi5O26,Ce,3,0.05,Mn,2,0.2,298,575,0.481,0.42,,,,286,,,,,,,https://doi.org/10.1021/ic3015578,ACS,,,2.507817866,Inorganic Chemistry,0020-1669,2012
2468,Y10Al2Si3O18N4Ce0.05Tb0.02,Y10Al2Si3O18N4,Ce,3,0.05,Tb,3,0.02,298,542,0.211,0.382,,,,365,365,,,,,542,https://doi.org/10.1039/C3CP51854J,RSC,,,7.401400451,Physical Chemistry Chemical Physics,1463-9076,2013
2469,Y10Al2Si3O18N4Ce0.05,Y10Al2Si3O18N4,Ce,3,0.05,,,,298,460,0.177,0.24,,,,365,365,,,,,460,https://doi.org/10.1039/C3CP51854J,RSC,,,8.282350501,Physical Chemistry Chemical Physics,1463-9076,2013
2470,NaLaMo2O8Dy0.05,NaLaMo2O8,Dy,3,0.05,,,,298,573,0.36,0.383,,,,362,387,350,,5.132835804,135780,573,https://doi.org/10.1016/j.jallcom.2015.08.256,ESV,mp-1220757,,1.034420177,Journal of Alloys and Compounds,0925-8388,2015
2471,NaLaMo2O8Dy0.05Eu0.01,NaLaMo2O8,Dy,3,0.05,Eu,3,0.01,298,573,0.384,0.361,,,,362,387,350,,5.108767918,128460,573,https://doi.org/10.1016/j.jallcom.2015.08.256,ESV,mp-1220757,,1.0868614,Journal of Alloys and Compounds,0925-8388,2015
2472,NaLaMo2O8Dy0.05Eu0.03,NaLaMo2O8,Dy,3,0.05,Eu,3,0.03,298,615,0.426,0.348,,,,362,387,350,,5.085040707,121630,573,https://doi.org/10.1016/j.jallcom.2015.08.256,ESV,mp-1220757,,1.103175808,Journal of Alloys and Compounds,0925-8388,2015
2473,NaLaMo2O8Dy0.05Eu0.05,NaLaMo2O8,Dy,3,0.05,Eu,3,0.05,298,615,0.454,0.34,,,,362,387,350,,5.041116228,109930,573,https://doi.org/10.1016/j.jallcom.2015.08.256,ESV,mp-1220757,,1.039830602,Journal of Alloys and Compounds,0925-8388,2015
2474,NaLaMo2O8Dy0.05Eu0.07,NaLaMo2O8,Dy,3,0.05,Eu,3,0.07,298,615,0.474,0.326,,,,362,387,350,,5.009280884,102160,573,https://doi.org/10.1016/j.jallcom.2015.08.256,ESV,mp-1220757,,0.982162421,Journal of Alloys and Compounds,0925-8388,2015
2475,NaLaMo2O8Dy0.05Eu0.09,NaLaMo2O8,Dy,3,0.05,Eu,3,0.09,298,615,0.486,0.325,,,,362,387,350,,4.955735842,90310,573,https://doi.org/10.1016/j.jallcom.2015.08.256,ESV,mp-1220757,,1.027099494,Journal of Alloys and Compounds,0925-8388,2015
2476,La2.85GaGe5O16Tb0.15,La2.85GaGe5O16,Tb,3,0.15,,,,298,544,0.2643,0.4813,,,,377,377,370,352,6.474216264,2980000,544,https://doi.org/10.1039/C4TC01091D,RSC,mp-652961, icsd-50521,1.011970156,Journal of Materials Chemistry C,2050-7526,2014
2477,La2.84GaGe5O16Tb0.15Eu0.01,La2.84GaGe5O16,Tb,3,0.15,Eu,3,0.01,298,544,,,,,,377,377,370,352,6.334453751,2160000,544,https://doi.org/10.1039/C4TC01091D,RSC,mp-652961, icsd-50521,0.975373764,Journal of Materials Chemistry C,2050-7526,2014
2478,La2.8GaGe5O16Tb0.15Eu0.05,La2.8GaGe5O16,Tb,3,0.15,Eu,3,0.05,298,544,0.3832,0.4199,,,623,377,377,370,352,6.190331698,1550000,544,https://doi.org/10.1039/C4TC01091D,RSC,mp-652961, icsd-50521,1.151657815,Journal of Materials Chemistry C,2050-7526,2014
2479,La2.8GaGe5O16Tb0.15Eu0.05,La2.8GaGe5O16,Tb,3,0.15,Eu,3,0.05,423,544,0.3796,0.3988,,,,377,,,,,,544,https://doi.org/10.1039/C4TC01091D,RSC,mp-652961, icsd-50521,0.99636526,Journal of Materials Chemistry C,2050-7526,2014
2480,La2.8GaGe5O16Tb0.15Eu0.05,La2.8GaGe5O16,Tb,3,0.15,Eu,3,0.05,523,544,0.3483,0.3853,,,,377,,,,,,544,https://doi.org/10.1039/C4TC01091D,RSC,mp-652961, icsd-50521,1.033384243,Journal of Materials Chemistry C,2050-7526,2014
2481,La2.78GaGe5O16Tb0.15Eu0.07,La2.78GaGe5O16,Tb,3,0.15,Eu,3,0.07,298,544,0.4156,0.4085,,,,377,377,370,352,,,544,https://doi.org/10.1039/C4TC01091D,RSC,mp-652961, icsd-50521,0.999385269,Journal of Materials Chemistry C,2050-7526,2014
2482,La2.75GaGe5O16Tb0.15Eu0.1,La2.75GaGe5O16,Tb,3,0.15,Eu,3,0.1,298,617,0.4718,0.388,,,,377,377,370,352,5.977723605,950000,544,https://doi.org/10.1039/C4TC01091D,RSC,mp-652961, icsd-50521,1.120915225,Journal of Materials Chemistry C,2050-7526,2014
2483,La2.65GaGe5O16Tb0.15Eu0.2,La2.65GaGe5O16,Tb,3,0.15,Eu,3,0.2,298,617,0.5345,0.3694,,,,377,377,370,352,5.908485019,810000,544,https://doi.org/10.1039/C4TC01091D,RSC,mp-652961, icsd-50521,1.04549199,Journal of Materials Chemistry C,2050-7526,2014
2484,BaLu5.82Si7O24Ce0.18,BaLu5.82Si7O24,Ce,3,0.18,,,,298,402,0.157,0.061,68.4,,,350,350,,,1.583198774,38.3,402,https://doi.org/10.1016/j.dyepig.2016.12.059,ESV,,,1.121748984,Dyes and Pigments,0143-7208,2017
2485,BaLu5.76Si7O24Ce0.18Tb0.06,BaLu5.76Si7O24,Ce,3,0.18,Tb,3,0.06,298,402,0.168,0.107,71.9,,,350,350,,,,,402,https://doi.org/10.1016/j.dyepig.2016.12.059,ESV,,,2.593883487,Dyes and Pigments,0143-7208,2017
2486,BaLu5.64Si7O24Ce0.18Tb0.18,BaLu5.64Si7O24,Ce,3,0.18,Tb,3,0.18,298,402,0.186,0.184,71.4,,,350,350,,,,,402,https://doi.org/10.1016/j.dyepig.2016.12.059,ESV,,,2.515761756,Dyes and Pigments,0143-7208,2017
2487,BaLu5.52Si7O24Ce0.18Tb0.3,BaLu5.52Si7O24,Ce,3,0.18,Tb,3,0.3,298,550,0.201,0.25,70,,,350,350,,,1.460597189,28.88,402,https://doi.org/10.1016/j.dyepig.2016.12.059,ESV,,,1.128108395,Dyes and Pigments,0143-7208,2017
2488,BaLu5.4Si7O24Ce0.18Tb0.42,BaLu5.4Si7O24,Ce,3,0.18,Tb,3,0.42,298,550,0.215,0.312,70,,,350,350,,,,,402,https://doi.org/10.1016/j.dyepig.2016.12.059,ESV,,,2.311532509,Dyes and Pigments,0143-7208,2017
2489,BaLu5.22Si7O24Ce0.18Tb0.6,BaLu5.22Si7O24,Ce,3,0.18,Tb,3,0.6,298,550,0.226,0.362,69.7,,,350,350,,,1.267171728,18.5,402,https://doi.org/10.1016/j.dyepig.2016.12.059,ESV,,,1.130329944,Dyes and Pigments,0143-7208,2017
2490,BaLu5.02Si7O24Ce0.18Tb0.8,BaLu5.02Si7O24,Ce,3,0.18,Tb,3,0.8,298,550,0.236,0.408,67.2,,,350,350,,,,,402,https://doi.org/10.1016/j.dyepig.2016.12.059,ESV,,,1.958092254,Dyes and Pigments,0143-7208,2017
2491,BaLu4.82Si7O24Ce0.18Tb1,BaLu4.82Si7O24,Ce,3,0.18,Tb,3,1,298,550,0.247,0.454,61.7,,500,350,350,,,,,402,https://doi.org/10.1016/j.dyepig.2016.12.059,ESV,,,1.31154447,Dyes and Pigments,0143-7208,2017
2492,BaLu4.62Si7O24Ce0.18Tb1.2,BaLu4.62Si7O24,Ce,3,0.18,Tb,3,1.2,298,550,0.252,0.476,55.2,,,350,350,,,1.13893394,13.77,402,https://doi.org/10.1016/j.dyepig.2016.12.059,ESV,,,1.334102714,Dyes and Pigments,0143-7208,2017
2493,BaLu1.94Si3O10Ce0.06,BaLu1.94Si3O10,Ce,3,0.06,,,,298,423,0.155,0.083,72.7,,,365,365,,,1.507855872,32.2,423,https://doi.org/10.1039/C6TC00579A,RSC,,,1.009080624,Journal of Materials Chemistry C,2050-7526,2016
2494,BaLu1.92Si3O10Ce0.06Tb0.02,BaLu1.92Si3O10,Ce,3,0.06,Tb,3,0.02,298,423,0.17,0.136,71,,,365,,,,,,423,https://doi.org/10.1039/C6TC00579A,RSC,,,1.520813414,Journal of Materials Chemistry C,2050-7526,2016
2495,BaLu1.86Si3O10Ce0.06Tb0.06,BaLu1.86Si3O10,Ce,3,0.06,Tb,3,0.06,298,550,0.19,0.22,66.4,,,365,,,,1.474944335,29.85,423,https://doi.org/10.1039/C6TC00579A,RSC,,,1.074352862,Journal of Materials Chemistry C,2050-7526,2016
2496,BaLu1.84Si3O10Ce0.06Tb0.1,BaLu1.84Si3O10,Ce,3,0.06,Tb,3,0.1,298,550,0.208,0.293,60.5,,,365,,,,,,423,https://doi.org/10.1039/C6TC00579A,RSC,,,1.51320112,Journal of Materials Chemistry C,2050-7526,2016
2497,BaLu1.8Si3O10Ce0.06Tb0.14,BaLu1.8Si3O10,Ce,3,0.06,Tb,3,0.14,298,550,0.218,0.335,54.1,,,365,,,,,,423,https://doi.org/10.1039/C6TC00579A,RSC,,,1.491278014,Journal of Materials Chemistry C,2050-7526,2016
2498,BaLu1.74Si3O10Ce0.06Tb0.2,BaLu1.74Si3O10,Ce,3,0.06,Tb,3,0.2,298,550,0.236,0.415,50.9,,,365,,,,1.392872745,24.71,423,https://doi.org/10.1039/C6TC00579A,RSC,,,1.059908218,Journal of Materials Chemistry C,2050-7526,2016
2499,BaLu1.62Si3O10Ce0.06Tb0.32,BaLu1.62Si3O10,Ce,3,0.06,Tb,3,0.32,298,550,0.248,0.466,45.1,,,365,,,,1.348110068,22.29,423,https://doi.org/10.1039/C6TC00579A,RSC,,,1.058062275,Journal of Materials Chemistry C,2050-7526,2016
2500,BaLu1.5Si3O10Ce0.06Tb0.44,BaLu1.5Si3O10,Ce,3,0.06,Tb,3,0.44,298,550,0.256,0.5,40.9,,,365,,,,1.26927939,18.59,423,https://doi.org/10.1039/C6TC00579A,RSC,,,1.063049646,Journal of Materials Chemistry C,2050-7526,2016
2501,CaYAlO4Tb0.001,CaYAlO4,Tb,3,0.001,,,,298,548,,,7,,,248,248,,,6.049218023,1120000,548,https://doi.org/10.1039/C2DT12222G,RSC,mp-1227044,,0.964581184,Dalton Transactions,1477-9226,2012
2502,CaYAlO4Tb0.003,CaYAlO4,Tb,3,0.003,,,,298,548,,,9,,,248,248,,,6.056904851,1140000,548,https://doi.org/10.1039/C2DT12222G,RSC,mp-1227044,,1.030282594,Dalton Transactions,1477-9226,2012
2503,CaYAlO4Tb0.005,CaYAlO4,Tb,3,0.005,,,,298,548,,,11,,,248,248,,,6.100370545,1260000,548,https://doi.org/10.1039/C2DT12222G,RSC,mp-1227044,,1.054001748,Dalton Transactions,1477-9226,2012
2504,CaYAlO4Tb0.01,CaYAlO4,Tb,3,0.01,,,,298,548,,,13,,,248,248,,,6.155336037,1430000,548,https://doi.org/10.1039/C2DT12222G,RSC,mp-1227044,,0.972710782,Dalton Transactions,1477-9226,2012
2505,CaYAlO4Tb0.03,CaYAlO4,Tb,3,0.03,,,,298,548,,,15,,,248,248,,,6.222716471,1670000,548,https://doi.org/10.1039/C2DT12222G,RSC,mp-1227044,,1.036728507,Dalton Transactions,1477-9226,2012
2506,CaYAlO4Tb0.05,CaYAlO4,Tb,3,0.05,,,,298,548,,,18,,,248,248,,,6.31386722,2060000,548,https://doi.org/10.1039/C2DT12222G,RSC,mp-1227044,,1.009282874,Dalton Transactions,1477-9226,2012
2507,CaYAlO4Tb0.07,CaYAlO4,Tb,3,0.07,,,,298,548,,,17,,,248,248,,,6.276461804,1890000,548,https://doi.org/10.1039/C2DT12222G,RSC,mp-1227044,,0.985394532,Dalton Transactions,1477-9226,2012
2508,CaYAlO4Tb0.09,CaYAlO4,Tb,3,0.09,,,,298,548,,,13,,,248,248,,,6.23299611,1710000,548,https://doi.org/10.1039/C2DT12222G,RSC,mp-1227044,,0.99586325,Dalton Transactions,1477-9226,2012
2509,CaYAlO4Eu0.01,CaYAlO4,Eu,3,0.01,,,,298,623,,,13,,,272,272,,,6.053078443,1130000,623,https://doi.org/10.1039/C2DT12222G,RSC,mp-1227044,,0.96361388,Dalton Transactions,1477-9226,2012
2510,CaYAlO4Eu0.03,CaYAlO4,Eu,3,0.03,,,,298,623,,,17,,,272,272,,,6.08278537,1210000,623,https://doi.org/10.1039/C2DT12222G,RSC,mp-1227044,,0.977429765,Dalton Transactions,1477-9226,2012
2511,CaYAlO4Eu0.05,CaYAlO4,Eu,3,0.05,,,,298,623,,,18,,,272,272,,,6.10720997,1280000,623,https://doi.org/10.1039/C2DT12222G,RSC,mp-1227044,,1.093343091,Dalton Transactions,1477-9226,2012
2512,CaYAlO4Eu0.07,CaYAlO4,Eu,3,0.07,,,,298,623,,,23,,,272,272,,,6.127104798,1340000,623,https://doi.org/10.1039/C2DT12222G,RSC,mp-1227044,,1.062377656,Dalton Transactions,1477-9226,2012
2513,CaYAlO4Eu0.08,CaYAlO4,Eu,3,0.08,,,,298,623,0.5342,0.3468,21,,,272,272,,,6.130333768,1350000,623,https://doi.org/10.1039/C2DT12222G,RSC,mp-1227044,,1.057732233,Dalton Transactions,1477-9226,2012
2514,CaYAlO4Eu0.1,CaYAlO4,Eu,3,0.1,,,,298,623,,,18,,,272,272,,,6.100370545,1260000,623,https://doi.org/10.1039/C2DT12222G,RSC,mp-1227044,,1.053999173,Dalton Transactions,1477-9226,2012
2515,CaYAlO4Eu0.11,CaYAlO4,Eu,3,0.11,,,,298,623,,,17,,,272,272,,,6.041392685,1100000,623,https://doi.org/10.1039/C2DT12222G,RSC,mp-1227044,,0.997929993,Dalton Transactions,1477-9226,2012
2516,CaYAlO4Eu0.12,CaYAlO4,Eu,3,0.12,,,,298,623,,,15,,,272,272,,,6.021189299,1050000,623,https://doi.org/10.1039/C2DT12222G,RSC,mp-1227044,,0.985656254,Dalton Transactions,1477-9226,2012
2517,MgYSi2O5NCe0.01,MgYSi2O5N,Ce,3,0.01,,,,298,393,0.163,0.029,,,,365,365,,,1.865755224,73.41,393,https://doi.org/10.1016/j.dyepig.2016.12.012,ESV,,,1.009952582,Dyes and Pigments,0143-7208,2017
2518,MgYSi2O5NCe0.01Tb0.01,MgYSi2O5N,Ce,3,0.01,Tb,3,0.01,298,393,0.187,0.145,,,,365,365,,,1.787035182,61.24,393,https://doi.org/10.1016/j.dyepig.2016.12.012,ESV,,,1.028822255,Dyes and Pigments,0143-7208,2017
2519,MgYSi2O5NCe0.01Tb0.02,MgYSi2O5N,Ce,3,0.01,Tb,3,0.02,298,548,0.205,0.229,,,,365,365,305,,1.69653112,49.72,393,https://doi.org/10.1016/j.dyepig.2016.12.012,ESV,,,1.014066206,Dyes and Pigments,0143-7208,2017
2520,MgYSi2O5NCe0.01Tb0.03,MgYSi2O5N,Ce,3,0.01,Tb,3,0.03,298,548,0.208,0.246,,,,365,365,,,1.596926814,39.53,393,https://doi.org/10.1016/j.dyepig.2016.12.012,ESV,,,1.016612315,Dyes and Pigments,0143-7208,2017
2521,MgYSi2O5NCe0.01Tb0.04,MgYSi2O5N,Ce,3,0.01,Tb,3,0.04,298,548,0.232,0.327,,,,365,365,,,1.527887566,33.72,393,https://doi.org/10.1016/j.dyepig.2016.12.012,ESV,,,1.016471636,Dyes and Pigments,0143-7208,2017
2522,Na0.5Gd0.25MoO4Eu0.25,Na0.5Gd0.25MoO4,Eu,3,0.25,,,,298,615,0.667,0.332,,,448,395,395,,,,,615,https://doi.org/10.1016/j.jlumin.2016.07.045,ESV,,,1.027679408,Journal of Luminescence,0022-2313,2016
2523,Ba2Y4.95B5O17Ce0.01,Ba2Y4.95B5O17,Ce,3,0.01,,,,298,440,0.165,0.17,,90,,345,345,,,1.603880208,40.168,440,https://doi.org/10.1016/j.dyepig.2017.11.046,ESV,,,1.363951763,Dyes and Pigments,0143-7208,2018
2524,Ba2Y4.7B5O17Ce0.01Tb0.05,Ba2Y4.7B5O17,Ce,3,0.01,Tb,3,0.05,298,543,0.225,0.294,,,,345,345,,,6.332034277,2148000,543,https://doi.org/10.1016/j.dyepig.2017.11.046,ESV,,,0.987197095,Dyes and Pigments,0143-7208,2018
2525,Ba2Y4.45B5O17Ce0.01Tb0.1,Ba2Y4.45B5O17,Ce,3,0.01,Tb,3,0.1,298,543,0.266,0.381,,,,345,345,,,6.290257269,1951000,543,https://doi.org/10.1016/j.dyepig.2017.11.046,ESV,,,1.012255936,Dyes and Pigments,0143-7208,2018
2526,Ba2Y3.95B5O17Ce0.01Tb0.2,Ba2Y3.95B5O17,Ce,3,0.01,Tb,3,0.2,298,543,0.303,0.457,,,,345,345,,,6.251151343,1783000,543,https://doi.org/10.1016/j.dyepig.2017.11.046,ESV,,,0.980337158,Dyes and Pigments,0143-7208,2018
2527,Ba2Y3.45B5O17Ce0.01Tb0.3,Ba2Y3.45B5O17,Ce,3,0.01,Tb,3,0.3,298,543,0.312,0.477,,,,345,345,,,6.171433901,1484000,543,https://doi.org/10.1016/j.dyepig.2017.11.046,ESV,,,1.040301146,Dyes and Pigments,0143-7208,2018
2528,Ba2Y2.95B5O17Ce0.01Tb0.4,Ba2Y2.95B5O17,Ce,3,0.01,Tb,3,0.4,298,543,0.321,0.495,,59,473,345,345,,,6.127428778,1341000,543,https://doi.org/10.1016/j.dyepig.2017.11.046,ESV,,,1.060060924,Dyes and Pigments,0143-7208,2018
2537,NaCa0.99BO3Eu0.01,NaCa0.99BO3,Eu,3,0.01,,,,298,613,,,,,,395,395,381,465,6.28171497,1913000,613,https://doi.org/10.1016/j.ceramint.2014.06.034,ESV,,,1.026295436,Ceramics International,0272-8842,2014
2538,NaCa0.97BO3Eu0.03,NaCa0.97BO3,Eu,3,0.03,,,,298,613,,,,,,395,395,381,465,6.272769587,1874000,613,https://doi.org/10.1016/j.ceramint.2014.06.034,ESV,,,1.040212002,Ceramics International,0272-8842,2014
2539,NaCa0.95BO3Eu0.05,NaCa0.95BO3,Eu,3,0.05,,,,298,613,,,,,,395,395,381,465,6.269979677,1862000,613,https://doi.org/10.1016/j.ceramint.2014.06.034,ESV,,,1.071118617,Ceramics International,0272-8842,2014
2540,NaCa0.93BO3Eu0.07,NaCa0.93BO3,Eu,3,0.07,,,,298,613,,,,,,395,395,381,465,6.26599637,1845000,613,https://doi.org/10.1016/j.ceramint.2014.06.034,ESV,,,0.989750982,Ceramics International,0272-8842,2014
2541,NaCa0.91BO3Eu0.09,NaCa0.91BO3,Eu,3,0.09,,,,298,613,,,,,,395,395,381,465,6.264581729,1839000,613,https://doi.org/10.1016/j.ceramint.2014.06.034,ESV,,,0.973802442,Ceramics International,0272-8842,2014
2542,NaCa0.89BO3Eu0.11,NaCa0.89BO3,Eu,3,0.11,,,,298,613,0.608,0.387,,,,395,395,381,465,6.262688344,1831000,613,https://doi.org/10.1016/j.ceramint.2014.06.034,ESV,,,1.012059896,Ceramics International,0272-8842,2014
2543,NaCa0.87BO3Eu0.13,NaCa0.87BO3,Eu,3,0.13,,,,298,613,,,,,,395,395,381,465,6.258876629,1815000,613,https://doi.org/10.1016/j.ceramint.2014.06.034,ESV,,,1.020349852,Ceramics International,0272-8842,2014
2544,NaCa0.85BO3Eu0.15,NaCa0.85BO3,Eu,3,0.15,,,,298,613,,,,,,395,395,381,465,6.253338005,1792000,613,https://doi.org/10.1016/j.ceramint.2014.06.034,ESV,,,1.002672218,Ceramics International,0272-8842,2014
2545,Sr9Sc0.6P7O28Eu0.4,Sr9Sc0.6P7O28,Eu,3,0.4,,,,298,590,,,,,553,394,394,,,,,590,https://doi.org/10.1016/j.jallcom.2013.10.116,ESV,,,2.042341116,Journal of Alloys and Compounds,0925-8388,2014
2546,Ca0.98SrAl2SiO7Eu0.02,Ca0.98SrAl2SiO7,Eu,3,0.02,,,,298,617,0.643,0.356,,,,393,393,,,,,617,https://doi.org/10.1016/j.physb.2012.04.001,ESV,,,0.99785063,Physica B: Condensed Matter,0921-4526,2012
2547,Ca0.94SrAl2SiO7Eu0.06,Ca0.94SrAl2SiO7,Eu,3,0.06,,,,298,617,0.645,0.354,,,,393,393,,,,,617,https://doi.org/10.1016/j.physb.2012.04.001,ESV,,,0.997555747,Physica B: Condensed Matter,0921-4526,2012
2548,Ca0.9SrAl2SiO7Eu0.1,Ca0.9SrAl2SiO7,Eu,3,0.1,,,,298,617,0.647,0.352,,,,393,393,464,,,,617,https://doi.org/10.1016/j.physb.2012.04.001,ESV,,,1.004744736,Physica B: Condensed Matter,0921-4526,2012
2549,Ca0.86SrAl2SiO7Eu0.14,Ca0.86SrAl2SiO7,Eu,3,0.14,,,,298,617,0.647,0.353,,,,393,393,,,,,617,https://doi.org/10.1016/j.physb.2012.04.001,ESV,,,1.000207193,Physica B: Condensed Matter,0921-4526,2012
2550,Ca0.82SrAl2SiO7Eu0.18,Ca0.82SrAl2SiO7,Eu,3,0.18,,,,298,617,0.649,0.351,,,,393,393,,,,,617,https://doi.org/10.1016/j.physb.2012.04.001,ESV,,,1.003443436,Physica B: Condensed Matter,0921-4526,2012
2551,Ca0.78SrAl2SiO7Eu0.22,Ca0.78SrAl2SiO7,Eu,3,0.22,,,,298,617,0.65,0.35,47.8,,,393,393,,,,,617,https://doi.org/10.1016/j.physb.2012.04.001,ESV,,,1.011089402,Physica B: Condensed Matter,0921-4526,2012
2552,NaCa0.995BO3Ce0.005,NaCa0.995BO3,Ce,3,0.005,,,,298,427,,,,,,347,347,,,1.575764981,37.65,427,https://doi.org/10.1016/j.jlumin.2014.01.012,ESV,,,0.990103893,Journal of Luminescence,0022-2313,2014
2553,NaCa0.99BO3Ce0.01,NaCa0.99BO3,Ce,3,0.01,,,,298,427,0.159,0.093,75,,403,347,347,,,1.556784782,36.04,427,https://doi.org/10.1016/j.jlumin.2014.01.012,ESV,,,0.990103893,Journal of Luminescence,0022-2313,2014
2554,NaCa0.98BO3Ce0.02,NaCa0.98BO3,Ce,3,0.02,,,,298,427,,,,,,347,347,,,1.554246808,35.83,427,https://doi.org/10.1016/j.jlumin.2014.01.012,ESV,,,0.990103893,Journal of Luminescence,0022-2313,2014
2555,NaCa0.96BO3Ce0.04,NaCa0.96BO3,Ce,3,0.04,,,,298,427,,,,,,347,347,,,1.540079089,34.68,427,https://doi.org/10.1016/j.jlumin.2014.01.012,ESV,,,0.990103893,Journal of Luminescence,0022-2313,2014
2556,NaCa0.95BO3Ce0.05,NaCa0.95BO3,Ce,3,0.05,,,,298,427,,,,,,347,347,,,1.504334912,31.94,427,https://doi.org/10.1016/j.jlumin.2014.01.012,ESV,,,0.990103893,Journal of Luminescence,0022-2313,2014
2557,Li1.05Sr3.9B3O9Ce0.05,Li1.05Sr3.9B3O9,Ce,3,0.05,,,,298,427,,,,,413,342,342,,,,,427,https://doi.org/10.1016/j.jallcom.2011.01.194,ESV,mp-554003, icsd-170861,1.422029862,Journal of Alloys and Compounds,0925-8388,2011
2558,Na1.09Sr3.82B3O9Ce0.09,Na1.09Sr3.82B3O9,Ce,3,0.09,,,,298,420,,,,,523,345,345,,,,,420,https://doi.org/10.1016/j.jallcom.2011.01.194,ESV,mp-560768, icsd-170862,1.335806732,Journal of Alloys and Compounds,0925-8388,2011
2559,Li6Y0.15B3O9Eu0.85,Li6Y0.15B3O9,Eu,3,0.85,,,,298,614,0.65,0.35,68,,,393,393,,,6.380211242,2400000,614,https://doi.org/10.1016/j.optmat.2011.03.002,ESV,mp-14704, icsd-184291 icsd-184285 icsd-184287 icsd-184286 icsd-184289 icsd-184283 icsd-184292 icsd-184284 icsd-184290 icsd-184288 icsd-68653,0.973184755,Optical Materials,0925-3467,2011
2560,CaBi1.83B2O7Eu0.17,CaBi1.83B2O7,Eu,3,0.17,,,,298,591,0.601,0.392,,,,394,394,,,,,591,https://doi.org/10.1016/j.ijleo.2016.01.155,ESV,mp-557371,,0.992596594,Optik,0030-4026,2016
2561,Ba2YB2O6ClEu0.03,Ba2YB2O6Cl,Eu,3,0.03,,,,298,526,,,,,,365,365,,,3.225309282,1680,526,https://doi.org/10.1021/ic200988w,ACS,mp-866310, icsd-262072,1.161449061,Inorganic Chemistry,0020-1669,2011
2562,Ba2GdB2O6ClEu0.03,Ba2GdB2O6Cl,Eu,3,0.03,,,,298,548,,,,,523,365,365,,,3.146128036,1400,548,https://doi.org/10.1021/ic200988w,ACS,mp-866304, icsd-262073,1.188018758,Inorganic Chemistry,0020-1669,2011
2563,Ba2LuB2O6ClEu0.03,Ba2LuB2O6Cl,Eu,3,0.03,,,,298,511,,,,,673,365,365,,,3.103803721,1270,511,https://doi.org/10.1021/ic200988w,ACS,mp-1228639,,1.243451232,Inorganic Chemistry,0020-1669,2011
2564,Lu1.88CaMg2Si3O12Ce0.12,Lu1.88CaMg2Si3O12,Ce,3,0.12,,,,298,600,,,,,498,470,470,,,,,600,https://doi.org/10.1021/jp508409r,ACS,mp-1211091,,1.183529672,Journal of Physical Chemistry C,1932-7447,2015
2565,Ca2La0.98Zr2Ga3O12Ce0.02,Ca2La0.98Zr2Ga3O12,Ce,3,0.02,,,,298,515,0.271,0.479,,,,430,430,,,,,515,https://doi.org/10.1021/jp508409r,ACS,,,0.995518265,Journal of Physical Chemistry C,1932-7447,2015
2566,Ca2La0.94Zr2Ga3O12Ce0.06,Ca2La0.94Zr2Ga3O12,Ce,3,0.06,,,,298,515,,,35.2,,363,430,430,,,,,515,https://doi.org/10.1021/jp508409r,ACS,,,1.029524098,Journal of Physical Chemistry C,1932-7447,2015
2567,Ca2La0.8Zr2Ga3O12Ce0.2,Ca2La0.8Zr2Ga3O12,Ce,3,0.2,,,,298,515,0.285,0.502,,,,430,430,,,,,515,https://doi.org/10.1021/jp508409r,ACS,,,0.995028191,Journal of Physical Chemistry C,1932-7447,2015
2568,Li6Y0.95B3O9Eu0.05,Li6Y0.95B3O9,Eu,3,0.05,,,,298,614,0.635,0.363,,,,395,395,,,,,614,https://doi.org/10.1002/bio.3006,Wiley,mp-14704, icsd-184291 icsd-184285 icsd-184287 icsd-184286 icsd-184289 icsd-184283 icsd-184292 icsd-184284 icsd-184290 icsd-184288 icsd-68653,1.210940143,Luminescence,1522-7235,2015
2569,Li6Y0.9B3O9Eu0.1,Li6Y0.9B3O9,Eu,3,0.1,,,,298,614,0.635,0.364,,,,395,395,,,,,614,https://doi.org/10.1002/bio.3006,Wiley,mp-14704, icsd-184291 icsd-184285 icsd-184287 icsd-184286 icsd-184289 icsd-184283 icsd-184292 icsd-184284 icsd-184290 icsd-184288 icsd-68653,1.216365031,Luminescence,1522-7235,2015
2570,Li6Y0.8B3O9Eu0.2,Li6Y0.8B3O9,Eu,3,0.2,,,,298,614,0.63,0.369,,,,395,395,,,,,614,https://doi.org/10.1002/bio.3006,Wiley,mp-14704, icsd-184291 icsd-184285 icsd-184287 icsd-184286 icsd-184289 icsd-184283 icsd-184292 icsd-184284 icsd-184290 icsd-184288 icsd-68653,1.218572868,Luminescence,1522-7235,2015
2571,Li6Y0.5B3O9Eu0.5,Li6Y0.5B3O9,Eu,3,0.5,,,,298,614,0.63,0.369,,,,395,395,,,,,614,https://doi.org/10.1002/bio.3006,Wiley,mp-14704, icsd-184291 icsd-184285 icsd-184287 icsd-184286 icsd-184289 icsd-184283 icsd-184292 icsd-184284 icsd-184290 icsd-184288 icsd-68653,1.217840998,Luminescence,1522-7235,2015
2572,Li6B3O9Eu1,Li6B3O9,Eu,3,1,,,,298,614,0.641,0.358,,,,395,395,,,,,614,https://doi.org/10.1002/bio.3006,Wiley,mp-14704, icsd-184291 icsd-184285 icsd-184287 icsd-184286 icsd-184289 icsd-184283 icsd-184292 icsd-184284 icsd-184290 icsd-184288 icsd-68653,1.459300978,Luminescence,1522-7235,2015
2573,LiBa0.98BO3Eu0.02,LiBa0.98BO3,Eu,3,0.02,,,,298,613,0.368,0.378,,,,325,325,,,,,613,https://doi.org/10.1002/bio.3295,Wiley,mp-6499, icsd-92843 icsd-73218,1.019245884,Luminescence,1522-7235,2017
2574,LiBa0.975BO3Eu0.025,LiBa0.975BO3,Eu,3,0.025,,,,298,613,0.376,0.366,,,,325,325,,,,,613,https://doi.org/10.1002/bio.3295,Wiley,mp-6499, icsd-92843 icsd-73218,1.017987449,Luminescence,1522-7235,2017
2575,Ca9La0.9P7O28Eu0.1,Ca9La0.9P7O28,Eu,3,0.1,,,,298,615,,,,,,261,395,,,6.274157849,1880000,615,https://doi.org/10.1007/s00339-017-1226-5,SN,,,1.005926288,Applied Physics A: Materials Science and Processing,0947-8396,2017
2576,Ca9La0.7P7O28Eu0.3,Ca9La0.7P7O28,Eu,3,0.3,,,,298,615,,,,,,261,395,,,6.26245109,1830000,615,https://doi.org/10.1007/s00339-017-1226-5,SN,,,1.010915786,Applied Physics A: Materials Science and Processing,0947-8396,2017
2577,Ca9La0.4P7O28Eu0.6,Ca9La0.4P7O28,Eu,3,0.6,,,,298,615,0.64,0.36,,,470,261,395,,,6.257678575,1810000,615,https://doi.org/10.1007/s00339-017-1226-5,SN,,,1.022308659,Applied Physics A: Materials Science and Processing,0947-8396,2017
2578,Ca9La0.1P7O28Eu0.9,Ca9La0.1P7O28,Eu,3,0.9,,,,298,615,,,,,,261,395,,,6.252853031,1790000,615,https://doi.org/10.1007/s00339-017-1226-5,SN,,,0.998588493,Applied Physics A: Materials Science and Processing,0947-8396,2017
2579,Ca9P7O28Eu1,Ca9P7O28,Eu,3,1,,,,298,615,,,,,,261,395,,,6.243038049,1750000,615,https://doi.org/10.1007/s00339-017-1226-5,SN,,,1.00718794,Applied Physics A: Materials Science and Processing,0947-8396,2017
2580,Y1.90O3Eu0.05,Y1.90O3,Eu,3,0.05,,,,298,611,0.65,0.34,,,,261,395,,,,,611,https://doi.org/10.1007/s00339-017-1226-5,SN,"mp-2652,mp-558573,mp-754759,mp-775907,mp-775906,mp-13061,mp-777514,mp-1244949,mp-1245017,mp-1244888,mp-1245291,mp-1216050,mp-673247", icsd-290965 icsd-192862 icsd-181825 icsd-78581 icsd-27772 icsd-237970 icsd-186675 icsd-80033 icsd-66242 icsd-86813 icsd-85355 icsd-81861 icsd-41936 icsd-647653 icsd-86814 icsd-160890 icsd-193377 icsd-155173 icsd-290963 icsd-151761 icsd-181871 icsd-290961 icsd-26190 icsd-290960 icsd-193042 icsd-16394 icsd-66243 icsd-86817 icsd-184530 icsd-66730 icsd-193376 icsd-153500 icsd-77081 icsd-151760 icsd-290962 icsd-23811 icsd-185295 icsd-290964 icsd-41267 icsd-193374 icsd-193375 icsd-187274 icsd-82420 icsd-86815 icsd-181826 icsd-192863 icsd-160219 icsd-647650 icsd-160204 icsd-181827 icsd-192864,1.155918958,Applied Physics A: Materials Science and Processing,0947-8396,2017
2581,NaSr0.99B5O9Eu0.01,NaSr0.99B5O9,Eu,3,0.01,,,,298,616,0.566,0.43,,,,394,394,,,,,616,https://doi.org/10.1016/j.jpcs.2013.07.008,ESV,mp-561514, icsd-245570,0.976418197,Journal of Physics and Chemistry of Solids,0022-3697,2014
2582,NaSr0.97B5O9Eu0.03,NaSr0.97B5O9,Eu,3,0.03,,,,298,616,0.613,0.385,,,,394,394,,,,,616,https://doi.org/10.1016/j.jpcs.2013.07.008,ESV,mp-561514, icsd-245570,0.984470794,Journal of Physics and Chemistry of Solids,0022-3697,2014
2583,NaSr0.95B5O9Eu0.05,NaSr0.95B5O9,Eu,3,0.05,,,,298,616,0.631,0.368,,,,394,394,,,,,616,https://doi.org/10.1016/j.jpcs.2013.07.008,ESV,mp-561514, icsd-245570,0.991014505,Journal of Physics and Chemistry of Solids,0022-3697,2014
2584,NaSr0.93B5O9Eu0.07,NaSr0.93B5O9,Eu,3,0.07,,,,298,616,0.627,0.371,,,,394,394,,,,,616,https://doi.org/10.1016/j.jpcs.2013.07.008,ESV,mp-561514, icsd-245570,0.991552318,Journal of Physics and Chemistry of Solids,0022-3697,2014
2585,NaSr0.91B5O9Eu0.09,NaSr0.91B5O9,Eu,3,0.09,,,,298,616,0.637,0.361,,,,394,394,,,,,616,https://doi.org/10.1016/j.jpcs.2013.07.008,ESV,mp-561514, icsd-245570,0.996075918,Journal of Physics and Chemistry of Solids,0022-3697,2014
2586,Na0.09Sr0.82B2O4Eu0.09,Na0.09Sr0.82B2O4,Eu,3,0.09,,,,298,611,0.64,0.35,,,,394,394,,,,,611,https://doi.org/10.1016/j.saa.2011.11.043,ESV,"mp-9749,mp-8878", icsd-203226 icsd-69102,1.011099943,Spectrochimica Acta - Part A: Molecular and Biomolecular Spectroscopy,1386-1425,2012
2587,Sr0.94B2O4Eu0.06,Sr0.94B2O4,Eu,3,0.06,,,,298,611,0.64,0.35,,,,394,394,,,,,611,https://doi.org/10.1016/j.saa.2011.11.043,ESV,"mp-9749,mp-8878", icsd-203226 icsd-69102,0.97154654,Spectrochimica Acta - Part A: Molecular and Biomolecular Spectroscopy,1386-1425,2012
2588,Ca3YGa3B4O15Ce0.01,Ca3YGa3B4O15,Ce,3,0.01,,,,298,409,0.152,0.061,,,,365,365,,,1.709269961,51.2,409,https://doi.org/10.1021/jp107856d,ACS,mp-695475,,1.012006946,Journal of Physical Chemistry C,1932-7447,2011
2589,Ca3YGa3B4O15Mn0.03,Ca3YGa3B4O15,Mn,2,0.03,,,,298,589,0.562,0.408,,,,365,,,,,,,https://doi.org/10.1021/jp107856d,ACS,mp-695475,,1.06068823,Journal of Physical Chemistry C,1932-7447,2011
2590,Ca3YGa3B4O15Tb0.07,Ca3YGa3B4O15,Tb,3,0.07,,,,298,544,0.314,0.573,,,,365,,,,,,,https://doi.org/10.1021/jp107856d,ACS,mp-695475,,1.078628263,Journal of Physical Chemistry C,1932-7447,2011
2591,Ca3YGa3B4O15Ce0.01Mn0.01,Ca3YGa3B4O15,Ce,3,0.01,Mn,2,0.01,298,409,0.208,0.079,,,,365,365,,,1.606381365,40.4,409,https://doi.org/10.1021/jp107856d,ACS,mp-695475,,0.997503124,Journal of Physical Chemistry C,1932-7447,2011
2592,Ca3YGa3B4O15Ce0.01Mn0.03,Ca3YGa3B4O15,Ce,3,0.01,Mn,2,0.03,298,409,0.277,0.162,,,,365,365,,,1.474216264,29.8,409,https://doi.org/10.1021/jp107856d,ACS,mp-695475,,0.997437605,Journal of Physical Chemistry C,1932-7447,2011
2593,Ca3YGa3B4O15Ce0.01Mn0.05,Ca3YGa3B4O15,Ce,3,0.01,Mn,2,0.05,298,409,0.345,0.221,,,,365,365,,,1.40654018,25.5,409,https://doi.org/10.1021/jp107856d,ACS,mp-695475,,0.997416076,Journal of Physical Chemistry C,1932-7447,2011
2594,Ca3YGa3B4O15Ce0.01Mn0.1,Ca3YGa3B4O15,Ce,3,0.01,Mn,2,0.1,298,409,0.475,0.342,,,,365,365,,,1.220108088,16.6,409,https://doi.org/10.1021/jp107856d,ACS,mp-695475,,0.997340927,Journal of Physical Chemistry C,1932-7447,2011
2595,Ca3YGa3B4O15Ce0.01Mn0.2,Ca3YGa3B4O15,Ce,3,0.01,Mn,2,0.2,298,409,0.507,0.371,,,,365,365,,,0.871572936,7.44,409,https://doi.org/10.1021/jp107856d,ACS,mp-695475,,0.996917827,Journal of Physical Chemistry C,1932-7447,2011
2601,KCaYP2O8Eu0.01,KCaYP2O8,Eu,2,0.01,,,,298,469,0.1853,0.2627,,,,380,367,,,2.662757832,460,469,https://doi.org/10.1021/ic3007102,ACS,,,0.969328978,Inorganic Chemistry,0020-1669,2012
2602,KCaYP2O8Eu0.01Mn0.01,KCaYP2O8,Eu,2,0.01,Mn,2,0.01,298,469,0.2107,0.2796,,,,380,,,,,,469,https://doi.org/10.1021/ic3007102,ACS,,,1.066494809,Inorganic Chemistry,0020-1669,2012
2603,KCaYP2O8Eu0.01Mn0.02,KCaYP2O8,Eu,2,0.01,Mn,2,0.02,298,469,0.2399,0.3032,,,,380,,,,2.653212514,450,469,https://doi.org/10.1021/ic3007102,ACS,,,0.990542061,Inorganic Chemistry,0020-1669,2012
2604,KCaYP2O8Eu0.01Mn0.04,KCaYP2O8,Eu,2,0.01,Mn,2,0.04,298,469,0.3001,0.3102,,,,380,,,,2.633468456,430,469,https://doi.org/10.1021/ic3007102,ACS,,,0.987243033,Inorganic Chemistry,0020-1669,2012
2605,KCaYP2O8Eu0.01Mn0.05,KCaYP2O8,Eu,2,0.01,Mn,2,0.05,298,469,0.335,0.3203,,,673,380,,,,2.591064607,390,469,https://doi.org/10.1021/ic3007102,ACS,,,1.005651115,Inorganic Chemistry,0020-1669,2012
2606,KCaYP2O8Eu0.01Mn0.07,KCaYP2O8,Eu,2,0.01,Mn,2,0.07,298,655,0.381,0.2951,,,,380,,,,4.77815125,60000,655,https://doi.org/10.1021/ic3007102,ACS,,,0.964412539,Inorganic Chemistry,0020-1669,2012
2607,KCaYP2O8Eu0.01Mn0.1,KCaYP2O8,Eu,2,0.01,Mn,2,0.1,298,655,0.3919,0.2867,,,,380,,,,4.77815125,60000,655,https://doi.org/10.1021/ic3007102,ACS,,,0.964413191,Inorganic Chemistry,0020-1669,2012
2608,Ca9Y0.85P7O28Ce0.15,Ca9Y0.85P7O28,Ce,3,0.15,,,,298,366,0.15,0.11,,,,254,,,,1.721810615,52.7,366,https://doi.org/10.1021/am100043q,ACS,,,1.009561262,ACS Applied Materials &amp; Interfaces,1944-8244,2010
2609,Ca8.991Y0.85P7O28Ce0.15Mn0.001,Ca8.991Y0.85P7O28,Ce,3,0.15,Mn,2,0.001,298,366,0.24,0.14,,,,254,,,,1.7084209,51.1,366,https://doi.org/10.1021/am100043q,ACS,,,0.997591208,ACS Applied Materials &amp; Interfaces,1944-8244,2010
2610,Ca8.955Y0.85P7O28Ce0.15Mn0.005,Ca8.955Y0.85P7O28,Ce,3,0.15,Mn,2,0.005,298,366,0.28,0.16,,,,254,,,,1.683947131,48.3,366,https://doi.org/10.1021/am100043q,ACS,,,0.99747445,ACS Applied Materials &amp; Interfaces,1944-8244,2010
2611,Ca8.91Y0.85P7O28Ce0.15Mn0.01,Ca8.91Y0.85P7O28,Ce,3,0.15,Mn,2,0.01,298,366,0.35,0.19,,,,254,,,,1.657055853,45.4,366,https://doi.org/10.1021/am100043q,ACS,,,0.997303036,ACS Applied Materials &amp; Interfaces,1944-8244,2010
2612,Ca8.73Y0.85P7O28Ce0.15Mn0.03,Ca8.73Y0.85P7O28,Ce,3,0.15,Mn,2,0.03,298,650,0.51,0.24,,,,254,,,,1.584331224,38.4,366,https://doi.org/10.1021/am100043q,ACS,,,0.989468684,ACS Applied Materials &amp; Interfaces,1944-8244,2010
2613,Ca8.55Y0.85P7O28Ce0.15Mn0.05,Ca8.55Y0.85P7O28,Ce,3,0.15,Mn,2,0.05,298,650,0.61,0.27,,,,254,,,,1.42975228,26.9,366,https://doi.org/10.1021/am100043q,ACS,,,0.99478766,ACS Applied Materials &amp; Interfaces,1944-8244,2010
2614,Ca8.37Y0.85P7O28Ce0.15Mn0.07,Ca8.37Y0.85P7O28,Ce,3,0.15,Mn,2,0.07,298,650,0.67,0.29,,,,254,,,,1.235528447,17.2,366,https://doi.org/10.1021/am100043q,ACS,,,0.988227121,ACS Applied Materials &amp; Interfaces,1944-8244,2010
2615,Ca8.1Y0.85P7O28Ce0.15Mn0.1,Ca8.1Y0.85P7O28,Ce,3,0.15,Mn,2,0.1,298,650,0.68,0.29,51,31.11,,254,,,,,,,https://doi.org/10.1021/am100043q,ACS,,,1.325300326,ACS Applied Materials &amp; Interfaces,1944-8244,2010
2616,Ca8.91YP7O28Eu0.01,Ca8.91YP7O28,Eu,2,0.01,,,,298,486,0.203,0.335,,,,365,365,,,2.913813852,820,486,https://doi.org/10.1021/am900668r,ACS,,,1.0783627,ACS Applied Materials &amp; Interfaces,1944-8244,2010
2617,Ca8.865YP7O28Eu0.01Mn0.005,Ca8.865YP7O28,Eu,2,0.01,Mn,2,0.005,298,486,0.233,0.342,,,,365,365,,,2.838849091,690,486,https://doi.org/10.1021/am900668r,ACS,,,0.997736256,ACS Applied Materials &amp; Interfaces,1944-8244,2010
2618,Ca8.82YP7O28Eu0.01Mn0.01,Ca8.82YP7O28,Eu,2,0.01,Mn,2,0.01,298,486,0.261,0.334,,,,365,365,,,2.748188027,560,486,https://doi.org/10.1021/am900668r,ACS,,,0.975967353,ACS Applied Materials &amp; Interfaces,1944-8244,2010
2619,Ca8.775YP7O28Eu0.01Mn0.015,Ca8.775YP7O28,Eu,2,0.01,Mn,2,0.015,298,486,0.31,0.33,,,,365,365,,,2.633468456,430,486,https://doi.org/10.1021/am900668r,ACS,,,0.963100268,ACS Applied Materials &amp; Interfaces,1944-8244,2010
2620,Ca8.64YP7O28Eu0.01Mn0.3,Ca8.64YP7O28,Eu,2,0.01,Mn,2,0.3,298,486,0.376,0.305,,,,365,365,,,2.397940009,250,486,https://doi.org/10.1021/am900668r,ACS,,,0.981271113,ACS Applied Materials &amp; Interfaces,1944-8244,2010
2621,Ca8.46YP7O28Eu0.01Mn0.5,Ca8.46YP7O28,Eu,2,0.01,Mn,2,0.5,298,638,0.46,0.29,,,,365,,,,2.255272505,180,,https://doi.org/10.1021/am900668r,ACS,,,0.986098459,ACS Applied Materials &amp; Interfaces,1944-8244,2010
2622,Ca8.01YP7O28Eu0.01Mn0.1,Ca8.01YP7O28,Eu,2,0.01,Mn,2,0.1,298,638,0.597,0.278,,,,365,,,,,,,https://doi.org/10.1021/am900668r,ACS,,,1.291919155,ACS Applied Materials &amp; Interfaces,1944-8244,2010
2623,Ba2TbB2O6Cl,Ba2TbB2O6Cl,,,,,,,298,543,0.296,0.454,,,,377,283,,,6.292256071,1960000,543,https://doi.org/10.1021/ic300401z,ACS,,,1.007181154,Inorganic Chemistry,0020-1669,2012
2624,Ba2Tb0.995B2O6ClEu0.005,Ba2Tb0.995B2O6Cl,Eu,2,0.005,,,,298,594,0.561,0.362,,,,377,,,,5.748188027,560000,543,https://doi.org/10.1021/ic300401z,ACS,,,1.026974456,Inorganic Chemistry,0020-1669,2012
2625,Ba2Tb0.99B2O6ClEu0.01,Ba2Tb0.99B2O6Cl,Eu,2,0.01,,,,298,594,0.584,0.359,,,,377,,,,5.73239376,540000,543,https://doi.org/10.1021/ic300401z,ACS,,,0.984454526,Inorganic Chemistry,0020-1669,2012
2626,Ba2Tb0.98B2O6ClEu0.02,Ba2Tb0.98B2O6Cl,Eu,2,0.02,,,,298,594,0.604,0.364,,,,377,,,,5.72427587,530000,543,https://doi.org/10.1021/ic300401z,ACS,,,1.061596022,Inorganic Chemistry,0020-1669,2012
2627,Ba2Tb0.97B2O6ClEu0.03,Ba2Tb0.97B2O6Cl,Eu,2,0.03,,,,298,594,0.611,0.363,56,,,377,,,,5.681241237,480000,543,https://doi.org/10.1021/ic300401z,ACS,,,1.012991363,Inorganic Chemistry,0020-1669,2012
2628,NaCaLaV2O8Eu0.45,NaCaLaV2O8,Eu,3,0.45,,,,298,613,,,,,483,395,467,395,,5.799340549,630000,613,https://doi.org/10.1111/jace.12152,Wiley,"mp-532028,mp-505741,mp-1182001", icsd-412273,0.967474835,Journal of the American Ceramic Society,0002-7820,2013
2629,NaSrLaV2O8Eu0.45,NaSrLaV2O8,Eu,3,0.45,,,,298,613,,,,,,395,,,,5.716003344,520000,613,https://doi.org/10.1111/jace.12152,Wiley,mp-19386, icsd-73258 icsd-167701,1.057070702,Journal of the American Ceramic Society,0002-7820,2013
2630,NaBaLaV2O8Eu0.45,NaBaLaV2O8,Eu,3,0.45,,,,298,613,,,,,,395,,,,5.69019608,490000,613,https://doi.org/10.1111/jace.12152,Wiley,mp-19365, icsd-78169 icsd-14237 icsd-167695,1.030346377,Journal of the American Ceramic Society,0002-7820,2013
2631,NaCaLaV2O8Eu0.05,NaCaLaV2O8,Eu,3,0.05,,,,298,613,0.662,0.334,,,,395,467,395,,,,613,https://doi.org/10.1111/jace.12152,Wiley,"mp-532028,mp-505741,mp-1182001", icsd-412273,1.030328859,Journal of the American Ceramic Society,0002-7820,2013
2632,LaV2O8Eu0.05,LaV2O8,Eu,3,0.05,,,,298,613,0.647,0.343,,,,395,395,,,,,613,https://doi.org/10.1111/jace.12152,Wiley,,,1.114718469,Journal of the American Ceramic Society,0002-7820,2013
2633,LiScP2O7Cr0.01,LiScP2O7,Cr,3,0.01,,,,298,880,,,53,,361,450,450,,,4.919601024,83100,880,https://doi.org/10.1021/acs.chemmater.9b04934,ACS,mp-10517, icsd-91496,1.062070205,Chemistry of Materials,0897-4756,2020
2634,LiScP2O7Cr0.03,LiScP2O7,Cr,3,0.03,,,,298,880,,,46,,361,450,450,,,4.872738827,74600,880,https://doi.org/10.1021/acs.chemmater.9b04934,ACS,mp-10517, icsd-91496,1.027874595,Chemistry of Materials,0897-4756,2020
2635,LiScP2O7Cr0.05,LiScP2O7,Cr,3,0.05,,,,298,880,,,40.5,,361,450,450,,,4.806179974,64000,880,https://doi.org/10.1021/acs.chemmater.9b04934,ACS,mp-10517, icsd-91496,0.986101989,Chemistry of Materials,0897-4756,2020
2636,LiScP2O7Cr0.06,LiScP2O7,Cr,3,0.06,,,,298,880,,,38,20,361,450,450,650,,4.770852012,59000,880,https://doi.org/10.1021/acs.chemmater.9b04934,ACS,mp-10517, icsd-91496,0.976760037,Chemistry of Materials,0897-4756,2020
2637,LiScP2O7Cr0.07,LiScP2O7,Cr,3,0.07,,,,298,880,,,33.5,,355,450,450,,,4.747411808,55900,880,https://doi.org/10.1021/acs.chemmater.9b04934,ACS,mp-10517, icsd-91496,1.033077598,Chemistry of Materials,0897-4756,2020
2638,LiScP2O7Cr0.09,LiScP2O7,Cr,3,0.09,,,,298,880,,,29.5,,361,450,450,,,4.670245853,46800,880,https://doi.org/10.1021/acs.chemmater.9b04934,ACS,mp-10517, icsd-91496,1.025125963,Chemistry of Materials,0897-4756,2020
2639,LiScP2O7Cr0.06Yb0.003,LiScP2O7,Cr,3,0.06,Yb,3,0.003,298,1001,,,45,24,373,450,450,,,6.381241468,2405700,1001,https://doi.org/10.1021/acs.chemmater.9b04934,ACS,mp-10517, icsd-91496,0.976164654,Chemistry of Materials,0897-4756,2020
2640,LiScP2O7Cr0.06Yb0.003,LiScP2O7,Cr,3,0.06,Yb,3,0.003,348,1001,,,,,,450,,,,6.3545118,2262100,1001,https://doi.org/10.1021/acs.chemmater.9b04934,ACS,mp-10517, icsd-91496,1.004037129,Chemistry of Materials,0897-4756,2020
2641,LiScP2O7Cr0.06Yb0.003,LiScP2O7,Cr,3,0.06,Yb,3,0.003,398,1001,,,,,,450,,,,6.242615958,1748300,1001,https://doi.org/10.1021/acs.chemmater.9b04934,ACS,mp-10517, icsd-91496,1.016007298,Chemistry of Materials,0897-4756,2020
2642,LiScP2O7Cr0.06Yb0.005,LiScP2O7,Cr,3,0.06,Yb,3,0.005,298,1001,,,51,27,383,450,450,,,6.389006518,2449100,1001,https://doi.org/10.1021/acs.chemmater.9b04934,ACS,mp-10517, icsd-91496,1.001223134,Chemistry of Materials,0897-4756,2020
2643,LiScP2O7Cr0.06Yb0.01,LiScP2O7,Cr,3,0.06,Yb,3,0.01,298,1001,,,62,33,398,450,450,,,6.391217483,2461600,1001,https://doi.org/10.1021/acs.chemmater.9b04934,ACS,mp-10517, icsd-91496,0.982520721,Chemistry of Materials,0897-4756,2020
2644,LiScP2O7Cr0.06Yb0.03,LiScP2O7,Cr,3,0.06,Yb,3,0.03,298,1001,,,74,39,418,450,450,,,6.394801777,2482000,1001,https://doi.org/10.1021/acs.chemmater.9b04934,ACS,mp-10517, icsd-91496,1.004405534,Chemistry of Materials,0897-4756,2020
2645,LiScP2O7Cr0.06Yb0.05,LiScP2O7,Cr,3,0.06,Yb,3,0.05,298,1001,,,73,38,418,450,450,,,6.396966098,2494400,1001,https://doi.org/10.1021/acs.chemmater.9b04934,ACS,mp-10517, icsd-91496,0.99697341,Chemistry of Materials,0897-4756,2020
2646,La2Mg0.99Zr0.99O6Cr0.02,La2Mg0.99Zr0.99O6,Cr,3,0.02,,,,298,825,,,58,,400,460,460,,,,,825,https://doi.org/10.1021/acs.chemmater.9b01587,ACS,mp-1223208,,1.653631798,Chemistry of Materials,0897-4756,2019
2647,Ga1.97O3Cr0.03,Ga1.97O3,Cr,3,0.03,,,,298,710,,,92.5,,493,450,437,297,605,5.361916619,230100,713,https://doi.org/10.1021/acsami.1c05949,ACS,"mp-886,mp-1243,mp-1244900,mp-1245167,mp-1244938,mp-1245018,mp-1244932,mp-685090,mp-13134", icsd-603563 icsd-184327 icsd-166198 icsd-34243 icsd-83645 icsd-33644 icsd-635016 icsd-166199 icsd-27431 icsd-162252,1.051361029,ACS Applied Materials &amp; Interfaces,1944-8244,2021
2648,Ga1.87In0.1O3Cr0.03,Ga1.87In0.1O3,Cr,3,0.03,,,,298,760,,,90.9,,,450,437,,,5.086359831,122000,713,https://doi.org/10.1021/acsami.1c05949,ACS,"mp-886,mp-1243,mp-1244900,mp-1245167,mp-1244938,mp-1245018,mp-1244932,mp-685090,mp-13134", icsd-603563 icsd-184327 icsd-166198 icsd-34243 icsd-83645 icsd-33644 icsd-635016 icsd-166199 icsd-27431 icsd-162252,1.111672283,ACS Applied Materials &amp; Interfaces,1944-8244,2021
2649,Ga1.77In0.2O3Cr0.03,Ga1.77In0.2O3,Cr,3,0.03,,,,298,780,,,89.3,,473,450,437,,,4.929418926,85000,713,https://doi.org/10.1021/acsami.1c05949,ACS,"mp-886,mp-1243,mp-1244900,mp-1245167,mp-1244938,mp-1245018,mp-1244932,mp-685090,mp-13134", icsd-603563 icsd-184327 icsd-166198 icsd-34243 icsd-83645 icsd-33644 icsd-635016 icsd-166199 icsd-27431 icsd-162252,1.062539513,ACS Applied Materials &amp; Interfaces,1944-8244,2021
2650,Ga1.67In0.3O3Cr0.03,Ga1.67In0.3O3,Cr,3,0.03,,,,298,790,,,92.2,,,450,437,,,4.826074803,67000,713,https://doi.org/10.1021/acsami.1c05949,ACS,"mp-886,mp-1243,mp-1244900,mp-1245167,mp-1244938,mp-1245018,mp-1244932,mp-685090,mp-13134", icsd-603563 icsd-184327 icsd-166198 icsd-34243 icsd-83645 icsd-33644 icsd-635016 icsd-166199 icsd-27431 icsd-162252,0.988680589,ACS Applied Materials &amp; Interfaces,1944-8244,2021
2651,Ga1.57In0.4O3Cr0.03,Ga1.57In0.4O3,Cr,3,0.03,,,,298,805,,,87.9,,453,450,437,,,4.807535028,64200,713,https://doi.org/10.1021/acsami.1c05949,ACS,"mp-886,mp-1243,mp-1244900,mp-1245167,mp-1244938,mp-1245018,mp-1244932,mp-685090,mp-13134", icsd-603563 icsd-184327 icsd-166198 icsd-34243 icsd-83645 icsd-33644 icsd-635016 icsd-166199 icsd-27431 icsd-162252,0.987398796,ACS Applied Materials &amp; Interfaces,1944-8244,2021
2652,Ga1.47In0.5O3Cr0.03,Ga1.47In0.5O3,Cr,3,0.03,,,,298,820,,,71.9,,,450,437,,,4.761927838,57800,713,https://doi.org/10.1021/acsami.1c05949,ACS,"mp-886,mp-1243,mp-1244900,mp-1245167,mp-1244938,mp-1245018,mp-1244932,mp-685090,mp-13134", icsd-603563 icsd-184327 icsd-166198 icsd-34243 icsd-83645 icsd-33644 icsd-635016 icsd-166199 icsd-27431 icsd-162252,1.002141155,ACS Applied Materials &amp; Interfaces,1944-8244,2021
2653,LiScGeO4Cr0.005,LiScGeO4,Cr,3,0.005,,,,298,1120,,,,,,476,476,742,316,4.045322979,11100,1120,https://doi.org/10.1021/acsami.1c10490,ACS,mp-504948, icsd-62481,1.051437186,ACS Applied Materials &amp; Interfaces,1944-8244,2021
2654,LiScGeO4Cr0.01,LiScGeO4,Cr,3,0.01,,,,298,1120,,,26,,348,476,476,742,316,4.013258665,10310,1120,https://doi.org/10.1021/acsami.1c10490,ACS,mp-504948, icsd-62481,1.025599797,ACS Applied Materials &amp; Interfaces,1944-8244,2021
2655,LiScGeO4Cr0.01,LiScGeO4,Cr,3,0.01,,,,333,1120,,,,,,476,476,742,316,3.877371346,7540,1120,https://doi.org/10.1021/acsami.1c10490,ACS,mp-504948, icsd-62481,1.019997029,ACS Applied Materials &amp; Interfaces,1944-8244,2021
2656,LiScGeO4Cr0.01,LiScGeO4,Cr,3,0.01,,,,363,1120,,,,,,476,476,742,316,3.705007959,5070,1120,https://doi.org/10.1021/acsami.1c10490,ACS,mp-504948, icsd-62481,0.982360184,ACS Applied Materials &amp; Interfaces,1944-8244,2021
2657,LiScGeO4Cr0.01,LiScGeO4,Cr,3,0.01,,,,393,1120,,,,,,476,476,742,316,3.547774705,3530,1120,https://doi.org/10.1021/acsami.1c10490,ACS,mp-504948, icsd-62481,1.221948626,ACS Applied Materials &amp; Interfaces,1944-8244,2021
2658,LiScGeO4Cr0.01,LiScGeO4,Cr,3,0.01,,,,423,1120,,,,,,476,476,742,316,3.361727836,2300,1120,https://doi.org/10.1021/acsami.1c10490,ACS,mp-504948, icsd-62481,1.789847271,ACS Applied Materials &amp; Interfaces,1944-8244,2021
2659,LiScGeO4Cr0.01,LiScGeO4,Cr,3,0.01,,,,453,1120,,,,,,476,476,742,316,3.181843588,1520,1120,https://doi.org/10.1021/acsami.1c10490,ACS,mp-504948, icsd-62481,1.772981425,ACS Applied Materials &amp; Interfaces,1944-8244,2021
2660,LiScGeO4Cr0.01,LiScGeO4,Cr,3,0.01,,,,483,1120,,,,,,476,476,742,316,2.991226076,980,1120,https://doi.org/10.1021/acsami.1c10490,ACS,mp-504948, icsd-62481,2.028454902,ACS Applied Materials &amp; Interfaces,1944-8244,2021
2661,LiScGeO4Cr0.02,LiScGeO4,Cr,3,0.02,,,,298,1120,,,,,,476,476,742,316,3.961895474,9160,1120,https://doi.org/10.1021/acsami.1c10490,ACS,mp-504948, icsd-62481,1.026235377,ACS Applied Materials &amp; Interfaces,1944-8244,2021
2662,LiScGeO4Cr0.03,LiScGeO4,Cr,3,0.03,,,,298,1120,,,,,,476,476,742,316,3.913813852,8200,1120,https://doi.org/10.1021/acsami.1c10490,ACS,mp-504948, icsd-62481,1.035536302,ACS Applied Materials &amp; Interfaces,1944-8244,2021
2663,LiScGeO4Cr0.05,LiScGeO4,Cr,3,0.05,,,,298,1120,,,,,,476,476,742,316,3.904715545,8030,1120,https://doi.org/10.1021/acsami.1c10490,ACS,mp-504948, icsd-62481,1.031938035,ACS Applied Materials &amp; Interfaces,1944-8244,2021
2664,K2NaSc0.9F6Cr0.1,K2NaSc0.9F6,Cr,3,0.1,,,,298,765,,,74,,500,435,435,,,,,765,https://doi.org/10.1002/lpor.202000410,ACS,mp-6058, icsd-22112 icsd-65730,1.521578988,Laser and Photonics Reviews,1863-8880,2020
2665,Gd2MgTiO6Bi0.002Cr0.001,Gd2MgTiO6,Bi,3,0.002,Cr,3,0.001,298,737,,,19.1,,463,375,375,,,,,737,https://doi.org/10.1111/jace.18011,Wiley,,,1.25056151,Journal of the American Ceramic Society,0002-7820,2021
2666,Gd2MgTiO6Cr0.001,Gd2MgTiO6,Cr,3,0.001,,,,298,737,,,,,463,340,340,,,,,737,https://doi.org/10.1111/jace.18011,Wiley,,,1.265556022,Journal of the American Ceramic Society,0002-7820,2021
2667,Ca4P2O9Ce0.02,Ca4P2O9,Ce,3,0.02,,,,298,460,0.165,0.188,,,530,380,380,,,1.777426822,59.9,460,https://doi.org/10.1039/C5DT01018G,RSC,mp-5263, icsd-291496 icsd-2631 icsd-160461,1.271999502,Dalton Transactions,1477-9226,2015
2668,Ca4P2O9Ce0.02Eu0.002,Ca4P2O9,Ce,3,0.02,Eu,2,0.002,298,460,,,,,,380,,,,1.625312451,42.2,460,https://doi.org/10.1039/C5DT01018G,RSC,mp-5263, icsd-291496 icsd-2631 icsd-160461,1.029964732,Dalton Transactions,1477-9226,2015
2669,Ca4P2O9Ce0.02Eu0.004,Ca4P2O9,Ce,3,0.02,Eu,2,0.004,298,460,,,,,,380,,,,1.544068044,35,460,https://doi.org/10.1039/C5DT01018G,RSC,mp-5263, icsd-291496 icsd-2631 icsd-160461,1.029668974,Dalton Transactions,1477-9226,2015
2670,Ca4P2O9Ce0.02Eu0.006,Ca4P2O9,Ce,3,0.02,Eu,2,0.006,298,460,,,,,,380,,,,1.385606274,24.3,460,https://doi.org/10.1039/C5DT01018G,RSC,mp-5263, icsd-291496 icsd-2631 icsd-160461,1.029845066,Dalton Transactions,1477-9226,2015
2671,Ca4P2O9Ce0.02Eu0.008,Ca4P2O9,Ce,3,0.02,Eu,2,0.008,298,460,,,,,,380,,,,1.305351369,20.2,460,https://doi.org/10.1039/C5DT01018G,RSC,mp-5263, icsd-291496 icsd-2631 icsd-160461,1.030177124,Dalton Transactions,1477-9226,2015
2672,Ca4P2O9Ce0.02Eu0.01,Ca4P2O9,Ce,3,0.02,Eu,2,0.01,298,650,0.332,0.3,,,,380,,,,1.255272505,18,460,https://doi.org/10.1039/C5DT01018G,RSC,mp-5263, icsd-291496 icsd-2631 icsd-160461,1.034167711,Dalton Transactions,1477-9226,2015
2673,Ca4P2O9Ce0.02Eu0.012,Ca4P2O9,Ce,3,0.02,Eu,2,0.012,298,650,0.375,0.325,,,,380,,,,1.181843588,15.2,460,https://doi.org/10.1039/C5DT01018G,RSC,mp-5263, icsd-291496 icsd-2631 icsd-160461,1.034683163,Dalton Transactions,1477-9226,2015
2674,Ca4P2O9Ce0.02Eu0.012,Ca4P2O9,Ce,3,0.02,Eu,2,0.012,333,460,0.355,0.32,,,,380,,,,,,,https://doi.org/10.1039/C5DT01018G,RSC,mp-5263, icsd-291496 icsd-2631 icsd-160461,1.038613938,Dalton Transactions,1477-9226,2015
2675,Ca4P2O9Ce0.02Eu0.012,Ca4P2O9,Ce,3,0.02,Eu,2,0.012,373,460,0.347,0.315,,,,380,,,,,,,https://doi.org/10.1039/C5DT01018G,RSC,mp-5263, icsd-291496 icsd-2631 icsd-160461,1.041295543,Dalton Transactions,1477-9226,2015
2676,Ca4P2O9Ce0.02Eu0.012,Ca4P2O9,Ce,3,0.02,Eu,2,0.012,413,460,0.34,0.309,,,,380,,,,,,,https://doi.org/10.1039/C5DT01018G,RSC,mp-5263, icsd-291496 icsd-2631 icsd-160461,1.050060879,Dalton Transactions,1477-9226,2015
2677,Ca4P2O9Ce0.02Eu0.026,Ca4P2O9,Ce,3,0.02,Eu,2,0.026,298,650,0.519,0.366,,,,380,,,,,,460,https://doi.org/10.1039/C5DT01018G,RSC,mp-5263, icsd-291496 icsd-2631 icsd-160461,1.132831613,Dalton Transactions,1477-9226,2015
2678,Ca4P2O9Eu0.012,Ca4P2O9,Eu,2,0.012,,,,298,650,,,,,350,460,460,,,,,650,https://doi.org/10.1039/C5DT01018G,RSC,mp-5263, icsd-291496 icsd-2631 icsd-160461,1.154012338,Dalton Transactions,1477-9226,2015
2679,Ca1.97PO4ClCe0.03,Ca1.97PO4Cl,Ce,3,0.03,,,,298,367,,,,,,334,334,,,1.723947976,52.96,367,https://doi.org/10.1039/C4RA03087G,RSC,mp-554081, icsd-15316,1.094638995,RSC Advances,2046-2069,2014
2680,Ca1.965PO4ClCe0.03Eu0.005,Ca1.965PO4Cl,Ce,3,0.03,Eu,2,0.005,298,367,,,,,,334,,,,1.640382045,43.69,367,https://doi.org/10.1039/C4RA03087G,RSC,mp-554081, icsd-15316,1.020411158,RSC Advances,2046-2069,2014
2681,Ca1.96PO4ClCe0.03Eu0.01,Ca1.96PO4Cl,Ce,3,0.03,Eu,2,0.01,298,450,,,,,,334,,,,1.550350672,35.51,367,https://doi.org/10.1039/C4RA03087G,RSC,mp-554081, icsd-15316,1.011872251,RSC Advances,2046-2069,2014
2682,Ca1.95PO4ClCe0.03Eu0.02,Ca1.95PO4Cl,Ce,3,0.03,Eu,2,0.02,298,450,,,,,,334,,,,1.472463897,29.68,367,https://doi.org/10.1039/C4RA03087G,RSC,mp-554081, icsd-15316,1.011872251,RSC Advances,2046-2069,2014
2683,Ca1.94PO4ClCe0.03Eu0.03,Ca1.94PO4Cl,Ce,3,0.03,Eu,2,0.03,298,450,,,,,,334,,,,1.37821615,23.89,367,https://doi.org/10.1039/C4RA03087G,RSC,mp-554081, icsd-15316,1.011872251,RSC Advances,2046-2069,2014
2684,Ca1.93PO4ClCe0.03Eu0.04,Ca1.93PO4Cl,Ce,3,0.03,Eu,2,0.04,298,450,,,,,,334,,,,1.254789687,17.98,367,https://doi.org/10.1039/C4RA03087G,RSC,mp-554081, icsd-15316,1.011872251,RSC Advances,2046-2069,2014
2685,Ca1.92PO4ClCe0.03Eu0.05,Ca1.92PO4Cl,Ce,3,0.03,Eu,2,0.05,298,450,,,,,,334,,,,1.173477643,14.91,367,https://doi.org/10.1039/C4RA03087G,RSC,mp-554081, icsd-15316,1.011872251,RSC Advances,2046-2069,2014
2686,Ca1.9PO4ClCe0.03Eu0.07,Ca1.9PO4Cl,Ce,3,0.03,Eu,2,0.07,298,450,0.1454,0.0448,,,,334,,,,1.000867722,10.02,367,https://doi.org/10.1039/C4RA03087G,RSC,mp-554081, icsd-15316,1.011872251,RSC Advances,2046-2069,2014
2687,Ca1.87PO4ClCe0.03Eu0.1,Ca1.87PO4Cl,Ce,3,0.03,Eu,2,0.1,298,450,,,,,,334,,,,0.836956737,6.87,367,https://doi.org/10.1039/C4RA03087G,RSC,mp-554081, icsd-15316,1.011872251,RSC Advances,2046-2069,2014
2688,Sr3Al2O5Cl2Ce0.01,Sr3Al2O5Cl2,Ce,3,0.01,,,,298,444,0.16,0.14,,,,330,330,215,,1.746634199,55.8,444,https://doi.org/10.1063/1.3094753,AIP,mp-559224, icsd-68365,1.111082018,Applied Physics Letters,0003-6951,2009
2689,Sr3Al2O5Cl2Ce0.01Eu0.0025,Sr3Al2O5Cl2,Ce,3,0.01,Eu,2,0.0025,298,444,,,,,,330,330,215,,1.702430536,50.4,444,https://doi.org/10.1063/1.3094753,AIP,mp-559224, icsd-68365,1.132951606,Applied Physics Letters,0003-6951,2009
2690,Sr3Al2O5Cl2Ce0.01Eu0.003,Sr3Al2O5Cl2,Ce,3,0.01,Eu,2,0.003,298,444,0.35,0.32,,,,330,330,,,,,444,https://doi.org/10.1063/1.3094753,AIP,mp-559224, icsd-68365,1.397924856,Applied Physics Letters,0003-6951,2009
2691,Sr3Al2O5Cl2Ce0.01Eu0.005,Sr3Al2O5Cl2,Ce,3,0.01,Eu,2,0.005,298,609,,,,,,330,215,330,,1.621176282,41.8,444,https://doi.org/10.1063/1.3094753,AIP,mp-559224, icsd-68365,1.19083253,Applied Physics Letters,0003-6951,2009
2692,Sr3Al2O5Cl2Ce0.01Eu0.0075,Sr3Al2O5Cl2,Ce,3,0.01,Eu,2,0.0075,298,609,,,,,,330,215,330,,1.591064607,39,444,https://doi.org/10.1063/1.3094753,AIP,mp-559224, icsd-68365,1.190494061,Applied Physics Letters,0003-6951,2009
2693,Sr3Al2O5Cl2Ce0.01Eu0.01,Sr3Al2O5Cl2,Ce,3,0.01,Eu,2,0.01,298,609,,,,,,330,215,330,,1.584331224,38.4,444,https://doi.org/10.1063/1.3094753,AIP,mp-559224, icsd-68365,1.190181263,Applied Physics Letters,0003-6951,2009
2694,Sr3Al2O5Cl2Eu0.04,Sr3Al2O5Cl2,Eu,2,0.04,,,,298,609,0.52,0.46,,,,350,350,,,,,609,https://doi.org/10.1063/1.3094753,AIP,mp-559224, icsd-68365,1.03540715,Applied Physics Letters,0003-6951,2009
2709,La2.9NbO7Sm0.1,La2.9NbO7,Sm,3,0.1,,,,298,648,0.54,0.443,,,,250,250,,,,,648,https://doi.org/10.1111/jace.17805,Wiley,"mp-560349,mp-12287", icsd-79481 icsd-190728 icsd-10058,1.226057422,Journal of the American Ceramic Society,0002-7820,2021
2710,La2.9NbO7Sm0.1,La2.9NbO7,Sm,3,0.1,,,,298,648,0.609,0.387,,,,405,250,,,,,648,https://doi.org/10.1111/jace.17805,Wiley,"mp-560349,mp-12287", icsd-79481 icsd-190728 icsd-10058,1.187500316,Journal of the American Ceramic Society,0002-7820,2021
2711,LaMgGa10.995O19Cr0.005,LaMgGa10.995O19,Cr,3,0.005,,,,298,712,,,,,520,410,,,,6.640481437,4370000,712,https://doi.org/10.1039/D0QI00063A,RSC,,,1.156486104,Inorganic Chemistry Frontiers,2052-1553,2020
2712,LaMgGa10.99O19Cr0.01,LaMgGa10.99O19,Cr,3,0.01,,,,298,712,,,,,,410,,,,6.630427875,4270000,712,https://doi.org/10.1039/D0QI00063A,RSC,,,1.436037466,Inorganic Chemistry Frontiers,2052-1553,2020
2713,LaMgGa10.98O19Cr0.02,LaMgGa10.98O19,Cr,3,0.02,,,,298,712,,,,,,410,,,,6.598790507,3970000,712,https://doi.org/10.1039/D0QI00063A,RSC,,,1.923308911,Inorganic Chemistry Frontiers,2052-1553,2020
2714,LaMgGa10.95O19Cr0.05,LaMgGa10.95O19,Cr,3,0.05,,,,298,712,,,83.8,33.5,,410,,,,6.5289167,3380000,712,https://doi.org/10.1039/D0QI00063A,RSC,,,1.876037502,Inorganic Chemistry Frontiers,2052-1553,2020
2715,LaMgGa10.9O19Cr0.1,LaMgGa10.9O19,Cr,3,0.1,,,,298,712,,,,,,410,,,,6.480006943,3020000,712,https://doi.org/10.1039/D0QI00063A,RSC,,,1.038280655,Inorganic Chemistry Frontiers,2052-1553,2020
2716,LaMgGa10.8O19Cr0.2,LaMgGa10.8O19,Cr,3,0.2,,,,298,770,,,82.6,44.5,560,410,,,,6.161368002,1450000,770,https://doi.org/10.1039/D0QI00063A,RSC,,,0.973633392,Inorganic Chemistry Frontiers,2052-1553,2020
2717,Sc0.99BO3Cr0.01,Sc0.99BO3,Cr,3,0.01,,,,298,800,,,,,,450,460,645,,5.021189299,105000,800,https://doi.org/10.1039/C8RA01084F,RSC,mp-8697, icsd-65010 icsd-195099,0.981483308,RSC Advances,2046-2069,2018
2718,Sc0.98BO3Cr0.02,Sc0.98BO3,Cr,3,0.02,,,,298,800,,,65,,423,450,460,645,,4.973127854,94000,800,https://doi.org/10.1039/C8RA01084F,RSC,mp-8697, icsd-65010 icsd-195099,0.990641922,RSC Advances,2046-2069,2018
2719,Sc0.97BO3Cr0.03,Sc0.97BO3,Cr,3,0.03,,,,298,800,,,,,,450,460,645,,4.919078092,83000,800,https://doi.org/10.1039/C8RA01084F,RSC,mp-8697, icsd-65010 icsd-195099,1.062536254,RSC Advances,2046-2069,2018
2720,Sc0.95BO3Cr0.05,Sc0.95BO3,Cr,3,0.05,,,,298,800,,,,,,450,460,645,,4.826074803,67000,800,https://doi.org/10.1039/C8RA01084F,RSC,mp-8697, icsd-65010 icsd-195099,0.988546982,RSC Advances,2046-2069,2018
2721,Sc0.92BO3Cr0.08,Sc0.92BO3,Cr,3,0.08,,,,298,800,,,,,,450,460,645,,4.612783857,41000,800,https://doi.org/10.1039/C8RA01084F,RSC,mp-8697, icsd-65010 icsd-195099,1.032776243,RSC Advances,2046-2069,2018
2722,Ca2YSb0.999O6Mn0.001,Ca2YSb0.999O6,Mn,4,0.001,,,,298,680,,,,,,340,340,,,5.387389826,244000,680,https://doi.org/10.1039/C8DT00992A,RSC,,,1.098303403,Dalton Transactions,1477-9226,2018
2723,Ca2YSb0.997O6Mn0.003,Ca2YSb0.997O6,Mn,4,0.003,,,,298,680,,,,,,340,340,,,5.350248018,224000,680,https://doi.org/10.1039/C8DT00992A,RSC,,,1.045947705,Dalton Transactions,1477-9226,2018
2724,Ca2YSb0.997O6Mn0.003,Ca2YSb0.997O6,Mn,4,0.003,,,,298,680,,,62.6,,,365,,,,,,,https://doi.org/10.1039/C8DT00992A,RSC,,,1.024944521,Dalton Transactions,1477-9226,2018
2725,Ca2YSb0.997O6Mn0.003,Ca2YSb0.997O6,Mn,4,0.003,,,,298,680,,,19.72,,405,470,,,,,,,https://doi.org/10.1039/C8DT00992A,RSC,,,1.143129013,Dalton Transactions,1477-9226,2018
2726,Ca2YSb0.995O6Mn0.005,Ca2YSb0.995O6,Mn,4,0.005,,,,298,680,,,,,,340,340,,,5.285557309,193000,680,https://doi.org/10.1039/C8DT00992A,RSC,,,0.983394785,Dalton Transactions,1477-9226,2018
2727,Ca2YSb0.99O6Mn0.01,Ca2YSb0.99O6,Mn,4,0.01,,,,298,680,,,,,,340,340,,,5.23299611,171000,680,https://doi.org/10.1039/C8DT00992A,RSC,,,1.002227453,Dalton Transactions,1477-9226,2018
2728,Ca2YSb0.985O6Mn0.015,Ca2YSb0.985O6,Mn,4,0.015,,,,298,680,,,,,,340,340,,,5.167317335,147000,680,https://doi.org/10.1039/C8DT00992A,RSC,,,1.021130737,Dalton Transactions,1477-9226,2018
2729,Ca2YSb0.98O6Mn0.02,Ca2YSb0.98O6,Mn,4,0.02,,,,298,680,,,,,,340,340,,,4.977723605,95000,680,https://doi.org/10.1039/C8DT00992A,RSC,,,0.993489428,Dalton Transactions,1477-9226,2018
2730,Ca2YSb0.997O6Li0.003Mn0.003,Ca2YSb0.997O6Li0.003,Mn,4,0.003,,,,298,680,,,,,,340,340,,,5.459392488,288000,680,https://doi.org/10.1039/C8DT00992A,RSC,,,1.011773942,Dalton Transactions,1477-9226,2018
2731,Ca2YSb0.997O6Mg0.003Mn0.003,Ca2YSb0.997O6Mg0.003,Mn,4,0.003,,,,298,680,,,,,,340,340,,,5.444044796,278000,680,https://doi.org/10.1039/C8DT00992A,RSC,,,0.984033247,Dalton Transactions,1477-9226,2018
2732,Ca2YSb0.997O6Na0.003Mn0.003,Ca2YSb0.997O6Na0.003,Mn,4,0.003,,,,298,680,,,,,,340,340,,,5.424881637,266000,680,https://doi.org/10.1039/C8DT00992A,RSC,,,1.038383998,Dalton Transactions,1477-9226,2018
2733,Ca2YSb0.997O6K0.003Mn0.003,Ca2YSb0.997O6K0.003,Mn,4,0.003,,,,298,680,,,,,,340,340,,,5.411619706,258000,680,https://doi.org/10.1039/C8DT00992A,RSC,,,1.050946153,Dalton Transactions,1477-9226,2018
2734,KCaYP2O8Eu0.01,KCaYP2O8,Eu,2,0.01,,,,298,469,0.1853,0.2627,35.8,21.4,,380,380,,,2.662757832,460,469,https://doi.org/10.1021/ic3007102,ACS,,,0.969251858,Inorganic Chemistry,0020-1669,2012
2735,KCaYP2O8Eu0.01Mn0.01,KCaYP2O8,Eu,2,0.01,Mn,2,0.01,298,469,0.2107,0.2796,,,,380,380,,,,,469,https://doi.org/10.1021/ic3007102,ACS,,,1.066239403,Inorganic Chemistry,0020-1669,2012
2736,KCaYP2O8Eu0.01Mn0.02,KCaYP2O8,Eu,2,0.01,Mn,2,0.02,298,469,0.2399,0.3032,,,,380,380,,,2.653212514,450,469,https://doi.org/10.1021/ic3007102,ACS,,,0.990574172,Inorganic Chemistry,0020-1669,2012
2737,KCaYP2O8Eu0.01Mn0.04,KCaYP2O8,Eu,2,0.01,Mn,2,0.04,298,469,0.3001,0.3102,,,,380,380,,,2.633468456,430,469,https://doi.org/10.1021/ic3007102,ACS,,,0.987248558,Inorganic Chemistry,0020-1669,2012
2738,KCaYP2O8Eu0.01Mn0.05,KCaYP2O8,Eu,2,0.01,Mn,2,0.05,298,469,0.335,0.3203,,,603,380,380,,,2.591064607,390,469,https://doi.org/10.1021/ic3007102,ACS,,,0.995494064,Inorganic Chemistry,0020-1669,2012
2739,KCaYP2O8Eu0.01Mn0.07,KCaYP2O8,Eu,2,0.01,Mn,2,0.07,298,655,0.381,0.2951,,,,380,380,,,2.322219295,210,469,https://doi.org/10.1021/ic3007102,ACS,,,1.085320017,Inorganic Chemistry,0020-1669,2012
2740,KCaYP2O8Eu0.01Mn0.1,KCaYP2O8,Eu,2,0.01,Mn,2,0.1,298,655,0.3919,0.2867,,,,380,380,,,2.255272505,180,469,https://doi.org/10.1021/ic3007102,ACS,,,1.069664009,Inorganic Chemistry,0020-1669,2012
2741,Y1.98SiO5Ce0.01,Y1.98SiO5,Ce,3,0.01,,,,298,423,0.177,0.122,,,,355,355,,,1.369401414,23.41,423,https://doi.org/10.1021/jp412702g,ACS,"mp-3520,mp-554420", icsd-291362 icsd-28021 icsd-27003 icsd-291358 icsd-51591 icsd-153076,1.283748689,Journal of Physical Chemistry C,1932-7447,2014
2742,Y1.96SiO5Ce0.01Tb0.01,Y1.96SiO5,Ce,3,0.01,Tb,3,0.01,298,545,0.223,0.252,,,,355,355,,,1.323664536,21.07,423,https://doi.org/10.1021/jp412702g,ACS,"mp-3520,mp-554420", icsd-291362 icsd-28021 icsd-27003 icsd-291358 icsd-51591 icsd-153076,1.10942048,Journal of Physical Chemistry C,1932-7447,2014
2743,Y1.92SiO5Ce0.01Tb0.03,Y1.92SiO5,Ce,3,0.01,Tb,3,0.03,298,545,0.257,0.333,,,,355,355,,,1.271144318,18.67,423,https://doi.org/10.1021/jp412702g,ACS,"mp-3520,mp-554420", icsd-291362 icsd-28021 icsd-27003 icsd-291358 icsd-51591 icsd-153076,1.109819605,Journal of Physical Chemistry C,1932-7447,2014
2744,Y1.8SiO5Ce0.01Tb0.09,Y1.8SiO5,Ce,3,0.01,Tb,3,0.09,298,545,0.312,0.462,,,,355,355,,,1.243286146,17.51,423,https://doi.org/10.1021/jp412702g,ACS,"mp-3520,mp-554420", icsd-291362 icsd-28021 icsd-27003 icsd-291358 icsd-51591 icsd-153076,1.034958613,Journal of Physical Chemistry C,1932-7447,2014
2745,Y1.68SiO5Ce0.01Tb0.15,Y1.68SiO5,Ce,3,0.01,Tb,3,0.15,298,545,0.335,0.508,,,,355,355,,,1.232487866,17.08,423,https://doi.org/10.1021/jp412702g,ACS,"mp-3520,mp-554420", icsd-291362 icsd-28021 icsd-27003 icsd-291358 icsd-51591 icsd-153076,1.089740487,Journal of Physical Chemistry C,1932-7447,2014
2746,Y1.38SiO5Ce0.01Tb0.3,Y1.38SiO5,Ce,3,0.01,Tb,3,0.3,298,545,0.374,0.508,,,,355,355,,,1.21031852,16.23,423,https://doi.org/10.1021/jp412702g,ACS,"mp-3520,mp-554420", icsd-291362 icsd-28021 icsd-27003 icsd-291358 icsd-51591 icsd-153076,1.063543892,Journal of Physical Chemistry C,1932-7447,2014
2747,Y0.98SiO5Ce0.01Tb0.5,Y0.98SiO5,Ce,3,0.01,Tb,3,0.5,298,545,0.385,0.501,,,,355,355,,,6.194791758,1566000,545,https://doi.org/10.1021/jp412702g,ACS,"mp-3520,mp-554420", icsd-291362 icsd-28021 icsd-27003 icsd-291358 icsd-51591 icsd-153076,1.092997969,Journal of Physical Chemistry C,1932-7447,2014
2755,MgY4Si3O13Eu0.03,MgY4Si3O13,Eu,3,0.03,,,,298,395,0.635,0.364,,,,355,355,,,1.467711673,29.357,395,https://doi.org/10.1016/j.ceramint.2017.09.005,ESV,,,1.098647761,Ceramics International,0272-8842,2017
2756,MgY4Si3O13Tb0.1,MgY4Si3O13,Tb,3,0.1,,,,298,544,0.275,0.484,,,,237,237,,,,,544,https://doi.org/10.1016/j.ceramint.2017.09.005,ESV,,,1.091274726,Ceramics International,0272-8842,2017
2757,MgY4Si3O13Ce0.01,MgY4Si3O13,Ce,3,0.01,,,,298,616,0.17,0.069,,,,262,262,,,,,616,https://doi.org/10.1016/j.ceramint.2017.09.005,ESV,,,1.06693167,Ceramics International,0272-8842,2017
2758,MgY4Si3O13Ce0.01Tb0.03,MgY4Si3O13,Ce,3,0.01,Tb,3,0.03,298,544,0.189,0.195,,,,320,,,,1.461258353,28.924,395,https://doi.org/10.1016/j.ceramint.2017.09.005,ESV,,,0.983548034,Ceramics International,0272-8842,2017
2759,MgY4Si3O13Ce0.01Tb0.1,MgY4Si3O13,Ce,3,0.01,Tb,3,0.1,298,544,0.208,0.257,,,,320,,,,1.442777558,27.719,395,https://doi.org/10.1016/j.ceramint.2017.09.005,ESV,,,0.983412274,Ceramics International,0272-8842,2017
2760,MgY4Si3O13Ce0.01Tb0.14,MgY4Si3O13,Ce,3,0.01,Tb,3,0.14,298,544,0.226,0.317,,,,320,,,,1.427356256,26.752,395,https://doi.org/10.1016/j.ceramint.2017.09.005,ESV,,,0.983947569,Ceramics International,0272-8842,2017
2761,MgY4Si3O13Ce0.01Tb0.25,MgY4Si3O13,Ce,3,0.01,Tb,3,0.25,298,544,0.246,0.382,,,,320,,,,1.387834572,24.425,395,https://doi.org/10.1016/j.ceramint.2017.09.005,ESV,,,0.988275428,Ceramics International,0272-8842,2017
2762,MgY4Si3O13Ce0.01Tb0.3,MgY4Si3O13,Ce,3,0.01,Tb,3,0.3,298,544,0.257,0.416,,,,320,,,,1.386409779,24.345,395,https://doi.org/10.1016/j.ceramint.2017.09.005,ESV,,,0.988291642,Ceramics International,0272-8842,2017
2768,Ba0.95TiO3Eu0.05,Ba0.95TiO3,Eu,3,0.05,,,,298,615,0.61,0.38,,,,397,397,,,,,615,https://doi.org/10.1016/j.ceramint.2017.07.069,ESV,"mp-5020,mp-5777,mp-5986,mp-558125,mp-5933,mp-2998,mp-644497,mp-1076932,mp-995191,mp-19990,mp-504715", icsd-186463 icsd-73628 icsd-73634 icsd-73629 icsd-186461 icsd-73636 icsd-73633 icsd-73631 icsd-73635 icsd-100464 icsd-100463 icsd-186462 icsd-6102 icsd-73632 icsd-73630 icsd-31155 icsd-237109 icsd-73641 icsd-237106 icsd-73639 icsd-73640 icsd-73638 icsd-73637 icsd-186460 icsd-161340 icsd-161418 icsd-237107 icsd-30617 icsd-23758 icsd-245946 icsd-237105 icsd-185407 icsd-154345 icsd-73645 icsd-183932 icsd-186457 icsd-100801 icsd-189381 icsd-188644 icsd-100803 icsd-157806 icsd-73644 icsd-154343 icsd-164388 icsd-245944 icsd-186458 icsd-73646 icsd-100799 icsd-73643 icsd-237108 icsd-168763 icsd-100800 icsd-73642 icsd-15453 icsd-99737 icsd-100802 icsd-192889 icsd-245945 icsd-34637 icsd-130020 icsd-23759 icsd-67520 icsd-164385 icsd-31153 icsd-190835 icsd-186459 icsd-290023 icsd-95436 icsd-164387 icsd-248395 icsd-252558 icsd-55221 icsd-75240 icsd-164386 icsd-34619 icsd-186528 icsd-28851 icsd-27971 icsd-56093 icsd-187292 icsd-290019 icsd-187291 icsd-28854 icsd-29280 icsd-29146 icsd-28849 icsd-190924 icsd-99736 icsd-31890 icsd-27970 icsd-27975 icsd-27965 icsd-31885 icsd-27974 icsd-31884 icsd-31886 icsd-31889 icsd-27968 icsd-29147 icsd-31888 icsd-29148 icsd-28853 icsd-28848 icsd-28850 icsd-166225 icsd-95437 icsd-186437 icsd-28620 icsd-27966 icsd-43125 icsd-67519 icsd-27969 icsd-185374 icsd-154344 icsd-100804 icsd-252562 icsd-27967 icsd-31887 icsd-27977 icsd-27973 icsd-27976 icsd-67518 icsd-27972 icsd-28852 icsd-154346 icsd-161341 icsd-161419 icsd-161341 icsd-109327,1.006885613,Ceramics International,0272-8842,2017
2769,Ba0.94TiO3K0.01Eu0.05,Ba0.94TiO3K0.01,Eu,3,0.05,,,,298,615,0.62,0.38,,,,397,397,,,,,615,https://doi.org/10.1016/j.ceramint.2017.07.069,ESV,"mp-5020,mp-5777,mp-5986,mp-558125,mp-5933,mp-2998,mp-644497,mp-1076932,mp-995191,mp-19990,mp-504715", icsd-186463 icsd-73628 icsd-73634 icsd-73629 icsd-186461 icsd-73636 icsd-73633 icsd-73631 icsd-73635 icsd-100464 icsd-100463 icsd-186462 icsd-6102 icsd-73632 icsd-73630 icsd-31155 icsd-237109 icsd-73641 icsd-237106 icsd-73639 icsd-73640 icsd-73638 icsd-73637 icsd-186460 icsd-161340 icsd-161418 icsd-237107 icsd-30617 icsd-23758 icsd-245946 icsd-237105 icsd-185407 icsd-154345 icsd-73645 icsd-183932 icsd-186457 icsd-100801 icsd-189381 icsd-188644 icsd-100803 icsd-157806 icsd-73644 icsd-154343 icsd-164388 icsd-245944 icsd-186458 icsd-73646 icsd-100799 icsd-73643 icsd-237108 icsd-168763 icsd-100800 icsd-73642 icsd-15453 icsd-99737 icsd-100802 icsd-192889 icsd-245945 icsd-34637 icsd-130020 icsd-23759 icsd-67520 icsd-164385 icsd-31153 icsd-190835 icsd-186459 icsd-290023 icsd-95436 icsd-164387 icsd-248395 icsd-252558 icsd-55221 icsd-75240 icsd-164386 icsd-34619 icsd-186528 icsd-28851 icsd-27971 icsd-56093 icsd-187292 icsd-290019 icsd-187291 icsd-28854 icsd-29280 icsd-29146 icsd-28849 icsd-190924 icsd-99736 icsd-31890 icsd-27970 icsd-27975 icsd-27965 icsd-31885 icsd-27974 icsd-31884 icsd-31886 icsd-31889 icsd-27968 icsd-29147 icsd-31888 icsd-29148 icsd-28853 icsd-28848 icsd-28850 icsd-166225 icsd-95437 icsd-186437 icsd-28620 icsd-27966 icsd-43125 icsd-67519 icsd-27969 icsd-185374 icsd-154344 icsd-100804 icsd-252562 icsd-27967 icsd-31887 icsd-27977 icsd-27973 icsd-27976 icsd-67518 icsd-27972 icsd-28852 icsd-154346 icsd-161341 icsd-161419 icsd-161341 icsd-109327,1.090327356,Ceramics International,0272-8842,2017
2770,Ba0.93TiO3K0.02Eu0.05,Ba0.93TiO3K0.02,Eu,3,0.05,,,,298,615,0.61,0.39,,,,397,397,,,,,615,https://doi.org/10.1016/j.ceramint.2017.07.069,ESV,"mp-5020,mp-5777,mp-5986,mp-558125,mp-5933,mp-2998,mp-644497,mp-1076932,mp-995191,mp-19990,mp-504715", icsd-186463 icsd-73628 icsd-73634 icsd-73629 icsd-186461 icsd-73636 icsd-73633 icsd-73631 icsd-73635 icsd-100464 icsd-100463 icsd-186462 icsd-6102 icsd-73632 icsd-73630 icsd-31155 icsd-237109 icsd-73641 icsd-237106 icsd-73639 icsd-73640 icsd-73638 icsd-73637 icsd-186460 icsd-161340 icsd-161418 icsd-237107 icsd-30617 icsd-23758 icsd-245946 icsd-237105 icsd-185407 icsd-154345 icsd-73645 icsd-183932 icsd-186457 icsd-100801 icsd-189381 icsd-188644 icsd-100803 icsd-157806 icsd-73644 icsd-154343 icsd-164388 icsd-245944 icsd-186458 icsd-73646 icsd-100799 icsd-73643 icsd-237108 icsd-168763 icsd-100800 icsd-73642 icsd-15453 icsd-99737 icsd-100802 icsd-192889 icsd-245945 icsd-34637 icsd-130020 icsd-23759 icsd-67520 icsd-164385 icsd-31153 icsd-190835 icsd-186459 icsd-290023 icsd-95436 icsd-164387 icsd-248395 icsd-252558 icsd-55221 icsd-75240 icsd-164386 icsd-34619 icsd-186528 icsd-28851 icsd-27971 icsd-56093 icsd-187292 icsd-290019 icsd-187291 icsd-28854 icsd-29280 icsd-29146 icsd-28849 icsd-190924 icsd-99736 icsd-31890 icsd-27970 icsd-27975 icsd-27965 icsd-31885 icsd-27974 icsd-31884 icsd-31886 icsd-31889 icsd-27968 icsd-29147 icsd-31888 icsd-29148 icsd-28853 icsd-28848 icsd-28850 icsd-166225 icsd-95437 icsd-186437 icsd-28620 icsd-27966 icsd-43125 icsd-67519 icsd-27969 icsd-185374 icsd-154344 icsd-100804 icsd-252562 icsd-27967 icsd-31887 icsd-27977 icsd-27973 icsd-27976 icsd-67518 icsd-27972 icsd-28852 icsd-154346 icsd-161341 icsd-161419 icsd-161341 icsd-109327,1.089560053,Ceramics International,0272-8842,2017
2771,Ba0.91TiO3K0.04Eu0.05,Ba0.91TiO3K0.04,Eu,3,0.05,,,,298,615,0.61,0.38,,,,397,397,,,,,615,https://doi.org/10.1016/j.ceramint.2017.07.069,ESV,"mp-5020,mp-5777,mp-5986,mp-558125,mp-5933,mp-2998,mp-644497,mp-1076932,mp-995191,mp-19990,mp-504715", icsd-186463 icsd-73628 icsd-73634 icsd-73629 icsd-186461 icsd-73636 icsd-73633 icsd-73631 icsd-73635 icsd-100464 icsd-100463 icsd-186462 icsd-6102 icsd-73632 icsd-73630 icsd-31155 icsd-237109 icsd-73641 icsd-237106 icsd-73639 icsd-73640 icsd-73638 icsd-73637 icsd-186460 icsd-161340 icsd-161418 icsd-237107 icsd-30617 icsd-23758 icsd-245946 icsd-237105 icsd-185407 icsd-154345 icsd-73645 icsd-183932 icsd-186457 icsd-100801 icsd-189381 icsd-188644 icsd-100803 icsd-157806 icsd-73644 icsd-154343 icsd-164388 icsd-245944 icsd-186458 icsd-73646 icsd-100799 icsd-73643 icsd-237108 icsd-168763 icsd-100800 icsd-73642 icsd-15453 icsd-99737 icsd-100802 icsd-192889 icsd-245945 icsd-34637 icsd-130020 icsd-23759 icsd-67520 icsd-164385 icsd-31153 icsd-190835 icsd-186459 icsd-290023 icsd-95436 icsd-164387 icsd-248395 icsd-252558 icsd-55221 icsd-75240 icsd-164386 icsd-34619 icsd-186528 icsd-28851 icsd-27971 icsd-56093 icsd-187292 icsd-290019 icsd-187291 icsd-28854 icsd-29280 icsd-29146 icsd-28849 icsd-190924 icsd-99736 icsd-31890 icsd-27970 icsd-27975 icsd-27965 icsd-31885 icsd-27974 icsd-31884 icsd-31886 icsd-31889 icsd-27968 icsd-29147 icsd-31888 icsd-29148 icsd-28853 icsd-28848 icsd-28850 icsd-166225 icsd-95437 icsd-186437 icsd-28620 icsd-27966 icsd-43125 icsd-67519 icsd-27969 icsd-185374 icsd-154344 icsd-100804 icsd-252562 icsd-27967 icsd-31887 icsd-27977 icsd-27973 icsd-27976 icsd-67518 icsd-27972 icsd-28852 icsd-154346 icsd-161341 icsd-161419 icsd-161341 icsd-109327,1.089348505,Ceramics International,0272-8842,2017
2772,Ba0.89TiO3K0.06Eu0.05,Ba0.89TiO3K0.06,Eu,3,0.05,,,,298,615,0.63,0.37,,,427,397,397,,,5.857935265,721000,615,https://doi.org/10.1016/j.ceramint.2017.07.069,ESV,"mp-5020,mp-5777,mp-5986,mp-558125,mp-5933,mp-2998,mp-644497,mp-1076932,mp-995191,mp-19990,mp-504715", icsd-186463 icsd-73628 icsd-73634 icsd-73629 icsd-186461 icsd-73636 icsd-73633 icsd-73631 icsd-73635 icsd-100464 icsd-100463 icsd-186462 icsd-6102 icsd-73632 icsd-73630 icsd-31155 icsd-237109 icsd-73641 icsd-237106 icsd-73639 icsd-73640 icsd-73638 icsd-73637 icsd-186460 icsd-161340 icsd-161418 icsd-237107 icsd-30617 icsd-23758 icsd-245946 icsd-237105 icsd-185407 icsd-154345 icsd-73645 icsd-183932 icsd-186457 icsd-100801 icsd-189381 icsd-188644 icsd-100803 icsd-157806 icsd-73644 icsd-154343 icsd-164388 icsd-245944 icsd-186458 icsd-73646 icsd-100799 icsd-73643 icsd-237108 icsd-168763 icsd-100800 icsd-73642 icsd-15453 icsd-99737 icsd-100802 icsd-192889 icsd-245945 icsd-34637 icsd-130020 icsd-23759 icsd-67520 icsd-164385 icsd-31153 icsd-190835 icsd-186459 icsd-290023 icsd-95436 icsd-164387 icsd-248395 icsd-252558 icsd-55221 icsd-75240 icsd-164386 icsd-34619 icsd-186528 icsd-28851 icsd-27971 icsd-56093 icsd-187292 icsd-290019 icsd-187291 icsd-28854 icsd-29280 icsd-29146 icsd-28849 icsd-190924 icsd-99736 icsd-31890 icsd-27970 icsd-27975 icsd-27965 icsd-31885 icsd-27974 icsd-31884 icsd-31886 icsd-31889 icsd-27968 icsd-29147 icsd-31888 icsd-29148 icsd-28853 icsd-28848 icsd-28850 icsd-166225 icsd-95437 icsd-186437 icsd-28620 icsd-27966 icsd-43125 icsd-67519 icsd-27969 icsd-185374 icsd-154344 icsd-100804 icsd-252562 icsd-27967 icsd-31887 icsd-27977 icsd-27973 icsd-27976 icsd-67518 icsd-27972 icsd-28852 icsd-154346 icsd-161341 icsd-161419 icsd-161341 icsd-109327,1.046054658,Ceramics International,0272-8842,2017
2773,Ba0.87TiO3K0.08Eu0.05,Ba0.87TiO3K0.08,Eu,3,0.05,,,,298,615,0.59,0.4,,,,397,397,,,,,615,https://doi.org/10.1016/j.ceramint.2017.07.069,ESV,"mp-5020,mp-5777,mp-5986,mp-558125,mp-5933,mp-2998,mp-644497,mp-1076932,mp-995191,mp-19990,mp-504715", icsd-186463 icsd-73628 icsd-73634 icsd-73629 icsd-186461 icsd-73636 icsd-73633 icsd-73631 icsd-73635 icsd-100464 icsd-100463 icsd-186462 icsd-6102 icsd-73632 icsd-73630 icsd-31155 icsd-237109 icsd-73641 icsd-237106 icsd-73639 icsd-73640 icsd-73638 icsd-73637 icsd-186460 icsd-161340 icsd-161418 icsd-237107 icsd-30617 icsd-23758 icsd-245946 icsd-237105 icsd-185407 icsd-154345 icsd-73645 icsd-183932 icsd-186457 icsd-100801 icsd-189381 icsd-188644 icsd-100803 icsd-157806 icsd-73644 icsd-154343 icsd-164388 icsd-245944 icsd-186458 icsd-73646 icsd-100799 icsd-73643 icsd-237108 icsd-168763 icsd-100800 icsd-73642 icsd-15453 icsd-99737 icsd-100802 icsd-192889 icsd-245945 icsd-34637 icsd-130020 icsd-23759 icsd-67520 icsd-164385 icsd-31153 icsd-190835 icsd-186459 icsd-290023 icsd-95436 icsd-164387 icsd-248395 icsd-252558 icsd-55221 icsd-75240 icsd-164386 icsd-34619 icsd-186528 icsd-28851 icsd-27971 icsd-56093 icsd-187292 icsd-290019 icsd-187291 icsd-28854 icsd-29280 icsd-29146 icsd-28849 icsd-190924 icsd-99736 icsd-31890 icsd-27970 icsd-27975 icsd-27965 icsd-31885 icsd-27974 icsd-31884 icsd-31886 icsd-31889 icsd-27968 icsd-29147 icsd-31888 icsd-29148 icsd-28853 icsd-28848 icsd-28850 icsd-166225 icsd-95437 icsd-186437 icsd-28620 icsd-27966 icsd-43125 icsd-67519 icsd-27969 icsd-185374 icsd-154344 icsd-100804 icsd-252562 icsd-27967 icsd-31887 icsd-27977 icsd-27973 icsd-27976 icsd-67518 icsd-27972 icsd-28852 icsd-154346 icsd-161341 icsd-161419 icsd-161341 icsd-109327,1.11779337,Ceramics International,0272-8842,2017
2774,Ba0.89TiO3K0.06Eu0.05,Ba0.89TiO3K0.06,Eu,3,0.05,,,,325,615,0.61,0.38,,,,397,397,,,5.863917377,731000,615,https://doi.org/10.1016/j.ceramint.2017.07.069,ESV,"mp-5020,mp-5777,mp-5986,mp-558125,mp-5933,mp-2998,mp-644497,mp-1076932,mp-995191,mp-19990,mp-504715", icsd-186463 icsd-73628 icsd-73634 icsd-73629 icsd-186461 icsd-73636 icsd-73633 icsd-73631 icsd-73635 icsd-100464 icsd-100463 icsd-186462 icsd-6102 icsd-73632 icsd-73630 icsd-31155 icsd-237109 icsd-73641 icsd-237106 icsd-73639 icsd-73640 icsd-73638 icsd-73637 icsd-186460 icsd-161340 icsd-161418 icsd-237107 icsd-30617 icsd-23758 icsd-245946 icsd-237105 icsd-185407 icsd-154345 icsd-73645 icsd-183932 icsd-186457 icsd-100801 icsd-189381 icsd-188644 icsd-100803 icsd-157806 icsd-73644 icsd-154343 icsd-164388 icsd-245944 icsd-186458 icsd-73646 icsd-100799 icsd-73643 icsd-237108 icsd-168763 icsd-100800 icsd-73642 icsd-15453 icsd-99737 icsd-100802 icsd-192889 icsd-245945 icsd-34637 icsd-130020 icsd-23759 icsd-67520 icsd-164385 icsd-31153 icsd-190835 icsd-186459 icsd-290023 icsd-95436 icsd-164387 icsd-248395 icsd-252558 icsd-55221 icsd-75240 icsd-164386 icsd-34619 icsd-186528 icsd-28851 icsd-27971 icsd-56093 icsd-187292 icsd-290019 icsd-187291 icsd-28854 icsd-29280 icsd-29146 icsd-28849 icsd-190924 icsd-99736 icsd-31890 icsd-27970 icsd-27975 icsd-27965 icsd-31885 icsd-27974 icsd-31884 icsd-31886 icsd-31889 icsd-27968 icsd-29147 icsd-31888 icsd-29148 icsd-28853 icsd-28848 icsd-28850 icsd-166225 icsd-95437 icsd-186437 icsd-28620 icsd-27966 icsd-43125 icsd-67519 icsd-27969 icsd-185374 icsd-154344 icsd-100804 icsd-252562 icsd-27967 icsd-31887 icsd-27977 icsd-27973 icsd-27976 icsd-67518 icsd-27972 icsd-28852 icsd-154346 icsd-161341 icsd-161419 icsd-161341 icsd-109327,1.014589699,Ceramics International,0272-8842,2017
2775,Ba0.89TiO3K0.06Eu0.05,Ba0.89TiO3K0.06,Eu,3,0.05,,,,350,615,0.59,0.4,,,,397,397,,,5.860338007,725000,615,https://doi.org/10.1016/j.ceramint.2017.07.069,ESV,"mp-5020,mp-5777,mp-5986,mp-558125,mp-5933,mp-2998,mp-644497,mp-1076932,mp-995191,mp-19990,mp-504715", icsd-186463 icsd-73628 icsd-73634 icsd-73629 icsd-186461 icsd-73636 icsd-73633 icsd-73631 icsd-73635 icsd-100464 icsd-100463 icsd-186462 icsd-6102 icsd-73632 icsd-73630 icsd-31155 icsd-237109 icsd-73641 icsd-237106 icsd-73639 icsd-73640 icsd-73638 icsd-73637 icsd-186460 icsd-161340 icsd-161418 icsd-237107 icsd-30617 icsd-23758 icsd-245946 icsd-237105 icsd-185407 icsd-154345 icsd-73645 icsd-183932 icsd-186457 icsd-100801 icsd-189381 icsd-188644 icsd-100803 icsd-157806 icsd-73644 icsd-154343 icsd-164388 icsd-245944 icsd-186458 icsd-73646 icsd-100799 icsd-73643 icsd-237108 icsd-168763 icsd-100800 icsd-73642 icsd-15453 icsd-99737 icsd-100802 icsd-192889 icsd-245945 icsd-34637 icsd-130020 icsd-23759 icsd-67520 icsd-164385 icsd-31153 icsd-190835 icsd-186459 icsd-290023 icsd-95436 icsd-164387 icsd-248395 icsd-252558 icsd-55221 icsd-75240 icsd-164386 icsd-34619 icsd-186528 icsd-28851 icsd-27971 icsd-56093 icsd-187292 icsd-290019 icsd-187291 icsd-28854 icsd-29280 icsd-29146 icsd-28849 icsd-190924 icsd-99736 icsd-31890 icsd-27970 icsd-27975 icsd-27965 icsd-31885 icsd-27974 icsd-31884 icsd-31886 icsd-31889 icsd-27968 icsd-29147 icsd-31888 icsd-29148 icsd-28853 icsd-28848 icsd-28850 icsd-166225 icsd-95437 icsd-186437 icsd-28620 icsd-27966 icsd-43125 icsd-67519 icsd-27969 icsd-185374 icsd-154344 icsd-100804 icsd-252562 icsd-27967 icsd-31887 icsd-27977 icsd-27973 icsd-27976 icsd-67518 icsd-27972 icsd-28852 icsd-154346 icsd-161341 icsd-161419 icsd-161341 icsd-109327,1.046743562,Ceramics International,0272-8842,2017
2776,Ba0.89TiO3K0.06Eu0.05,Ba0.89TiO3K0.06,Eu,3,0.05,,,,375,615,0.6,0.39,,,,397,397,,,5.850646235,709000,615,https://doi.org/10.1016/j.ceramint.2017.07.069,ESV,"mp-5020,mp-5777,mp-5986,mp-558125,mp-5933,mp-2998,mp-644497,mp-1076932,mp-995191,mp-19990,mp-504715", icsd-186463 icsd-73628 icsd-73634 icsd-73629 icsd-186461 icsd-73636 icsd-73633 icsd-73631 icsd-73635 icsd-100464 icsd-100463 icsd-186462 icsd-6102 icsd-73632 icsd-73630 icsd-31155 icsd-237109 icsd-73641 icsd-237106 icsd-73639 icsd-73640 icsd-73638 icsd-73637 icsd-186460 icsd-161340 icsd-161418 icsd-237107 icsd-30617 icsd-23758 icsd-245946 icsd-237105 icsd-185407 icsd-154345 icsd-73645 icsd-183932 icsd-186457 icsd-100801 icsd-189381 icsd-188644 icsd-100803 icsd-157806 icsd-73644 icsd-154343 icsd-164388 icsd-245944 icsd-186458 icsd-73646 icsd-100799 icsd-73643 icsd-237108 icsd-168763 icsd-100800 icsd-73642 icsd-15453 icsd-99737 icsd-100802 icsd-192889 icsd-245945 icsd-34637 icsd-130020 icsd-23759 icsd-67520 icsd-164385 icsd-31153 icsd-190835 icsd-186459 icsd-290023 icsd-95436 icsd-164387 icsd-248395 icsd-252558 icsd-55221 icsd-75240 icsd-164386 icsd-34619 icsd-186528 icsd-28851 icsd-27971 icsd-56093 icsd-187292 icsd-290019 icsd-187291 icsd-28854 icsd-29280 icsd-29146 icsd-28849 icsd-190924 icsd-99736 icsd-31890 icsd-27970 icsd-27975 icsd-27965 icsd-31885 icsd-27974 icsd-31884 icsd-31886 icsd-31889 icsd-27968 icsd-29147 icsd-31888 icsd-29148 icsd-28853 icsd-28848 icsd-28850 icsd-166225 icsd-95437 icsd-186437 icsd-28620 icsd-27966 icsd-43125 icsd-67519 icsd-27969 icsd-185374 icsd-154344 icsd-100804 icsd-252562 icsd-27967 icsd-31887 icsd-27977 icsd-27973 icsd-27976 icsd-67518 icsd-27972 icsd-28852 icsd-154346 icsd-161341 icsd-161419 icsd-161341 icsd-109327,1.089168571,Ceramics International,0272-8842,2017
2777,Ba0.89TiO3K0.06Eu0.05,Ba0.89TiO3K0.06,Eu,3,0.05,,,,400,615,0.57,0.41,,,,397,397,,,5.843232778,697000,615,https://doi.org/10.1016/j.ceramint.2017.07.069,ESV,"mp-5020,mp-5777,mp-5986,mp-558125,mp-5933,mp-2998,mp-644497,mp-1076932,mp-995191,mp-19990,mp-504715", icsd-186463 icsd-73628 icsd-73634 icsd-73629 icsd-186461 icsd-73636 icsd-73633 icsd-73631 icsd-73635 icsd-100464 icsd-100463 icsd-186462 icsd-6102 icsd-73632 icsd-73630 icsd-31155 icsd-237109 icsd-73641 icsd-237106 icsd-73639 icsd-73640 icsd-73638 icsd-73637 icsd-186460 icsd-161340 icsd-161418 icsd-237107 icsd-30617 icsd-23758 icsd-245946 icsd-237105 icsd-185407 icsd-154345 icsd-73645 icsd-183932 icsd-186457 icsd-100801 icsd-189381 icsd-188644 icsd-100803 icsd-157806 icsd-73644 icsd-154343 icsd-164388 icsd-245944 icsd-186458 icsd-73646 icsd-100799 icsd-73643 icsd-237108 icsd-168763 icsd-100800 icsd-73642 icsd-15453 icsd-99737 icsd-100802 icsd-192889 icsd-245945 icsd-34637 icsd-130020 icsd-23759 icsd-67520 icsd-164385 icsd-31153 icsd-190835 icsd-186459 icsd-290023 icsd-95436 icsd-164387 icsd-248395 icsd-252558 icsd-55221 icsd-75240 icsd-164386 icsd-34619 icsd-186528 icsd-28851 icsd-27971 icsd-56093 icsd-187292 icsd-290019 icsd-187291 icsd-28854 icsd-29280 icsd-29146 icsd-28849 icsd-190924 icsd-99736 icsd-31890 icsd-27970 icsd-27975 icsd-27965 icsd-31885 icsd-27974 icsd-31884 icsd-31886 icsd-31889 icsd-27968 icsd-29147 icsd-31888 icsd-29148 icsd-28853 icsd-28848 icsd-28850 icsd-166225 icsd-95437 icsd-186437 icsd-28620 icsd-27966 icsd-43125 icsd-67519 icsd-27969 icsd-185374 icsd-154344 icsd-100804 icsd-252562 icsd-27967 icsd-31887 icsd-27977 icsd-27973 icsd-27976 icsd-67518 icsd-27972 icsd-28852 icsd-154346 icsd-161341 icsd-161419 icsd-161341 icsd-109327,1.235820286,Ceramics International,0272-8842,2017
2778,Ba0.89TiO3K0.06Eu0.05,Ba0.89TiO3K0.06,Eu,3,0.05,,,,425,615,0.58,0.42,,,,397,397,,,5.830588669,677000,615,https://doi.org/10.1016/j.ceramint.2017.07.069,ESV,"mp-5020,mp-5777,mp-5986,mp-558125,mp-5933,mp-2998,mp-644497,mp-1076932,mp-995191,mp-19990,mp-504715", icsd-186463 icsd-73628 icsd-73634 icsd-73629 icsd-186461 icsd-73636 icsd-73633 icsd-73631 icsd-73635 icsd-100464 icsd-100463 icsd-186462 icsd-6102 icsd-73632 icsd-73630 icsd-31155 icsd-237109 icsd-73641 icsd-237106 icsd-73639 icsd-73640 icsd-73638 icsd-73637 icsd-186460 icsd-161340 icsd-161418 icsd-237107 icsd-30617 icsd-23758 icsd-245946 icsd-237105 icsd-185407 icsd-154345 icsd-73645 icsd-183932 icsd-186457 icsd-100801 icsd-189381 icsd-188644 icsd-100803 icsd-157806 icsd-73644 icsd-154343 icsd-164388 icsd-245944 icsd-186458 icsd-73646 icsd-100799 icsd-73643 icsd-237108 icsd-168763 icsd-100800 icsd-73642 icsd-15453 icsd-99737 icsd-100802 icsd-192889 icsd-245945 icsd-34637 icsd-130020 icsd-23759 icsd-67520 icsd-164385 icsd-31153 icsd-190835 icsd-186459 icsd-290023 icsd-95436 icsd-164387 icsd-248395 icsd-252558 icsd-55221 icsd-75240 icsd-164386 icsd-34619 icsd-186528 icsd-28851 icsd-27971 icsd-56093 icsd-187292 icsd-290019 icsd-187291 icsd-28854 icsd-29280 icsd-29146 icsd-28849 icsd-190924 icsd-99736 icsd-31890 icsd-27970 icsd-27975 icsd-27965 icsd-31885 icsd-27974 icsd-31884 icsd-31886 icsd-31889 icsd-27968 icsd-29147 icsd-31888 icsd-29148 icsd-28853 icsd-28848 icsd-28850 icsd-166225 icsd-95437 icsd-186437 icsd-28620 icsd-27966 icsd-43125 icsd-67519 icsd-27969 icsd-185374 icsd-154344 icsd-100804 icsd-252562 icsd-27967 icsd-31887 icsd-27977 icsd-27973 icsd-27976 icsd-67518 icsd-27972 icsd-28852 icsd-154346 icsd-161341 icsd-161419 icsd-161341 icsd-109327,0.983285119,Ceramics International,0272-8842,2017
2779,Ba0.89TiO3K0.06Eu0.05,Ba0.89TiO3K0.06,Eu,3,0.05,,,,450,615,0.56,0.42,,,,397,397,,,5.776701184,598000,615,https://doi.org/10.1016/j.ceramint.2017.07.069,ESV,"mp-5020,mp-5777,mp-5986,mp-558125,mp-5933,mp-2998,mp-644497,mp-1076932,mp-995191,mp-19990,mp-504715", icsd-186463 icsd-73628 icsd-73634 icsd-73629 icsd-186461 icsd-73636 icsd-73633 icsd-73631 icsd-73635 icsd-100464 icsd-100463 icsd-186462 icsd-6102 icsd-73632 icsd-73630 icsd-31155 icsd-237109 icsd-73641 icsd-237106 icsd-73639 icsd-73640 icsd-73638 icsd-73637 icsd-186460 icsd-161340 icsd-161418 icsd-237107 icsd-30617 icsd-23758 icsd-245946 icsd-237105 icsd-185407 icsd-154345 icsd-73645 icsd-183932 icsd-186457 icsd-100801 icsd-189381 icsd-188644 icsd-100803 icsd-157806 icsd-73644 icsd-154343 icsd-164388 icsd-245944 icsd-186458 icsd-73646 icsd-100799 icsd-73643 icsd-237108 icsd-168763 icsd-100800 icsd-73642 icsd-15453 icsd-99737 icsd-100802 icsd-192889 icsd-245945 icsd-34637 icsd-130020 icsd-23759 icsd-67520 icsd-164385 icsd-31153 icsd-190835 icsd-186459 icsd-290023 icsd-95436 icsd-164387 icsd-248395 icsd-252558 icsd-55221 icsd-75240 icsd-164386 icsd-34619 icsd-186528 icsd-28851 icsd-27971 icsd-56093 icsd-187292 icsd-290019 icsd-187291 icsd-28854 icsd-29280 icsd-29146 icsd-28849 icsd-190924 icsd-99736 icsd-31890 icsd-27970 icsd-27975 icsd-27965 icsd-31885 icsd-27974 icsd-31884 icsd-31886 icsd-31889 icsd-27968 icsd-29147 icsd-31888 icsd-29148 icsd-28853 icsd-28848 icsd-28850 icsd-166225 icsd-95437 icsd-186437 icsd-28620 icsd-27966 icsd-43125 icsd-67519 icsd-27969 icsd-185374 icsd-154344 icsd-100804 icsd-252562 icsd-27967 icsd-31887 icsd-27977 icsd-27973 icsd-27976 icsd-67518 icsd-27972 icsd-28852 icsd-154346 icsd-161341 icsd-161419 icsd-161341 icsd-109327,0.982216966,Ceramics International,0272-8842,2017
2780,Ba0.89TiO3K0.06Eu0.05,Ba0.89TiO3K0.06,Eu,3,0.05,,,,475,615,0.55,0.44,,,,397,397,,,5.733197265,541000,615,https://doi.org/10.1016/j.ceramint.2017.07.069,ESV,"mp-5020,mp-5777,mp-5986,mp-558125,mp-5933,mp-2998,mp-644497,mp-1076932,mp-995191,mp-19990,mp-504715", icsd-186463 icsd-73628 icsd-73634 icsd-73629 icsd-186461 icsd-73636 icsd-73633 icsd-73631 icsd-73635 icsd-100464 icsd-100463 icsd-186462 icsd-6102 icsd-73632 icsd-73630 icsd-31155 icsd-237109 icsd-73641 icsd-237106 icsd-73639 icsd-73640 icsd-73638 icsd-73637 icsd-186460 icsd-161340 icsd-161418 icsd-237107 icsd-30617 icsd-23758 icsd-245946 icsd-237105 icsd-185407 icsd-154345 icsd-73645 icsd-183932 icsd-186457 icsd-100801 icsd-189381 icsd-188644 icsd-100803 icsd-157806 icsd-73644 icsd-154343 icsd-164388 icsd-245944 icsd-186458 icsd-73646 icsd-100799 icsd-73643 icsd-237108 icsd-168763 icsd-100800 icsd-73642 icsd-15453 icsd-99737 icsd-100802 icsd-192889 icsd-245945 icsd-34637 icsd-130020 icsd-23759 icsd-67520 icsd-164385 icsd-31153 icsd-190835 icsd-186459 icsd-290023 icsd-95436 icsd-164387 icsd-248395 icsd-252558 icsd-55221 icsd-75240 icsd-164386 icsd-34619 icsd-186528 icsd-28851 icsd-27971 icsd-56093 icsd-187292 icsd-290019 icsd-187291 icsd-28854 icsd-29280 icsd-29146 icsd-28849 icsd-190924 icsd-99736 icsd-31890 icsd-27970 icsd-27975 icsd-27965 icsd-31885 icsd-27974 icsd-31884 icsd-31886 icsd-31889 icsd-27968 icsd-29147 icsd-31888 icsd-29148 icsd-28853 icsd-28848 icsd-28850 icsd-166225 icsd-95437 icsd-186437 icsd-28620 icsd-27966 icsd-43125 icsd-67519 icsd-27969 icsd-185374 icsd-154344 icsd-100804 icsd-252562 icsd-27967 icsd-31887 icsd-27977 icsd-27973 icsd-27976 icsd-67518 icsd-27972 icsd-28852 icsd-154346 icsd-161341 icsd-161419 icsd-161341 icsd-109327,0.985029608,Ceramics International,0272-8842,2017
2781,Ca3Lu0.9Ga3B4O15Eu0.1,Ca3Lu0.9Ga3B4O15,Eu,3,0.1,,,,298,621,,,,,,397,397,,,6.207634367,1613000,621,https://doi.org/10.1016/j.jlumin.2018.06.010,ESV,,,0.982793768,Journal of Luminescence,0022-2313,2018
2782,Ca3Lu0.7Ga3B4O15Eu0.3,Ca3Lu0.7Ga3B4O15,Eu,3,0.3,,,,298,621,,,,,,397,397,,,6.185258765,1532000,621,https://doi.org/10.1016/j.jlumin.2018.06.010,ESV,,,1.185408732,Journal of Luminescence,0022-2313,2018
2783,Ca3Lu0.5Ga3B4O15Eu0.5,Ca3Lu0.5Ga3B4O15,Eu,3,0.5,,,,298,621,,,,,,397,397,,,6.161966616,1452000,621,https://doi.org/10.1016/j.jlumin.2018.06.010,ESV,,,0.972286644,Journal of Luminescence,0022-2313,2018
2784,Ca3Lu0.3Ga3B4O15Eu0.7,Ca3Lu0.3Ga3B4O15,Eu,3,0.7,,,,298,621,0.659,0.339,84,,560,397,397,,,6.129367596,1347000,621,https://doi.org/10.1016/j.jlumin.2018.06.010,ESV,,,1.05882388,Journal of Luminescence,0022-2313,2018
2785,Ca3Lu0.1Ga3B4O15Eu0.9,Ca3Lu0.1Ga3B4O15,Eu,3,0.9,,,,298,621,,,,,,397,397,,,6.068185862,1170000,621,https://doi.org/10.1016/j.jlumin.2018.06.010,ESV,,,1.066767853,Journal of Luminescence,0022-2313,2018
2786,Ca3Ga3B4O15Eu1,Ca3Ga3B4O15,Eu,3,1,,,,298,621,,,,,,397,397,,,6.025305865,1060000,621,https://doi.org/10.1016/j.jlumin.2018.06.010,ESV,,,1.019212077,Journal of Luminescence,0022-2313,2018
2787,Sr2ZnWO6Mn0.002,Sr2ZnWO6,Mn,4,0.002,,,,298,702,,,,,,325,325,,,5.744112968,554770,702,https://doi.org/10.1016/j.ceramint.2016.07.173,ESV,"mp-1105272,mp-1079778,mp-19282", icsd-262322 icsd-190595 icsd-239812 icsd-190592 icsd-72811 icsd-28599,1.019946967,Ceramics International,0272-8842,2016
2788,Sr2ZnWO6Mn0.004,Sr2ZnWO6,Mn,4,0.004,,,,298,702,,,,,,325,325,,,5.729877226,536880,702,https://doi.org/10.1016/j.ceramint.2016.07.173,ESV,"mp-1105272,mp-1079778,mp-19282", icsd-262322 icsd-190595 icsd-239812 icsd-190592 icsd-72811 icsd-28599,0.987746132,Ceramics International,0272-8842,2016
2789,Sr2ZnWO6Mn0.006,Sr2ZnWO6,Mn,4,0.006,,,,298,702,,,,,,325,325,,,5.702473619,504050,702,https://doi.org/10.1016/j.ceramint.2016.07.173,ESV,"mp-1105272,mp-1079778,mp-19282", icsd-262322 icsd-190595 icsd-239812 icsd-190592 icsd-72811 icsd-28599,0.999247619,Ceramics International,0272-8842,2016
2790,Sr2ZnWO6Mn0.008,Sr2ZnWO6,Mn,4,0.008,,,,298,702,0.7315,0.2685,,,,325,325,,,5.659212396,456260,702,https://doi.org/10.1016/j.ceramint.2016.07.173,ESV,"mp-1105272,mp-1079778,mp-19282", icsd-262322 icsd-190595 icsd-239812 icsd-190592 icsd-72811 icsd-28599,1.047342776,Ceramics International,0272-8842,2016
2791,Sr2ZnWO6Mn0.01,Sr2ZnWO6,Mn,4,0.01,,,,298,702,,,,,,325,325,,,5.603523267,401350,702,https://doi.org/10.1016/j.ceramint.2016.07.173,ESV,"mp-1105272,mp-1079778,mp-19282", icsd-262322 icsd-190595 icsd-239812 icsd-190592 icsd-72811 icsd-28599,0.985838107,Ceramics International,0272-8842,2016
2792,Sr2LaNbO6Mn0.005,Sr2LaNbO6,Mn,4,0.005,,,,298,694,0.7,0.3,,,,323,323,,,5.911157609,815000,694,https://doi.org/10.1016/j.materresbull.2016.12.045,ESV,mp-1206761,,1.078699161,Materials Research Bulletin,0025-5408,2017
2793,Sr2LaNbO6Mn0.01,Sr2LaNbO6,Mn,4,0.01,,,,298,694,0.702,0.298,,,,323,323,,,5.889861721,776000,694,https://doi.org/10.1016/j.materresbull.2016.12.045,ESV,mp-1206761,,0.946719669,Materials Research Bulletin,0025-5408,2017
2794,Sr2LaNbO6Mn0.01,Sr2LaNbO6,Mn,4,0.01,,,,325,694,,,,,,322,,,,5.672097858,470000,694,https://doi.org/10.1016/j.materresbull.2016.12.045,ESV,mp-1206761,,1.009668662,Materials Research Bulletin,0025-5408,2017
2795,Sr2LaNbO6Mn0.01,Sr2LaNbO6,Mn,4,0.01,,,,350,694,,,,,,321.2,,,,5.627365857,424000,694,https://doi.org/10.1016/j.materresbull.2016.12.045,ESV,mp-1206761,,0.97023915,Materials Research Bulletin,0025-5408,2017
2796,Sr2LaNbO6Mn0.01,Sr2LaNbO6,Mn,4,0.01,,,,375,694,,,,,,320.4,,,,5.58546073,385000,694,https://doi.org/10.1016/j.materresbull.2016.12.045,ESV,mp-1206761,,0.975861653,Materials Research Bulletin,0025-5408,2017
2797,Sr2LaNbO6Mn0.01,Sr2LaNbO6,Mn,4,0.01,,,,400,694,,,,,,319.6,,,,5.511883361,325000,694,https://doi.org/10.1016/j.materresbull.2016.12.045,ESV,mp-1206761,,1.024710009,Materials Research Bulletin,0025-5408,2017
2798,Sr2LaNbO6Mn0.01,Sr2LaNbO6,Mn,4,0.01,,,,425,694,,,,,,318.8,,,,5.380211242,240000,694,https://doi.org/10.1016/j.materresbull.2016.12.045,ESV,mp-1206761,,1.078532093,Materials Research Bulletin,0025-5408,2017
2799,Sr2LaNbO6Mn0.01,Sr2LaNbO6,Mn,4,0.01,,,,450,694,,,,,,318,,,,5.176091259,150000,694,https://doi.org/10.1016/j.materresbull.2016.12.045,ESV,mp-1206761,,1.02287992,Materials Research Bulletin,0025-5408,2017
2800,Sr2LaNbO6Mn0.01,Sr2LaNbO6,Mn,4,0.01,,,,475,694,,,,,,317.2,,,,4.872738827,74600,694,https://doi.org/10.1016/j.materresbull.2016.12.045,ESV,mp-1206761,,1.027642356,Materials Research Bulletin,0025-5408,2017
2801,Sr2LaNbO6Mn0.01,Sr2LaNbO6,Mn,4,0.01,,,,500,694,,,,,,316.4,,,,4.495544338,31300,694,https://doi.org/10.1016/j.materresbull.2016.12.045,ESV,mp-1206761,,1.097247568,Materials Research Bulletin,0025-5408,2017
2802,Sr2LaNbO6Mn0.015,Sr2LaNbO6,Mn,4,0.015,,,,298,694,0.701,0.299,,,,323,323,,,5.830588669,677000,694,https://doi.org/10.1016/j.materresbull.2016.12.045,ESV,mp-1206761,,0.983285119,Materials Research Bulletin,0025-5408,2017
2803,Sr2LaNbO6Mn0.02,Sr2LaNbO6,Mn,4,0.02,,,,298,694,0.699,0.301,,,,323,323,,,5.824776462,668000,694,https://doi.org/10.1016/j.materresbull.2016.12.045,ESV,mp-1206761,,0.983662787,Materials Research Bulletin,0025-5408,2017
2804,Sr2LaNbO6Mn0.025,Sr2LaNbO6,Mn,4,0.025,,,,298,694,0.6995,0.301,,,,323,323,,,5.709269961,512000,694,https://doi.org/10.1016/j.materresbull.2016.12.045,ESV,mp-1206761,,0.975242529,Materials Research Bulletin,0025-5408,2017
2805,Ba2La7.2Si6O26Eu0.8,Ba2La7.2Si6O26,Eu,3,0.8,,,,298,615,0.624,0.374,,,,395,395,382,362,,,615,https://doi.org/10.1016/j.dyepig.2017.03.048,ESV,,,1.473659453,Dyes and Pigments,0143-7208,2017
2806,Ba2La6.4Si6O26Eu1.6,Ba2La6.4Si6O26,Eu,3,1.6,,,,298,615,0.628,0.371,,,,395,395,382,362,,,615,https://doi.org/10.1016/j.dyepig.2017.03.048,ESV,,,1.47435698,Dyes and Pigments,0143-7208,2017
2807,Ba2La5.6Si6O26Eu2.4,Ba2La5.6Si6O26,Eu,3,2.4,,,,298,615,0.63,0.369,,,,395,395,382,362,,,615,https://doi.org/10.1016/j.dyepig.2017.03.048,ESV,,,1.35720845,Dyes and Pigments,0143-7208,2017
2808,Ba2La4.8Si6O26Eu3.2,Ba2La4.8Si6O26,Eu,3,3.2,,,,298,615,0.632,0.367,,,,395,395,382,362,,,615,https://doi.org/10.1016/j.dyepig.2017.03.048,ESV,,,1.435434945,Dyes and Pigments,0143-7208,2017
2809,Ba2La4Si6O26Eu4,Ba2La4Si6O26,Eu,3,4,,,,298,615,0.633,0.366,,,,395,395,382,362,,,615,https://doi.org/10.1016/j.dyepig.2017.03.048,ESV,,,1.472900267,Dyes and Pigments,0143-7208,2017
2810,Ba2La3.2Si6O26Eu4.8,Ba2La3.2Si6O26,Eu,3,4.8,,,,298,615,0.633,0.366,,,,395,395,382,362,,,615,https://doi.org/10.1016/j.dyepig.2017.03.048,ESV,,,1.379552751,Dyes and Pigments,0143-7208,2017
2811,Ba2La1.6Si6O26Eu6.4,Ba2La1.6Si6O26,Eu,3,6.4,,,,298,615,0.637,0.362,,,,395,395,382,362,,,615,https://doi.org/10.1016/j.dyepig.2017.03.048,ESV,,,1.453221819,Dyes and Pigments,0143-7208,2017
2812,Ba2Si6O26Eu8,Ba2Si6O26,Eu,3,8,,,,298,615,0.64,0.359,,,,395,395,382,362,,,615,https://doi.org/10.1016/j.dyepig.2017.03.048,ESV,,,7.287194057,Dyes and Pigments,0143-7208,2017
2813,Sr0.995Si2N2O2Eu0.005,Sr0.995Si2N2O2,Eu,3,0.005,,,,298,535,0.33,0.621,81,,,450,,,,3.06069784,1150,535,https://doi.org/10.1021/cm802394w,ACS,,,0.996682642,Chemistry of Materials,0897-4756,2008
2814,Sr0.99Si2N2O2Eu0.01,Sr0.99Si2N2O2,Eu,3,0.01,,,,298,535,0.33,0.621,90,,,450,,,,3.06069784,1150,535,https://doi.org/10.1021/cm802394w,ACS,,,0.99691309,Chemistry of Materials,0897-4756,2008
2815,Sr0.98Si2N2O2Eu0.02,Sr0.98Si2N2O2,Eu,3,0.02,,,,298,538,0.337,0.619,91,,600,450,,,,3.06069784,1150,538,https://doi.org/10.1021/cm802394w,ACS,,,1.003248884,Chemistry of Materials,0897-4756,2008
2816,Sr0.96Si2N2O2Eu0.04,Sr0.96Si2N2O2,Eu,3,0.04,,,,298,541,0.352,0.611,87,,,450,,,,2.954242509,900,541,https://doi.org/10.1021/cm802394w,ACS,,,1.000425094,Chemistry of Materials,0897-4756,2008
2817,Sr0.92Si2N2O2Eu0.08,Sr0.92Si2N2O2,Eu,3,0.08,,,,298,546,0.384,0.59,83,,537,450,,,,2.903089987,800,546,https://doi.org/10.1021/cm802394w,ACS,,,0.998822601,Chemistry of Materials,0897-4756,2008
2818,Sr0.84Si2N2O2Eu0.16,Sr0.84Si2N2O2,Eu,3,0.16,,,,298,554,0.419,0.562,58,,471,450,,,,2.84509804,700,554,https://doi.org/10.1021/cm802394w,ACS,,,1.005427573,Chemistry of Materials,0897-4756,2008
2819,Sr0.995Si2N2O2Eu0.02,Sr0.995Si2N2O2,Eu,3,0.02,,,,298,538,0.342,0.616,89,,,450,,,,,,,https://doi.org/10.1021/cm802394w,ACS,,,0.99664853,Chemistry of Materials,0897-4756,2008
2820,Sr0.99Si2N2O2Eu0.02,Sr0.99Si2N2O2,Eu,3,0.02,,,,298,538,0.345,0.614,93,,,450,,,,,,,https://doi.org/10.1021/cm802394w,ACS,,,0.996782282,Chemistry of Materials,0897-4756,2008
2821,Sr0.98Si2N2O2Eu0.02,Sr0.98Si2N2O2,Eu,3,0.02,,,,298,536,0.349,0.611,93,,,450,,,,,,,https://doi.org/10.1021/cm802394w,ACS,,,1.000144287,Chemistry of Materials,0897-4756,2008
2822,Sr0.96Si2N2O2Eu0.02,Sr0.96Si2N2O2,Eu,3,0.02,,,,298,542,0.351,0.608,93,,557,450,,,,3,1000,542,https://doi.org/10.1021/cm802394w,ACS,,,0.99956612,Chemistry of Materials,0897-4756,2008
2823,Sr0.92Si2N2O2Eu0.02,Sr0.92Si2N2O2,Eu,3,0.02,,,,298,543,0.354,0.601,92,,500,450,,,,,,,https://doi.org/10.1021/cm802394w,ACS,,,1.001959027,Chemistry of Materials,0897-4756,2008
2824,Sr0.84Si2N2O2Eu0.02,Sr0.84Si2N2O2,Eu,3,0.02,,,,298,546,0.378,0.581,81,,,450,,,,,,,https://doi.org/10.1021/cm802394w,ACS,,,0.982790196,Chemistry of Materials,0897-4756,2008
2825,Ca0.98Si2N2O2Eu0.02,Ca0.98Si2N2O2,Eu,3,0.02,,,,298,555,0.419,0.556,76,,440,450,,,,,,,https://doi.org/10.1021/cm802394w,ACS,mp-556884, icsd-413882,0.987168176,Chemistry of Materials,0897-4756,2008
2826,Sr0.93Ba0.05Si2N2O2Eu0.02,Sr0.93Ba0.05Si2N2O2,Eu,3,0.02,,,,298,538,0.343,0.614,91,,,450,,,,,,,https://doi.org/10.1021/cm802394w,ACS,,,0.995826193,Chemistry of Materials,0897-4756,2008
2827,Sr0.88Ba0.10Si2N2O2Eu0.02,Sr0.88Ba0.10Si2N2O2,Eu,3,0.02,,,,298,539,0.351,0.61,90,,,450,,,,,,,https://doi.org/10.1021/cm802394w,ACS,,,0.995826193,Chemistry of Materials,0897-4756,2008
2828,Sr0.83Ba0.15Si2N2O2Eu0.02,Sr0.83Ba0.15Si2N2O2,Eu,3,0.02,,,,298,544,0.358,0.606,89,,,450,,,,,,,https://doi.org/10.1021/cm802394w,ACS,,,0.995831821,Chemistry of Materials,0897-4756,2008
2829,Sr0.73Ba0.25Si2N2O2Eu0.02,Sr0.73Ba0.25Si2N2O2,Eu,3,0.02,,,,298,544,0.361,0.602,79,,560,450,,,,,,,https://doi.org/10.1021/cm802394w,ACS,,,1.00896166,Chemistry of Materials,0897-4756,2008
2830,Sr0.48Ba0.5Si2N2O2Eu0.02,Sr0.48Ba0.5Si2N2O2,Eu,3,0.02,,,,298,548,0.401,0.573,91,,560,450,,,,,,,https://doi.org/10.1021/cm802394w,ACS,,,1.014027852,Chemistry of Materials,0897-4756,2008
2831,Sr0.23Ba0.75Si2N2O2Eu0.02,Sr0.23Ba0.75Si2N2O2,Eu,3,0.02,,,,298,564,0.434,0.528,66,,,450,,,,,,,https://doi.org/10.1021/cm802394w,ACS,,,1.008109224,Chemistry of Materials,0897-4756,2008
2832,Ba0.98Si2N2O2Eu0.02,Ba0.98Si2N2O2,Eu,3,0.02,,,,298,495,0.076,0.44,71,,600,450,,,,2.672097858,470,,https://doi.org/10.1021/cm802394w,ACS,mp-6764, icsd-419450 icsd-173758,1.068374502,Chemistry of Materials,0897-4756,2008
2833,LiGd0.9W2O8Eu0.1,LiGd0.9W2O8,Eu,3,0.1,,,,298,617,,,,,,395,395,,,5.728353782,535000,617,https://doi.org/10.1039/C6NJ02734B,RSC,"mp-1210920,mp-1222332",,0.981156525,New Journal of Chemistry,1144-0546,2016
2834,LiGd0.8W2O8Eu0.2,LiGd0.8W2O8,Eu,3,0.2,,,,298,617,,,,,,395,395,,,5.754348336,568000,617,https://doi.org/10.1039/C6NJ02734B,RSC,"mp-1210920,mp-1222332",,1.005083601,New Journal of Chemistry,1144-0546,2016
2835,LiGd0.6W2O8Eu0.4,LiGd0.6W2O8,Eu,3,0.4,,,,298,617,,,,,,395,395,,,5.7930916,621000,617,https://doi.org/10.1039/C6NJ02734B,RSC,"mp-1210920,mp-1222332",,1.000083286,New Journal of Chemistry,1144-0546,2016
2836,LiGd0.4W2O8Eu0.6,LiGd0.4W2O8,Eu,3,0.6,,,,298,617,,,,,,395,395,,,5.804139432,637000,617,https://doi.org/10.1039/C6NJ02734B,RSC,"mp-1210920,mp-1222332",,1.025560419,New Journal of Chemistry,1144-0546,2016
2837,LiGd0.2W2O8Eu0.8,LiGd0.2W2O8,Eu,3,0.8,,,,298,617,0.656,0.334,69,54,498,395,395,465,535,5.833784375,682000,617,https://doi.org/10.1039/C6NJ02734B,RSC,"mp-1210920,mp-1222332",,1.010936652,New Journal of Chemistry,1144-0546,2016
2838,LiW2O8Eu1,LiW2O8,Eu,3,1,,,,298,617,,,,,,395,395,,,5.759667845,575000,617,https://doi.org/10.1039/C6NJ02734B,RSC,"mp-1210920,mp-1222332",,1.009511038,New Journal of Chemistry,1144-0546,2016
2846,K2BaGe8O18Mn0.002,K2BaGe8O18,Mn,4,0.002,,,,298,666,0.702,0.298,32.9,,450,330,,,,6.032215703,1077000,666,https://doi.org/10.1016/j.dyepig.2017.03.007,ESV,mp-662803, icsd-100439,1.08605395,Dyes and Pigments,0143-7208,2017
2847,K2BaGe8O18Mn0.005,K2BaGe8O18,Mn,4,0.005,,,,298,666,,,,,,330,,,,5.980911938,957000,666,https://doi.org/10.1016/j.dyepig.2017.03.007,ESV,mp-662803, icsd-100439,1.07502283,Dyes and Pigments,0143-7208,2017
2848,K2BaGe8O18Mn0.01,K2BaGe8O18,Mn,4,0.01,,,,298,666,,,,,,330,,,,5.940516485,872000,666,https://doi.org/10.1016/j.dyepig.2017.03.007,ESV,mp-662803, icsd-100439,1.01219416,Dyes and Pigments,0143-7208,2017
2849,K2BaGe8O18Mn0.04,K2BaGe8O18,Mn,4,0.04,,,,298,666,,,,,,330,,,,5.92890769,849000,666,https://doi.org/10.1016/j.dyepig.2017.03.007,ESV,mp-662803, icsd-100439,1.076898435,Dyes and Pigments,0143-7208,2017
2850,K2BaGe8O18Mn0.08,K2BaGe8O18,Mn,4,0.08,,,,298,666,,,,,,330,,,,5.880241776,759000,666,https://doi.org/10.1016/j.dyepig.2017.03.007,ESV,mp-662803, icsd-100439,1.028411589,Dyes and Pigments,0143-7208,2017
2851,Li2Mg3SnO6Mn0.002,Li2Mg3SnO6,Mn,4,0.002,,,,298,670,,,,,,330,330,,,5.490688717,309520,670,https://doi.org/10.1016/j.materresbull.2016.11.031,ESV,,,1.007791027,Materials Research Bulletin,0025-5408,2017
2852,Li2Mg3SnO6Mn0.004,Li2Mg3SnO6,Mn,4,0.004,,,,298,670,0.7238,0.2762,36.3,,,330,330,480,,5.425974161,266670,670,https://doi.org/10.1016/j.materresbull.2016.11.031,ESV,,,1.02912348,Materials Research Bulletin,0025-5408,2017
2853,Li2Mg3SnO6Mn0.006,Li2Mg3SnO6,Mn,4,0.006,,,,298,670,,,,,,330,330,,,5.290546554,195230,670,https://doi.org/10.1016/j.materresbull.2016.11.031,ESV,,,0.98767937,Materials Research Bulletin,0025-5408,2017
2854,Li2Mg3SnO6Mn0.008,Li2Mg3SnO6,Mn,4,0.008,,,,298,670,,,,,,330,330,,,5.264605344,183910,670,https://doi.org/10.1016/j.materresbull.2016.11.031,ESV,,,0.978951585,Materials Research Bulletin,0025-5408,2017
2855,Li2Mg3SnO6Mn0.01,Li2Mg3SnO6,Mn,4,0.01,,,,298,670,,,,,,330,330,,,5.203522417,159780,670,https://doi.org/10.1016/j.materresbull.2016.11.031,ESV,,,1.069158227,Materials Research Bulletin,0025-5408,2017
2856,Li2Sn0.998O3Mn0.002,Li2Sn0.998O3,Mn,4,0.002,,,,298,658,,,,,,330,330,,,4.217483944,16500,658,https://doi.org/10.1016/j.jallcom.2017.02.079,ESV,mp-3540, icsd-21032 icsd-21053,1.016226364,Journal of Alloys and Compounds,0925-8388,2017
2857,Li2Sn0.996O3Mn0.004,Li2Sn0.996O3,Mn,4,0.004,,,,298,658,0.7239,0.2761,43.3,,408,330,330,480,,4.212187604,16300,658,https://doi.org/10.1016/j.jallcom.2017.02.079,ESV,mp-3540, icsd-21032 icsd-21053,1.042180448,Journal of Alloys and Compounds,0925-8388,2017
2858,Li2Sn0.994O3Mn0.006,Li2Sn0.994O3,Mn,4,0.006,,,,298,658,,,,,,330,330,,,4.206825876,16100,658,https://doi.org/10.1016/j.jallcom.2017.02.079,ESV,mp-3540, icsd-21032 icsd-21053,1.05680368,Journal of Alloys and Compounds,0925-8388,2017
2859,Li2Sn0.992O3Mn0.008,Li2Sn0.992O3,Mn,4,0.008,,,,298,658,,,,,,330,330,,,4.201397124,15900,658,https://doi.org/10.1016/j.jallcom.2017.02.079,ESV,mp-3540, icsd-21032 icsd-21053,1.051878825,Journal of Alloys and Compounds,0925-8388,2017
2860,Li2Sn0.99O3Mn0.01,Li2Sn0.99O3,Mn,4,0.01,,,,298,658,,,,,,330,330,,,4.198657087,15800,658,https://doi.org/10.1016/j.jallcom.2017.02.079,ESV,mp-3540, icsd-21032 icsd-21053,1.049971922,Journal of Alloys and Compounds,0925-8388,2017
2861,Y1.98WO6Eu0.02,Y1.98WO6,Eu,3,0.02,,,,298,609,0.5768,0.3347,,,,275,394,,,6.14082218,1383000,609,https://doi.org/10.1007/s10853-016-0598-9,SN,"mp-559510,mp-30539,mp-559085,mp-1216117", icsd-20955 icsd-65811 icsd-26532,1.042048092,Journal of Materials Science,0022-2461,2016
2862,Y1.94WO6Eu0.06,Y1.94WO6,Eu,3,0.06,,,,298,609,0.6325,0.3499,,,,275,394,,,6.330616667,2141000,609,https://doi.org/10.1007/s10853-016-0598-9,SN,"mp-559510,mp-30539,mp-559085,mp-1216117", icsd-20955 icsd-65811 icsd-26532,0.992228483,Journal of Materials Science,0022-2461,2016
2863,Y1.9WO6Eu0.1,Y1.9WO6,Eu,3,0.1,,,,298,609,0.6402,0.3526,,,,275,394,,,6.296226287,1978000,609,https://doi.org/10.1007/s10853-016-0598-9,SN,"mp-559510,mp-30539,mp-559085,mp-1216117", icsd-20955 icsd-65811 icsd-26532,1.008192563,Journal of Materials Science,0022-2461,2016
2864,Y1.86WO6Eu0.14,Y1.86WO6,Eu,3,0.14,,,,298,609,0.6424,0.3518,,,,275,394,,,6.28171497,1913000,609,https://doi.org/10.1007/s10853-016-0598-9,SN,"mp-559510,mp-30539,mp-559085,mp-1216117", icsd-20955 icsd-65811 icsd-26532,1.026121039,Journal of Materials Science,0022-2461,2016
2865,Y1.82WO6Eu0.18,Y1.82WO6,Eu,3,0.18,,,,298,609,0.6425,0.3515,,,,275,394,,,6.276921132,1892000,609,https://doi.org/10.1007/s10853-016-0598-9,SN,"mp-559510,mp-30539,mp-559085,mp-1216117", icsd-20955 icsd-65811 icsd-26532,0.98603566,Journal of Materials Science,0022-2461,2016
2866,Y1.78WO6Eu0.22,Y1.78WO6,Eu,3,0.22,,,,298,609,0.6427,0.3521,,,,275,394,,,6.244277121,1755000,609,https://doi.org/10.1007/s10853-016-0598-9,SN,"mp-559510,mp-30539,mp-559085,mp-1216117", icsd-20955 icsd-65811 icsd-26532,1.013030295,Journal of Materials Science,0022-2461,2016
2867,Y1.74WO6Eu0.26,Y1.74WO6,Eu,3,0.26,,,,298,609,0.6428,0.3531,,,435,275,394,,,6.203576775,1598000,609,https://doi.org/10.1007/s10853-016-0598-9,SN,"mp-559510,mp-30539,mp-559085,mp-1216117", icsd-20955 icsd-65811 icsd-26532,0.984034972,Journal of Materials Science,0022-2461,2016
2868,Y1.7WO6Eu0.3,Y1.7WO6,Eu,3,0.3,,,,298,609,0.6433,0.3512,,,,275,394,,,6.172602931,1488000,609,https://doi.org/10.1007/s10853-016-0598-9,SN,"mp-559510,mp-30539,mp-559085,mp-1216117", icsd-20955 icsd-65811 icsd-26532,1.054026809,Journal of Materials Science,0022-2461,2016
2869,Y1.66WO6Eu0.34,Y1.66WO6,Eu,3,0.34,,,,298,609,0.6451,0.3506,,,,275,394,,,6.103461622,1269000,609,https://doi.org/10.1007/s10853-016-0598-9,SN,"mp-559510,mp-30539,mp-559085,mp-1216117", icsd-20955 icsd-65811 icsd-26532,1.060896197,Journal of Materials Science,0022-2461,2016
2870,Y1.62WO6Eu0.38,Y1.62WO6,Eu,3,0.38,,,,298,609,0.6431,0.3516,,,,275,394,,,6.062581984,1155000,609,https://doi.org/10.1007/s10853-016-0598-9,SN,"mp-559510,mp-30539,mp-559085,mp-1216117", icsd-20955 icsd-65811 icsd-26532,1.082148268,Journal of Materials Science,0022-2461,2016
2871,Li3BaSrLa2.4W8O32Eu0.2,Li3BaSrLa2.4W8O32,Eu,3,0.2,,,,298,618,0.6635,0.3352,,,,396,396,,,,,618,https://doi.org/10.1039/C5TC03165F,RSC,,,1.165646887,Journal of Materials Chemistry C,2050-7526,2015
2872,Li3BaSrLa1.8W8O32Eu0.4,Li3BaSrLa1.8W8O32,Eu,3,0.4,,,,298,618,0.6691,0.3302,,,,396,396,,,,,618,https://doi.org/10.1039/C5TC03165F,RSC,,,1.14438849,Journal of Materials Chemistry C,2050-7526,2015
2873,Li3BaSrLa1.2W8O32Eu0.6,Li3BaSrLa1.2W8O32,Eu,3,0.6,,,,298,618,0.6678,0.3316,,,,396,396,,,,,618,https://doi.org/10.1039/C5TC03165F,RSC,,,1.134086558,Journal of Materials Chemistry C,2050-7526,2015
2874,Li3BaSrLa0.9W8O32Eu0.7,Li3BaSrLa0.9W8O32,Eu,3,0.7,,,,298,618,0.6701,0.3293,,,,396,396,,,,,618,https://doi.org/10.1039/C5TC03165F,RSC,,,1.131368967,Journal of Materials Chemistry C,2050-7526,2015
2875,Li3BaSrLa0.6W8O32Eu0.8,Li3BaSrLa0.6W8O32,Eu,3,0.8,,,,298,618,0.6704,0.3291,,,,396,396,,,,,618,https://doi.org/10.1039/C5TC03165F,RSC,,,1.25922303,Journal of Materials Chemistry C,2050-7526,2015
2876,Li3BaSrLa0.3W8O32Eu0.9,Li3BaSrLa0.3W8O32,Eu,3,0.9,,,,298,618,0.6709,0.3285,28.36,,475,396,396,466,,,,618,https://doi.org/10.1039/C5TC03165F,RSC,,,2.060497644,Journal of Materials Chemistry C,2050-7526,2015
2877,Li3BaSrW8O32Eu1,Li3BaSrW8O32,Eu,3,1,,,,298,618,0.67,0.3293,,,,396,396,,,,,618,https://doi.org/10.1039/C5TC03165F,RSC,,,1.467985495,Journal of Materials Chemistry C,2050-7526,2015
2878,Y2WO6,Y2WO6,,,,,,,298,611,0.1885,0.219,,,,327,327,,,,,611,https://doi.org/10.1016/j.jallcom.2016.11.033,ESV,"mp-559510,mp-30539,mp-559085,mp-1216117", icsd-20955 icsd-65811 icsd-26532,1.473394719,Journal of Alloys and Compounds,0925-8388,2017
2879,Y1.96WO6Eu0.02,Y1.96WO6,Eu,3,0.02,,,,298,611,0.5879,0.3321,,,,327,327,,,,,611,https://doi.org/10.1016/j.jallcom.2016.11.033,ESV,"mp-559510,mp-30539,mp-559085,mp-1216117", icsd-20955 icsd-65811 icsd-26532,0.985216113,Journal of Alloys and Compounds,0925-8388,2017
2880,Y1.94WO6Eu0.03,Y1.94WO6,Eu,3,0.03,,,,298,611,0.6133,0.3386,,,,327,327,,,6.008600172,1020000,611,https://doi.org/10.1016/j.jallcom.2016.11.033,ESV,"mp-559510,mp-30539,mp-559085,mp-1216117", icsd-20955 icsd-65811 icsd-26532,0.987645071,Journal of Alloys and Compounds,0925-8388,2017
2881,Y1.9WO6Eu0.05,Y1.9WO6,Eu,3,0.05,,,,298,611,0.6327,0.3433,,,,327,327,,,,,611,https://doi.org/10.1016/j.jallcom.2016.11.033,ESV,"mp-559510,mp-30539,mp-559085,mp-1216117", icsd-20955 icsd-65811 icsd-26532,0.985516274,Journal of Alloys and Compounds,0925-8388,2017
2882,Y1.86WO6Eu0.07,Y1.86WO6,Eu,3,0.07,,,,298,611,0.6415,0.345,,,,327,327,,,,,611,https://doi.org/10.1016/j.jallcom.2016.11.033,ESV,"mp-559510,mp-30539,mp-559085,mp-1216117", icsd-20955 icsd-65811 icsd-26532,0.985976444,Journal of Alloys and Compounds,0925-8388,2017
2883,Y1.82WO6Eu0.09,Y1.82WO6,Eu,3,0.09,,,,298,611,0.6458,0.3456,,,,327,327,,,6,1000000,611,https://doi.org/10.1016/j.jallcom.2016.11.033,ESV,"mp-559510,mp-30539,mp-559085,mp-1216117", icsd-20955 icsd-65811 icsd-26532,0.979535716,Journal of Alloys and Compounds,0925-8388,2017
2884,Y1.8WO6Eu0.1,Y1.8WO6,Eu,3,0.1,,,,298,611,0.647,0.3458,,,,327,327,,,,,611,https://doi.org/10.1016/j.jallcom.2016.11.033,ESV,"mp-559510,mp-30539,mp-559085,mp-1216117", icsd-20955 icsd-65811 icsd-26532,0.98653791,Journal of Alloys and Compounds,0925-8388,2017
2885,Y1.78WO6Eu0.11,Y1.78WO6,Eu,3,0.11,,,,298,611,0.6474,0.3465,,,,327,327,,,,,611,https://doi.org/10.1016/j.jallcom.2016.11.033,ESV,"mp-559510,mp-30539,mp-559085,mp-1216117", icsd-20955 icsd-65811 icsd-26532,0.986691623,Journal of Alloys and Compounds,0925-8388,2017
2886,Sr2.98Na0.01B2SiO8Sm0.01,Sr2.98Na0.01B2SiO8,Sm,3,0.01,,,,298,600,0.527,0.467,24.528,,,402,402,,,6.412628521,2586000,600,https://doi.org/10.1016/j.optmat.2016.05.044,ESV,,,1.164365665,Optical Materials,0925-3467,2016
2887,Sr2.94Na0.03B2SiO8Sm0.03,Sr2.94Na0.03B2SiO8,Sm,3,0.03,,,,298,600,0.537,0.459,19.334,,,402,402,,,6.214313897,1638000,600,https://doi.org/10.1016/j.optmat.2016.05.044,ESV,,,1.056650021,Optical Materials,0925-3467,2016
2888,Sr2.9Na0.05B2SiO8Sm0.05,Sr2.9Na0.05B2SiO8,Sm,3,0.05,,,,298,600,0.534,0.448,17.007,,493,402,402,,,6.079543007,1201000,600,https://doi.org/10.1016/j.optmat.2016.05.044,ESV,,,0.996903648,Optical Materials,0925-3467,2016
2889,Sr2.86Na0.07B2SiO8Sm0.07,Sr2.86Na0.07B2SiO8,Sm,3,0.07,,,,298,600,0.542,0.438,14.407,,,402,402,,,5.992553518,983000,600,https://doi.org/10.1016/j.optmat.2016.05.044,ESV,,,0.993668676,Optical Materials,0925-3467,2016
2890,Sr2.82Na0.07B2SiO8Sm0.09,Sr2.82Na0.07B2SiO8,Sm,3,0.09,,,,298,600,0.571,0.421,12.438,,,402,402,,,5.901458321,797000,600,https://doi.org/10.1016/j.optmat.2016.05.044,ESV,,,1.004469625,Optical Materials,0925-3467,2016
2891,KMg4P3O12Eu0.02,KMg4P3O12,Eu,2,0.02,,,,298,450,,,53.13,18.6,823,365,365,,,3.109915863,1288,450,https://doi.org/10.1021/acs.inorgchem.6b02140,ACS,mp-557844, icsd-154111,1.066878314,Inorganic Chemistry,0020-1669,2017
2892,KMg4P3O12Li0.005Eu0.02,KMg4P3O12Li0.005,Eu,2,0.02,,,,298,450,,,,,,365,365,,,3.146128036,1400,450,https://doi.org/10.1021/acs.inorgchem.6b02140,ACS,mp-557844, icsd-154111,0.992449417,Inorganic Chemistry,0020-1669,2017
2893,KMg4P3O12Li0.01Eu0.02,KMg4P3O12Li0.01,Eu,2,0.02,,,,298,450,,,,,,365,365,,,3.180699201,1516,450,https://doi.org/10.1021/acs.inorgchem.6b02140,ACS,mp-557844, icsd-154111,1.004417953,Inorganic Chemistry,0020-1669,2017
2894,KMg4P3O12Li0.02Eu0.02,KMg4P3O12Li0.02,Eu,2,0.02,,,,298,450,,,,,,365,365,,,3.179838928,1513,450,https://doi.org/10.1021/acs.inorgchem.6b02140,ACS,mp-557844, icsd-154111,1.00432651,Inorganic Chemistry,0020-1669,2017
2895,KMg4P3O12Li0.025Eu0.02,KMg4P3O12Li0.025,Eu,2,0.02,,,,298,450,,,84.02,38.26,723,365,365,,,3.179551791,1512,450,https://doi.org/10.1021/acs.inorgchem.6b02140,ACS,mp-557844, icsd-154111,1.017462763,Inorganic Chemistry,0020-1669,2017
2896,KMg4P3O12Li0.03Eu0.02,KMg4P3O12Li0.03,Eu,2,0.02,,,,298,450,,,,,,365,365,,,3.177247836,1504,450,https://doi.org/10.1021/acs.inorgchem.6b02140,ACS,mp-557844, icsd-154111,1.003809663,Inorganic Chemistry,0020-1669,2017
2897,Y1.4MoO6Eu0.6,Y1.4MoO6,Eu,2,0.6,,,,298,611,0.611,0.386,,,,363,363,,,,,611,https://doi.org/10.1016/j.jlumin.2014.01.018,ESV,mp-31124, icsd-99575,1.201409318,Journal of Luminescence,0022-2313,2014
2898,YNbO4Bi0.01,YNbO4,Bi,3,0.01,,,,298,456,0.191,0.226,45.6,,,310,,,,,,,https://doi.org/10.1021/acs.chemmater.6b00277,ACS,"mp-5387,mp-1095229", icsd-430911 icsd-20335 icsd-100176 icsd-239207 icsd-430907 icsd-430914 icsd-430913 icsd-430912 icsd-430908 icsd-430916 icsd-430909 icsd-430015 icsd-430910 icsd-430919 icsd-430922 icsd-239208 icsd-430917 icsd-239209 icsd-430920 icsd-430921 icsd-430918,1.009398262,Chemistry of Materials,0897-4756,2016
2899,YNb0.8V0.2O4Bi0.01,YNb0.8V0.2O4,Bi,3,0.01,,,,298,514,0.312,0.365,47.1,,,310,,,,,,,https://doi.org/10.1021/acs.chemmater.6b00277,ACS,"mp-5387,mp-1095229", icsd-430911 icsd-20335 icsd-100176 icsd-239207 icsd-430907 icsd-430914 icsd-430913 icsd-430912 icsd-430908 icsd-430916 icsd-430909 icsd-430015 icsd-430910 icsd-430919 icsd-430922 icsd-239208 icsd-430917 icsd-239209 icsd-430920 icsd-430921 icsd-430918,0.999904443,Chemistry of Materials,0897-4756,2016
2900,YNb0.6V0.4O4Bi0.01,YNb0.6V0.4O4,Bi,3,0.01,,,,298,548,0.375,0.457,47.5,,,310,,,,,,,https://doi.org/10.1021/acs.chemmater.6b00277,ACS,"mp-5387,mp-1095229", icsd-430911 icsd-20335 icsd-100176 icsd-239207 icsd-430907 icsd-430914 icsd-430913 icsd-430912 icsd-430908 icsd-430916 icsd-430909 icsd-430015 icsd-430910 icsd-430919 icsd-430922 icsd-239208 icsd-430917 icsd-239209 icsd-430920 icsd-430921 icsd-430918,0.97965568,Chemistry of Materials,0897-4756,2016
2901,YNb0.4V0.6O4Bi0.01,YNb0.4V0.6O4,Bi,3,0.01,,,,298,560,0.407,0.479,52.4,,,310,,,,,,,https://doi.org/10.1021/acs.chemmater.6b00277,ACS,"mp-5387,mp-1095229", icsd-430911 icsd-20335 icsd-100176 icsd-239207 icsd-430907 icsd-430914 icsd-430913 icsd-430912 icsd-430908 icsd-430916 icsd-430909 icsd-430015 icsd-430910 icsd-430919 icsd-430922 icsd-239208 icsd-430917 icsd-239209 icsd-430920 icsd-430921 icsd-430918,0.981042434,Chemistry of Materials,0897-4756,2016
2902,YNb0.2V0.8O4Bi0.01,YNb0.2V0.8O4,Bi,3,0.01,,,,298,564,0.409,0.48,64.4,,,310,,,,,,,https://doi.org/10.1021/acs.chemmater.6b00277,ACS,"mp-5387,mp-1095229", icsd-430911 icsd-20335 icsd-100176 icsd-239207 icsd-430907 icsd-430914 icsd-430913 icsd-430912 icsd-430908 icsd-430916 icsd-430909 icsd-430015 icsd-430910 icsd-430919 icsd-430922 icsd-239208 icsd-430917 icsd-239209 icsd-430920 icsd-430921 icsd-430918,0.981621963,Chemistry of Materials,0897-4756,2016
2903,YVO4Bi0.01,YVO4,Bi,3,0.01,,,,298,566,0.413,0.481,74.8,,,330,,,,,,,https://doi.org/10.1021/acs.chemmater.6b00277,ACS,mp-19133, icsd-15604 icsd-107638 icsd-246709 icsd-26894 icsd-78074 icsd-2504 icsd-174549 icsd-246708 icsd-36060,0.972207077,Chemistry of Materials,0897-4756,2016
2904,Y0.8Sc0.2VO4Bi0.01,Y0.8Sc0.2VO4,Bi,3,0.01,,,,298,579,0.439,0.48,71.2,,,330,,,,,,,https://doi.org/10.1021/acs.chemmater.6b00277,ACS,mp-19133, icsd-15604 icsd-107638 icsd-246709 icsd-26894 icsd-78074 icsd-2504 icsd-174549 icsd-246708 icsd-36060,1.01417963,Chemistry of Materials,0897-4756,2016
2905,Y0.6Sc0.4VO4Bi0.01,Y0.6Sc0.4VO4,Bi,3,0.01,,,,298,588,0.454,0.477,57.2,,,330,,,,,,,https://doi.org/10.1021/acs.chemmater.6b00277,ACS,mp-19133, icsd-15604 icsd-107638 icsd-246709 icsd-26894 icsd-78074 icsd-2504 icsd-174549 icsd-246708 icsd-36060,1.01157394,Chemistry of Materials,0897-4756,2016
2906,Y0.4Sc0.6VO4Bi0.01,Y0.4Sc0.6VO4,Bi,3,0.01,,,,298,604,0.484,0.468,53.8,,,330,,,,,,,https://doi.org/10.1021/acs.chemmater.6b00277,ACS,mp-19133, icsd-15604 icsd-107638 icsd-246709 icsd-26894 icsd-78074 icsd-2504 icsd-174549 icsd-246708 icsd-36060,1.00744227,Chemistry of Materials,0897-4756,2016
2907,Y0.2Sc0.8VO4Bi0.01,Y0.2Sc0.8VO4,Bi,3,0.01,,,,298,621,0.51,0.455,49.4,,,330,,,,,,,https://doi.org/10.1021/acs.chemmater.6b00277,ACS,mp-19133, icsd-15604 icsd-107638 icsd-246709 icsd-26894 icsd-78074 icsd-2504 icsd-174549 icsd-246708 icsd-36060,1.009891683,Chemistry of Materials,0897-4756,2016
2908,ScVO4Bi0.01,ScVO4,Bi,3,0.01,,,,298,647,0.521,0.443,37.8,,,330,,,,,,,https://doi.org/10.1021/acs.chemmater.6b00277,ACS,mp-19247, icsd-164837 icsd-169173 icsd-27947 icsd-290863 icsd-78073,1.012803266,Chemistry of Materials,0897-4756,2016
2909,Ca5B3O9FBi0.15,Ca5B3O9F,Bi,3,0.15,,,,298,457,0.21,0.3,,,,322,322,,,3.021189299,1050,457,https://doi.org/10.1021/acs.chemmater.7b03151,ACS,mp-6632, icsd-65763 icsd-69537,1.236130969,Chemistry of Materials,0897-4756,2017
2910,Ca5B3O9FBi0.15Eu0.01,Ca5B3O9F,Bi,3,0.15,Eu,3,0.01,298,457,0.26,0.31,,,,322,322,,,6.164352856,1460000,617,https://doi.org/10.1021/acs.chemmater.7b03151,ACS,mp-6632, icsd-65763 icsd-69537,0.97594888,Chemistry of Materials,0897-4756,2017
2911,Ca5B3O9FBi0.15Eu0.02,Ca5B3O9F,Bi,3,0.15,Eu,3,0.02,298,457,0.32,0.32,,,,322,322,,,6.23299611,1710000,617,https://doi.org/10.1021/acs.chemmater.7b03151,ACS,mp-6632, icsd-65763 icsd-69537,0.995911415,Chemistry of Materials,0897-4756,2017
2912,Ca5B3O9FBi0.15Eu0.03,Ca5B3O9F,Bi,3,0.15,Eu,3,0.03,298,457,0.17,0.24,,,,322,322,,,6.255272505,1800000,617,https://doi.org/10.1021/acs.chemmater.7b03151,ACS,mp-6632, icsd-65763 icsd-69537,0.99925231,Chemistry of Materials,0897-4756,2017
2913,Ca5B3O9FBi0.15Eu0.05,Ca5B3O9F,Bi,3,0.15,Eu,3,0.05,298,617,0.44,0.33,,,,322,322,,,6.26245109,1830000,617,https://doi.org/10.1021/acs.chemmater.7b03151,ACS,mp-6632, icsd-65763 icsd-69537,1.010654383,Chemistry of Materials,0897-4756,2017
2914,Ca5B3O9FBi0.15Eu0.07,Ca5B3O9F,Bi,3,0.15,Eu,3,0.07,298,617,0.49,0.34,,,,322,322,,,6.271841607,1870000,617,https://doi.org/10.1021/acs.chemmater.7b03151,ACS,mp-6632, icsd-65763 icsd-69537,1.029672201,Chemistry of Materials,0897-4756,2017
2915,Ca5B3O9FBi0.15Eu0.1,Ca5B3O9F,Bi,3,0.15,Eu,3,0.1,298,617,0.54,0.34,,,,322,322,,,6.278753601,1900000,617,https://doi.org/10.1021/acs.chemmater.7b03151,ACS,mp-6632, icsd-65763 icsd-69537,0.999473693,Chemistry of Materials,0897-4756,2017
2916,Sr7.92MgScP7O28Eu0.08,Sr7.92MgScP7O28,Eu,2,0.08,,,,298,600,,,68.2,20.8,433,400,400,,,2.788875116,615,600,https://doi.org/10.1039/C0JM04524A,RSC,,,1.369976421,Journal of Materials Chemistry,0959-9428,2011
2917,Sr1.96Si5N8Eu0.02,Sr1.96Si5N8,Eu,2,0.02,,,,298,625,0.621,0.368,,,,450,450,,,,,625,https://doi.org/10.1063/1.2196064,AIP,mp-9710, icsd-401500,0.99540322,Applied Physics Letters,0003-6951,2006
2918,SrSi5N8Eu0.5,SrSi5N8,Eu,2,0.5,,,,298,685,0.669,0.322,,,378,450,450,,,,,685,https://doi.org/10.1063/1.2196064,AIP,,,1.141289468,Applied Physics Letters,0003-6951,2006
2919,BaMgAl9.99O17Mg0.005Mn0.005,BaMgAl9.99O17Mg0.005,Mn,4,0.005,,,,298,660,,,,,,468,335,468,,5.796574333,626000,660,https://doi.org/10.1021/acs.chemmater.6b01303,ACS,,,0.99053086,Chemistry of Materials,0897-4756,2016
2920,BaMgAl9.98O17Mg0.01Mn0.01,BaMgAl9.98O17Mg0.01,Mn,4,0.01,,,,298,660,,,,,,468,335,468,,5.780317312,603000,660,https://doi.org/10.1021/acs.chemmater.6b01303,ACS,,,0.991827396,Chemistry of Materials,0897-4756,2016
2921,BaMgAl9.97O17Mg0.015Mn0.015,BaMgAl9.97O17Mg0.015,Mn,4,0.015,,,,298,660,,,,,,468,335,468,,5.762678564,579000,660,https://doi.org/10.1021/acs.chemmater.6b01303,ACS,,,0.996067773,Chemistry of Materials,0897-4756,2016
2922,BaMgAl9.96O17Mg0.02Mn0.02,BaMgAl9.96O17Mg0.02,Mn,4,0.02,,,,298,660,0.723,0.277,,,425,468,335,468,,5.741939078,552000,660,https://doi.org/10.1021/acs.chemmater.6b01303,ACS,,,1.007667469,Chemistry of Materials,0897-4756,2016
2923,BaMgAl9.94O17Mg0.03Mn0.03,BaMgAl9.94O17Mg0.03,Mn,4,0.03,,,,298,660,,,,,,468,335,468,,5.737987326,547000,660,https://doi.org/10.1021/acs.chemmater.6b01303,ACS,,,0.968572377,Chemistry of Materials,0897-4756,2016
2924,BaMgAl9.92O17Mg0.04Mn0.04,BaMgAl9.92O17Mg0.04,Mn,4,0.04,,,,298,660,,,,,,468,335,468,,5.725094521,531000,660,https://doi.org/10.1021/acs.chemmater.6b01303,ACS,,,1.059323271,Chemistry of Materials,0897-4756,2016
2925,BaMgAl9.9O17Mg0.05Mn0.05,BaMgAl9.9O17Mg0.05,Mn,4,0.05,,,,298,660,,,,,,468,335,468,,5.709269961,512000,660,https://doi.org/10.1021/acs.chemmater.6b01303,ACS,,,0.975040741,Chemistry of Materials,0897-4756,2016
2926,Sr3Sc3.988O9Ce0.012,Sr3Sc3.988O9,Ce,3,0.012,,,,298,620,,,53,,363,425,425,,,,,620,https://doi.org/10.1039/C7TC03203J,RSC,,,1.185730814,Journal of Materials Chemistry C,2050-7526,2017
2927,Ba3Sc3.996O9Ce0.004,Ba3Sc3.996O9,Ce,3,0.004,,,,298,593,,,40,,335,430,430,,,,,593,https://doi.org/10.1039/C7TC03203J,RSC,,,1.094569461,Journal of Materials Chemistry C,2050-7526,2017
2928,Ca0.98Li0.01AlSiN3Ce0.01,Ca0.98Li0.01AlSiN3,Ce,3,0.01,,,,298,580,0.389,0.345,,54,643,460,460,,,,,580,https://doi.org/10.1021/cm801669x,ACS,,,1.304649249,Chemistry of Materials,0897-4756,2008
2929,Ca0.99AlSiN2.9933O0.015Ce0.01,Ca0.99AlSiN2.9933O0.015,Ce,3,0.01,,,,298,580,0.377,0.355,,,663,460,460,,,,,580,https://doi.org/10.1021/cm801669x,ACS,,,1.28442164,Chemistry of Materials,0897-4756,2008
2930,Ca1.2SiO4Eu0.8,Ca1.2SiO4,Eu,2,0.8,,,,298,653,0.64,0.35,50,44,411,450,450,,,,,653,https://doi.org/10.1002/anie.201402520,Wiley,"mp-4481,mp-556942,mp-4180,mp-560821,mp-758006,mp-1227559,mp-675299,mp-674334,mp-1019562,mp-676278,mp-8682,mp-1019563", icsd-200707 icsd-181558 icsd-82994 icsd-18179 icsd-39005 icsd-68753 icsd-166637 icsd-417503 icsd-9095 icsd-68754 icsd-82995 icsd-81095 icsd-280995 icsd-79551 icsd-79552 icsd-79553 icsd-245079 icsd-245078 icsd-245080 icsd-245077 icsd-196150 icsd-245075 icsd-963 icsd-421708 icsd-79550 icsd-79554 icsd-24640 icsd-245074 icsd-16616 icsd-79555 icsd-245076 icsd-81096 icsd-82996 icsd-182052 icsd-40657 icsd-182054 icsd-182053,1.428775953,Angewandte Chemie - International Edition,1433-7851,2014
2931,NaZnPO4Eu0.04,NaZnPO4,Eu,3,0.04,,,,298,595,,,,,,395,395,,,6.333648757,2156000,595,https://doi.org/10.1016/j.matlet.2015.04.084,ESV,"mp-558237,mp-14648", icsd-87557 icsd-65131,0.978952837,Materials Letters,0167-577X,2015
2932,NaZnPO4Eu0.25,NaZnPO4,Eu,3,0.25,,,,298,595,0.62,0.38,,,,395,395,,,,,595,https://doi.org/10.1016/j.matlet.2015.04.084,ESV,"mp-558237,mp-14648", icsd-87557 icsd-65131,0.983443625,Materials Letters,0167-577X,2015
2933,Ba0.88ZrGe3O9Eu0.08,Ba0.88ZrGe3O9,Eu,3,0.08,,,,298,612,0.656,0.344,37.4,,573,394,394,,,,,612,https://doi.org/10.1021/acs.inorgchem.7b00591,ACS,,,1.00899956,Inorganic Chemistry,0020-1669,2017
2934,LiSrBi0.6TeO6Eu0.4,LiSrBi0.6TeO6,Eu,3,0.4,,,,298,616,0.664,0.335,,,450,465,465,,,5.898725182,792000,616,https://doi.org/10.1016/j.jlumin.2018.05.013,ESV,,,1.022021622,Journal of Luminescence,0022-2313,2018
2935,CaWO4,CaWO4,,,,,,,298,616,0.1734,0.158,,,,247,247,,,4.207365037,16120,430,https://doi.org/10.1016/j.matchemphys.2018.01.005,ESV,"mp-19426,mp-1190383", icsd-60550 icsd-193491 icsd-60548 icsd-60551 icsd-15869 icsd-155423 icsd-193047 icsd-15586 icsd-60549 icsd-18135 icsd-77335 icsd-157428 icsd-291535 icsd-60547 icsd-155791 icsd-238259 icsd-238258,1.058722467,Materials Chemistry and Physics,0254-0584,2018
2936,Na0.01Ca0.98WO4Eu0.01,Na0.01Ca0.98WO4,Eu,3,0.01,,,,298,616,0.2899,0.1894,,,,247,247,,,4.109240969,12860,430,https://doi.org/10.1016/j.matchemphys.2018.01.005,ESV,"mp-19426,mp-1190383", icsd-60550 icsd-193491 icsd-60548 icsd-60551 icsd-15869 icsd-155423 icsd-193047 icsd-15586 icsd-60549 icsd-18135 icsd-77335 icsd-157428 icsd-291535 icsd-60547 icsd-155791 icsd-238259 icsd-238258,1.018440485,Materials Chemistry and Physics,0254-0584,2018
2937,Na0.02Ca0.96WO4Eu0.02,Na0.02Ca0.96WO4,Eu,3,0.02,,,,298,616,,,,,,247,247,,,4.074084689,11860,430,https://doi.org/10.1016/j.matchemphys.2018.01.005,ESV,"mp-19426,mp-1190383", icsd-60550 icsd-193491 icsd-60548 icsd-60551 icsd-15869 icsd-155423 icsd-193047 icsd-15586 icsd-60549 icsd-18135 icsd-77335 icsd-157428 icsd-291535 icsd-60547 icsd-155791 icsd-238259 icsd-238258,1.036764988,Materials Chemistry and Physics,0254-0584,2018
2938,Na0.03Ca0.94WO4Eu0.03,Na0.03Ca0.94WO4,Eu,3,0.03,,,,298,616,,,,,,247,247,,,4.038222638,10920,430,https://doi.org/10.1016/j.matchemphys.2018.01.005,ESV,"mp-19426,mp-1190383", icsd-60550 icsd-193491 icsd-60548 icsd-60551 icsd-15869 icsd-155423 icsd-193047 icsd-15586 icsd-60549 icsd-18135 icsd-77335 icsd-157428 icsd-291535 icsd-60547 icsd-155791 icsd-238259 icsd-238258,1.04793378,Materials Chemistry and Physics,0254-0584,2018
2939,Na0.04Ca0.92WO4Eu0.04,Na0.04Ca0.92WO4,Eu,3,0.04,,,,298,616,,,,,,247,247,,,3.939019776,8690,430,https://doi.org/10.1016/j.matchemphys.2018.01.005,ESV,"mp-19426,mp-1190383", icsd-60550 icsd-193491 icsd-60548 icsd-60551 icsd-15869 icsd-155423 icsd-193047 icsd-15586 icsd-60549 icsd-18135 icsd-77335 icsd-157428 icsd-291535 icsd-60547 icsd-155791 icsd-238259 icsd-238258,1.032099154,Materials Chemistry and Physics,0254-0584,2018
2940,Na0.05Ca0.9WO4Eu0.05,Na0.05Ca0.9WO4,Eu,3,0.05,,,,298,616,,,15,,,247,247,,,3.855519156,7170,430,https://doi.org/10.1016/j.matchemphys.2018.01.005,ESV,"mp-19426,mp-1190383", icsd-60550 icsd-193491 icsd-60548 icsd-60551 icsd-15869 icsd-155423 icsd-193047 icsd-15586 icsd-60549 icsd-18135 icsd-77335 icsd-157428 icsd-291535 icsd-60547 icsd-155791 icsd-238259 icsd-238258,1.005632885,Materials Chemistry and Physics,0254-0584,2018
2941,Na0.1Ca0.8WO4Eu0.1,Na0.1Ca0.8WO4,Eu,3,0.1,,,,298,616,,,,,,247,247,,,3.795880017,6250,430,https://doi.org/10.1016/j.matchemphys.2018.01.005,ESV,"mp-19426,mp-1190383", icsd-60550 icsd-193491 icsd-60548 icsd-60551 icsd-15869 icsd-155423 icsd-193047 icsd-15586 icsd-60549 icsd-18135 icsd-77335 icsd-157428 icsd-291535 icsd-60547 icsd-155791 icsd-238259 icsd-238258,0.976332691,Materials Chemistry and Physics,0254-0584,2018
2942,Na0.2Ca0.6WO4Eu0.2,Na0.2Ca0.6WO4,Eu,3,0.2,,,,298,616,0.5869,0.3905,,,,247,247,,,3.636487896,4330,430,https://doi.org/10.1016/j.matchemphys.2018.01.005,ESV,"mp-19426,mp-1190383", icsd-60550 icsd-193491 icsd-60548 icsd-60551 icsd-15869 icsd-155423 icsd-193047 icsd-15586 icsd-60549 icsd-18135 icsd-77335 icsd-157428 icsd-291535 icsd-60547 icsd-155791 icsd-238259 icsd-238258,0.993485148,Materials Chemistry and Physics,0254-0584,2018
2943,Na0.5WO4Eu0.5,Na0.5WO4,Eu,3,0.5,,,,298,616,,,65,,,247,247,,,,,430,https://doi.org/10.1016/j.matchemphys.2018.01.005,ESV,mp-1192304, icsd-408189,1.223575827,Materials Chemistry and Physics,0254-0584,2018
2944,Sr0.8Ca0.2AlSiN3Eu0.008,Sr0.8Ca0.2AlSiN3,Eu,2,0.008,,,,298,650,0.347,0.39,69.7,,,450,450,,,,,650,https://doi.org/10.1149/2.008302jss,IOP,,,1.174320232,ECS Journal of Solid State Science and Technology,2162-8769,2012
2945,Ca0.9725Al2SiO7Ce0.0075Tb0.02,Ca0.9725Al2SiO7,Ce,3,0.0075,Tb,3,0.02,298,542,0.316,0.336,,,,352,352,,,,,542,https://doi.org/10.1149/1.3097191,IOP,,,1.08824644,Journal of The Electrochemical Society,0013-4651,2009
2946,Ca0.98ScAlSiO6Ce0.02,Ca0.98ScAlSiO6,Ce,3,0.02,,,,298,380,,,96.8,,,330,330,,,,,380,https://doi.org/10.1021/ic3024666,ACS,"mp-39167,mp-1227097",,1.035043368,Inorganic Chemistry,0020-1669,2013
2947,Ca0.96ScAlSiO6Ce0.04,Ca0.96ScAlSiO6,Ce,3,0.04,,,,298,380,0.17,0.03,,,,330,330,,,,,380,https://doi.org/10.1021/ic3024666,ACS,"mp-39167,mp-1227097",,1.027910659,Inorganic Chemistry,0020-1669,2013
2948,Ca0.98Sc0.98AlSiO6Ce0.02Tb0.02,Ca0.98Sc0.98AlSiO6,Ce,3,0.02,Tb,3,0.02,298,380,,,93.3,,,330,330,,,,,380,https://doi.org/10.1021/ic3024666,ACS,"mp-39167,mp-1227097",,1.015126089,Inorganic Chemistry,0020-1669,2013
2949,Ca0.98Sc0.96AlSiO6Ce0.02Tb0.04,Ca0.98Sc0.96AlSiO6,Ce,3,0.02,Tb,3,0.04,298,380,,,91.6,,,330,330,,,,,380,https://doi.org/10.1021/ic3024666,ACS,"mp-39167,mp-1227097",,1.015126089,Inorganic Chemistry,0020-1669,2013
2950,Ca0.98Sc0.94AlSiO6Ce0.02Tb0.06,Ca0.98Sc0.94AlSiO6,Ce,3,0.02,Tb,3,0.06,298,380,,,87.1,,,330,330,,,,,380,https://doi.org/10.1021/ic3024666,ACS,"mp-39167,mp-1227097",,1.015126089,Inorganic Chemistry,0020-1669,2013
2951,Ca0.98Sc0.92AlSiO6Ce0.02Tb0.08,Ca0.98Sc0.92AlSiO6,Ce,3,0.02,Tb,3,0.08,298,380,,,81.1,,,330,330,,,,,380,https://doi.org/10.1021/ic3024666,ACS,"mp-39167,mp-1227097",,1.015126089,Inorganic Chemistry,0020-1669,2013
2952,Ca0.98Sc0.9AlSiO6Ce0.02Tb0.1,Ca0.98Sc0.9AlSiO6,Ce,3,0.02,Tb,3,0.1,298,380,,,80.5,,,330,330,,,,,380,https://doi.org/10.1021/ic3024666,ACS,"mp-39167,mp-1227097",,1.015126089,Inorganic Chemistry,0020-1669,2013
2953,Ca0.98Sc0.88AlSiO6Ce0.02Tb0.12,Ca0.98Sc0.88AlSiO6,Ce,3,0.02,Tb,3,0.12,298,380,,,79.5,,,330,330,,,,,380,https://doi.org/10.1021/ic3024666,ACS,"mp-39167,mp-1227097",,1.015126089,Inorganic Chemistry,0020-1669,2013
2954,Ca0.94ScAlSiO6Ce0.02Mn0.04,Ca0.94ScAlSiO6,Ce,3,0.02,Mn,2,0.04,298,380,,,87.6,,,330,330,,,,,380,https://doi.org/10.1021/ic3024666,ACS,"mp-39167,mp-1227097",,1.008442734,Inorganic Chemistry,0020-1669,2013
2955,Ca0.9ScAlSiO6Ce0.02Mn0.08,Ca0.9ScAlSiO6,Ce,3,0.02,Mn,2,0.08,298,380,,,80.4,,,330,330,,,,,380,https://doi.org/10.1021/ic3024666,ACS,"mp-39167,mp-1227097",,1.00826506,Inorganic Chemistry,0020-1669,2013
2956,Ca0.86ScAlSiO6Ce0.02Mn0.12,Ca0.86ScAlSiO6,Ce,3,0.02,Mn,2,0.12,298,380,,,73.4,,,330,330,,,,,380,https://doi.org/10.1021/ic3024666,ACS,"mp-39167,mp-1227097",,1.00826506,Inorganic Chemistry,0020-1669,2013
2957,Ca0.82ScAlSiO6Ce0.02Mn0.16,Ca0.82ScAlSiO6,Ce,3,0.02,Mn,2,0.16,298,380,,,67.3,,,330,330,,,,,380,https://doi.org/10.1021/ic3024666,ACS,"mp-39167,mp-1227097",,1.00826506,Inorganic Chemistry,0020-1669,2013
2958,Ca0.78ScAlSiO6Ce0.02Mn0.2,Ca0.78ScAlSiO6,Ce,3,0.02,Mn,2,0.2,298,380,,,65.5,,,330,330,,,,,380,https://doi.org/10.1021/ic3024666,ACS,"mp-39167,mp-1227097",,1.00826506,Inorganic Chemistry,0020-1669,2013
2959,Ca0.76ScAlSiO6Ce0.04Mn0.2,Ca0.76ScAlSiO6,Ce,3,0.04,Mn,2,0.2,298,380,0.44,0.24,,,,330,330,,,,,380,https://doi.org/10.1021/ic3024666,ACS,"mp-39167,mp-1227097",,1.008329892,Inorganic Chemistry,0020-1669,2013
2961,Sr0.8Ca0.2AlSiN3Eu0.008,Sr0.8Ca0.2AlSiN3,Eu,2,0.008,,,,298,610,,,80,70,540,455,455,,,,,610,https://doi.org/10.1016/j.jallcom.2008.07.054,ESV,,,1.152857445,Journal of Alloys and Compounds,0925-8388,2009
2972,Na3Bi0.9P2O8Eu0.1,Na3Bi0.9P2O8,Eu,3,0.1,,,,298,623,0.633,0.357,45.64,,,396,396,,,,,623,https://doi.org/10.1016/j.jlumin.2016.12.012,ESV,mp-561083, icsd-71362,1.080660298,Journal of Luminescence,0022-2313,2017
2973,Na3Bi0.9P2O8Dy0.1,Na3Bi0.9P2O8,Dy,3,0.1,,,,298,582,0.392,0.419,44.33,,,392,392,,,,,582,https://doi.org/10.1016/j.jlumin.2016.12.012,ESV,mp-561083, icsd-71362,1.760160151,Journal of Luminescence,0022-2313,2017
2974,Na3Bi0.87P2O8Eu0.03Tb0.1,Na3Bi0.87P2O8,Eu,2,0.03,Tb,3,0.1,298,550,0.445,0.497,36.64,,,396,,,,6.397940009,2500000,621,https://doi.org/10.1016/j.jlumin.2016.12.012,ESV,mp-561083, icsd-71362,0.98120054,Journal of Luminescence,0022-2313,2017
2975,Na3Bi0.85P2O8Eu0.05Tb0.1,Na3Bi0.85P2O8,Eu,2,0.05,Tb,3,0.1,298,550,0.494,0.457,34.86,,,396,,,,6.397940009,2500000,621,https://doi.org/10.1016/j.jlumin.2016.12.012,ESV,mp-561083, icsd-71362,0.981200569,Journal of Luminescence,0022-2313,2017
2976,Na3Bi0.8P2O8Eu0.1Tb0.1,Na3Bi0.8P2O8,Eu,2,0.1,Tb,3,0.1,298,621,0.563,0.408,36.75,,,396,,,,6.39880773,2505000,621,https://doi.org/10.1016/j.jlumin.2016.12.012,ESV,mp-561083, icsd-71362,0.984702389,Journal of Luminescence,0022-2313,2017
2977,Na3Bi0.75P2O8Eu0.15Tb0.1,Na3Bi0.75P2O8,Eu,2,0.15,Tb,3,0.1,298,621,0.612,0.373,41.99,,,396,,,,6.399673721,2510000,621,https://doi.org/10.1016/j.jlumin.2016.12.012,ESV,mp-561083, icsd-71362,0.97966121,Journal of Luminescence,0022-2313,2017
2978,Na3Bi0.7P2O8Eu0.2Tb0.1,Na3Bi0.7P2O8,Eu,2,0.2,Tb,3,0.1,298,621,0.623,0.364,36.42,,,396,,,,6.409933123,2570000,621,https://doi.org/10.1016/j.jlumin.2016.12.012,ESV,mp-561083, icsd-71362,1.147246037,Journal of Luminescence,0022-2313,2017
2979,Na3Bi0.65P2O8Eu0.25Tb0.1,Na3Bi0.65P2O8,Eu,2,0.25,Tb,3,0.1,298,621,0.628,0.36,41.99,,,396,,,,6.414973348,2600000,621,https://doi.org/10.1016/j.jlumin.2016.12.012,ESV,mp-561083, icsd-71362,1.210524188,Journal of Luminescence,0022-2313,2017
2980,Na3Bi0.6P2O8Eu0.3Tb0.1,Na3Bi0.6P2O8,Eu,2,0.3,Tb,3,0.1,298,621,0.633,0.357,41.54,,,396,,,,6.423245874,2650000,621,https://doi.org/10.1016/j.jlumin.2016.12.012,ESV,mp-561083, icsd-71362,1.23158978,Journal of Luminescence,0022-2313,2017
2981,Na3Bi0.88P2O8Eu0.02Dy0.1,Na3Bi0.88P2O8,Eu,3,0.02,Dy,3,0.1,298,489,0.437,0.403,42.58,,,396,,,,7.28780173,19400000,621,https://doi.org/10.1016/j.jlumin.2016.12.012,ESV,mp-561083, icsd-71362,1.430152357,Journal of Luminescence,0022-2313,2017
2982,Na3Bi0.86P2O8Eu0.04Dy0.1,Na3Bi0.86P2O8,Eu,3,0.04,Dy,3,0.1,298,489,0.463,0.393,41.68,,,396,,,,7.260071388,18200000,621,https://doi.org/10.1016/j.jlumin.2016.12.012,ESV,mp-561083, icsd-71362,1.343764687,Journal of Luminescence,0022-2313,2017
2983,Na3Bi0.84P2O8Eu0.06Dy0.1,Na3Bi0.84P2O8,Eu,3,0.06,Dy,3,0.1,298,489,0.493,0.386,43.74,,,396,,,,7.238046103,17300000,621,https://doi.org/10.1016/j.jlumin.2016.12.012,ESV,mp-561083, icsd-71362,1.297055069,Journal of Luminescence,0022-2313,2017
2984,Na3Bi0.82P2O8Eu0.08Dy0.1,Na3Bi0.82P2O8,Eu,3,0.08,Dy,3,0.1,298,489,0.497,0.382,44.25,,,396,,,,7.23299611,17100000,621,https://doi.org/10.1016/j.jlumin.2016.12.012,ESV,mp-561083, icsd-71362,1.287009991,Journal of Luminescence,0022-2313,2017
2985,Na3Bi0.8P2O8Eu0.1Dy0.1,Na3Bi0.8P2O8,Eu,3,0.1,Dy,3,0.1,298,621,0.522,0.376,44.36,,,396,,,,7.209515015,16200000,621,https://doi.org/10.1016/j.jlumin.2016.12.012,ESV,mp-561083, icsd-71362,1.250847708,Journal of Luminescence,0022-2313,2017
2986,Na3Bi0.78P2O8Eu0.12Dy0.1,Na3Bi0.78P2O8,Eu,3,0.12,Dy,3,0.1,298,621,0.524,0.373,43.24,,,396,,,,7.206825876,16100000,621,https://doi.org/10.1016/j.jlumin.2016.12.012,ESV,mp-561083, icsd-71362,1.246829677,Journal of Luminescence,0022-2313,2017
2987,Na3Bi0.75P2O8Eu0.15Dy0.1,Na3Bi0.75P2O8,Eu,3,0.15,Dy,3,0.1,298,621,0.532,0.37,41.35,,,396,,,,7.201397124,15900000,621,https://doi.org/10.1016/j.jlumin.2016.12.012,ESV,mp-561083, icsd-71362,1.238793614,Journal of Luminescence,0022-2313,2017
2988,Na3Bi0.7P2O8Eu0.2Dy0.1,Na3Bi0.7P2O8,Eu,3,0.2,Dy,3,0.1,298,621,0.542,0.363,40.26,,,396,,,,7.158362492,14400000,621,https://doi.org/10.1016/j.jlumin.2016.12.012,ESV,mp-561083, icsd-71362,1.183908545,Journal of Luminescence,0022-2313,2017
2989,Na3Bi0.65P2O8Eu0.25Dy0.1,Na3Bi0.65P2O8,Eu,3,0.25,Dy,3,0.1,298,621,0.559,0.36,41.38,,,396,,,,7.10720997,12800000,621,https://doi.org/10.1016/j.jlumin.2016.12.012,ESV,mp-561083, icsd-71362,1.166355651,Journal of Luminescence,0022-2313,2017
2990,Na3Bi0.6P2O8Eu0.3Dy0.1,Na3Bi0.6P2O8,Eu,3,0.3,Dy,3,0.1,298,621,0.572,0.356,40.27,,,396,,,,7.041392685,11000000,621,https://doi.org/10.1016/j.jlumin.2016.12.012,ESV,mp-561083, icsd-71362,1.207935141,Journal of Luminescence,0022-2313,2017
2991,Na3Bi0.88P2O8Eu0.02Sm0.1,Na3Bi0.88P2O8,Eu,3,0.02,Sm,3,0.1,298,603,0.616,0.381,39.56,,,396,,,,6.344392274,2210000,621,https://doi.org/10.1016/j.jlumin.2016.12.012,ESV,mp-561083, icsd-71362,1.053831655,Journal of Luminescence,0022-2313,2017
2992,Na3Bi0.86P2O8Eu0.04Sm0.1,Na3Bi0.86P2O8,Eu,3,0.04,Sm,3,0.1,298,603,0.622,0.375,38.41,,,396,,,,6.338456494,2180000,621,https://doi.org/10.1016/j.jlumin.2016.12.012,ESV,mp-561083, icsd-71362,1.01125878,Journal of Luminescence,0022-2313,2017
2993,Na3Bi0.84P2O8Eu0.06Sm0.1,Na3Bi0.84P2O8,Eu,3,0.06,Sm,3,0.1,298,603,0.626,0.371,39.63,,,396,,,,6.336459734,2170000,621,https://doi.org/10.1016/j.jlumin.2016.12.012,ESV,mp-561083, icsd-71362,0.98463935,Journal of Luminescence,0022-2313,2017
2994,Na3Bi0.82P2O8Eu0.08Sm0.1,Na3Bi0.82P2O8,Eu,3,0.08,Sm,3,0.1,298,603,0.63,0.367,40.23,,,396,,,,6.336459734,2170000,621,https://doi.org/10.1016/j.jlumin.2016.12.012,ESV,mp-561083, icsd-71362,0.98463935,Journal of Luminescence,0022-2313,2017
2995,Na3Bi0.8P2O8Eu0.1Sm0.1,Na3Bi0.8P2O8,Eu,3,0.1,Sm,3,0.1,298,621,0.633,0.364,41.78,,,396,,,,6.326335861,2120000,621,https://doi.org/10.1016/j.jlumin.2016.12.012,ESV,mp-561083, icsd-71362,0.985802537,Journal of Luminescence,0022-2313,2017
2996,Na3Bi0.78P2O8Eu0.12Sm0.1,Na3Bi0.78P2O8,Eu,3,0.12,Sm,3,0.1,298,621,0.636,0.362,40.89,,,396,,,,6.322219295,2100000,621,https://doi.org/10.1016/j.jlumin.2016.12.012,ESV,mp-561083, icsd-71362,1.029004591,Journal of Luminescence,0022-2313,2017
2997,Na3Bi0.75P2O8Eu0.15Sm0.1,Na3Bi0.75P2O8,Eu,3,0.15,Sm,3,0.1,298,621,0.639,0.359,42.65,,,396,,,,6.318063335,2080000,621,https://doi.org/10.1016/j.jlumin.2016.12.012,ESV,mp-561083, icsd-71362,1.044450501,Journal of Luminescence,0022-2313,2017
2998,Na3Bi0.7P2O8Eu0.2Sm0.1,Na3Bi0.7P2O8,Eu,3,0.2,Sm,3,0.1,298,621,0.643,0.355,40.32,,,396,,,,6.305351369,2020000,621,https://doi.org/10.1016/j.jlumin.2016.12.012,ESV,mp-561083, icsd-71362,1.004803637,Journal of Luminescence,0022-2313,2017
2999,Na3Bi0.65P2O8Eu0.25Sm0.1,Na3Bi0.65P2O8,Eu,3,0.25,Sm,3,0.1,298,621,0.645,0.353,41.25,,,396,,,,6.285557309,1930000,621,https://doi.org/10.1016/j.jlumin.2016.12.012,ESV,mp-561083, icsd-71362,1.053302958,Journal of Luminescence,0022-2313,2017
3000,Na3Bi0.6P2O8Eu0.3Sm0.1,Na3Bi0.6P2O8,Eu,3,0.3,Sm,3,0.1,298,621,0.648,0.351,40.58,,,396,,,,6.276461804,1890000,621,https://doi.org/10.1016/j.jlumin.2016.12.012,ESV,mp-561083, icsd-71362,0.985535484,Journal of Luminescence,0022-2313,2017
3001,Na3Bi0.9P2O8Tb0.1,Na3Bi0.9P2O8,Tb,3,0.1,,,,298,550,0.311,0.529,41.25,,,377,377,,,,,550,https://doi.org/10.1016/j.jlumin.2016.12.012,ESV,mp-561083, icsd-71362,1.212215881,Journal of Luminescence,0022-2313,2017
3002,Na3Bi0.9P2O8Sm0.1,Na3Bi0.9P2O8,Sm,3,0.1,,,,298,603,0.563,0.408,42.69,,,407,407,,,,,603,https://doi.org/10.1016/j.jlumin.2016.12.012,ESV,mp-561083, icsd-71362,1.060029261,Journal of Luminescence,0022-2313,2017
3003,Na3Bi0.87P2O8Eu0.1Tb0.03,Na3Bi0.87P2O8,Eu,2,0.1,Tb,3,0.03,298,621,0.608,0.373,33.25,,,379,,,,,,,https://doi.org/10.1016/j.jlumin.2016.12.012,ESV,mp-561083, icsd-71362,0.981153308,Journal of Luminescence,0022-2313,2017
3004,Na3Bi0.85P2O8Eu0.1Tb0.05,Na3Bi0.85P2O8,Eu,2,0.1,Tb,3,0.05,298,621,0.588,0.387,34.82,,,379,,,,,,,https://doi.org/10.1016/j.jlumin.2016.12.012,ESV,mp-561083, icsd-71362,0.984815542,Journal of Luminescence,0022-2313,2017
3005,Na3Bi0.8P2O8Eu0.1Tb0.1,Na3Bi0.8P2O8,Eu,2,0.1,Tb,3,0.1,298,621,0.571,0.402,35.51,,553,379,,,,,,,https://doi.org/10.1016/j.jlumin.2016.12.012,ESV,mp-561083, icsd-71362,1.093978846,Journal of Luminescence,0022-2313,2017
3006,Na3Bi0.75P2O8Eu0.1Tb0.15,Na3Bi0.75P2O8,Eu,2,0.1,Tb,3,0.15,298,621,0.574,0.401,38.81,,,379,,,,,,,https://doi.org/10.1016/j.jlumin.2016.12.012,ESV,mp-561083, icsd-71362,1.011152304,Journal of Luminescence,0022-2313,2017
3007,Na3Bi0.7P2O8Eu0.1Tb0.2,Na3Bi0.7P2O8,Eu,2,0.1,Tb,3,0.2,298,600,0.576,0.401,37.5,,,379,,,,,,,https://doi.org/10.1016/j.jlumin.2016.12.012,ESV,mp-561083, icsd-71362,1.000089161,Journal of Luminescence,0022-2313,2017
3008,Na3Bi0.65P2O8Eu0.1Tb0.25,Na3Bi0.65P2O8,Eu,2,0.1,Tb,3,0.25,298,600,0.575,0.399,37.48,,,379,,,,,,,https://doi.org/10.1016/j.jlumin.2016.12.012,ESV,mp-561083, icsd-71362,0.990963792,Journal of Luminescence,0022-2313,2017
3009,Na3Bi0.6P2O8Eu0.1Tb0.3,Na3Bi0.6P2O8,Eu,2,0.1,Tb,3,0.3,298,600,0.583,0.392,36.26,,,379,,,,,,,https://doi.org/10.1016/j.jlumin.2016.12.012,ESV,mp-561083, icsd-71362,1.008973391,Journal of Luminescence,0022-2313,2017
3010,Na3Bi0.88P2O8Eu0.1Dy0.02,Na3Bi0.88P2O8,Eu,3,0.1,Dy,3,0.02,298,621,0.575,0.346,38.79,,,392,,,,,,,https://doi.org/10.1016/j.jlumin.2016.12.012,ESV,mp-561083, icsd-71362,0.979431803,Journal of Luminescence,0022-2313,2017
3011,Na3Bi0.86P2O8Eu0.1Dy0.04,Na3Bi0.86P2O8,Eu,3,0.1,Dy,3,0.04,298,621,0.547,0.351,37.89,,,392,,,,,,,https://doi.org/10.1016/j.jlumin.2016.12.012,ESV,mp-561083, icsd-71362,0.98261898,Journal of Luminescence,0022-2313,2017
3012,Na3Bi0.84P2O8Eu0.1Dy0.06,Na3Bi0.84P2O8,Eu,3,0.1,Dy,3,0.06,298,621,0.524,0.353,37.63,,,392,,,,,,,https://doi.org/10.1016/j.jlumin.2016.12.012,ESV,mp-561083, icsd-71362,0.996055045,Journal of Luminescence,0022-2313,2017
3013,Na3Bi0.82P2O8Eu0.1Dy0.08,Na3Bi0.82P2O8,Eu,3,0.1,Dy,3,0.08,298,621,0.513,0.357,38.59,,,392,,,,,,,https://doi.org/10.1016/j.jlumin.2016.12.012,ESV,mp-561083, icsd-71362,1.002385552,Journal of Luminescence,0022-2313,2017
3014,Na3Bi0.8P2O8Eu0.1Dy0.1,Na3Bi0.8P2O8,Eu,3,0.1,Dy,3,0.1,298,621,0.498,0.356,40.45,,573,392,,,,,,,https://doi.org/10.1016/j.jlumin.2016.12.012,ESV,mp-561083, icsd-71362,1.29772223,Journal of Luminescence,0022-2313,2017
3015,Na3Bi0.78P2O8Eu0.1Dy0.12,Na3Bi0.78P2O8,Eu,3,0.1,Dy,3,0.12,298,621,0.491,0.354,38.21,,,392,,,,,,,https://doi.org/10.1016/j.jlumin.2016.12.012,ESV,mp-561083, icsd-71362,1.011191732,Journal of Luminescence,0022-2313,2017
3016,Na3Bi0.75P2O8Eu0.1Dy0.15,Na3Bi0.75P2O8,Eu,3,0.1,Dy,3,0.15,298,621,0.481,0.337,37.64,,,392,,,,,,,https://doi.org/10.1016/j.jlumin.2016.12.012,ESV,mp-561083, icsd-71362,1.012311351,Journal of Luminescence,0022-2313,2017
3017,Na3Bi0.7P2O8Eu0.1Dy0.2,Na3Bi0.7P2O8,Eu,3,0.1,Dy,3,0.2,298,621,0.455,0.344,36.14,,,392,,,,,,,https://doi.org/10.1016/j.jlumin.2016.12.012,ESV,mp-561083, icsd-71362,1.00317186,Journal of Luminescence,0022-2313,2017
3018,Na3Bi0.65P2O8Eu0.1Dy0.25,Na3Bi0.65P2O8,Eu,3,0.1,Dy,3,0.25,298,489,0.445,0.338,36.89,,,392,,,,,,,https://doi.org/10.1016/j.jlumin.2016.12.012,ESV,mp-561083, icsd-71362,1.747440826,Journal of Luminescence,0022-2313,2017
3019,Na3Bi0.6P2O8Eu0.1Dy0.3,Na3Bi0.6P2O8,Eu,3,0.1,Dy,3,0.3,298,489,0.431,0.332,37.54,,,392,,,,,,,https://doi.org/10.1016/j.jlumin.2016.12.012,ESV,mp-561083, icsd-71362,1.783706368,Journal of Luminescence,0022-2313,2017
3020,Na3Bi0.88P2O8Eu0.1Sm0.02,Na3Bi0.88P2O8,Eu,3,0.1,Sm,3,0.02,298,603,0.63,0.368,37.84,,,403,,,,,,,https://doi.org/10.1016/j.jlumin.2016.12.012,ESV,mp-561083, icsd-71362,0.991590242,Journal of Luminescence,0022-2313,2017
3021,Na3Bi0.86P2O8Eu0.1Sm0.04,Na3Bi0.86P2O8,Eu,3,0.1,Sm,3,0.04,298,603,0.632,0.366,38.56,,,403,,,,,,,https://doi.org/10.1016/j.jlumin.2016.12.012,ESV,mp-561083, icsd-71362,0.98951822,Journal of Luminescence,0022-2313,2017
3022,Na3Bi0.84P2O8Eu0.1Sm0.06,Na3Bi0.84P2O8,Eu,3,0.1,Sm,3,0.06,298,603,0.632,0.366,38.24,,,403,,,,,,,https://doi.org/10.1016/j.jlumin.2016.12.012,ESV,mp-561083, icsd-71362,0.996142873,Journal of Luminescence,0022-2313,2017
3023,Na3Bi0.82P2O8Eu0.1Sm0.08,Na3Bi0.82P2O8,Eu,3,0.1,Sm,3,0.08,298,603,0.634,0.364,39.83,,,403,,,,,,,https://doi.org/10.1016/j.jlumin.2016.12.012,ESV,mp-561083, icsd-71362,1.002445015,Journal of Luminescence,0022-2313,2017
3024,Na3Bi0.8P2O8Eu0.1Sm0.1,Na3Bi0.8P2O8,Eu,3,0.1,Sm,3,0.1,298,603,0.634,0.364,38.12,,593,403,,,,,,,https://doi.org/10.1016/j.jlumin.2016.12.012,ESV,mp-561083, icsd-71362,1.531301832,Journal of Luminescence,0022-2313,2017
3025,Na3Bi0.78P2O8Eu0.1Sm0.12,Na3Bi0.78P2O8,Eu,3,0.1,Sm,3,0.12,298,621,0.632,0.365,40.68,,,403,,,,,,,https://doi.org/10.1016/j.jlumin.2016.12.012,ESV,mp-561083, icsd-71362,1.013170562,Journal of Luminescence,0022-2313,2017
3026,Na3Bi0.75P2O8Eu0.1Sm0.15,Na3Bi0.75P2O8,Eu,3,0.1,Sm,3,0.15,298,621,0.632,0.364,39.46,,,403,,,,,,,https://doi.org/10.1016/j.jlumin.2016.12.012,ESV,mp-561083, icsd-71362,1.012600633,Journal of Luminescence,0022-2313,2017
3027,Na3Bi0.7P2O8Eu0.1Sm0.2,Na3Bi0.7P2O8,Eu,3,0.1,Sm,3,0.2,298,621,0.631,0.364,37.29,,,403,,,,,,,https://doi.org/10.1016/j.jlumin.2016.12.012,ESV,mp-561083, icsd-71362,1.003745457,Journal of Luminescence,0022-2313,2017
3028,Na3Bi0.65P2O8Eu0.1Sm0.25,Na3Bi0.65P2O8,Eu,3,0.1,Sm,3,0.25,298,621,0.629,0.365,37.43,,,403,,,,,,,https://doi.org/10.1016/j.jlumin.2016.12.012,ESV,mp-561083, icsd-71362,0.994314981,Journal of Luminescence,0022-2313,2017
3029,Na3Bi0.6P2O8Eu0.1Sm0.3,Na3Bi0.6P2O8,Eu,3,0.1,Sm,3,0.3,298,621,0.627,0.366,38.52,,,403,,,,,,,https://doi.org/10.1016/j.jlumin.2016.12.012,ESV,mp-561083, icsd-71362,1.005777034,Journal of Luminescence,0022-2313,2017
3030,Sr3In0.93P3O12Ce0.07,Sr3In0.93P3O12,Ce,3,0.07,,,,298,375,0.235,0.238,53,,,375,322,288,,1.782472624,60.6,375,https://doi.org/10.1039/C2JM32392C,RSC,mp-1192241, icsd-2395,1.080760265,Journal of Materials Chemistry,0959-9428,2012
3031,Sr3In0.92P3O12Ce0.07Tb0.01,Sr3In0.92P3O12,Ce,3,0.07,Tb,3,0.01,298,375,0.251,0.274,37,,,318,,,,,,,https://doi.org/10.1039/C2JM32392C,RSC,mp-1192241, icsd-2395,1.008514086,Journal of Materials Chemistry,0959-9428,2012
3032,Sr3In0.9P3O12Ce0.07Tb0.03,Sr3In0.9P3O12,Ce,3,0.07,Tb,3,0.03,298,375,0.255,0.298,38,,,318,,,,,,,https://doi.org/10.1039/C2JM32392C,RSC,mp-1192241, icsd-2395,1.008557421,Journal of Materials Chemistry,0959-9428,2012
3033,Sr3In0.88P3O12Ce0.07Tb0.05,Sr3In0.88P3O12,Ce,3,0.07,Tb,3,0.05,298,375,0.266,0.338,55,,,318,,,,,,,https://doi.org/10.1039/C2JM32392C,RSC,mp-1192241, icsd-2395,1.008382761,Journal of Materials Chemistry,0959-9428,2012
3034,Sr3In0.86P3O12Ce0.07Tb0.07,Sr3In0.86P3O12,Ce,3,0.07,Tb,3,0.07,298,545,0.273,0.362,58,,,318,,,,,,,https://doi.org/10.1039/C2JM32392C,RSC,mp-1192241, icsd-2395,0.985159868,Journal of Materials Chemistry,0959-9428,2012
3035,Sr3In0.83P3O12Ce0.07Tb0.1,Sr3In0.83P3O12,Ce,3,0.07,Tb,3,0.1,298,545,0.277,0.38,68,,,318,,,,,,,https://doi.org/10.1039/C2JM32392C,RSC,mp-1192241, icsd-2395,0.985744407,Journal of Materials Chemistry,0959-9428,2012
3036,Sr3In0.78P3O12Ce0.07Tb0.15,Sr3In0.78P3O12,Ce,3,0.07,Tb,3,0.15,298,545,0.281,0.398,65,,,318,,,,,,,https://doi.org/10.1039/C2JM32392C,RSC,mp-1192241, icsd-2395,0.985986518,Journal of Materials Chemistry,0959-9428,2012
3037,Sr3In0.73P3O12Ce0.07Tb0.2,Sr3In0.73P3O12,Ce,3,0.07,Tb,3,0.2,298,545,0.292,0.439,42,,,318,,,,,,,https://doi.org/10.1039/C2JM32392C,RSC,mp-1192241, icsd-2395,0.985188051,Journal of Materials Chemistry,0959-9428,2012
3038,Sr3In0.63P3O12Ce0.07Tb0.3,Sr3In0.63P3O12,Ce,3,0.07,Tb,3,0.3,298,545,0.303,0.485,31,,,318,,,,,,,https://doi.org/10.1039/C2JM32392C,RSC,mp-1192241, icsd-2395,0.985544802,Journal of Materials Chemistry,0959-9428,2012
3039,Sr2.94In0.93P3O12Ce0.07Mn0.02,Sr2.94In0.93P3O12,Ce,3,0.07,Mn,2,0.02,298,375,0.312,0.296,14,,,318,,,,,,,https://doi.org/10.1039/C2JM32392C,RSC,mp-1192241, icsd-2395,1.016119611,Journal of Materials Chemistry,0959-9428,2012
3040,Sr2.88In0.93P3O12Ce0.07Mn0.04,Sr2.88In0.93P3O12,Ce,3,0.07,Mn,2,0.04,298,375,0.337,0.304,27,,,318,,,,,,,https://doi.org/10.1039/C2JM32392C,RSC,mp-1192241, icsd-2395,1.0156479,Journal of Materials Chemistry,0959-9428,2012
3041,Sr2.76In0.93P3O12Ce0.07Mn0.08,Sr2.76In0.93P3O12,Ce,3,0.07,Mn,2,0.08,298,375,0.403,0.33,43,,,318,,,,,,,https://doi.org/10.1039/C2JM32392C,RSC,mp-1192241, icsd-2395,1.026063688,Journal of Materials Chemistry,0959-9428,2012
3042,Sr2.55In0.93P3O12Ce0.07Mn0.15,Sr2.55In0.93P3O12,Ce,3,0.07,Mn,2,0.15,298,375,0.49,0.348,56,,,318,,,,,,,https://doi.org/10.1039/C2JM32392C,RSC,mp-1192241, icsd-2395,1.075300566,Journal of Materials Chemistry,0959-9428,2012
3043,Sr2.4In0.93P3O12Ce0.07Mn0.2,Sr2.4In0.93P3O12,Ce,3,0.07,Mn,2,0.2,298,600,0.522,0.363,52,,,318,,,,,,,https://doi.org/10.1039/C2JM32392C,RSC,mp-1192241, icsd-2395,1.061159226,Journal of Materials Chemistry,0959-9428,2012
3044,Sr2.1In0.93P3O12Ce0.07Mn0.3,Sr2.1In0.93P3O12,Ce,3,0.07,Mn,2,0.3,298,600,0.554,0.368,45,,,318,,,,,,,https://doi.org/10.1039/C2JM32392C,RSC,mp-1192241, icsd-2395,1.22000882,Journal of Materials Chemistry,0959-9428,2012
3045,Ca3.96Si2O7F2Eu0.04,Ca3.96Si2O7F2,Eu,2,0.04,,,,298,460,0.152,0.112,29.3,17.9,,400,370,,,,,460,https://doi.org/10.1039/C2JM33160H,RSC,mp-560163, icsd-64710,1.029327972,Journal of Materials Chemistry,0959-9428,2012
3046,Ca3.94Si2O7F2Eu0.04Mn0.02,Ca3.94Si2O7F2,Eu,2,0.04,Mn,2,0.02,298,460,0.195,0.191,,,,400,,,,,,,https://doi.org/10.1039/C2JM33160H,RSC,mp-560163, icsd-64710,1.029469273,Journal of Materials Chemistry,0959-9428,2012
3047,Ca3.92Si2O7F2Eu0.04Mn0.04,Ca3.92Si2O7F2,Eu,2,0.04,Mn,2,0.04,298,460,0.268,0.274,,,,400,,,,,,,https://doi.org/10.1039/C2JM33160H,RSC,mp-560163, icsd-64710,1.027638012,Journal of Materials Chemistry,0959-9428,2012
3048,Ca3.88Si2O7F2Eu0.04Mn0.08,Ca3.88Si2O7F2,Eu,2,0.04,Mn,2,0.08,298,576,0.31,0.288,,,,400,,,,,,,https://doi.org/10.1039/C2JM33160H,RSC,mp-560163, icsd-64710,1.019155929,Journal of Materials Chemistry,0959-9428,2012
3049,Ca3.84Si2O7F2Eu0.04Mn0.12,Ca3.84Si2O7F2,Eu,2,0.04,Mn,2,0.12,298,576,0.351,0.332,,,,400,,,,,,,https://doi.org/10.1039/C2JM33160H,RSC,mp-560163, icsd-64710,1.016344161,Journal of Materials Chemistry,0959-9428,2012
3050,Ca3.76Si2O7F2Eu0.04Mn0.2,Ca3.76Si2O7F2,Eu,2,0.04,Mn,2,0.2,298,576,0.378,0.366,,,,400,,,,,,,https://doi.org/10.1039/C2JM33160H,RSC,mp-560163, icsd-64710,1.004053961,Journal of Materials Chemistry,0959-9428,2012
3051,Ca3.68Si2O7F2Eu0.04Mn0.28,Ca3.68Si2O7F2,Eu,2,0.04,Mn,2,0.28,298,576,0.419,0.411,,,,400,,,,,,,https://doi.org/10.1039/C2JM33160H,RSC,mp-560163, icsd-64710,0.996232737,Journal of Materials Chemistry,0959-9428,2012
3052,Ca3.56Si2O7F2Eu0.04Mn0.4,Ca3.56Si2O7F2,Eu,2,0.04,Mn,2,0.4,298,576,0.43,0.423,,,,400,,,,,,,https://doi.org/10.1039/C2JM33160H,RSC,mp-560163, icsd-64710,0.987341241,Journal of Materials Chemistry,0959-9428,2012
3053,Sr2.97YP3O12Eu0.01,Sr2.97YP3O12,Eu,2,0.01,,,,298,490,0.24,0.36,,,,355,325,,,2.816903839,656,490,https://doi.org/10.1039/C1CP20635D,RSC,,,1.065140165,Physical Chemistry Chemical Physics,1463-9076,2011
3054,Sr2.955YP3O12Eu0.01Mn0.015,Sr2.955YP3O12,Eu,2,0.01,Mn,2,0.015,298,490,0.263,0.353,,,,355,,,,2.789580712,616,490,https://doi.org/10.1039/C1CP20635D,RSC,,,0.989052483,Physical Chemistry Chemical Physics,1463-9076,2011
3055,Sr2.94YP3O12Eu0.01Mn0.03,Sr2.94YP3O12,Eu,2,0.01,Mn,2,0.03,298,490,0.282,0.359,,,,355,,,,2.761927838,578,490,https://doi.org/10.1039/C1CP20635D,RSC,,,0.994047057,Physical Chemistry Chemical Physics,1463-9076,2011
3056,Sr2.91YP3O12Eu0.01Mn0.06,Sr2.91YP3O12,Eu,2,0.01,Mn,2,0.06,298,490,0.313,0.359,,33.8,,355,,,,2.71432976,518,490,https://doi.org/10.1039/C1CP20635D,RSC,,,0.992445428,Physical Chemistry Chemical Physics,1463-9076,2011
3057,Sr2.88YP3O12Eu0.01Mn0.09,Sr2.88YP3O12,Eu,2,0.01,Mn,2,0.09,298,632,0.342,0.365,,34.5,,355,,,,2.674861141,473,490,https://doi.org/10.1039/C1CP20635D,RSC,,,0.977371949,Physical Chemistry Chemical Physics,1463-9076,2011
3058,Sr2.85YP3O12Eu0.01Mn0.12,Sr2.85YP3O12,Eu,2,0.01,Mn,2,0.12,298,632,0.366,0.365,,,,355,,,,2.646403726,443,490,https://doi.org/10.1039/C1CP20635D,RSC,,,0.971759733,Physical Chemistry Chemical Physics,1463-9076,2011
3059,Sr2.79YP3O12Eu0.01Mn0.18,Sr2.79YP3O12,Eu,2,0.01,Mn,2,0.18,298,632,0.401,0.367,,,,355,,,,2.58546073,385,490,https://doi.org/10.1039/C1CP20635D,RSC,,,0.975084381,Physical Chemistry Chemical Physics,1463-9076,2011
3060,Sr2.67YP3O12Eu0.01Mn0.3,Sr2.67YP3O12,Eu,2,0.01,Mn,2,0.3,298,632,0.448,0.363,,,,355,,,,2.484299839,305,490,https://doi.org/10.1039/C1CP20635D,RSC,,,1.047938725,Physical Chemistry Chemical Physics,1463-9076,2011
3061,Sr3La0.67P3O12Ce0.08Tb0.25,Sr3La0.67P3O12,Ce,3,0.08,Tb,3,0.25,298,545,0.33,0.54,,,,254,,,,,,,https://doi.org/10.1149/1.3384662,IOP,,,0.996202421,Journal of The Electrochemical Society,0013-4651,2010
3062,Gd2MoO6,Gd2MoO6,,,,,,,298,440,0.15,0.05,,,,290,380,,,,,440,https://doi.org/10.1007/s10853-016-9962-z,SN,mp-582797, icsd-62886,1.451686087,Journal of Materials Science,0022-2461,2016
3063,Gd1.95MoO6Dy0.05,Gd1.95MoO6,Dy,3,0.05,,,,298,577,0.19,0.14,,,,351,351,390,450,,,577,https://doi.org/10.1007/s10853-016-9962-z,SN,mp-582797, icsd-62886,1.023833492,Journal of Materials Science,0022-2461,2016
3064,Gd1.925MoO6Dy0.075,Gd1.925MoO6,Dy,3,0.075,,,,298,577,0.22,0.18,,,,351,351,390,450,3.782114147,6055,577,https://doi.org/10.1007/s10853-016-9962-z,SN,mp-582797, icsd-62886,0.978767606,Journal of Materials Science,0022-2461,2016
3065,Gd1.9MoO6Dy0.1,Gd1.9MoO6,Dy,3,0.1,,,,298,577,0.23,0.21,,,,351,351,390,450,,,577,https://doi.org/10.1007/s10853-016-9962-z,SN,mp-582797, icsd-62886,1.012206417,Journal of Materials Science,0022-2461,2016
3066,Gd1.875MoO6Dy0.125,Gd1.875MoO6,Dy,3,0.125,,,,298,577,0.19,0.13,,,,351,351,390,450,,,577,https://doi.org/10.1007/s10853-016-9962-z,SN,mp-582797, icsd-62886,1.011879766,Journal of Materials Science,0022-2461,2016
3067,Gd1.85MoO6Dy0.15,Gd1.85MoO6,Dy,3,0.15,,,,298,577,0.18,0.14,,,,351,351,390,450,,,577,https://doi.org/10.1007/s10853-016-9962-z,SN,mp-582797, icsd-62886,1.011421875,Journal of Materials Science,0022-2461,2016
3068,Gd1.915MoO6Dy0.075Eu0.01,Gd1.915MoO6,Dy,3,0.075,Eu,3,0.01,298,577,0.28,0.29,,,,351,351,390,450,,,577,https://doi.org/10.1007/s10853-016-9962-z,SN,mp-582797, icsd-62886,1.006430666,Journal of Materials Science,0022-2461,2016
3069,Gd1.875MoO6Dy0.075Eu0.05,Gd1.875MoO6,Dy,3,0.075,Eu,3,0.05,298,577,0.33,0.31,,,,351,351,390,450,3.766784515,5845,577,https://doi.org/10.1007/s10853-016-9962-z,SN,mp-582797, icsd-62886,0.979336692,Journal of Materials Science,0022-2461,2016
3070,Gd1.85MoO6Dy0.075Eu0.075,Gd1.85MoO6,Dy,3,0.075,Eu,3,0.075,298,577,0.32,0.28,,,,351,351,390,450,,,577,https://doi.org/10.1007/s10853-016-9962-z,SN,mp-582797, icsd-62886,1.00563671,Journal of Materials Science,0022-2461,2016
3071,Gd1.825MoO6Dy0.075Eu0.1,Gd1.825MoO6,Dy,3,0.075,Eu,3,0.1,298,577,0.32,0.27,,,,351,351,390,450,,,577,https://doi.org/10.1007/s10853-016-9962-z,SN,mp-582797, icsd-62886,1.005458794,Journal of Materials Science,0022-2461,2016
3072,Gd1.8MoO6Dy0.075Eu0.125,Gd1.8MoO6,Dy,3,0.075,Eu,3,0.125,298,577,0.32,0.27,,,,351,351,390,450,,,577,https://doi.org/10.1007/s10853-016-9962-z,SN,mp-582797, icsd-62886,1.0053185,Journal of Materials Science,0022-2461,2016
3073,Gd1.915MoO6Dy0.075Eu0.01,Gd1.915MoO6,Dy,3,0.075,Eu,3,0.01,298,617,0.29,0.27,,,,393,393,465,,,,617,https://doi.org/10.1007/s10853-016-9962-z,SN,mp-582797, icsd-62886,1.013609466,Journal of Materials Science,0022-2461,2016
3074,Gd1.875MoO6Dy0.075Eu0.05,Gd1.875MoO6,Dy,3,0.075,Eu,3,0.05,298,617,0.4,0.29,,,,393,393,465,,3.705863712,5080,617,https://doi.org/10.1007/s10853-016-9962-z,SN,mp-582797, icsd-62886,0.993610273,Journal of Materials Science,0022-2461,2016
3075,Gd1.85MoO6Dy0.075Eu0.075,Gd1.85MoO6,Dy,3,0.075,Eu,3,0.075,298,617,0.39,0.27,,,,393,393,465,,,,617,https://doi.org/10.1007/s10853-016-9962-z,SN,mp-582797, icsd-62886,1.012664495,Journal of Materials Science,0022-2461,2016
3076,Gd1.825MoO6Dy0.075Eu0.1,Gd1.825MoO6,Dy,3,0.075,Eu,3,0.1,298,617,0.4,0.27,,,,393,393,465,,,,617,https://doi.org/10.1007/s10853-016-9962-z,SN,mp-582797, icsd-62886,1.008331217,Journal of Materials Science,0022-2461,2016
3077,Gd1.8MoO6Dy0.075Eu0.125,Gd1.8MoO6,Dy,3,0.075,Eu,3,0.125,298,617,0.4,0.27,,,,393,393,465,,,,617,https://doi.org/10.1007/s10853-016-9962-z,SN,mp-582797, icsd-62886,1.008678196,Journal of Materials Science,0022-2461,2016
3078,Ca8.91GdP7O28Eu0.01,Ca8.91GdP7O28,Eu,2,0.01,,,,298,490,0.183,0.374,,,,355,288,,,2.92890769,849,490,https://doi.org/10.1039/C0JM01860K,RSC,,,1.086988365,Journal of Materials Chemistry,0959-9428,2010
3079,Ca8.82GdP7O28Eu0.01Mn0.01,Ca8.82GdP7O28,Eu,2,0.01,Mn,2,0.01,298,490,,,,,,355,288,,,2.897077003,789,490,https://doi.org/10.1039/C0JM01860K,RSC,,,1.046172863,Journal of Materials Chemistry,0959-9428,2010
3080,Ca8.73GdP7O28Eu0.01Mn0.02,Ca8.73GdP7O28,Eu,2,0.01,Mn,2,0.02,298,490,0.257,0.346,,,,355,,,,2.830588669,677,490,https://doi.org/10.1039/C0JM01860K,RSC,,,0.997736256,Journal of Materials Chemistry,0959-9428,2010
3081,Ca8.64GdP7O28Eu0.01Mn0.03,Ca8.64GdP7O28,Eu,2,0.01,Mn,2,0.03,298,490,,,,,,355,,,,2.786751422,612,490,https://doi.org/10.1039/C0JM01860K,RSC,,,0.989549794,Journal of Materials Chemistry,0959-9428,2010
3082,Ca8.55GdP7O28Eu0.01Mn0.04,Ca8.55GdP7O28,Eu,2,0.01,Mn,2,0.04,298,625,0.321,0.308,,,445,355,,,,,,490,https://doi.org/10.1039/C0JM01860K,RSC,,,1.104527588,Journal of Materials Chemistry,0959-9428,2010
3083,Ca8.505GdP7O28Eu0.01Mn0.045,Ca8.505GdP7O28,Eu,2,0.01,Mn,2,0.045,298,625,0.333,0.299,,,,355,,,,,,490,https://doi.org/10.1039/C0JM01860K,RSC,,,1.104149973,Journal of Materials Chemistry,0959-9428,2010
3084,Ca8.46GdP7O28Eu0.01Mn0.05,Ca8.46GdP7O28,Eu,2,0.01,Mn,2,0.05,298,625,0.35,0.295,,,,355,,,,2.673020907,471,490,https://doi.org/10.1039/C0JM01860K,RSC,,,0.94949035,Journal of Materials Chemistry,0959-9428,2010
3085,Ca8.28GdP7O28Eu0.01Mn0.07,Ca8.28GdP7O28,Eu,2,0.01,Mn,2,0.07,298,625,0.412,0.287,,,,355,,,,2.555094449,359,490,https://doi.org/10.1039/C0JM01860K,RSC,,,0.962245936,Journal of Materials Chemistry,0959-9428,2010
3086,Ca8.01GdP7O28Eu0.01Mn0.1,Ca8.01GdP7O28,Eu,2,0.01,Mn,2,0.1,298,625,0.45,0.265,,,,355,,,,2.365487985,232,490,https://doi.org/10.1039/C0JM01860K,RSC,,,0.984493927,Journal of Materials Chemistry,0959-9428,2010
3087,Na1.89Ca0.89SiO4Eu0.11,Na1.89Ca0.89SiO4,Eu,3,0.11,,,,298,703,0.648,0.351,,,,393,393,,,6.403120521,2530000,703,https://doi.org/10.1016/j.jlumin.2012.12.015,ESV,mp-555342, icsd-24235,1.018843249,Journal of Luminescence,0022-2313,2013
3088,Ca2Y0.99SbO6Eu0.01,Ca2Y0.99SbO6,Eu,3,0.01,,,,298,614,0.6372,0.3624,,,,290,,,,,,,https://doi.org/10.1016/j.jallcom.2015.10.242,ESV,,,1.001498876,Journal of Alloys and Compounds,0925-8388,2016
3089,Ca2Y0.99SbO6Eu0.01,Ca2Y0.99SbO6,Eu,3,0.01,,,,298,614,0.6477,0.3519,,,,400,,,,,,,https://doi.org/10.1016/j.jallcom.2015.10.242,ESV,,,0.998401438,Journal of Alloys and Compounds,0925-8388,2016
3090,Ca2Y0.99SbO6Eu0.01,Ca2Y0.99SbO6,Eu,3,0.01,,,,298,614,0.6354,0.3641,,,,470,,,,,,,https://doi.org/10.1016/j.jallcom.2015.10.242,ESV,,,0.995116437,Journal of Alloys and Compounds,0925-8388,2016
3091,Ca2Y0.70SbO6Eu0.3,Ca2Y0.70SbO6,Eu,3,0.3,,,,298,614,0.6569,0.3428,,,,290,,,,,,,https://doi.org/10.1016/j.jallcom.2015.10.242,ESV,,,1.073593191,Journal of Alloys and Compounds,0925-8388,2016
3092,Ca2Y0.70SbO6Eu0.3,Ca2Y0.70SbO6,Eu,3,0.3,,,,298,614,0.6589,0.3408,,,,400,,,,,,,https://doi.org/10.1016/j.jallcom.2015.10.242,ESV,,,1.007571216,Journal of Alloys and Compounds,0925-8388,2016
3093,Ca2Y0.70SbO6Eu0.3,Ca2Y0.70SbO6,Eu,3,0.3,,,,298,614,0.6594,0.3404,,,,470,,,,,,,https://doi.org/10.1016/j.jallcom.2015.10.242,ESV,,,1.046409889,Journal of Alloys and Compounds,0925-8388,2016
3094,Ca2Y0.80SbO6Eu0.15Bi0.05,Ca2Y0.80SbO6,Eu,3,0.15,Bi,3,0.05,298,614,0.6447,0.3549,,,,290,,,,1.792391689,62,400,https://doi.org/10.1016/j.jallcom.2015.10.242,ESV,,,1.137710815,Journal of Alloys and Compounds,0925-8388,2016
3095,Ca2Y0.80SbO6Eu0.15Bi0.05,Ca2Y0.80SbO6,Eu,3,0.15,Bi,3,0.05,298,614,0.645,0.3482,,,,400,,,,,,,https://doi.org/10.1016/j.jallcom.2015.10.242,ESV,,,1.119710352,Journal of Alloys and Compounds,0925-8388,2016
3096,Ca2Y0.80SbO6Eu0.15Bi0.05,Ca2Y0.80SbO6,Eu,3,0.15,Bi,3,0.05,298,614,0.6445,0.3651,,,,470,,,,,,,https://doi.org/10.1016/j.jallcom.2015.10.242,ESV,,,1.130336491,Journal of Alloys and Compounds,0925-8388,2016
3097,Ca2Tb8Si6O26,Ca2Tb8Si6O26,,,,,,,298,545,0.35,0.51,,,,238,238,,,6.645225712,4418000,545,https://doi.org/10.1016/j.jlumin.2015.08.009,ESV,,,1.079266763,Journal of Luminescence,0022-2313,2015
3098,Ca2Tb7.98Si6O26Eu0.02,Ca2Tb7.98Si6O26,Eu,3,0.02,,,,298,613,0.612,0.354,,,,238,238,,,6.106870544,1279000,545,https://doi.org/10.1016/j.jlumin.2015.08.009,ESV,,,1.087017844,Journal of Luminescence,0022-2313,2015
3099,Ca2Tb7.96Si6O26Eu0.04,Ca2Tb7.96Si6O26,Eu,3,0.04,,,,298,613,0.623,0.35,,,,238,238,,,,,613,https://doi.org/10.1016/j.jlumin.2015.08.009,ESV,,,4.350251121,Journal of Luminescence,0022-2313,2015
3100,Ca2Tb7.94Si6O26Eu0.06,Ca2Tb7.94Si6O26,Eu,3,0.06,,,,298,613,0.626,0.348,,52,563,238,238,,,,,613,https://doi.org/10.1016/j.jlumin.2015.08.009,ESV,,,4.545781296,Journal of Luminescence,0022-2313,2015
3101,Ca2Tb7.92Si6O26Eu0.08,Ca2Tb7.92Si6O26,Eu,3,0.08,,,,298,613,0.628,0.347,,,,238,238,,,,,613,https://doi.org/10.1016/j.jlumin.2015.08.009,ESV,,,4.262756037,Journal of Luminescence,0022-2313,2015
3102,K4SrSi3O9Eu0.05,K4SrSi3O9,Eu,3,0.05,,,,298,616.5,,,,,610,266,,,,,,,https://doi.org/10.1016/j.optmat.2013.07.018,ESV,,,1.069510204,Optical Materials,0925-3467,2013
3103,KGd0.7TiO4Eu0.3,KGd0.7TiO4,Eu,3,0.3,,,,298,617,0.65,0.34,,,,286,,,,,,,https://doi.org/10.1039/C3TC32472A,RSC,mp-1211763,,1.006854512,Journal of Materials Chemistry C,2050-7526,2014
3104,KGd0.7TiO4Eu0.3,KGd0.7TiO4,Eu,3,0.3,,,,298,617,,,91,,,395,,,,6.06069784,1150000,617,https://doi.org/10.1039/C3TC32472A,RSC,mp-1211763,,1.049726232,Journal of Materials Chemistry C,2050-7526,2014
3105,NaGd0.7TiO4Eu0.3,NaGd0.7TiO4,Eu,3,0.3,,,,298,617,0.662,0.338,,,465,287,287,,,5.934498451,860000,617,https://doi.org/10.1039/C3RA40375K,RSC,mp-1211763,,0.991912729,RSC Advances,2046-2069,2013
3106,NaY0.7TiO4Eu0.3,NaY0.7TiO4,Eu,3,0.3,,,,298,617,0.663,0.337,,,,287,287,,,5.929418926,850000,617,https://doi.org/10.1039/C3RA40375K,RSC,mp-18005, icsd-81538,1.039463584,RSC Advances,2046-2069,2013
3107,Ca1.85Ga2SiO7Eu0.1,Ca1.85Ga2SiO7,Eu,3,0.1,,,,298,616,0.639,0.358,,,,393,393,,,,,616,https://doi.org/10.1021/acs.inorgchem.6b00989,ACS,,,0.993919534,Inorganic Chemistry,0020-1669,2016
3108,Ca19Mg2P14O56Eu0.06,Ca19Mg2P14O56,Eu,3,0.06,,,,298,612,0.658,0.342,,,543,393,393,,,6.260071388,1820000,612,https://doi.org/10.1039/C3TC31263A,RSC,mp-1228644,,1.025225868,Journal of Materials Chemistry C,2050-7526,2013
3109,Ca0.95Si2O2N2Ce0.05,Ca0.95Si2O2N2,Ce,3,0.05,,,,298,461,0.2,0.26,33,,,340,,,,,,,https://doi.org/10.1111/j.1551-2916.2011.04461.x,Wiley,mp-556884, icsd-413882,1.005288719,Journal of the American Ceramic Society,0002-7820,2011
3110,Ca0.949Si2O2N2Ce0.05Eu0.001,Ca0.949Si2O2N2,Ce,3,0.05,Eu,2,0.001,298,500,0.27,0.36,43,,,340,,,,,,,https://doi.org/10.1111/j.1551-2916.2011.04461.x,Wiley,mp-556884, icsd-413882,0.982286622,Journal of the American Ceramic Society,0002-7820,2011
3111,Ca0.947Si2O2N2Ce0.05Eu0.003,Ca0.947Si2O2N2,Ce,3,0.05,Eu,2,0.003,298,520,0.28,0.37,44,,,340,,,,,,,https://doi.org/10.1111/j.1551-2916.2011.04461.x,Wiley,mp-556884, icsd-413882,0.978464762,Journal of the American Ceramic Society,0002-7820,2011
3112,Ca0.945Si2O2N2Ce0.05Eu0.005,Ca0.945Si2O2N2,Ce,3,0.05,Eu,2,0.005,298,540,0.37,0.49,,,,350,,,,,,,https://doi.org/10.1111/j.1551-2916.2011.04461.x,Wiley,mp-556884, icsd-413882,0.977953502,Journal of the American Ceramic Society,0002-7820,2011
3113,Ca0.94Si2O2N2Ce0.05Eu0.01,Ca0.94Si2O2N2,Ce,3,0.05,Eu,2,0.01,298,550,0.4,0.5,,,,350,,,,,,,https://doi.org/10.1111/j.1551-2916.2011.04461.x,Wiley,mp-556884, icsd-413882,0.977810729,Journal of the American Ceramic Society,0002-7820,2011
3114,Ca0.93Si2O2N2Ce0.05Eu0.02,Ca0.93Si2O2N2,Ce,3,0.05,Eu,2,0.02,298,550,0.4,0.52,,,,350,,,,,,,https://doi.org/10.1111/j.1551-2916.2011.04461.x,Wiley,mp-556884, icsd-413882,0.977838357,Journal of the American Ceramic Society,0002-7820,2011
3115,Ca0.95Si2O2N2Eu0.05,Ca0.95Si2O2N2,Eu,2,0.05,,,,298,550,0.41,0.53,17,,,350,,,,,,,https://doi.org/10.1111/j.1551-2916.2011.04461.x,Wiley,mp-556884, icsd-413882,0.978125749,Journal of the American Ceramic Society,0002-7820,2011
3116,Na0.5Gd0.25MoO4Eu0.25,Na0.5Gd0.25MoO4,Eu,3,0.25,,,,298,615,0.667,0.332,,,448,395,395,,,,,615,https://doi.org/10.1016/j.jlumin.2016.07.045,ESV,,,1.027679408,Journal of Luminescence,0022-2313,2016
3117,LiAlGe2O6Mn0.006,LiAlGe2O6,Mn,2,0.006,,,,298,671,0.72,0.27,32,,,289,289,,,6.190331698,1550000,671,https://doi.org/10.1016/j.jallcom.2015.07.080,ESV,mp-1020030, icsd-185705 icsd-185703 icsd-185704,1.151601798,Journal of Alloys and Compounds,0925-8388,2015
3118,LiGaGe2O6Mn0.006,LiGaGe2O6,Mn,2,0.006,,,,298,669,0.72,0.27,15,,,289,289,,,4.835690571,68500,669,https://doi.org/10.1016/j.jallcom.2015.07.080,ESV,mp-1020030, icsd-185705 icsd-185703 icsd-185704,0.979552555,Journal of Alloys and Compounds,0925-8388,2015
3119,NaGd0.97Mo2O8Sm0.03,NaGd0.97Mo2O8,Sm,3,0.03,,,,298,647,0.64,0.32,,,,405,405,,,,,647,https://doi.org/10.1016/j.ceramint.2016.10.018,ESV,,,1.065407584,Ceramics International,0272-8842,2017
3120,Ba2Y3Si3O12F,Ba2Y3Si3O12F,,,,,,,298,415,0.199,0.151,,,,350,,,,,,,https://doi.org/10.1039/C6TC04350J,RSC,,,1.142625939,Journal of Materials Chemistry C,2050-7526,2017
3121,Ba2Y3Si3O12FEu0.005,Ba2Y3Si3O12F,Eu,2,0.005,,,,298,415,0.334,0.28,15.9,5.3,,350,,,,,,,https://doi.org/10.1039/C6TC04350J,RSC,,,1.030707422,Journal of Materials Chemistry C,2050-7526,2017
3122,Ba2Y3Si3O12FEu0.01,Ba2Y3Si3O12F,Eu,2,0.01,,,,298,618,0.37,0.336,11.2,4.9,370,350,,,,2.57955496,379.8,470,https://doi.org/10.1039/C6TC04350J,RSC,,,1.187529305,Journal of Materials Chemistry C,2050-7526,2017
3123,Ba2Y3Si3O12FEu0.02,Ba2Y3Si3O12F,Eu,2,0.02,,,,298,618,0.416,0.38,8.8,4.4,,350,,,,,,,https://doi.org/10.1039/C6TC04350J,RSC,,,1.004157301,Journal of Materials Chemistry C,2050-7526,2017
3124,Ba2Y3Si3O12FEu0.04,Ba2Y3Si3O12F,Eu,2,0.04,,,,298,618,0.474,0.4,6,3.6,,350,,,,,,,https://doi.org/10.1039/C6TC04350J,RSC,,,1.007878397,Journal of Materials Chemistry C,2050-7526,2017
3125,Ca2La0.6SbO6Eu0.4,Ca2La0.6SbO6,Eu,3,0.4,,,,298,615,,,,16.6,,465,465,,,,,615,https://doi.org/10.1016/j.jssc.2011.10.032,ESV,mp-1106181, icsd-169492,1.136571859,Journal of Solid State Chemistry,0022-4596,2011
3126,Ca0.955TiO3Sm0.03,Ca0.955TiO3,Sm,3,0.03,,,,298,603,0.5792,0.4199,,,,467,467,,,5.898725182,792000,603,https://doi.org/10.1016/j.matchemphys.2016.01.009,ESV,"mp-4019,mp-556003,mp-1205364,mp-3442,mp-754701,mp-5827", icsd-167888 icsd-62149 icsd-97828 icsd-167809 icsd-163663 icsd-174127 icsd-94568 icsd-85101 icsd-96258 icsd-162909 icsd-185445 icsd-162916 icsd-162917 icsd-157115 icsd-185443 icsd-185446 icsd-162913 icsd-162908 icsd-163662 icsd-163528 icsd-185452 icsd-16688 icsd-71915 icsd-186224 icsd-185444 icsd-189135 icsd-162918 icsd-162912 icsd-71916 icsd-180956 icsd-74215 icsd-185454 icsd-162914 icsd-74214 icsd-193648 icsd-93082 icsd-153172 icsd-185451 icsd-150420 icsd-74212 icsd-185449 icsd-162911 icsd-51024 icsd-162910 icsd-74213 icsd-37263 icsd-82487 icsd-185447 icsd-50364 icsd-185450 icsd-185453 icsd-74216 icsd-162915 icsd-185448 icsd-165801 icsd-38212 icsd-29116 icsd-162920 icsd-162919 icsd-162922 icsd-162921 icsd-162925 icsd-162924 icsd-77060 icsd-153173 icsd-162923 icsd-187293 icsd-165076 icsd-162926 icsd-31865 icsd-187294 icsd-153174 icsd-31864,1.021895946,Materials Chemistry and Physics,0254-0584,2016
3127,Mg7Ga1.990GeO12Mn0.005,Mg7Ga1.990GeO12,Mn,4,0.005,,,,298,660,0.7133,0.2866,28.13,,,420,420,,,,,660,https://doi.org/10.1016/j.jallcom.2015.06.166,ESV,,,1.430148558,Journal of Alloys and Compounds,0925-8388,2015
3128,Ca2La0.9SbO6Eu0.1,Ca2La0.9SbO6,Eu,3,0.1,,,,298,615,,,,,,465,393,465,,6.014520539,1034000,615,https://doi.org/10.1016/j.jallcom.2017.11.242,ESV,mp-1106181, icsd-169492,1.002350435,Journal of Alloys and Compounds,0925-8388,2018
3129,Ca2La0.8SbO6Eu0.2,Ca2La0.8SbO6,Eu,3,0.2,,,,298,615,,,,,,465,393,465,,5.992553518,983000,615,https://doi.org/10.1016/j.jallcom.2017.11.242,ESV,mp-1106181, icsd-169492,0.993615074,Journal of Alloys and Compounds,0925-8388,2018
3130,Ca2La0.7SbO6Eu0.3,Ca2La0.7SbO6,Eu,3,0.3,,,,298,615,,,,,,465,393,465,,5.986323777,969000,615,https://doi.org/10.1016/j.jallcom.2017.11.242,ESV,mp-1106181, icsd-169492,0.991347145,Journal of Alloys and Compounds,0925-8388,2018
3131,Ca2La0.6SbO6Eu0.4,Ca2La0.6SbO6,Eu,3,0.4,,,,298,615,,,,,,465,393,465,,5.981365509,958000,615,https://doi.org/10.1016/j.jallcom.2017.11.242,ESV,mp-1106181, icsd-169492,1.06183408,Journal of Alloys and Compounds,0925-8388,2018
3132,Ca2La0.5SbO6Eu0.5,Ca2La0.5SbO6,Eu,3,0.5,,,,298,615,,,81,,610,465,393,465,,5.967079734,927000,615,https://doi.org/10.1016/j.jallcom.2017.11.242,ESV,mp-1106181, icsd-169492,1.231031748,Journal of Alloys and Compounds,0925-8388,2018
3133,Ca2La0.4SbO6Eu0.6,Ca2La0.4SbO6,Eu,3,0.6,,,,298,615,,,,,,465,393,465,,5.948412966,888000,615,https://doi.org/10.1016/j.jallcom.2017.11.242,ESV,mp-1106181, icsd-169492,1.01335448,Journal of Alloys and Compounds,0925-8388,2018
3134,Ca2La0.3SbO6Eu0.7,Ca2La0.3SbO6,Eu,3,0.7,,,,298,615,,,,,,465,393,465,,5.868644438,739000,615,https://doi.org/10.1016/j.jallcom.2017.11.242,ESV,mp-1106181, icsd-169492,1.011312222,Journal of Alloys and Compounds,0925-8388,2018
3135,Ca2La0.2SbO6Eu0.8,Ca2La0.2SbO6,Eu,3,0.8,,,,298,615,,,,,,465,393,465,,5.789580712,616000,615,https://doi.org/10.1016/j.jallcom.2017.11.242,ESV,mp-1106181, icsd-169492,1.018141728,Journal of Alloys and Compounds,0925-8388,2018
3136,La1.64LiSbO6Eu0.36,La1.64LiSbO6,Eu,3,0.36,,,,298,615,0.646,0.338,,,,394,394,,,,,615,https://doi.org/10.1016/j.jallcom.2019.02.132,ESV,mp-6674, icsd-72202 icsd-69192,1.031118581,Journal of Alloys and Compounds,0925-8388,2019
3137,La1.92LiSbO6Ho0.08,La1.92LiSbO6,Ho,3,0.08,,,,298,542,0.266,0.717,,,,454,454,,,,,542,https://doi.org/10.1016/j.jallcom.2019.02.132,ESV,mp-6674, icsd-72202 icsd-69192,1.101272448,Journal of Alloys and Compounds,0925-8388,2019
3138,La1.92LiSbO6Tm0.08,La1.92LiSbO6,Tm,3,0.08,,,,298,454,0.157,0.041,,,,359,359,,,,,454,https://doi.org/10.1016/j.jallcom.2019.02.132,ESV,mp-6674, icsd-72202 icsd-69192,1.312739217,Journal of Alloys and Compounds,0925-8388,2019
3139,La1.88LiSbO6Dy0.12,La1.88LiSbO6,Dy,3,0.12,,,,298,573,0.389,0.437,,,,351,351,,,,,573,https://doi.org/10.1016/j.jallcom.2019.02.132,ESV,mp-6674, icsd-72202 icsd-69192,1.099837083,Journal of Alloys and Compounds,0925-8388,2019
3140,La1.92LiSbO6Sm0.08,La1.92LiSbO6,Sm,3,0.08,,,,298,599,0.533,0.361,,,,405,405,,,,,599,https://doi.org/10.1016/j.jallcom.2019.02.132,ESV,mp-6674, icsd-72202 icsd-69192,1.044952398,Journal of Alloys and Compounds,0925-8388,2019
3141,La1.63LiSbO6Eu0.36Bi0.01,La1.63LiSbO6,Eu,3,0.36,Bi,3,0.01,298,611,0.643,0.335,,,,394,394,,,,,611,https://doi.org/10.1016/j.jallcom.2019.02.132,ESV,mp-6674, icsd-72202 icsd-69192,1.064399311,Journal of Alloys and Compounds,0925-8388,2019
3142,CaYAlO4Mn0.001,CaYAlO4,Mn,4,0.001,,,,298,710,,,,,,335,335,,,6.201397124,1590000,710,https://doi.org/10.1186/s40539-014-0015-4,Springer,mp-1227044,,0.984267916,Journal of Solid State Lighting,2196-1107,2014
3143,CaYAlO4Mn0.005,CaYAlO4,Mn,4,0.005,,,,298,710,,,26,,425,335,335,,,6.159567193,1444000,710,https://doi.org/10.1186/s40539-014-0015-4,Springer,mp-1227044,,0.976101867,Journal of Solid State Lighting,2196-1107,2014
3144,CaYAlO4Mn0.005,CaYAlO4,Mn,4,0.005,,,,298,710,,,28,,,460,,,,,,,https://doi.org/10.1186/s40539-014-0015-4,Springer,mp-1227044,,1.314964437,Journal of Solid State Lighting,2196-1107,2014
3145,CaYAlO4Mn0.01,CaYAlO4,Mn,4,0.01,,,,298,710,,,,,,335,335,,,6.115943177,1306000,710,https://doi.org/10.1186/s40539-014-0015-4,Springer,mp-1227044,,1.082274844,Journal of Solid State Lighting,2196-1107,2014
3146,KNaCa2P2O8Na0.04Ce0.04,KNaCa2P2O8Na0.04,Ce,3,0.04,,,,298,367,0.18,0.04,89,,,270,318,,,1.671172843,46.9,367,https://doi.org/10.1021/ic402305x,ACS,,,1.245549006,Inorganic Chemistry,0020-1669,2013
3158,KNaCa2P2O8Eu0.008,KNaCa2P2O8,Eu,2,0.008,,,,298,472,0.1509,0.2389,57,,,365,365,,,2.982271233,960,472,https://doi.org/10.1021/ic402305x,ACS,,,1.07363592,Inorganic Chemistry,0020-1669,2013
3164,KNaCa2P2O8Eu0.008Mn0.05,KNaCa2P2O8,Eu,2,0.008,Mn,2,0.05,298,472,0.305,0.305,27,,,365,365,,,2.707570176,510,472,https://doi.org/10.1021/ic402305x,ACS,,,1.001736184,Inorganic Chemistry,0020-1669,2013
3165,KNaCa2P2O8Eu0.008Mn0.07,KNaCa2P2O8,Eu,2,0.008,Mn,2,0.07,298,472,0.3452,0.3266,,,,365,365,,,,,472,https://doi.org/10.1021/ic402305x,ACS,,,1.193027254,Inorganic Chemistry,0020-1669,2013
3166,KNaCa2P2O8Eu0.008Mn0.1,KNaCa2P2O8,Eu,2,0.008,Mn,2,0.1,298,612,0.4,0.335,31,,550,365,365,,,2.612783857,410,472,https://doi.org/10.1021/ic402305x,ACS,,,1.025892352,Inorganic Chemistry,0020-1669,2013
3167,KNaCa2P2O8Eu0.008Mn0.15,KNaCa2P2O8,Eu,2,0.008,Mn,2,0.15,298,612,0.43,0.34,38,,,365,365,,,2.556302501,360,472,https://doi.org/10.1021/ic402305x,ACS,,,1.028465277,Inorganic Chemistry,0020-1669,2013
3168,KNaCa2P2O8Eu0.008Mn0.2,KNaCa2P2O8,Eu,2,0.008,Mn,2,0.2,298,612,0.44,0.34,37,,,365,365,,,2.447158031,280,472,https://doi.org/10.1021/ic402305x,ACS,,,1.098705172,Inorganic Chemistry,0020-1669,2013
3169,KNaCa2P2O8Eu0.008Mn0.25,KNaCa2P2O8,Eu,2,0.008,Mn,2,0.25,298,612,0.4506,0.351,24,,,365,365,,,2.361727836,230,472,https://doi.org/10.1021/ic402305x,ACS,,,1.122220126,Inorganic Chemistry,0020-1669,2013
3170,K2Ge4O9Mn0.0005,K2Ge4O9,Mn,4,0.0005,,,,298,663,,,,,,450,470,,,6.005180513,1012000,663,https://doi.org/10.1039/C6CP00168H,RSC,mp-560875, icsd-189270 icsd-31969 icsd-252282,1.026842474,Physical Chemistry Chemical Physics,1463-9076,2016
3171,K2Ge4O9Mn0.001,K2Ge4O9,Mn,4,0.001,,,,298,663,0.702,0.296,,,363,450,470,338,,5.989894564,977000,663,https://doi.org/10.1039/C6CP00168H,RSC,mp-560875, icsd-189270 icsd-31969 icsd-252282,0.956468842,Physical Chemistry Chemical Physics,1463-9076,2016
3172,K2Ge4O9Mn0.005,K2Ge4O9,Mn,4,0.005,,,,298,663,,,,,,450,470,,,5.98811284,973000,663,https://doi.org/10.1039/C6CP00168H,RSC,mp-560875, icsd-189270 icsd-31969 icsd-252282,0.975751757,Physical Chemistry Chemical Physics,1463-9076,2016
3173,K2Ge4O9Mn0.01,K2Ge4O9,Mn,4,0.01,,,,298,663,,,,,,450,470,,,5.975431809,945000,663,https://doi.org/10.1039/C6CP00168H,RSC,mp-560875, icsd-189270 icsd-31969 icsd-252282,1.191853825,Physical Chemistry Chemical Physics,1463-9076,2016
3174,K2Ge4O9Mn0.03,K2Ge4O9,Mn,4,0.03,,,,298,663,,,,,,450,470,,,5.945960704,883000,663,https://doi.org/10.1039/C6CP00168H,RSC,mp-560875, icsd-189270 icsd-31969 icsd-252282,1.019869348,Physical Chemistry Chemical Physics,1463-9076,2016
3175,K2Ge4O9Mn0.05,K2Ge4O9,Mn,4,0.05,,,,298,663,,,,,,450,470,,,5.933993164,859000,663,https://doi.org/10.1039/C6CP00168H,RSC,mp-560875, icsd-189270 icsd-31969 icsd-252282,1.012992081,Physical Chemistry Chemical Physics,1463-9076,2016
3176,LiNaGe4O9Mn0.00005,LiNaGe4O9,Mn,4,0.00005,,,,298,661,,,,,,295,295,,,6.094121596,1242000,661,https://doi.org/10.1111/jace.14168,Wiley,mp-6663, icsd-86152 icsd-20112,0.971164071,Journal of the American Ceramic Society,0002-7820,2016
3177,LiNaGe4O9Mn0.0001,LiNaGe4O9,Mn,4,0.0001,,,,298,661,,,,,,295,295,,,6.093771781,1241000,661,https://doi.org/10.1111/jace.14168,Wiley,mp-6663, icsd-86152 icsd-20112,0.969443983,Journal of the American Ceramic Society,0002-7820,2016
3178,LiNaGe4O9Mn0.0005,LiNaGe4O9,Mn,4,0.0005,,,,298,661,0.727,0.273,78,,,295,295,,,,,661,https://doi.org/10.1111/jace.14168,Wiley,mp-6663, icsd-86152 icsd-20112,1.364782437,Journal of the American Ceramic Society,0002-7820,2016
3179,LiNaGe4O9Mn0.001,LiNaGe4O9,Mn,4,0.001,,,,298,661,,,,,,295,295,,,6.090610708,1232000,661,https://doi.org/10.1111/jace.14168,Wiley,mp-6663, icsd-86152 icsd-20112,0.968628441,Journal of the American Ceramic Society,0002-7820,2016
3180,LiNaGe4O9Mn0.005,LiNaGe4O9,Mn,4,0.005,,,,298,661,,,,,,295,295,,,6.08849047,1226000,661,https://doi.org/10.1111/jace.14168,Wiley,mp-6663, icsd-86152 icsd-20112,0.978005874,Journal of the American Ceramic Society,0002-7820,2016
3181,LiNaGe4O9Mn0.02,LiNaGe4O9,Mn,4,0.02,,,,298,661,,,,,,295,295,,,6.080626487,1204000,661,https://doi.org/10.1111/jace.14168,Wiley,mp-6663, icsd-86152 icsd-20112,0.983186615,Journal of the American Ceramic Society,0002-7820,2016
3182,SrGe3.99O9Mn0.01,SrGe3.99O9,Mn,4,0.01,,,,298,670,,,,,,430,430,,,6.007747778,1018000,670,https://doi.org/10.1039/C6TC01813K,RSC,mp-9380, icsd-82393,0.998676434,Journal of Materials Chemistry C,2050-7526,2016
3183,SrGe3.98O9Mn0.02,SrGe3.98O9,Mn,4,0.02,,,,298,670,0.71,0.29,46,,363,430,430,,,5.998695158,997000,670,https://doi.org/10.1039/C6TC01813K,RSC,mp-9380, icsd-82393,0.994321439,Journal of Materials Chemistry C,2050-7526,2016
3184,SrGe3.96O9Mn0.04,SrGe3.96O9,Mn,4,0.04,,,,298,670,,,,,,430,430,,,5.995196292,989000,670,https://doi.org/10.1039/C6TC01813K,RSC,mp-9380, icsd-82393,1.0512806,Journal of Materials Chemistry C,2050-7526,2016
3185,SrGe3.92O9Mn0.08,SrGe3.92O9,Mn,4,0.08,,,,298,670,,,,,,430,430,,,5.959994838,912000,670,https://doi.org/10.1039/C6TC01813K,RSC,mp-9380, icsd-82393,1.151763666,Journal of Materials Chemistry C,2050-7526,2016
3186,SrGe3.88O9Mn0.12,SrGe3.88O9,Mn,4,0.12,,,,298,670,,,,,,430,430,,,5.940516485,872000,670,https://doi.org/10.1039/C6TC01813K,RSC,mp-9380, icsd-82393,1.012421596,Journal of Materials Chemistry C,2050-7526,2016
3187,SrGe3.84O9Mn0.16,SrGe3.84O9,Mn,4,0.16,,,,298,670,,,,,,430,430,,,5.936010796,863000,670,https://doi.org/10.1039/C6TC01813K,RSC,mp-9380, icsd-82393,0.996937286,Journal of Materials Chemistry C,2050-7526,2016
3188,BaGe3.99O9Mn0.01,BaGe3.99O9,Mn,4,0.01,,,,298,669,,,,,,440,440,,,6.22762965,1689000,669,https://doi.org/10.1039/C6TC01813K,RSC,mp-9380, icsd-82393,1.00568393,Journal of Materials Chemistry C,2050-7526,2016
3189,BaGe3.98O9Mn0.02,BaGe3.98O9,Mn,4,0.02,,,,298,669,0.71,0.28,50,,458,440,440,,,6.225567713,1681000,669,https://doi.org/10.1039/C6TC01813K,RSC,mp-9380, icsd-82393,1.015826986,Journal of Materials Chemistry C,2050-7526,2016
3190,BaGe3.96O9Mn0.04,BaGe3.96O9,Mn,4,0.04,,,,298,669,,,,,,440,440,,,6.220108088,1660000,669,https://doi.org/10.1039/C6TC01813K,RSC,mp-9380, icsd-82393,1.020455832,Journal of Materials Chemistry C,2050-7526,2016
3191,BaGe3.94O9Mn0.06,BaGe3.94O9,Mn,4,0.06,,,,298,669,,,,,,440,440,,,6.214843848,1640000,669,https://doi.org/10.1039/C6TC01813K,RSC,mp-9380, icsd-82393,1.050698418,Journal of Materials Chemistry C,2050-7526,2016
3192,BaGe3.92O9Mn0.08,BaGe3.92O9,Mn,4,0.08,,,,298,669,,,,,,440,440,,,6.164055292,1459000,669,https://doi.org/10.1039/C6TC01813K,RSC,mp-9380, icsd-82393,0.973238577,Journal of Materials Chemistry C,2050-7526,2016
3193,BaGe3.88O9Mn0.12,BaGe3.88O9,Mn,4,0.12,,,,298,669,,,,,,440,440,,,6.025305865,1060000,669,https://doi.org/10.1039/C6TC01813K,RSC,mp-9380, icsd-82393,1.019035642,Journal of Materials Chemistry C,2050-7526,2016
3194,Li2MgZr0.996O4Mn0.004,Li2MgZr0.996O4,Mn,4,0.004,,,,298,670,0.7222,0.2778,32.3,,458,335,335,,,5.400486182,251470,670,https://doi.org/10.1016/j.jlumin.2017.05.002,ESV,mp-1222626,,1.084033459,Journal of Luminescence,0022-2313,2017
3195,KNaSiF6Mn0.06,KNaSiF6,Mn,4,0.06,,,,298,629,0.691,0.309,90,41,425,460,460,,,,,629,https://doi.org/10.1021/acsami.6b01905,ACS,mp-556934, icsd-183232 icsd-71334,1.435557337,ACS Applied Materials &amp; Interfaces,1944-8244,2016
3196,Cs2SiF6Mn0.1075,Cs2SiF6,Mn,4,0.1075,,,,296,632,,,89.22,71.34,498,460,460,,,6.892651034,7810000,632,https://doi.org/10.1021/acsphotonics.7b00852,ACS,mp-4047, icsd-26871 icsd-38548,1.473101185,ACS Photonics,2330-4022,2017
3197,Cs2SiF6Mn0.1075,Cs2SiF6,Mn,4,0.1075,,,,323,632,,,89.6,71.67,,460,460,,,,,632,https://doi.org/10.1021/acsphotonics.7b00852,ACS,mp-4047, icsd-26871 icsd-38548,1.190311915,ACS Photonics,2330-4022,2017
3198,Cs2SiF6Mn0.1075,Cs2SiF6,Mn,4,0.1075,,,,373,632,,,89,71.41,,460,460,,,,,632,https://doi.org/10.1021/acsphotonics.7b00852,ACS,mp-4047, icsd-26871 icsd-38548,1.205268637,ACS Photonics,2330-4022,2017
3199,Cs2SiF6Mn0.1075,Cs2SiF6,Mn,4,0.1075,,,,423,632,,,85.32,68.58,,460,460,,,,,632,https://doi.org/10.1021/acsphotonics.7b00852,ACS,mp-4047, icsd-26871 icsd-38548,1.236735865,ACS Photonics,2330-4022,2017
3200,Cs2SiF6Mn0.1075,Cs2SiF6,Mn,4,0.1075,,,,473,632,,,60.29,48.5,,460,460,,,,,632,https://doi.org/10.1021/acsphotonics.7b00852,ACS,mp-4047, icsd-26871 icsd-38548,1.251852621,ACS Photonics,2330-4022,2017
3201,Cs2SiF6Mn0.1075,Cs2SiF6,Mn,4,0.1075,,,,523,632,,,22.08,17.81,,460,460,,,,,632,https://doi.org/10.1021/acsphotonics.7b00852,ACS,mp-4047, icsd-26871 icsd-38548,1.271547671,ACS Photonics,2330-4022,2017
3202,Cs2SiF6Mn0.1075,Cs2SiF6,Mn,4,0.1075,,,,573,632,,,4.23,3.42,,460,460,,,,,632,https://doi.org/10.1021/acsphotonics.7b00852,ACS,mp-4047, icsd-26871 icsd-38548,1.290890286,ACS Photonics,2330-4022,2017
3203,Ba0.98La2Si2S8Eu0.02,Ba0.98La2Si2S8,Eu,2,0.02,,,,298,645,0.597,0.394,,23.73,403,405,405,,,2.563006187,365.6,645,https://doi.org/10.1021/am505613s,ACS,,,1.331033276,ACS Applied Materials &amp; Interfaces,1944-8244,2014
3204,BaNb2O6Sm0.005,BaNb2O6,Sm,3,0.005,,,,298,599,,,,,,405,405,,,5.567896437,369740,599,https://doi.org/10.1016/j.jlumin.2016.03.025,ESV,"mp-28150,mp-555050,mp-640553", icsd-28253 icsd-39320 icsd-28253,1.031742543,Journal of Luminescence,0022-2313,2016
3205,BaNb2O6Sm0.015,BaNb2O6,Sm,3,0.015,,,,298,599,0.557,0.44,,,,405,405,,,5.294069227,196820,599,https://doi.org/10.1016/j.jlumin.2016.03.025,ESV,"mp-28150,mp-555050,mp-640553", icsd-28253 icsd-39320 icsd-28253,0.982784534,Journal of Luminescence,0022-2313,2016
3206,BaNb2O6Sm0.025,BaNb2O6,Sm,3,0.025,,,,298,599,,,,,,405,405,,,5.154880245,142850,599,https://doi.org/10.1016/j.jlumin.2016.03.025,ESV,"mp-28150,mp-555050,mp-640553", icsd-28253 icsd-39320 icsd-28253,1.003856916,Journal of Luminescence,0022-2313,2016
3211,Li0.97AlSiO4Sm0.03,Li0.97AlSiO4,Sm,3,0.03,,,,298,602,0.595,0.387,,,,402,402,,,,,602,https://doi.org/10.1016/j.jallcom.2016.08.057,ESV,"mp-18220,mp-14399,mp-6326,mp-1222444,mp-6327,mp-558713,mp-556544,mp-1222553,mp-559689", icsd-92708 icsd-32595 icsd-22011 icsd-22012 icsd-22013 icsd-22010 icsd-2929 icsd-24888 icsd-22015 icsd-22014 icsd-38167 icsd-66137 icsd-97909,0.985126302,Journal of Alloys and Compounds,0925-8388,2016
3212,NaLa0.6MgWO6Eu0.4,NaLa0.6MgWO6,Eu,3,0.4,,,,298,615,0.664,0.336,,19.3,,464,464,,,,,615,https://doi.org/10.1016/j.materresbull.2012.03.023,ESV,"mp-558194,mp-556619", icsd-187079 icsd-174386 icsd-172413 icsd-40497,1.000560223,Materials Research Bulletin,0025-5408,2012
3213,NaLa0.95MgWO6Sm0.05,NaLa0.95MgWO6,Sm,3,0.05,,,,298,644,0.464,0.339,,2.8,,405,405,,,,,644,https://doi.org/10.1016/j.materresbull.2012.03.023,ESV,"mp-558194,mp-556619", icsd-187079 icsd-174386 icsd-172413 icsd-40497,1.003955793,Materials Research Bulletin,0025-5408,2012
3214,NaLa0.8MgWO6Tb0.2,NaLa0.8MgWO6,Tb,3,0.2,,,,298,544,0.331,0.642,,3.8,,485,485,,,,,544,https://doi.org/10.1016/j.materresbull.2012.03.023,ESV,"mp-558194,mp-556619", icsd-187079 icsd-174386 icsd-172413 icsd-40497,1.049976166,Materials Research Bulletin,0025-5408,2012
3215,MgOSm0.0002,MgO,Sm,3,0.0002,,,,298,604,0.583,0.405,,,,404,404,,,2.204119983,160,604,https://doi.org/10.1016/j.molstruc.2016.09.046,ESV,"mp-1265,mp-1065577,mp-1192189,mp-1180973,mp-1192043,mp-549706,mp-1180312 ,mp-775808,mp-776911,mp-1190533,mp-1101930,mp-1190649,mp-1191789,mp-1245039,mp-1245045,mp-1245232,mp-1244962,mp-1245157,mp-1009129,mp-1245143,mp-1245195,mp-1245128,mp-1009127", icsd-64928 icsd-236617 icsd-642716 icsd-170905 icsd-159369 icsd-157525 icsd-188324 icsd-157524 icsd-44927 icsd-104844 icsd-159372 icsd-159371 icsd-161607 icsd-26958 icsd-104845 icsd-56143 icsd-157527 icsd-642712 icsd-159376 icsd-159374 icsd-642713 icsd-60492 icsd-157528 icsd-31051 icsd-41990 icsd-52275 icsd-159375 icsd-159373 icsd-169450 icsd-157523 icsd-181456 icsd-173128 icsd-248385 icsd-77821 icsd-29127 icsd-77759 icsd-64930 icsd-158103 icsd-101007 icsd-61325 icsd-9863 icsd-64929 icsd-159377 icsd-159368 icsd-642714 icsd-159367 icsd-88058 icsd-60692 icsd-173132 icsd-95468 icsd-157526 icsd-52026 icsd-159378 icsd-161059 icsd-181458 icsd-181457 icsd-181460 icsd-162607 icsd-181461 icsd-236618 icsd-161842 icsd-181462 icsd-181463 icsd-181465 icsd-181464 icsd-181466 icsd-166273 icsd-248386,2.072687312,Journal of Molecular Structure,0022-2860,2017
3216,MgOSm0.0004,MgO,Sm,3,0.0004,,,,298,604,,,,,,404,404,,,2.184691431,153,604,https://doi.org/10.1016/j.molstruc.2016.09.046,ESV,"mp-1265,mp-1065577,mp-1192189,mp-1180973,mp-1192043,mp-549706,mp-1180312 ,mp-775808,mp-776911,mp-1190533,mp-1101930,mp-1190649,mp-1191789,mp-1245039,mp-1245045,mp-1245232,mp-1244962,mp-1245157,mp-1009129,mp-1245143,mp-1245195,mp-1245128,mp-1009127", icsd-64928 icsd-236617 icsd-642716 icsd-170905 icsd-159369 icsd-157525 icsd-188324 icsd-157524 icsd-44927 icsd-104844 icsd-159372 icsd-159371 icsd-161607 icsd-26958 icsd-104845 icsd-56143 icsd-157527 icsd-642712 icsd-159376 icsd-159374 icsd-642713 icsd-60492 icsd-157528 icsd-31051 icsd-41990 icsd-52275 icsd-159375 icsd-159373 icsd-169450 icsd-157523 icsd-181456 icsd-173128 icsd-248385 icsd-77821 icsd-29127 icsd-77759 icsd-64930 icsd-158103 icsd-101007 icsd-61325 icsd-9863 icsd-64929 icsd-159377 icsd-159368 icsd-642714 icsd-159367 icsd-88058 icsd-60692 icsd-173132 icsd-95468 icsd-157526 icsd-52026 icsd-159378 icsd-161059 icsd-181458 icsd-181457 icsd-181460 icsd-162607 icsd-181461 icsd-236618 icsd-161842 icsd-181462 icsd-181463 icsd-181465 icsd-181464 icsd-181466 icsd-166273 icsd-248386,2.069103076,Journal of Molecular Structure,0022-2860,2017
3217,MgOSm0.0006,MgO,Sm,3,0.0006,,,,298,604,,,,,,404,404,,,2.178976947,151,604,https://doi.org/10.1016/j.molstruc.2016.09.046,ESV,"mp-1265,mp-1065577,mp-1192189,mp-1180973,mp-1192043,mp-549706,mp-1180312 ,mp-775808,mp-776911,mp-1190533,mp-1101930,mp-1190649,mp-1191789,mp-1245039,mp-1245045,mp-1245232,mp-1244962,mp-1245157,mp-1009129,mp-1245143,mp-1245195,mp-1245128,mp-1009127", icsd-64928 icsd-236617 icsd-642716 icsd-170905 icsd-159369 icsd-157525 icsd-188324 icsd-157524 icsd-44927 icsd-104844 icsd-159372 icsd-159371 icsd-161607 icsd-26958 icsd-104845 icsd-56143 icsd-157527 icsd-642712 icsd-159376 icsd-159374 icsd-642713 icsd-60492 icsd-157528 icsd-31051 icsd-41990 icsd-52275 icsd-159375 icsd-159373 icsd-169450 icsd-157523 icsd-181456 icsd-173128 icsd-248385 icsd-77821 icsd-29127 icsd-77759 icsd-64930 icsd-158103 icsd-101007 icsd-61325 icsd-9863 icsd-64929 icsd-159377 icsd-159368 icsd-642714 icsd-159367 icsd-88058 icsd-60692 icsd-173132 icsd-95468 icsd-157526 icsd-52026 icsd-159378 icsd-161059 icsd-181458 icsd-181457 icsd-181460 icsd-162607 icsd-181461 icsd-236618 icsd-161842 icsd-181462 icsd-181463 icsd-181465 icsd-181464 icsd-181466 icsd-166273 icsd-248386,2.068070393,Journal of Molecular Structure,0022-2860,2017
3218,MgOSm0.0008,MgO,Sm,3,0.0008,,,,298,604,,,,,,404,404,,,2.093421685,124,604,https://doi.org/10.1016/j.molstruc.2016.09.046,ESV,"mp-1265,mp-1065577,mp-1192189,mp-1180973,mp-1192043,mp-549706,mp-1180312 ,mp-775808,mp-776911,mp-1190533,mp-1101930,mp-1190649,mp-1191789,mp-1245039,mp-1245045,mp-1245232,mp-1244962,mp-1245157,mp-1009129,mp-1245143,mp-1245195,mp-1245128,mp-1009127", icsd-64928 icsd-236617 icsd-642716 icsd-170905 icsd-159369 icsd-157525 icsd-188324 icsd-157524 icsd-44927 icsd-104844 icsd-159372 icsd-159371 icsd-161607 icsd-26958 icsd-104845 icsd-56143 icsd-157527 icsd-642712 icsd-159376 icsd-159374 icsd-642713 icsd-60492 icsd-157528 icsd-31051 icsd-41990 icsd-52275 icsd-159375 icsd-159373 icsd-169450 icsd-157523 icsd-181456 icsd-173128 icsd-248385 icsd-77821 icsd-29127 icsd-77759 icsd-64930 icsd-158103 icsd-101007 icsd-61325 icsd-9863 icsd-64929 icsd-159377 icsd-159368 icsd-642714 icsd-159367 icsd-88058 icsd-60692 icsd-173132 icsd-95468 icsd-157526 icsd-52026 icsd-159378 icsd-161059 icsd-181458 icsd-181457 icsd-181460 icsd-162607 icsd-181461 icsd-236618 icsd-161842 icsd-181462 icsd-181463 icsd-181465 icsd-181464 icsd-181466 icsd-166273 icsd-248386,2.056645468,Journal of Molecular Structure,0022-2860,2017
3219,La2.97BrSi2S8Ce0.03,La2.97BrSi2S8,Ce,3,0.03,,,,298,466,,,34.65,,,375,375,,,,,466,https://doi.org/10.1021/acsami.5b12125,ACS,mp-560523, icsd-411996,1.22961504,ACS Applied Materials &amp; Interfaces,1944-8244,2016
3220,La2.85BrSi2S8Ce0.15,La2.85BrSi2S8,Ce,3,0.15,,,,298,466,,,48.21,,,375,375,,,,,466,https://doi.org/10.1021/acsami.5b12125,ACS,mp-560523, icsd-411996,1.198890674,ACS Applied Materials &amp; Interfaces,1944-8244,2016
3221,La2.7BrSi2S8Ce0.3,La2.7BrSi2S8,Ce,3,0.3,,,,298,466,,,56.94,,463,375,375,,,1.331658049,21.4614,466,https://doi.org/10.1021/acsami.5b12125,ACS,mp-560523, icsd-411996,1.145305277,ACS Applied Materials &amp; Interfaces,1944-8244,2016
3222,La2.55BrSi2S8Ce0.45,La2.55BrSi2S8,Ce,3,0.45,,,,298,466,,,53.43,,,375,375,,,,,466,https://doi.org/10.1021/acsami.5b12125,ACS,mp-560523, icsd-411996,1.266066985,ACS Applied Materials &amp; Interfaces,1944-8244,2016
3223,La2.97BrSi2S8Eu0.03,La2.97BrSi2S8,Eu,2,0.03,,,,298,640,,,15.11,,,450,450,,,,,640,https://doi.org/10.1021/acsami.5b12125,ACS,mp-560523, icsd-411996,1.197957222,ACS Applied Materials &amp; Interfaces,1944-8244,2016
3224,La2.94BrSi2S8Eu0.06,La2.94BrSi2S8,Eu,2,0.06,,,,298,640,,,17.14,,,450,450,,,,,640,https://doi.org/10.1021/acsami.5b12125,ACS,mp-560523, icsd-411996,1.19635169,ACS Applied Materials &amp; Interfaces,1944-8244,2016
3225,La2.91BrSi2S8Eu0.09,La2.91BrSi2S8,Eu,2,0.09,,,,298,640,0.638,0.361,20.95,,423,450,450,,,2.379327277,239.512,640,https://doi.org/10.1021/acsami.5b12125,ACS,mp-560523, icsd-411996,1.359061153,ACS Applied Materials &amp; Interfaces,1944-8244,2016
3226,La2.88BrSi2S8Eu0.12,La2.88BrSi2S8,Eu,2,0.12,,,,298,640,,,18.96,,,450,450,,,,,640,https://doi.org/10.1021/acsami.5b12125,ACS,mp-560523, icsd-411996,1.195913643,ACS Applied Materials &amp; Interfaces,1944-8244,2016
3227,La2.85BrSi2S8Eu0.15,La2.85BrSi2S8,Eu,2,0.15,,,,298,640,,,18.31,,,450,450,,,,,640,https://doi.org/10.1021/acsami.5b12125,ACS,mp-560523, icsd-411996,1.196438885,ACS Applied Materials &amp; Interfaces,1944-8244,2016
3228,SrBi2B2O7Sm0.04,SrBi2B2O7,Sm,3,0.04,,,,298,598,,,33.2,,553,403,403,,,,,598,https://doi.org/10.1039/C6RA26752A,RSC,mp-558323,,1.011107807,RSC Advances,2046-2069,2017
3229,SrBi2B2O7Sm0.04Eu0.06,SrBi2B2O7,Sm,3,0.04,Eu,3,0.06,298,598,,,42.6,,583,403,403,,,,,598,https://doi.org/10.1039/C6RA26752A,RSC,mp-558323,,1.034642876,RSC Advances,2046-2069,2017
3230,SrBi2B2O7Eu0.06,SrBi2B2O7,Eu,3,0.06,,,,298,611,,,37.5,,473,393,393,,,,,611,https://doi.org/10.1039/C6RA26752A,RSC,mp-558323,,0.994500112,RSC Advances,2046-2069,2017
3231,Sr2Si5N8Eu0.01,Sr2Si5N8,Eu,2,0.01,,,,298,617,0.622,0.377,,,,455,455,,,,,617,https://doi.org/10.1016/j.jallcom.2016.01.192,ESV,mp-9710, icsd-401500,0.996126174,Journal of Alloys and Compounds,0925-8388,2016
3232,Sr2Si5N8Eu0.02,Sr2Si5N8,Eu,2,0.02,,,,298,617,0.628,0.371,,,,455,455,,,,,617,https://doi.org/10.1016/j.jallcom.2016.01.192,ESV,mp-9710, icsd-401500,0.996174917,Journal of Alloys and Compounds,0925-8388,2016
3233,Sr2Si5N8Eu0.04,Sr2Si5N8,Eu,2,0.04,,,,298,617,0.633,0.366,,,,455,455,,,,,617,https://doi.org/10.1016/j.jallcom.2016.01.192,ESV,mp-9710, icsd-401500,1.002127399,Journal of Alloys and Compounds,0925-8388,2016
3234,Sr2Si5N8Eu0.06,Sr2Si5N8,Eu,2,0.06,,,,298,617,0.64,0.359,,,,455,455,,,,,617,https://doi.org/10.1016/j.jallcom.2016.01.192,ESV,mp-9710, icsd-401500,1.002250238,Journal of Alloys and Compounds,0925-8388,2016
3235,Cs3AlF6Mn0.00183,Cs3AlF6,Mn,4 ,0.00183,,,,298,634,,,48.2,,355,467,467,,,6.451786436,2830000,634,https://doi.org/10.1149/2.0271809jss,IOP,,,1.029364584,ECS Journal of Solid State Science and Technology,2162-8769,2018
3236,K3ScF6Mn0.003,K3ScF6,Mn,4 ,0.003,,,,298,631,0.6938,0.3061,67.18,,,470,470,,,6.539076099,3460000,631,https://doi.org/10.1021/acsami.8b01885,ACS,mp-1111079,,1.557435222,ACS Applied Materials &amp; Interfaces,1944-8244,2018
3237,K3ScF6Mn0.0341,K3ScF6,Mn,4 ,0.0341,,,,298,630,0.6856,0.3143,88,50.6,480,460,460,,,6.716003344,5200000,630,https://doi.org/10.1021/acsami.7b00749,ACS,mp-1111079,,1.018310902,ACS Applied Materials &amp; Interfaces,1944-8244,2017
3238,K3ScF6Mn0.0341,K3ScF6,Mn,4 ,0.0341,,,,473,630,0.6704,0.3294,,,,460,460,,,5.77815125,600000,630,https://doi.org/10.1021/acsami.7b00749,ACS,mp-1111079,,0.981472254,ACS Applied Materials &amp; Interfaces,1944-8244,2017
3239,Ca0.98AlSiN3Li0.01Ce0.01,Ca0.98AlSiN3Li0.01,Ce,3 ,0.01,,,,298,590,,,,56,643,460,460,,,,,590,https://doi.org/10.1021/cm801669x,ACS,,,1.305280171,Chemistry of Materials,0897-4756,2008
3240,K2TiF6Mn0.0072,K2TiF6,Mn,4 ,0.0072,,,,298,631,,,96,,,460,460,355,,6.770852012,5900000,631,https://doi.org/10.1038/ncomms5312,SN,mp-3970, icsd-280318 icsd-24659 icsd-174003,1.042164436,Nature Communications,2041-1723,2014
3241,K2TiF6Mn0.014,K2TiF6,Mn,4 ,0.014,,,,298,631,,,98,,,460,460,,,6.77815125,6000000,631,https://doi.org/10.1038/ncomms5312,SN,mp-3970, icsd-280318 icsd-24659 icsd-174003,1.06125766,Nature Communications,2041-1723,2014
3242,K2TiF6Mn0.021,K2TiF6,Mn,4 ,0.021,,,,298,631,,,96,,,460,460,,,6.763427994,5800000,631,https://doi.org/10.1038/ncomms5312,SN,mp-3970, icsd-280318 icsd-24659 icsd-174003,1.030680858,Nature Communications,2041-1723,2014
3243,K2TiF6Mn0.055,K2TiF6,Mn,4 ,0.055,,,,298,631,,,93,,480,460,460,,,6.755874856,5700000,631,https://doi.org/10.1038/ncomms5312,SN,mp-3970, icsd-280318 icsd-24659 icsd-174003,1.030680858,Nature Communications,2041-1723,2014
3244,K2TiF6Mn0.065,K2TiF6,Mn,4 ,0.065,,,,298,631,,,78,,,460,460,,,6.716003344,5200000,631,https://doi.org/10.1038/ncomms5312,SN,mp-3970, icsd-280318 icsd-24659 icsd-174003,1.018310815,Nature Communications,2041-1723,2014
3245,K2NbF7Mn0.0139,K2NbF7,Mn,4 ,0.0139,,,,298,628,0.6868,0.3131,71.3,,,467,467,,,6.558708571,3620000,628,https://doi.org/10.1016/j.optmat.2018.10.031,ESV,mp-4758, icsd-14132 icsd-19066,1.775265721,Optical Materials,0925-3467,2018
3246,Cs2HfF6Mn0.019,Cs2HfF6,Mn,4 ,0.019,,,,298,632,,,85,,403,470,470,,,6.653212514,4500000,632,https://doi.org/10.1016/j.jlumin.2017.10.006,ESV,mp-13948, icsd-25600,1.105110399,Journal of Luminescence,0022-2313,2018
3247,Ba1.96AlSi5N9Eu0.04,Ba1.96AlSi5N9,Eu,2 ,0.04,,,,298,580,,,22.3,,,450,450,,,,,580,https://doi.org/10.1021/cm803233d,ACS,,,1.277124026,Chemistry of Materials,0897-4756,2009
3248,K2LiAlF6Mn0.005,K2LiAlF6,Mn,4 ,0.005,,,,293,634,0.657,0.341,,,510,465,465,360,,6.892094603,7800000,634,https://doi.org/10.1007/s11431-017-9033-4,SN,"mp-556996,mp-15549,mp-9839,mp-722903", icsd-27672 icsd-48149 icsd-408552 icsd-37250 icsd-408553,1.470791217,Science China Technological Sciences,1674-7321,2017
3249,K2LiAlF6Mn0.005,K2LiAlF6,Mn,4 ,0.005,,,,313,634,0.657,0.341,,,,465,465,360,,6.919078092,8300000,634,https://doi.org/10.1007/s11431-017-9033-4,SN,"mp-556996,mp-15549,mp-9839,mp-722903", icsd-27672 icsd-48149 icsd-408552 icsd-37250 icsd-408553,1.541753904,Science China Technological Sciences,1674-7321,2017
3250,K2LiAlF6Mn0.005,K2LiAlF6,Mn,4 ,0.005,,,,400,634,0.6515,0.349,,,,465,465,360,,,,634,https://doi.org/10.1007/s11431-017-9033-4,SN,"mp-556996,mp-15549,mp-9839,mp-722903", icsd-27672 icsd-48149 icsd-408552 icsd-37250 icsd-408553,1.344423978,Science China Technological Sciences,1674-7321,2017
3251,K2LiAlF6Mn0.005,K2LiAlF6,Mn,4 ,0.005,,,,425,634,0.646,0.3545,,,,465,465,360,,,,634,https://doi.org/10.1007/s11431-017-9033-4,SN,"mp-556996,mp-15549,mp-9839,mp-722903", icsd-27672 icsd-48149 icsd-408552 icsd-37250 icsd-408553,1.365817203,Science China Technological Sciences,1674-7321,2017
3252,K2LiAlF6Mn0.005,K2LiAlF6,Mn,4 ,0.005,,,,450,634,0.638,0.361,,,,465,465,360,,,,634,https://doi.org/10.1007/s11431-017-9033-4,SN,"mp-556996,mp-15549,mp-9839,mp-722903", icsd-27672 icsd-48149 icsd-408552 icsd-37250 icsd-408553,1.391221606,Science China Technological Sciences,1674-7321,2017
3253,K2LiAlF6Mn0.005,K2LiAlF6,Mn,4 ,0.005,,,,475,634,0.627,0.371,,,,465,465,360,,,,634,https://doi.org/10.1007/s11431-017-9033-4,SN,"mp-556996,mp-15549,mp-9839,mp-722903", icsd-27672 icsd-48149 icsd-408552 icsd-37250 icsd-408553,1.4202899,Science China Technological Sciences,1674-7321,2017
3254,K2LiAlF6Mn0.005,K2LiAlF6,Mn,4 ,0.005,,,,500,634,0.612,0.3855,,,,465,465,360,,,,634,https://doi.org/10.1007/s11431-017-9033-4,SN,"mp-556996,mp-15549,mp-9839,mp-722903", icsd-27672 icsd-48149 icsd-408552 icsd-37250 icsd-408553,1.454632179,Science China Technological Sciences,1674-7321,2017
3255,Ca20Li8Al39N55Eu0.005,Ca20Li8Al39N55,Eu,2,0.005,,,,298,650,,,4,,,390,,,,,,650,https://doi.org/10.1021/acs.chemmater.5b04929,ACS,,,2.500194492,Chemistry of Materials,0897-4756,2016
3256,Ca20Li8Al39N55Eu0.005,Ca20Li8Al39N55,Eu,2,0.005,,,,298,650,0.391,0.308,3,,355,450,525,,,,,650,https://doi.org/10.1021/acs.chemmater.5b04929,ACS,,,2.500976233,Chemistry of Materials,0897-4756,2016
3257,Ca20Li8Al39N55Eu0.005,Ca20Li8Al39N55,Eu,2,0.005,,,,298,650,,,9,,,500,,,,,,650,https://doi.org/10.1021/acs.chemmater.5b04929,ACS,,,2.500604624,Chemistry of Materials,0897-4756,2016
3258,Ca18.75Li10.5Al39N55Eu0.005,Ca18.75Li10.5Al39N55,Eu,2,0.005,,,,298,650,0.699,0.3,11,,360,450,525,,,,,650,https://doi.org/10.1021/acs.chemmater.5b04929,ACS,,,2.528411189,Chemistry of Materials,0897-4756,2016
3259,Ca18Li12Al39N55Eu0.005,Ca18Li12Al39N55,Eu,2,0.005,,,,298,650,0.699,0.301,14,,360,450,525,,,,,650,https://doi.org/10.1021/acs.chemmater.5b04929,ACS,,,2.544979192,Chemistry of Materials,0897-4756,2016
3260,Ca18Li12Al39N55Eu0.005,Ca18Li12Al39N55,Eu,2,0.005,,,,298,650,,,24,,,500,,,,,,650,https://doi.org/10.1021/acs.chemmater.5b04929,ACS,,,2.544633557,Chemistry of Materials,0897-4756,2016
3261,BaLi2Al2Si2N6Eu0.01,BaLi2Al2Si2N6,Eu,2,0.01,,,,298,540,0.3,0.64,,,538,395,395,,,,,540,https://doi.org/10.1021/acs.chemmater.5b02702,ACS,,,1.02276155,Chemistry of Materials,0897-4756,2015
3262,Ba3In3.88P6O24Eu0.03,Ba3In3.88P6O24,Eu,3 ,0.03,,,,298,612,0.6439,0.3557,35.4,,,232,390,465,,,,612,https://doi.org/10.1016/j.jallcom.2019.05.059,ESV,,,1.205701833,Journal of Alloys and Compounds,0925-8388,2019
3263,Ba3In3.92P6O24Tb0.02,Ba3In3.92P6O24,Tb,3 ,0.02,,,,298,549,0.2697,0.4224,,,,231,231,,,,,549,https://doi.org/10.1016/j.jallcom.2019.05.059,ESV,,,1.191172203,Journal of Alloys and Compounds,0925-8388,2019
3264,Ba3In3.88P6O24Tb0.03,Ba3In3.88P6O24,Tb,3 ,0.03,,,,298,549,0.2859,0.4829,,,,231,231,,,,,549,https://doi.org/10.1016/j.jallcom.2019.05.059,ESV,,,1.194533756,Journal of Alloys and Compounds,0925-8388,2019
3265,Ba3In3.84P6O24Tb0.04,Ba3In3.84P6O24,Tb,3 ,0.04,,,,298,549,0.2929,0.509,,,,231,231,,,,,549,https://doi.org/10.1016/j.jallcom.2019.05.059,ESV,,,1.197938233,Journal of Alloys and Compounds,0925-8388,2019
3266,Ba3In3.80P6O24Tb0.05,Ba3In3.80P6O24,Tb,3 ,0.05,,,,298,549,0.2991,0.5324,,,,231,231,,,,,549,https://doi.org/10.1016/j.jallcom.2019.05.059,ESV,,,1.201394028,Journal of Alloys and Compounds,0925-8388,2019
3267,Ba3In3.76P6O24Tb0.06,Ba3In3.76P6O24,Tb,3 ,0.06,,,,298,549,0.3031,0.5489,,,,231,231,,,,,549,https://doi.org/10.1016/j.jallcom.2019.05.059,ESV,,,1.204899609,Journal of Alloys and Compounds,0925-8388,2019
3268,Ba3In3.68P6O24Tb0.08,Ba3In3.68P6O24,Tb,3 ,0.08,,,,298,549,0.3061,0.5596,,,,231,231,,,,,549,https://doi.org/10.1016/j.jallcom.2019.05.059,ESV,,,1.212054179,Journal of Alloys and Compounds,0925-8388,2019
3269,Ba3In3.96P6O24Eu0.01,Ba3In3.96P6O24,Eu,3 ,0.01,,,,298,612,0.6341,0.3655,,,,232,232,,,,,612,https://doi.org/10.1016/j.jallcom.2019.05.059,ESV,,,1.194325711,Journal of Alloys and Compounds,0925-8388,2019
3270,Ba3In3.94P6O24Eu0.01Tb0.005,Ba3In3.94P6O24,Eu,3 ,0.01,Tb,3 ,0.005,298,612,0.5093,0.3226,,,,233,,,,,,,https://doi.org/10.1016/j.jallcom.2019.05.059,ESV,,,1.190014112,Journal of Alloys and Compounds,0925-8388,2019
3271,Ba3In3.93P6O24Eu0.01Tb0.0075,Ba3In3.93P6O24,Eu,3 ,0.01,Tb,3 ,0.0075,298,612,0.3837,0.3331,,,,233,,,,,,,https://doi.org/10.1016/j.jallcom.2019.05.059,ESV,,,1.190897088,Journal of Alloys and Compounds,0925-8388,2019
3272,Ba3In3.92P6O24Eu0.01Tb0.01,Ba3In3.92P6O24,Eu,3 ,0.01,Tb,3 ,0.01,298,612,0.3769,0.3489,,,,233,,,,,,,https://doi.org/10.1016/j.jallcom.2019.05.059,ESV,,,1.191777021,Journal of Alloys and Compounds,0925-8388,2019
3273,Ba3In3.9P6O24Eu0.01Tb0.015,Ba3In3.9P6O24,Eu,3 ,0.01,Tb,3 ,0.015,298,549,0.359,0.3926,,,,233,,,,,,,https://doi.org/10.1016/j.jallcom.2019.05.059,ESV,,,1.191794145,Journal of Alloys and Compounds,0925-8388,2019
3274,Ba3In3.88P6O24Eu0.01Tb0.02,Ba3In3.88P6O24,Eu,3 ,0.01,Tb,3 ,0.02,298,549,0.3497,0.4252,,,,233,,,,,,,https://doi.org/10.1016/j.jallcom.2019.05.059,ESV,,,1.193495898,Journal of Alloys and Compounds,0925-8388,2019
3275,Ba3In3.86P6O24Eu0.01Tb0.025,Ba3In3.86P6O24,Eu,3 ,0.01,Tb,3 ,0.025,298,549,0.3479,0.4544,,,,233,,,,,,,https://doi.org/10.1016/j.jallcom.2019.05.059,ESV,,,1.195204855,Journal of Alloys and Compounds,0925-8388,2019
3276,Ba3In3.9P6O24Tb0.015Eu0.01,Ba3In3.9P6O24,Tb,3 ,0.015,Eu,3 ,0.01,298,549,0.3438,0.3956,31.4,,,233,,,,6.580924976,3810000,549,https://doi.org/10.1016/j.jallcom.2019.05.059,ESV,,,2.031187045,Journal of Alloys and Compounds,0925-8388,2019
3277,Ba3In3.86P6O24Tb0.015Eu0.02,Ba3In3.86P6O24,Tb,3 ,0.015,Eu,3 ,0.02,298,612,0.4011,0.3812,22.5,,473,233,,,,6.579783597,3800000,549,https://doi.org/10.1016/j.jallcom.2019.05.059,ESV,,,2.005208871,Journal of Alloys and Compounds,0925-8388,2019
3278,Ba3In3.82P6O24Tb0.015Eu0.03,Ba3In3.82P6O24,Tb,3 ,0.015,Eu,3 ,0.03,298,612,0.425,0.3701,25.3,,,233,,,,6.602059991,4000000,549,https://doi.org/10.1016/j.jallcom.2019.05.059,ESV,,,1.958797804,Journal of Alloys and Compounds,0925-8388,2019
3279,Ba3In3.78P6O24Tb0.015Eu0.04,Ba3In3.78P6O24,Tb,3 ,0.015,Eu,3 ,0.04,298,612,0.452,0.3586,,,,233,,,,6.586587305,3860000,549,https://doi.org/10.1016/j.jallcom.2019.05.059,ESV,,,2.037431572,Journal of Alloys and Compounds,0925-8388,2019
3280,Ba3In3.74P6O24Tb0.015Eu0.05,Ba3In3.74P6O24,Tb,3 ,0.015,Eu,3 ,0.05,298,612,0.4675,0.352,,,,233,,,,6.599883072,3980000,549,https://doi.org/10.1016/j.jallcom.2019.05.059,ESV,,,1.935139716,Journal of Alloys and Compounds,0925-8388,2019
3281,ZnOEu0.004,ZnO,Eu,3 ,0.004,,,,298,618,,,7.8,,,466,466,,,6.115943177,1306000,618,https://doi.org/10.1016/j.saa.2017.03.067,ESV,"mp-2133,mp-1986,mp-1093993,mp-2229,mp-997630,mp-1245209,mp-1245109,mp-1245015,mp-1017539,mp-1245255,mp-13161", icsd-656331 icsd-166355 icsd-185828 icsd-67848 icsd-184079 icsd-236754 icsd-166353 icsd-65119 icsd-193696 icsd-182356 icsd-180052 icsd-166356 icsd-195802 icsd-82028 icsd-94002 icsd-165014 icsd-164209 icsd-647667 icsd-161836 icsd-67454 icsd-154488 icsd-41488 icsd-157132 icsd-164690 icsd-185829 icsd-155780 icsd-154487 icsd-65122 icsd-157133 icsd-184674 icsd-57478 icsd-181731 icsd-163380 icsd-154490 icsd-52362 icsd-65120 icsd-26170 icsd-191642 icsd-57450 icsd-182355 icsd-162843 icsd-236619 icsd-165009 icsd-184793 icsd-157724 icsd-76641 icsd-29272 icsd-165011 icsd-189104 icsd-67849 icsd-65121 icsd-165013 icsd-165010 icsd-166354 icsd-167690 icsd-165002 icsd-31060 icsd-154489 icsd-154486 icsd-165012 icsd-181473 icsd-185827 icsd-31052 icsd-647681 icsd-82029 icsd-166243 icsd-34477 icsd-94004 icsd-169463 icsd-162753 icsd-647683 icsd-182357 icsd-163383 icsd-187457 icsd-190806 icsd-190802 icsd-38222 icsd-166359 icsd-182358 icsd-166358 icsd-57156 icsd-190804 icsd-166360 icsd-182359 icsd-190807 icsd-163381 icsd-190803 icsd-190805 icsd-166357 icsd-181039 icsd-182360 icsd-163382,1.082321851,Spectrochimica Acta - Part A: Molecular and Biomolecular Spectroscopy,1386-1425,2017
3282,Ba9.95F2P6O24Eu0.05,Ba9.95F2P6O24,Eu,3 ,0.05,,,,298,616,0.54,0.446,,,,394,394,382,362,6.379486814,2396000,616,https://doi.org/10.1016/j.saa.2015.03.029,ESV,"mp-1228113,mp-1214497",,0.97835026,Spectrochimica Acta - Part A: Molecular and Biomolecular Spectroscopy,1386-1425,2015
3283,Ba9.93F2P6O24Eu0.07,Ba9.93F2P6O24,Eu,3 ,0.07,,,,298,616,0.535,0.45,,,,394,394,382,362,,,616,https://doi.org/10.1016/j.saa.2015.03.029,ESV,"mp-1228113,mp-1214497",,1.611780648,Spectrochimica Acta - Part A: Molecular and Biomolecular Spectroscopy,1386-1425,2015
3284,Ba9.9F2P6O24Eu0.1,Ba9.9F2P6O24,Eu,3 ,0.1,,,,298,616,0.57,0.421,,,,394,394,382,362,6.391993072,2466000,616,https://doi.org/10.1016/j.saa.2015.03.029,ESV,"mp-1228113,mp-1214497",,0.987658043,Spectrochimica Acta - Part A: Molecular and Biomolecular Spectroscopy,1386-1425,2015
3285,Ba9.8F2P6O24Eu0.2,Ba9.8F2P6O24,Eu,3 ,0.2,,,,298,616,0.588,0.406,,,,394,394,382,362,6.402261382,2525000,616,https://doi.org/10.1016/j.saa.2015.03.029,ESV,"mp-1228113,mp-1214497",,1.013293005,Spectrochimica Acta - Part A: Molecular and Biomolecular Spectroscopy,1386-1425,2015
3286,Ba9.7F2P6O24Eu0.3,Ba9.7F2P6O24,Eu,3 ,0.3,,,,298,616,0.588,0.406,,,,394,394,382,362,6.369215857,2340000,616,https://doi.org/10.1016/j.saa.2015.03.029,ESV,"mp-1228113,mp-1214497",,1.03666211,Spectrochimica Acta - Part A: Molecular and Biomolecular Spectroscopy,1386-1425,2015
3287,Ba9.6F2P6O24Eu0.4,Ba9.6F2P6O24,Eu,3 ,0.4,,,,298,616,0.594,0.406,,,,394,394,382,362,,,616,https://doi.org/10.1016/j.saa.2015.03.029,ESV,"mp-1228113,mp-1214497",,3.110369538,Spectrochimica Acta - Part A: Molecular and Biomolecular Spectroscopy,1386-1425,2015
3288,Ba9.5F2P6O24Eu0.5,Ba9.5F2P6O24,Eu,3 ,0.5,,,,298,616,0.601,0.395,,,,394,394,382,362,,,616,https://doi.org/10.1016/j.saa.2015.03.029,ESV,"mp-1228113,mp-1214497",,3.837135028,Spectrochimica Acta - Part A: Molecular and Biomolecular Spectroscopy,1386-1425,2015
3289,Ba9.3F2P6O24Eu0.7,Ba9.3F2P6O24,Eu,3 ,0.7,,,,298,616,0.602,0.394,59.6,,,394,394,382,362,6.446381812,2795000,616,https://doi.org/10.1016/j.saa.2015.03.029,ESV,"mp-1228113,mp-1214497",,1.083224739,Spectrochimica Acta - Part A: Molecular and Biomolecular Spectroscopy,1386-1425,2015
3290,Ba9F2P6O24Eu1,Ba9F2P6O24,Eu,3 ,1,,,,298,616,0.605,0.342,,,,394,394,382,362,6.374565061,2369000,616,https://doi.org/10.1016/j.saa.2015.03.029,ESV,"mp-1228113,mp-1214497",,1.017603416,Spectrochimica Acta - Part A: Molecular and Biomolecular Spectroscopy,1386-1425,2015
3291,Ca18Li3Bi0.8P14O56Eu0.2,Ca18Li3Bi0.8P14O56,Eu,3 ,0.2,,,,298,612,0.6275,0.3404,,,,394,394,376,463,6.243038049,1750000,612,https://doi.org/10.1039/C8DT04047H,RSC,,,1.01241337,Dalton Transactions,1477-9226,2019
3292,Ca18Li3Bi0.6P14O56Eu0.4,Ca18Li3Bi0.6P14O56,Eu,3 ,0.4,,,,298,612,0.6442,0.3432,,,,394,394,376,463,6.260071388,1820000,612,https://doi.org/10.1039/C8DT04047H,RSC,,,1.025362263,Dalton Transactions,1477-9226,2019
3293,Ca18Li3Bi0.4P14O56Eu0.6,Ca18Li3Bi0.4P14O56,Eu,3 ,0.6,,,,298,612,0.638,0.3478,,,403,394,394,376,463,6.276461804,1890000,612,https://doi.org/10.1039/C8DT04047H,RSC,,,0.982492749,Dalton Transactions,1477-9226,2019
3294,Ca18Li3Bi0.4P14O56Eu0.6,Ca18Li3Bi0.4P14O56,Eu,3 ,0.6,,,,333,612,,,,,,394,,,,6.255272505,1800000,,https://doi.org/10.1039/C8DT04047H,RSC,,,1.001031969,Dalton Transactions,1477-9226,2019
3295,Ca18Li3Bi0.4P14O56Eu0.6,Ca18Li3Bi0.4P14O56,Eu,3 ,0.6,,,,363,612,,,,,,394,,,,6.252853031,1790000,,https://doi.org/10.1039/C8DT04047H,RSC,,,1.001730674,Dalton Transactions,1477-9226,2019
3296,Ca18Li3Bi0.4P14O56Eu0.6,Ca18Li3Bi0.4P14O56,Eu,3 ,0.6,,,,393,612,,,,,,394,,,,6.250420002,1780000,,https://doi.org/10.1039/C8DT04047H,RSC,,,0.966070008,Dalton Transactions,1477-9226,2019
3297,Ca18Li3Bi0.4P14O56Eu0.6,Ca18Li3Bi0.4P14O56,Eu,3 ,0.6,,,,423,612,,,,,,394,,,,6.247973266,1770000,,https://doi.org/10.1039/C8DT04047H,RSC,,,0.987310651,Dalton Transactions,1477-9226,2019
3298,Ca18Li3Bi0.4P14O56Eu0.6,Ca18Li3Bi0.4P14O56,Eu,3 ,0.6,,,,453,612,,,,,,394,,,,6.235528447,1720000,,https://doi.org/10.1039/C8DT04047H,RSC,,,1.08514655,Dalton Transactions,1477-9226,2019
3299,Ca18Li3Bi0.4P14O56Eu0.6,Ca18Li3Bi0.4P14O56,Eu,3 ,0.6,,,,483,612,,,,,,394,,,,6.23299611,1710000,,https://doi.org/10.1039/C8DT04047H,RSC,,,0.998132158,Dalton Transactions,1477-9226,2019
3300,Ca18Li3Bi0.2P14O56Eu0.8,Ca18Li3Bi0.2P14O56,Eu,3 ,0.8,,,,298,612,0.63,0.3491,,,,394,394,376,463,6.269512944,1860000,612,https://doi.org/10.1039/C8DT04047H,RSC,,,1.088900564,Dalton Transactions,1477-9226,2019
3301,Ca18Li3P14O56Eu1,Ca18Li3P14O56,Eu,3 ,1,,,,298,612,0.6211,0.3507,,,,394,394,376,463,6.257678575,1810000,612,https://doi.org/10.1039/C8DT04047H,RSC,,,1.029849546,Dalton Transactions,1477-9226,2019
3302,Ca0.997AlSiN3Yb0.003,Ca0.997AlSiN3,Yb,2 ,0.003,,,,298,629,0.575,0.413,,,,529,529,,,,,629,https://doi.org/10.1039/C2JM35170F,RSC,,,1.205207765,Journal of Materials Chemistry,0959-9428,2012
3303,Ca0.997AlSiN3Yb0.003,Ca0.997AlSiN3,Yb,2 ,0.003,,,,298,629,,,,,408,465,,,,,,,https://doi.org/10.1039/C2JM35170F,RSC,,,1.008132858,Journal of Materials Chemistry,0959-9428,2012
3304,Na3Lu0.8P2O8Eu0.2,Na3Lu0.8P2O8,Eu,3 ,0.2,,,,298,614,,,85,11,,393,393,,,6.471291711,2960000,614,https://doi.org/10.1016/j.jallcom.2019.06.190,ESV,,,1.00927418,Journal of Alloys and Compounds,0925-8388,2019
3305,Na3Lu0.6P2O8Eu0.4,Na3Lu0.6P2O8,Eu,3 ,0.4,,,,298,614,,,86.5,14,,393,393,,,6.484299839,3050000,614,https://doi.org/10.1016/j.jallcom.2019.06.190,ESV,,,1.07642451,Journal of Alloys and Compounds,0925-8388,2019
3306,Na3Lu0.4P2O8Eu0.6,Na3Lu0.4P2O8,Eu,3 ,0.6,,,,298,614,,,90,19,,393,393,,,6.488550717,3080000,614,https://doi.org/10.1016/j.jallcom.2019.06.190,ESV,,,1.416605527,Journal of Alloys and Compounds,0925-8388,2019
3307,Na3Lu0.2P2O8Eu0.8,Na3Lu0.2P2O8,Eu,3 ,0.8,,,,298,614,,,97,23,,393,393,,,6.501059262,3170000,614,https://doi.org/10.1016/j.jallcom.2019.06.190,ESV,,,163.2285731,Journal of Alloys and Compounds,0925-8388,2019
3308,Na3P2O8Eu1,Na3P2O8,Eu,3 ,1,,,,298,614,0.629,0.371,99,26,600,393,393,,,6.521138084,3320000,614,https://doi.org/10.1016/j.jallcom.2019.06.190,ESV,mp-1200484, icsd-95893,151.7570078,Journal of Alloys and Compounds,0925-8388,2019
3309,Zr0.95O2Eu0.05,Zr0.95O2,Eu,3 ,0.05,,,,298,604,0.554,0.372,,,,393,393,,,,,604,https://doi.org/10.1016/j.dyepig.2017.12.012,ESV,"mp-2858,mp-776404,mp-754403,mp-1190186,mp-556605,mp-755089,mp-755759,mp-2574,mp-776427,mp-775909,mp-775980,mp-755769,mp-775910,mp-1565,mp-754741,mp-775935,mp-776386,mp-963,mp-1245318,mp-1100824 ", icsd-82544 icsd-187209 icsd-80043 icsd-172161 icsd-173959 icsd-82543 icsd-291451 icsd-80042 icsd-658755 icsd-94887 icsd-186674 icsd-41010 icsd-80044 icsd-18190 icsd-62993 icsd-248445 icsd-68782 icsd-57158 icsd-157403 icsd-94886 icsd-86692 icsd-57451 icsd-89426 icsd-417639 icsd-187208 icsd-80048 icsd-80046 icsd-80045 icsd-291120 icsd-41572 icsd-248446 icsd-80050 icsd-80049 icsd-187207 icsd-26488 icsd-15983 icsd-82545 icsd-60900 icsd-647691 icsd-57157 icsd-96537 icsd-80047 icsd-185125 icsd-659226 icsd-60901 icsd-237008 icsd-248449 icsd-173960 icsd-67004 icsd-94931 icsd-66784 icsd-66783 icsd-92091 icsd-92093 icsd-85322 icsd-157620 icsd-237007 icsd-647692 icsd-9993 icsd-92092 icsd-66781 icsd-164736 icsd-51051 icsd-93124 icsd-66786 icsd-248448 icsd-291452 icsd-173961 icsd-157621 icsd-66788 icsd-88022 icsd-93028 icsd-66782 icsd-185124 icsd-93125 icsd-66787 icsd-93033 icsd-93032 icsd-93030 icsd-66785 icsd-93031 icsd-68781 icsd-92090 icsd-180936 icsd-157618 icsd-97004 icsd-248447 icsd-164862 icsd-186673 icsd-157619 icsd-66789 icsd-93123 icsd-93126 icsd-23928 icsd-93029 icsd-68589 icsd-655671 icsd-248444 icsd-53998 icsd-105553 icsd-164861 icsd-291119 icsd-92096 icsd-248443 icsd-186672 icsd-291453 icsd-157617 icsd-173962 icsd-647689 icsd-92095 icsd-237006 icsd-185123 icsd-89429 icsd-79914 icsd-173963 icsd-56696 icsd-83862 icsd-79915,1.094046637,Dyes and Pigments,0143-7208,2018
3310,Zr0.93O2Eu0.07,Zr0.93O2,Eu,3 ,0.07,,,,298,604,0.567,0.37,,,,393,393,,,,,604,https://doi.org/10.1016/j.dyepig.2017.12.012,ESV,"mp-2858,mp-776404,mp-754403,mp-1190186,mp-556605,mp-755089,mp-755759,mp-2574,mp-776427,mp-775909,mp-775980,mp-755769,mp-775910,mp-1565,mp-754741,mp-775935,mp-776386,mp-963,mp-1245318,mp-1100824 ", icsd-82544 icsd-187209 icsd-80043 icsd-172161 icsd-173959 icsd-82543 icsd-291451 icsd-80042 icsd-658755 icsd-94887 icsd-186674 icsd-41010 icsd-80044 icsd-18190 icsd-62993 icsd-248445 icsd-68782 icsd-57158 icsd-157403 icsd-94886 icsd-86692 icsd-57451 icsd-89426 icsd-417639 icsd-187208 icsd-80048 icsd-80046 icsd-80045 icsd-291120 icsd-41572 icsd-248446 icsd-80050 icsd-80049 icsd-187207 icsd-26488 icsd-15983 icsd-82545 icsd-60900 icsd-647691 icsd-57157 icsd-96537 icsd-80047 icsd-185125 icsd-659226 icsd-60901 icsd-237008 icsd-248449 icsd-173960 icsd-67004 icsd-94931 icsd-66784 icsd-66783 icsd-92091 icsd-92093 icsd-85322 icsd-157620 icsd-237007 icsd-647692 icsd-9993 icsd-92092 icsd-66781 icsd-164736 icsd-51051 icsd-93124 icsd-66786 icsd-248448 icsd-291452 icsd-173961 icsd-157621 icsd-66788 icsd-88022 icsd-93028 icsd-66782 icsd-185124 icsd-93125 icsd-66787 icsd-93033 icsd-93032 icsd-93030 icsd-66785 icsd-93031 icsd-68781 icsd-92090 icsd-180936 icsd-157618 icsd-97004 icsd-248447 icsd-164862 icsd-186673 icsd-157619 icsd-66789 icsd-93123 icsd-93126 icsd-23928 icsd-93029 icsd-68589 icsd-655671 icsd-248444 icsd-53998 icsd-105553 icsd-164861 icsd-291119 icsd-92096 icsd-248443 icsd-186672 icsd-291453 icsd-157617 icsd-173962 icsd-647689 icsd-92095 icsd-237006 icsd-185123 icsd-89429 icsd-79914 icsd-173963 icsd-56696 icsd-83862 icsd-79915,1.096568033,Dyes and Pigments,0143-7208,2018
3311,Zr0.91O2Eu0.09,Zr0.91O2,Eu,3 ,0.09,,,,298,604,0.573,0.371,,,,393,393,,,,,604,https://doi.org/10.1016/j.dyepig.2017.12.012,ESV,"mp-2858,mp-776404,mp-754403,mp-1190186,mp-556605,mp-755089,mp-755759,mp-2574,mp-776427,mp-775909,mp-775980,mp-755769,mp-775910,mp-1565,mp-754741,mp-775935,mp-776386,mp-963,mp-1245318,mp-1100824 ", icsd-82544 icsd-187209 icsd-80043 icsd-172161 icsd-173959 icsd-82543 icsd-291451 icsd-80042 icsd-658755 icsd-94887 icsd-186674 icsd-41010 icsd-80044 icsd-18190 icsd-62993 icsd-248445 icsd-68782 icsd-57158 icsd-157403 icsd-94886 icsd-86692 icsd-57451 icsd-89426 icsd-417639 icsd-187208 icsd-80048 icsd-80046 icsd-80045 icsd-291120 icsd-41572 icsd-248446 icsd-80050 icsd-80049 icsd-187207 icsd-26488 icsd-15983 icsd-82545 icsd-60900 icsd-647691 icsd-57157 icsd-96537 icsd-80047 icsd-185125 icsd-659226 icsd-60901 icsd-237008 icsd-248449 icsd-173960 icsd-67004 icsd-94931 icsd-66784 icsd-66783 icsd-92091 icsd-92093 icsd-85322 icsd-157620 icsd-237007 icsd-647692 icsd-9993 icsd-92092 icsd-66781 icsd-164736 icsd-51051 icsd-93124 icsd-66786 icsd-248448 icsd-291452 icsd-173961 icsd-157621 icsd-66788 icsd-88022 icsd-93028 icsd-66782 icsd-185124 icsd-93125 icsd-66787 icsd-93033 icsd-93032 icsd-93030 icsd-66785 icsd-93031 icsd-68781 icsd-92090 icsd-180936 icsd-157618 icsd-97004 icsd-248447 icsd-164862 icsd-186673 icsd-157619 icsd-66789 icsd-93123 icsd-93126 icsd-23928 icsd-93029 icsd-68589 icsd-655671 icsd-248444 icsd-53998 icsd-105553 icsd-164861 icsd-291119 icsd-92096 icsd-248443 icsd-186672 icsd-291453 icsd-157617 icsd-173962 icsd-647689 icsd-92095 icsd-237006 icsd-185123 icsd-89429 icsd-79914 icsd-173963 icsd-56696 icsd-83862 icsd-79915,1.099610706,Dyes and Pigments,0143-7208,2018
3312,Zr0.89O2Eu0.11,Zr0.89O2,Eu,3 ,0.11,,,,298,604,0.581,0.37,,,,393,393,,,,,604,https://doi.org/10.1016/j.dyepig.2017.12.012,ESV,"mp-2858,mp-776404,mp-754403,mp-1190186,mp-556605,mp-755089,mp-755759,mp-2574,mp-776427,mp-775909,mp-775980,mp-755769,mp-775910,mp-1565,mp-754741,mp-775935,mp-776386,mp-963,mp-1245318,mp-1100824", icsd-82544 icsd-187209 icsd-80043 icsd-172161 icsd-173959 icsd-82543 icsd-291451 icsd-80042 icsd-658755 icsd-94887 icsd-186674 icsd-41010 icsd-80044 icsd-18190 icsd-62993 icsd-248445 icsd-68782 icsd-57158 icsd-157403 icsd-94886 icsd-86692 icsd-57451 icsd-89426 icsd-417639 icsd-187208 icsd-80048 icsd-80046 icsd-80045 icsd-291120 icsd-41572 icsd-248446 icsd-80050 icsd-80049 icsd-187207 icsd-26488 icsd-15983 icsd-82545 icsd-60900 icsd-647691 icsd-57157 icsd-96537 icsd-80047 icsd-185125 icsd-659226 icsd-60901 icsd-237008 icsd-248449 icsd-173960 icsd-67004 icsd-94931 icsd-66784 icsd-66783 icsd-92091 icsd-92093 icsd-85322 icsd-157620 icsd-237007 icsd-647692 icsd-9993 icsd-92092 icsd-66781 icsd-164736 icsd-51051 icsd-93124 icsd-66786 icsd-248448 icsd-291452 icsd-173961 icsd-157621 icsd-66788 icsd-88022 icsd-93028 icsd-66782 icsd-185124 icsd-93125 icsd-66787 icsd-93033 icsd-93032 icsd-93030 icsd-66785 icsd-93031 icsd-68781 icsd-92090 icsd-180936 icsd-157618 icsd-97004 icsd-248447 icsd-164862 icsd-186673 icsd-157619 icsd-66789 icsd-93123 icsd-93126 icsd-23928 icsd-93029 icsd-68589 icsd-655671 icsd-248444 icsd-53998 icsd-105553 icsd-164861 icsd-291119 icsd-92096 icsd-248443 icsd-186672 icsd-291453 icsd-157617 icsd-173962 icsd-647689 icsd-92095 icsd-237006 icsd-185123 icsd-89429 icsd-79914 icsd-173963 icsd-56696 icsd-83862 icsd-79915,1.103198392,Dyes and Pigments,0143-7208,2018
3313,Zr0.87O2Eu0.13,Zr0.87O2,Eu,3 ,0.13,,,,298,604,0.56,0.373,,,,393,393,,,,,604,https://doi.org/10.1016/j.dyepig.2017.12.012,ESV,"mp-2858,mp-776404,mp-754403,mp-1190186,mp-556605,mp-755089,mp-755759,mp-2574,mp-776427,mp-775909,mp-775980,mp-755769,mp-775910,mp-1565,mp-754741,mp-775935,mp-776386,mp-963,mp-1245318,mp-1100824", icsd-82544 icsd-187209 icsd-80043 icsd-172161 icsd-173959 icsd-82543 icsd-291451 icsd-80042 icsd-658755 icsd-94887 icsd-186674 icsd-41010 icsd-80044 icsd-18190 icsd-62993 icsd-248445 icsd-68782 icsd-57158 icsd-157403 icsd-94886 icsd-86692 icsd-57451 icsd-89426 icsd-417639 icsd-187208 icsd-80048 icsd-80046 icsd-80045 icsd-291120 icsd-41572 icsd-248446 icsd-80050 icsd-80049 icsd-187207 icsd-26488 icsd-15983 icsd-82545 icsd-60900 icsd-647691 icsd-57157 icsd-96537 icsd-80047 icsd-185125 icsd-659226 icsd-60901 icsd-237008 icsd-248449 icsd-173960 icsd-67004 icsd-94931 icsd-66784 icsd-66783 icsd-92091 icsd-92093 icsd-85322 icsd-157620 icsd-237007 icsd-647692 icsd-9993 icsd-92092 icsd-66781 icsd-164736 icsd-51051 icsd-93124 icsd-66786 icsd-248448 icsd-291452 icsd-173961 icsd-157621 icsd-66788 icsd-88022 icsd-93028 icsd-66782 icsd-185124 icsd-93125 icsd-66787 icsd-93033 icsd-93032 icsd-93030 icsd-66785 icsd-93031 icsd-68781 icsd-92090 icsd-180936 icsd-157618 icsd-97004 icsd-248447 icsd-164862 icsd-186673 icsd-157619 icsd-66789 icsd-93123 icsd-93126 icsd-23928 icsd-93029 icsd-68589 icsd-655671 icsd-248444 icsd-53998 icsd-105553 icsd-164861 icsd-291119 icsd-92096 icsd-248443 icsd-186672 icsd-291453 icsd-157617 icsd-173962 icsd-647689 icsd-92095 icsd-237006 icsd-185123 icsd-89429 icsd-79914 icsd-173963 icsd-56696 icsd-83862 icsd-79915,1.108155587,Dyes and Pigments,0143-7208,2018
3314,Ca0.95TiO3Eu0.05,Ca0.95TiO3,Eu,3 ,0.05,,,,298,616,0.608,0.392,,,,397,397,,,,,616,https://doi.org/10.1016/j.ceramint.2014.03.083,ESV,"mp-4019,mp-556003,mp-1205364,mp-3442,mp-754701,mp-5827", icsd-167888 icsd-62149 icsd-97828 icsd-167809 icsd-163663 icsd-174127 icsd-94568 icsd-85101 icsd-96258 icsd-162909 icsd-185445 icsd-162916 icsd-162917 icsd-157115 icsd-185443 icsd-185446 icsd-162913 icsd-162908 icsd-163662 icsd-163528 icsd-185452 icsd-16688 icsd-71915 icsd-186224 icsd-185444 icsd-189135 icsd-162918 icsd-162912 icsd-71916 icsd-180956 icsd-74215 icsd-185454 icsd-162914 icsd-74214 icsd-193648 icsd-93082 icsd-153172 icsd-185451 icsd-150420 icsd-74212 icsd-185449 icsd-162911 icsd-51024 icsd-162910 icsd-74213 icsd-37263 icsd-82487 icsd-185447 icsd-50364 icsd-185450 icsd-185453 icsd-74216 icsd-162915 icsd-185448 icsd-165801 icsd-38212 icsd-29116 icsd-162920 icsd-162919 icsd-162922 icsd-162921 icsd-162925 icsd-162924 icsd-77060 icsd-153173 icsd-162923 icsd-187293 icsd-165076 icsd-162926 icsd-31865 icsd-187294 icsd-153174 icsd-31864,1.024000474,Ceramics International,0272-8842,2014
3315,Ca0.9TiO3Eu0.1,Ca0.9TiO3,Eu,3 ,0.1,,,,298,616,0.623,0.376,,,,397,397,,,,,616,https://doi.org/10.1016/j.ceramint.2014.03.083,ESV,"mp-4019,mp-556003,mp-1205364,mp-3442,mp-754701,mp-5827", icsd-167888 icsd-62149 icsd-97828 icsd-167809 icsd-163663 icsd-174127 icsd-94568 icsd-85101 icsd-96258 icsd-162909 icsd-185445 icsd-162916 icsd-162917 icsd-157115 icsd-185443 icsd-185446 icsd-162913 icsd-162908 icsd-163662 icsd-163528 icsd-185452 icsd-16688 icsd-71915 icsd-186224 icsd-185444 icsd-189135 icsd-162918 icsd-162912 icsd-71916 icsd-180956 icsd-74215 icsd-185454 icsd-162914 icsd-74214 icsd-193648 icsd-93082 icsd-153172 icsd-185451 icsd-150420 icsd-74212 icsd-185449 icsd-162911 icsd-51024 icsd-162910 icsd-74213 icsd-37263 icsd-82487 icsd-185447 icsd-50364 icsd-185450 icsd-185453 icsd-74216 icsd-162915 icsd-185448 icsd-165801 icsd-38212 icsd-29116 icsd-162920 icsd-162919 icsd-162922 icsd-162921 icsd-162925 icsd-162924 icsd-77060 icsd-153173 icsd-162923 icsd-187293 icsd-165076 icsd-162926 icsd-31865 icsd-187294 icsd-153174 icsd-31864,1.026800948,Ceramics International,0272-8842,2014
3316,Ca0.85TiO3Eu0.15,Ca0.85TiO3,Eu,3 ,0.15,,,,298,616,0.622,0.376,,,,397,397,,,,,616,https://doi.org/10.1016/j.ceramint.2014.03.083,ESV,"mp-4019,mp-556003,mp-1205364,mp-3442,mp-754701,mp-5827", icsd-167888 icsd-62149 icsd-97828 icsd-167809 icsd-163663 icsd-174127 icsd-94568 icsd-85101 icsd-96258 icsd-162909 icsd-185445 icsd-162916 icsd-162917 icsd-157115 icsd-185443 icsd-185446 icsd-162913 icsd-162908 icsd-163662 icsd-163528 icsd-185452 icsd-16688 icsd-71915 icsd-186224 icsd-185444 icsd-189135 icsd-162918 icsd-162912 icsd-71916 icsd-180956 icsd-74215 icsd-185454 icsd-162914 icsd-74214 icsd-193648 icsd-93082 icsd-153172 icsd-185451 icsd-150420 icsd-74212 icsd-185449 icsd-162911 icsd-51024 icsd-162910 icsd-74213 icsd-37263 icsd-82487 icsd-185447 icsd-50364 icsd-185450 icsd-185453 icsd-74216 icsd-162915 icsd-185448 icsd-165801 icsd-38212 icsd-29116 icsd-162920 icsd-162919 icsd-162922 icsd-162921 icsd-162925 icsd-162924 icsd-77060 icsd-153173 icsd-162923 icsd-187293 icsd-165076 icsd-162926 icsd-31865 icsd-187294 icsd-153174 icsd-31864,1.033355591,Ceramics International,0272-8842,2014
3317,Ca0.8TiO3Eu0.2,Ca0.8TiO3,Eu,3 ,0.2,,,,298,616,0.619,0.381,,,,397,397,,,,,616,https://doi.org/10.1016/j.ceramint.2014.03.083,ESV,"mp-4019,mp-556003,mp-1205364,mp-3442,mp-754701,mp-5827", icsd-167888 icsd-62149 icsd-97828 icsd-167809 icsd-163663 icsd-174127 icsd-94568 icsd-85101 icsd-96258 icsd-162909 icsd-185445 icsd-162916 icsd-162917 icsd-157115 icsd-185443 icsd-185446 icsd-162913 icsd-162908 icsd-163662 icsd-163528 icsd-185452 icsd-16688 icsd-71915 icsd-186224 icsd-185444 icsd-189135 icsd-162918 icsd-162912 icsd-71916 icsd-180956 icsd-74215 icsd-185454 icsd-162914 icsd-74214 icsd-193648 icsd-93082 icsd-153172 icsd-185451 icsd-150420 icsd-74212 icsd-185449 icsd-162911 icsd-51024 icsd-162910 icsd-74213 icsd-37263 icsd-82487 icsd-185447 icsd-50364 icsd-185450 icsd-185453 icsd-74216 icsd-162915 icsd-185448 icsd-165801 icsd-38212 icsd-29116 icsd-162920 icsd-162919 icsd-162922 icsd-162921 icsd-162925 icsd-162924 icsd-77060 icsd-153173 icsd-162923 icsd-187293 icsd-165076 icsd-162926 icsd-31865 icsd-187294 icsd-153174 icsd-31864,1.044216667,Ceramics International,0272-8842,2014
3318,Ca0.95Ti0.995O3Eu0.05Al0.005,Ca0.95Ti0.995O3,Eu,3 ,0.05,Al,3 ,0.005,298,616,0.612,0.387,,,,397,397,,,,,616,https://doi.org/10.1016/j.ceramint.2014.03.083,ESV,"mp-4019,mp-556003,mp-1205364,mp-3442,mp-754701,mp-5827", icsd-167888 icsd-62149 icsd-97828 icsd-167809 icsd-163663 icsd-174127 icsd-94568 icsd-85101 icsd-96258 icsd-162909 icsd-185445 icsd-162916 icsd-162917 icsd-157115 icsd-185443 icsd-185446 icsd-162913 icsd-162908 icsd-163662 icsd-163528 icsd-185452 icsd-16688 icsd-71915 icsd-186224 icsd-185444 icsd-189135 icsd-162918 icsd-162912 icsd-71916 icsd-180956 icsd-74215 icsd-185454 icsd-162914 icsd-74214 icsd-193648 icsd-93082 icsd-153172 icsd-185451 icsd-150420 icsd-74212 icsd-185449 icsd-162911 icsd-51024 icsd-162910 icsd-74213 icsd-37263 icsd-82487 icsd-185447 icsd-50364 icsd-185450 icsd-185453 icsd-74216 icsd-162915 icsd-185448 icsd-165801 icsd-38212 icsd-29116 icsd-162920 icsd-162919 icsd-162922 icsd-162921 icsd-162925 icsd-162924 icsd-77060 icsd-153173 icsd-162923 icsd-187293 icsd-165076 icsd-162926 icsd-31865 icsd-187294 icsd-153174 icsd-31864,1.026825428,Ceramics International,0272-8842,2014
3319,Ca0.95Ti0.99O3Eu0.05Al0.01,Ca0.95Ti0.99O3,Eu,3 ,0.05,Al,3 ,0.01,298,616,0.616,0.383,,,,397,397,,,,,616,https://doi.org/10.1016/j.ceramint.2014.03.083,ESV,"mp-4019,mp-556003,mp-1205364,mp-3442,mp-754701,mp-5827", icsd-167888 icsd-62149 icsd-97828 icsd-167809 icsd-163663 icsd-174127 icsd-94568 icsd-85101 icsd-96258 icsd-162909 icsd-185445 icsd-162916 icsd-162917 icsd-157115 icsd-185443 icsd-185446 icsd-162913 icsd-162908 icsd-163662 icsd-163528 icsd-185452 icsd-16688 icsd-71915 icsd-186224 icsd-185444 icsd-189135 icsd-162918 icsd-162912 icsd-71916 icsd-180956 icsd-74215 icsd-185454 icsd-162914 icsd-74214 icsd-193648 icsd-93082 icsd-153172 icsd-185451 icsd-150420 icsd-74212 icsd-185449 icsd-162911 icsd-51024 icsd-162910 icsd-74213 icsd-37263 icsd-82487 icsd-185447 icsd-50364 icsd-185450 icsd-185453 icsd-74216 icsd-162915 icsd-185448 icsd-165801 icsd-38212 icsd-29116 icsd-162920 icsd-162919 icsd-162922 icsd-162921 icsd-162925 icsd-162924 icsd-77060 icsd-153173 icsd-162923 icsd-187293 icsd-165076 icsd-162926 icsd-31865 icsd-187294 icsd-153174 icsd-31864,1.026912499,Ceramics International,0272-8842,2014
3320,Ca0.95Ti0.97O3Eu0.05Al0.03,Ca0.95Ti0.97O3,Eu,3 ,0.05,Al,3 ,0.03,298,616,0.617,0.383,7,,,397,397,,,,,616,https://doi.org/10.1016/j.ceramint.2014.03.083,ESV,"mp-4019,mp-556003,mp-1205364,mp-3442,mp-754701,mp-5827", icsd-167888 icsd-62149 icsd-97828 icsd-167809 icsd-163663 icsd-174127 icsd-94568 icsd-85101 icsd-96258 icsd-162909 icsd-185445 icsd-162916 icsd-162917 icsd-157115 icsd-185443 icsd-185446 icsd-162913 icsd-162908 icsd-163662 icsd-163528 icsd-185452 icsd-16688 icsd-71915 icsd-186224 icsd-185444 icsd-189135 icsd-162918 icsd-162912 icsd-71916 icsd-180956 icsd-74215 icsd-185454 icsd-162914 icsd-74214 icsd-193648 icsd-93082 icsd-153172 icsd-185451 icsd-150420 icsd-74212 icsd-185449 icsd-162911 icsd-51024 icsd-162910 icsd-74213 icsd-37263 icsd-82487 icsd-185447 icsd-50364 icsd-185450 icsd-185453 icsd-74216 icsd-162915 icsd-185448 icsd-165801 icsd-38212 icsd-29116 icsd-162920 icsd-162919 icsd-162922 icsd-162921 icsd-162925 icsd-162924 icsd-77060 icsd-153173 icsd-162923 icsd-187293 icsd-165076 icsd-162926 icsd-31865 icsd-187294 icsd-153174 icsd-31864,1.03270276,Ceramics International,0272-8842,2014
3321,Ca0.95Ti0.95O3Eu0.05Al0.05,Ca0.95Ti0.95O3,Eu,3 ,0.05,Al,3 ,0.05,298,616,0.609,0.39,,,,397,397,,,,,616,https://doi.org/10.1016/j.ceramint.2014.03.083,ESV,"mp-4019,mp-556003,mp-1205364,mp-3442,mp-754701,mp-5827", icsd-167888 icsd-62149 icsd-97828 icsd-167809 icsd-163663 icsd-174127 icsd-94568 icsd-85101 icsd-96258 icsd-162909 icsd-185445 icsd-162916 icsd-162917 icsd-157115 icsd-185443 icsd-185446 icsd-162913 icsd-162908 icsd-163662 icsd-163528 icsd-185452 icsd-16688 icsd-71915 icsd-186224 icsd-185444 icsd-189135 icsd-162918 icsd-162912 icsd-71916 icsd-180956 icsd-74215 icsd-185454 icsd-162914 icsd-74214 icsd-193648 icsd-93082 icsd-153172 icsd-185451 icsd-150420 icsd-74212 icsd-185449 icsd-162911 icsd-51024 icsd-162910 icsd-74213 icsd-37263 icsd-82487 icsd-185447 icsd-50364 icsd-185450 icsd-185453 icsd-74216 icsd-162915 icsd-185448 icsd-165801 icsd-38212 icsd-29116 icsd-162920 icsd-162919 icsd-162922 icsd-162921 icsd-162925 icsd-162924 icsd-77060 icsd-153173 icsd-162923 icsd-187293 icsd-165076 icsd-162926 icsd-31865 icsd-187294 icsd-153174 icsd-31864,1.027975314,Ceramics International,0272-8842,2014
3322,Ca9NaZnP7O28Eu0.018,Ca9NaZnP7O28,Eu,3 ,0.018,,,,298,616,0.326,0.225,,,,378,378,,,,,616,https://doi.org/10.1016/j.dyepig.2017.12.026,ESV,mp-1221168,,1.391448245,Dyes and Pigments,0143-7208,2018
3323,Ca9NaZnP7O28Eu0.036,Ca9NaZnP7O28,Eu,3 ,0.036,,,,298,616,0.293,0.241,,,,378,378,,,,,616,https://doi.org/10.1016/j.dyepig.2017.12.026,ESV,mp-1221168,,1.395480516,Dyes and Pigments,0143-7208,2018
3324,Ca9NaZnP7O28Eu0.054,Ca9NaZnP7O28,Eu,3 ,0.054,,,,298,616,0.368,0.265,,,,378,378,,,,,616,https://doi.org/10.1016/j.dyepig.2017.12.026,ESV,mp-1221168,,1.400261533,Dyes and Pigments,0143-7208,2018
3325,Ca9NaZnP7O28Eu0.072,Ca9NaZnP7O28,Eu,3 ,0.072,,,,298,616,0.455,0.282,,,,378,378,,,,,616,https://doi.org/10.1016/j.dyepig.2017.12.026,ESV,mp-1221168,,1.405610354,Dyes and Pigments,0143-7208,2018
3326,Ca9NaZnP7O28Eu0.09,Ca9NaZnP7O28,Eu,3 ,0.09,,,,298,616,0.542,0.314,,,,378,378,,,,,616,https://doi.org/10.1016/j.dyepig.2017.12.026,ESV,mp-1221168,,1.412011965,Dyes and Pigments,0143-7208,2018
3327,Ca9NaZnP7O28Eu0.072Tb0.027,Ca9NaZnP7O28,Eu,3 ,0.072,Tb,3 ,0.027,298,616,0.439,0.309,,,,378,,,,6.42036838,2632500,543,https://doi.org/10.1016/j.dyepig.2017.12.026,ESV,mp-1221168,,1.201822842,Dyes and Pigments,0143-7208,2018
3328,Ca9NaZnP7O28Eu0.072Tb0.054,Ca9NaZnP7O28,Eu,3 ,0.072,Tb,3 ,0.054,298,616,0.427,0.345,,,,378,,,,6.387229606,2439100,543,https://doi.org/10.1016/j.dyepig.2017.12.026,ESV,mp-1221168,,1.013710933,Dyes and Pigments,0143-7208,2018
3329,Ca9NaZnP7O28Eu0.072Tb0.081,Ca9NaZnP7O28,Eu,3 ,0.072,Tb,3 ,0.081,298,616,0.401,0.361,,,500,378,,,,6.364044179,2312300,543,https://doi.org/10.1016/j.dyepig.2017.12.026,ESV,mp-1221168,,1.042963441,Dyes and Pigments,0143-7208,2018
3330,Ca9NaZnP7O28Eu0.072Tb0.081,Ca9NaZnP7O28,Eu,3 ,0.072,Tb,3 ,0.081,325,616,,,,,,378,,,,6.313656347,2059000,543,https://doi.org/10.1016/j.dyepig.2017.12.026,ESV,mp-1221168,,1.005156504,Dyes and Pigments,0143-7208,2018
3331,Ca9NaZnP7O28Eu0.072Tb0.081,Ca9NaZnP7O28,Eu,3 ,0.072,Tb,3 ,0.081,350,616,,,,,,378,,,,6.308564414,2035000,543,https://doi.org/10.1016/j.dyepig.2017.12.026,ESV,mp-1221168,,1.012355091,Dyes and Pigments,0143-7208,2018
3332,Ca9NaZnP7O28Eu0.072Tb0.081,Ca9NaZnP7O28,Eu,3 ,0.072,Tb,3 ,0.081,375,616,,,,,,378,,,,6.31302311,2056000,543,https://doi.org/10.1016/j.dyepig.2017.12.026,ESV,mp-1221168,,0.991376696,Dyes and Pigments,0143-7208,2018
3333,Ca9NaZnP7O28Eu0.072Tb0.081,Ca9NaZnP7O28,Eu,3 ,0.072,Tb,3 ,0.081,400,616,,,,,,378,,,,6.306639441,2026000,543,https://doi.org/10.1016/j.dyepig.2017.12.026,ESV,mp-1221168,,1.013178329,Dyes and Pigments,0143-7208,2018
3334,Ca9NaZnP7O28Eu0.072Tb0.081,Ca9NaZnP7O28,Eu,3 ,0.072,Tb,3 ,0.081,425,616,,,,,,378,,,,6.307067951,2028000,543,https://doi.org/10.1016/j.dyepig.2017.12.026,ESV,mp-1221168,,1.016193228,Dyes and Pigments,0143-7208,2018
3335,Ca9NaZnP7O28Eu0.072Tb0.081,Ca9NaZnP7O28,Eu,3 ,0.072,Tb,3 ,0.081,450,616,,,,,,378,,,,6.311541958,2049000,543,https://doi.org/10.1016/j.dyepig.2017.12.026,ESV,mp-1221168,,0.989499812,Dyes and Pigments,0143-7208,2018
3336,Ca9NaZnP7O28Eu0.072Tb0.081,Ca9NaZnP7O28,Eu,3 ,0.072,Tb,3 ,0.081,475,616,,,,,,378,,,,6.301464073,2002000,543,https://doi.org/10.1016/j.dyepig.2017.12.026,ESV,mp-1221168,,1.034679669,Dyes and Pigments,0143-7208,2018
3337,Ca9NaZnP7O28Eu0.072Tb0.108,Ca9NaZnP7O28,Eu,3 ,0.072,Tb,3 ,0.108,298,543,0.373,0.389,,,,378,,,,6.339292403,2184200,543,https://doi.org/10.1016/j.dyepig.2017.12.026,ESV,mp-1221168,,1.023618789,Dyes and Pigments,0143-7208,2018
3338,Ca9NaZnP7O28Eu0.072Tb0.135,Ca9NaZnP7O28,Eu,3 ,0.072,Tb,3 ,0.135,298,543,0.408,0.434,,,,378,,,,6.311096626,2046900,543,https://doi.org/10.1016/j.dyepig.2017.12.026,ESV,mp-1221168,,0.992275657,Dyes and Pigments,0143-7208,2018
3339,Ca9NaZnP7O28Eu0.072Tb0.162,Ca9NaZnP7O28,Eu,3 ,0.072,Tb,3 ,0.162,298,543,0.38,0.438,,,,378,,,,6.302871836,2008500,543,https://doi.org/10.1016/j.dyepig.2017.12.026,ESV,mp-1221168,,1.014728826,Dyes and Pigments,0143-7208,2018
3340,CaZrO3Eu0.05,CaZrO3,Eu,3 ,0.05,,,,298,614,0.6386,0.3611,,,,395,,,,,,,https://doi.org/10.1007/s10854-018-0505-z,SN,"mp-4571,mp-776024,mp-542112", icsd-130053 icsd-183757 icsd-239370 icsd-167889 icsd-97465 icsd-37264 icsd-183758 icsd-97463 icsd-97466 icsd-97464 icsd-29003 icsd-56094,0.995200319,Journal of Materials Science: Materials in Electronics,0957-4522,2018
3341,CaZrO3Bi0.009,CaZrO3,Bi,3 ,0.009,,,,298,390,0.1612,0.0254,,,,310,,,,,,,https://doi.org/10.1007/s10854-018-0505-z,SN,"mp-4571,mp-776024,mp-542112", icsd-130053 icsd-183757 icsd-239370 icsd-167889 icsd-97465 icsd-37264 icsd-183758 icsd-97463 icsd-97466 icsd-97464 icsd-29003 icsd-56094,1.238358388,Journal of Materials Science: Materials in Electronics,0957-4522,2018
3342,CaZrO3Eu0.01Bi0.009,CaZrO3,Eu,3 ,0.01,Bi,3 ,0.009,298,390,0.2174,0.071,,,,310,,,,,,,https://doi.org/10.1007/s10854-018-0505-z,SN,"mp-4571,mp-776024,mp-542112", icsd-130053 icsd-183757 icsd-239370 icsd-167889 icsd-97465 icsd-37264 icsd-183758 icsd-97463 icsd-97466 icsd-97464 icsd-29003 icsd-56094,1.270170299,Journal of Materials Science: Materials in Electronics,0957-4522,2018
3343,CaZrO3Eu0.02Bi0.009,CaZrO3,Eu,3 ,0.02,Bi,3 ,0.009,298,390,0.2518,0.0996,,,,310,,,,,,,https://doi.org/10.1007/s10854-018-0505-z,SN,"mp-4571,mp-776024,mp-542112", icsd-130053 icsd-183757 icsd-239370 icsd-167889 icsd-97465 icsd-37264 icsd-183758 icsd-97463 icsd-97466 icsd-97464 icsd-29003 icsd-56094,1.26823398,Journal of Materials Science: Materials in Electronics,0957-4522,2018
3344,CaZrO3Eu0.03Bi0.009,CaZrO3,Eu,3 ,0.03,Bi,3 ,0.009,298,614,0.2904,0.132,,,,310,,,,,,,https://doi.org/10.1007/s10854-018-0505-z,SN,"mp-4571,mp-776024,mp-542112", icsd-130053 icsd-183757 icsd-239370 icsd-167889 icsd-97465 icsd-37264 icsd-183758 icsd-97463 icsd-97466 icsd-97464 icsd-29003 icsd-56094,0.9806377,Journal of Materials Science: Materials in Electronics,0957-4522,2018
3345,CaZrO3Eu0.04Bi0.009,CaZrO3,Eu,3 ,0.04,Bi,3 ,0.009,298,614,0.3539,0.1735,,,,310,,,,,,,https://doi.org/10.1007/s10854-018-0505-z,SN,"mp-4571,mp-776024,mp-542112", icsd-130053 icsd-183757 icsd-239370 icsd-167889 icsd-97465 icsd-37264 icsd-183758 icsd-97463 icsd-97466 icsd-97464 icsd-29003 icsd-56094,0.98590612,Journal of Materials Science: Materials in Electronics,0957-4522,2018
3346,CaZrO3Eu0.05Bi0.009,CaZrO3,Eu,3 ,0.05,Bi,3 ,0.009,298,614,0.3858,0.1992,,,,310,,,,,,,https://doi.org/10.1007/s10854-018-0505-z,SN,"mp-4571,mp-776024,mp-542112", icsd-130053 icsd-183757 icsd-239370 icsd-167889 icsd-97465 icsd-37264 icsd-183758 icsd-97463 icsd-97466 icsd-97464 icsd-29003 icsd-56094,0.985955613,Journal of Materials Science: Materials in Electronics,0957-4522,2018
3347,CaZrO3Eu0.06Bi0.009,CaZrO3,Eu,3 ,0.06,Bi,3 ,0.009,298,614,0.3906,0.2035,,,,310,,,,,,,https://doi.org/10.1007/s10854-018-0505-z,SN,"mp-4571,mp-776024,mp-542112", icsd-130053 icsd-183757 icsd-239370 icsd-167889 icsd-97465 icsd-37264 icsd-183758 icsd-97463 icsd-97466 icsd-97464 icsd-29003 icsd-56094,0.985973394,Journal of Materials Science: Materials in Electronics,0957-4522,2018
3348,CaZrO3Eu0.01Bi0.009,CaZrO3,Eu,3 ,0.01,Bi,3 ,0.009,298,614,0.6386,0.3611,,,,395,395,,,6.130333768,1350000,614,https://doi.org/10.1007/s10854-018-0505-z,SN,"mp-4571,mp-776024,mp-542112", icsd-130053 icsd-183757 icsd-239370 icsd-167889 icsd-97465 icsd-37264 icsd-183758 icsd-97463 icsd-97466 icsd-97464 icsd-29003 icsd-56094,1.057742415,Journal of Materials Science: Materials in Electronics,0957-4522,2018
3349,CaZrO3Eu0.02Bi0.009,CaZrO3,Eu,3 ,0.02,Bi,3 ,0.009,298,614,0.6386,0.3611,,,,395,395,,,6.120573931,1320000,614,https://doi.org/10.1007/s10854-018-0505-z,SN,"mp-4571,mp-776024,mp-542112", icsd-130053 icsd-183757 icsd-239370 icsd-167889 icsd-97465 icsd-37264 icsd-183758 icsd-97463 icsd-97466 icsd-97464 icsd-29003 icsd-56094,1.079805903,Journal of Materials Science: Materials in Electronics,0957-4522,2018
3350,CaZrO3Eu0.03Bi0.009,CaZrO3,Eu,3 ,0.03,Bi,3 ,0.009,298,614,0.6386,0.3611,,,,395,395,,,6.10720997,1280000,614,https://doi.org/10.1007/s10854-018-0505-z,SN,"mp-4571,mp-776024,mp-542112", icsd-130053 icsd-183757 icsd-239370 icsd-167889 icsd-97465 icsd-37264 icsd-183758 icsd-97463 icsd-97466 icsd-97464 icsd-29003 icsd-56094,1.093377746,Journal of Materials Science: Materials in Electronics,0957-4522,2018
3351,CaZrO3Eu0.04Bi0.009,CaZrO3,Eu,3 ,0.04,Bi,3 ,0.009,298,614,0.6386,0.3611,,,,395,395,,,6.093421685,1240000,614,https://doi.org/10.1007/s10854-018-0505-z,SN,"mp-4571,mp-776024,mp-542112", icsd-130053 icsd-183757 icsd-239370 icsd-167889 icsd-97465 icsd-37264 icsd-183758 icsd-97463 icsd-97466 icsd-97464 icsd-29003 icsd-56094,0.9677345,Journal of Materials Science: Materials in Electronics,0957-4522,2018
3352,CaZrO3Eu0.05Bi0.009,CaZrO3,Eu,3 ,0.05,Bi,3 ,0.009,298,614,0.6386,0.3611,,,,395,395,,,6.086359831,1220000,614,https://doi.org/10.1007/s10854-018-0505-z,SN,"mp-4571,mp-776024,mp-542112", icsd-130053 icsd-183757 icsd-239370 icsd-167889 icsd-97465 icsd-37264 icsd-183758 icsd-97463 icsd-97466 icsd-97464 icsd-29003 icsd-56094,0.997265498,Journal of Materials Science: Materials in Electronics,0957-4522,2018
3353,CaZrO3Eu0.06Bi0.009,CaZrO3,Eu,3 ,0.06,Bi,3 ,0.009,298,614,0.6386,0.3611,,,,395,395,,,6.079181246,1200000,614,https://doi.org/10.1007/s10854-018-0505-z,SN,"mp-4571,mp-776024,mp-542112", icsd-130053 icsd-183757 icsd-239370 icsd-167889 icsd-97465 icsd-37264 icsd-183758 icsd-97463 icsd-97466 icsd-97464 icsd-29003 icsd-56094,0.997569777,Journal of Materials Science: Materials in Electronics,0957-4522,2018
3354,CaZrO3Sm0.03Gd0.02,CaZrO3,Sm,3 ,0.03,Gd,3 ,0.02,298,601,0.532,0.465,,,,409,409,,,,,601,https://doi.org/10.1016/S1002-0721(12)60168-9,SN,"mp-4571,mp-776024,mp-542112", icsd-130053 icsd-183757 icsd-239370 icsd-167889 icsd-97465 icsd-37264 icsd-183758 icsd-97463 icsd-97466 icsd-97464 icsd-29003 icsd-56094,1.007419176,Journal of Rare Earths,1002-0721,2012
3355,Sr9Sc0.6P7O28Eu0.4,Sr9Sc0.6P7O28,Eu,3 ,0.4,,,,298,590,,,,,553,394,394,,,,,590,https://doi.org/10.1016/j.jallcom.2013.10.116,ESV,,,2.042341116,Journal of Alloys and Compounds,0925-8388,2014
3356,Ba2.99CaKP3O12Eu0.01,Ba2.99CaKP3O12,Eu,2 ,0.01,,,,298,460,,,90,,400,365,365,,,2.700522002,501.79,460,https://doi.org/10.1016/j.cej.2018.09.036,ESV,,,1.118544853,Chemical Engineering Journal,1385-8947,2019
3357,Ba2.99Ca0.95KP3O12Eu0.01Mn0.05,Ba2.99Ca0.95KP3O12,Eu,2 ,0.01,Mn,2 ,0.05,298,460,,,,,,365,365,,,2.656768779,453.7,460,https://doi.org/10.1016/j.cej.2018.09.036,ESV,,,1.037226147,Chemical Engineering Journal,1385-8947,2019
3358,Ba2.99Ca0.9KP3O12Eu0.01Mn0.1,Ba2.99Ca0.9KP3O12,Eu,2 ,0.01,Mn,2 ,0.1,298,460,,,,,,365,365,,,2.615181733,412.27,460,https://doi.org/10.1016/j.cej.2018.09.036,ESV,,,1.05165693,Chemical Engineering Journal,1385-8947,2019
3359,Ba2.99Ca0.85KP3O12Eu0.01Mn0.15,Ba2.99Ca0.85KP3O12,Eu,2 ,0.01,Mn,2 ,0.15,298,460,,,,,,365,365,,,2.544725193,350.53,460,https://doi.org/10.1016/j.cej.2018.09.036,ESV,,,1.106954302,Chemical Engineering Journal,1385-8947,2019
3360,Ba2.99Ca0.8KP3O12Eu0.01Mn0.2,Ba2.99Ca0.8KP3O12,Eu,2 ,0.01,Mn,2 ,0.2,298,460,,,65,,,365,365,,,2.437179582,273.64,460,https://doi.org/10.1016/j.cej.2018.09.036,ESV,,,1.08041679,Chemical Engineering Journal,1385-8947,2019
3361,Ba1.8LiGaP4O14Eu0.2,Ba1.8LiGaP4O14,Eu,3 ,0.2,,,,298,595,0.6114,0.3851,67,,430,394,394,,,6.447158031,2800000,595,https://doi.org/10.1039/C9DT03105G,RSC,,,1.083112233,Dalton Transactions,1477-9226,2019
3362,Sr0.95MgP2O7Ce0.04Dy0.01,Sr0.95MgP2O7,Ce,3 ,0.04,Dy,3 ,0.01,298,374,0.335,0.35,,,,300,,,,,,,https://doi.org/10.1016/j.jallcom.2018.12.277,ESV,mp-18469, icsd-280782,1.068648336,Journal of Alloys and Compounds,0925-8388,2019
3363,Sr0.94MgP2O7Ce0.04Dy0.02,Sr0.94MgP2O7,Ce,3 ,0.04,Dy,3 ,0.02,298,573,0.346,0.367,,,,300,,,,,,,https://doi.org/10.1016/j.jallcom.2018.12.277,ESV,mp-18469, icsd-280782,1.084775582,Journal of Alloys and Compounds,0925-8388,2019
3364,Sr0.93MgP2O7Ce0.04Dy0.03,Sr0.93MgP2O7,Ce,3 ,0.04,Dy,3 ,0.03,298,573,0.354,0.368,,,,300,,,,,,,https://doi.org/10.1016/j.jallcom.2018.12.277,ESV,mp-18469, icsd-280782,1.085391714,Journal of Alloys and Compounds,0925-8388,2019
3365,Sr0.92MgP2O7Ce0.04Dy0.04,Sr0.92MgP2O7,Ce,3 ,0.04,Dy,3 ,0.04,298,573,0.361,0.376,,,600,300,,,,,,,https://doi.org/10.1016/j.jallcom.2018.12.277,ESV,mp-18469, icsd-280782,1.16448986,Journal of Alloys and Compounds,0925-8388,2019
3366,Sr0.91MgP2O7Ce0.04Dy0.05,Sr0.91MgP2O7,Ce,3 ,0.04,Dy,3 ,0.05,298,573,0.37,0.383,,,,300,,,,,,,https://doi.org/10.1016/j.jallcom.2018.12.277,ESV,mp-18469, icsd-280782,1.084799948,Journal of Alloys and Compounds,0925-8388,2019
3367,Cd2V2O7,Cd2V2O7,,,,,,,298,420,0.252,0.283,,,,316,316,,,,,420,https://doi.org/10.1016/j.ceramint.2018.02.173,ESV,mp-18740, icsd-24191 icsd-62081,1.437251714,Ceramics International,0272-8842,2018
3368,Cd2V2O7Eu0.02,Cd2V2O7,Eu,3 ,0.02,,,,298,618,0.607,0.387,,,393,375,,,,5.707570176,510000,618,https://doi.org/10.1016/j.ceramint.2018.02.173,ESV,mp-18740, icsd-24191 icsd-62081,0.978432638,Ceramics International,0272-8842,2018
3369,Cd2V2O7Li0.04Eu0.02,Cd2V2O7Li0.04,Eu,3 ,0.02,,,,298,618,0.613,0.382,,,398,375,,,,5.916453949,825000,618,https://doi.org/10.1016/j.ceramint.2018.02.173,ESV,mp-18740, icsd-24191 icsd-62081,1.160649254,Ceramics International,0272-8842,2018
3370,CaZrO3Er0.03,CaZrO3,Er,3 ,0.03,,,,298,548,0.298,0.677,,,,380,380,,,,,548,https://doi.org/10.1016/j.materresbull.2012.06.022,ESV,mp-18740, icsd-24191 icsd-62081,0.985041922,Materials Research Bulletin,0025-5408,2012
3371,CaZrO3Er0.03Ce0.02,CaZrO3,Er,3 ,0.03,Ce,3 ,0.02,298,548,0.284,0.674,,,,380,,,,,,,https://doi.org/10.1016/j.materresbull.2012.06.022,ESV,mp-18740, icsd-24191 icsd-62081,1.002499789,Materials Research Bulletin,0025-5408,2012
3372,Ba2Y1.6La4Si6O26Eu2.4,Ba2Y1.6La4Si6O26,Eu,3 ,2.4,,,,298,617,,,53.43,,,397,397,,,,,617,https://doi.org/10.1016/j.jallcom.2019.02.229,ESV,,,1.350644206,Journal of Alloys and Compounds,0925-8388,2019
3373,Ba2Y3.2La2.4Si6O26Eu2.4,Ba2Y3.2La2.4Si6O26,Eu,3 ,2.4,,,,298,617,0.6427,0.3567,67.46,,473,397,397,,,6.068185862,1170000,617,https://doi.org/10.1016/j.jallcom.2019.02.229,ESV,,,1.067718278,Journal of Alloys and Compounds,0925-8388,2019
3374,Ba2Y4La1.6Si6O26Eu2.4,Ba2Y4La1.6Si6O26,Eu,3 ,2.4,,,,298,617,,,47.6,,,397,397,,,,,617,https://doi.org/10.1016/j.jallcom.2019.02.229,ESV,,,1.73388153,Journal of Alloys and Compounds,0925-8388,2019
3375,Sr1.95Mg3P4O15Eu0.05,Sr1.95Mg3P4O15,Eu,3 ,0.05,,,,298,589,0.5759,0.3736,,,,393,393,,,,,589,https://doi.org/10.1111/jace.15334,Wiley,,,0.99596835,Journal of the American Ceramic Society,0002-7820,2017
3376,Sr1.9Mg3P4O15Eu0.1,Sr1.9Mg3P4O15,Eu,3 ,0.1,,,,298,589,0.5836,0.3758,,,,393,393,463,,,,589,https://doi.org/10.1111/jace.15334,Wiley,,,0.998781611,Journal of the American Ceramic Society,0002-7820,2017
3377,Sr1.85Mg3P4O15Eu0.15,Sr1.85Mg3P4O15,Eu,3 ,0.15,,,,298,589,0.5868,0.3662,,,,393,393,,,,,589,https://doi.org/10.1111/jace.15334,Wiley,,,0.996973333,Journal of the American Ceramic Society,0002-7820,2017
3378,Sr1.8Mg3P4O15Eu0.2,Sr1.8Mg3P4O15,Eu,3 ,0.2,,,,298,589,0.5772,0.3823,,,,393,393,,,,,589,https://doi.org/10.1111/jace.15334,Wiley,,,0.996265294,Journal of the American Ceramic Society,0002-7820,2017
3379,Sr1.75Mg3P4O15Eu0.25,Sr1.75Mg3P4O15,Eu,3 ,0.25,,,,298,589,0.5915,0.3779,,,,393,393,,,,,589,https://doi.org/10.1111/jace.15334,Wiley,,,0.997833054,Journal of the American Ceramic Society,0002-7820,2017
3380,Sr1.7Mg3P4O15Eu0.3,Sr1.7Mg3P4O15,Eu,3 ,0.3,,,,298,589,0.5839,0.3656,,,,393,393,,,,,589,https://doi.org/10.1111/jace.15334,Wiley,,,0.999958481,Journal of the American Ceramic Society,0002-7820,2017
3381,Sr1.65Mg3P4O15Eu0.35,Sr1.65Mg3P4O15,Eu,3 ,0.35,,,,298,589,0.5742,0.3753,,,,393,393,,,,,589,https://doi.org/10.1111/jace.15334,Wiley,,,1.002603983,Journal of the American Ceramic Society,0002-7820,2017
3382,Sr1.6Mg3P4O15Eu0.4,Sr1.6Mg3P4O15,Eu,3 ,0.4,,,,298,589,0.5846,0.3603,,,405,393,393,,,,,589,https://doi.org/10.1111/jace.15334,Wiley,,,1.010084882,Journal of the American Ceramic Society,0002-7820,2017
3383,Sr1.2Mg3P4O15Li0.4Eu0.4,Sr1.2Mg3P4O15Li0.4,Eu,3 ,0.4,,,,298,589,0.5882,0.3669,,,435,393,,,,,,,https://doi.org/10.1111/jace.15334,Wiley,,,0.990727614,Journal of the American Ceramic Society,0002-7820,2017
3384,Sr1.2Mg3P4O15Na0.4Eu0.4,Sr1.2Mg3P4O15Na0.4,Eu,3 ,0.4,,,,298,589,0.591,0.3661,,,445,393,,,,,,,https://doi.org/10.1111/jace.15334,Wiley,,,0.992471813,Journal of the American Ceramic Society,0002-7820,2017
3385,Sr1.2Mg3P4O15K0.4Eu0.4,Sr1.2Mg3P4O15K0.4,Eu,3 ,0.4,,,,298,589,0.595,0.3662,,,440,393,,,,,,,https://doi.org/10.1111/jace.15334,Wiley,,,1.011933606,Journal of the American Ceramic Society,0002-7820,2017
3386,Sr1.6Mg3P3.6Si0.4O15Eu0.4,Sr1.6Mg3P3.6Si0.4O15,Eu,3 ,0.4,,,,298,589,0.5939,0.3673,,,460,393,,,,,,,https://doi.org/10.1111/jace.15334,Wiley,,,0.990945659,Journal of the American Ceramic Society,0002-7820,2017
3387,Sr1.4Mg3P4O15Eu0.4,Sr1.4Mg3P4O15,Eu,3 ,0.4,,,,298,589,0.5869,0.3669,,,470,393,,,,,,,https://doi.org/10.1111/jace.15334,Wiley,,,0.99358783,Journal of the American Ceramic Society,0002-7820,2017
3388,Sr1.55Mg3P4O15Eu0.45,Sr1.55Mg3P4O15,Eu,3 ,0.45,,,,298,589,0.5933,0.3662,,,,393,393,,,,,589,https://doi.org/10.1111/jace.15334,Wiley,,,1.00769206,Journal of the American Ceramic Society,0002-7820,2017
3389,Sr1.5Mg3P4O15Eu0.5,Sr1.5Mg3P4O15,Eu,3 ,0.5,,,,298,589,0.5951,0.3644,,,,393,393,,,,,589,https://doi.org/10.1111/jace.15334,Wiley,,,1.012103971,Journal of the American Ceramic Society,0002-7820,2017
3398,CaSb2O6Bi0.75,CaSb2O6,Bi,3 ,0.75,,,,298,437,0.1505,0.049,,,,336,336,,,2.463892989,291,437,https://doi.org/10.1016/j.mssp.2015.09.015,ESV,"mp-9125,mvc-1657", icsd-74539,1.489619924,Materials Science in Semiconductor Processing,1369-8001,2016
3399,CaSb2O6Li0.75Bi0.75,CaSb2O6Li0.75,Bi,3 ,0.75,,,,298,437,0.1495,0.0529,,,,336,336,,,2.26245109,183,437,https://doi.org/10.1016/j.mssp.2015.09.015,ESV,"mp-9125,mvc-1657", icsd-74539,1.118070772,Materials Science in Semiconductor Processing,1369-8001,2016
3400,CaSb2O6Na0.75Bi0.75,CaSb2O6Na0.75,Bi,3 ,0.75,,,,298,437,0.1497,0.0509,,,,336,336,,,2.408239965,256,437,https://doi.org/10.1016/j.mssp.2015.09.015,ESV,"mp-9125,mvc-1657", icsd-74539,1.18594693,Materials Science in Semiconductor Processing,1369-8001,2016
3401,CaSb2O6K0.75Bi0.75,CaSb2O6K0.75,Bi,3 ,0.75,,,,298,437,0.1496,0.0518,,,,336,336,,,2.354108439,226,437,https://doi.org/10.1016/j.mssp.2015.09.015,ESV,"mp-9125,mvc-1657", icsd-74539,1.195754647,Materials Science in Semiconductor Processing,1369-8001,2016
3402,Zn0.9WO4Li0.05Tb0.05,Zn0.9WO4Li0.05,Tb,3 ,0.05,,,,298,545,0.25,0.365,,,,272,272,,,5.555094449,359000,545,https://doi.org/10.1016/j.ijleo.2013.03.067,ESV,"mp-18918,mp-545622,mp-1205356,mp-645124,mp-1205368", icsd-166209 icsd-162236 icsd-186161 icsd-166215 icsd-22348 icsd-186162 icsd-87933 icsd-162678 icsd-166211 icsd-156483 icsd-166208 icsd-156482 icsd-166213 icsd-162682 icsd-162681 icsd-166210 icsd-166214 icsd-162683 icsd-166216 icsd-166212 icsd-162680 icsd-162234 icsd-162235 icsd-162679 icsd-84540 icsd-162237 icsd-162238,1.100615787,Optik,0030-4026,2013
3403,Zn0.9WO4Na0.05Tb0.05,Zn0.9WO4Na0.05,Tb,3 ,0.05,,,,298,545,0.24,0.335,,,,272,272,,,5.424881637,266000,545,https://doi.org/10.1016/j.ijleo.2013.03.067,ESV,"mp-18918,mp-545622,mp-1205356,mp-645124,mp-1205368", icsd-166209 icsd-162236 icsd-186161 icsd-166215 icsd-22348 icsd-186162 icsd-87933 icsd-162678 icsd-166211 icsd-156483 icsd-166208 icsd-156482 icsd-166213 icsd-162682 icsd-162681 icsd-166210 icsd-166214 icsd-162683 icsd-166216 icsd-166212 icsd-162680 icsd-162234 icsd-162235 icsd-162679 icsd-84540 icsd-162237 icsd-162238,1.039350752,Optik,0030-4026,2013
3404,Zn0.9WO4K0.05Tb0.05,Zn0.9WO4K0.05,Tb,3 ,0.05,,,,298,545,0.3,0.395,,,,272,272,,,5,100000,545,https://doi.org/10.1016/j.ijleo.2013.03.067,ESV,"mp-18918,mp-545622,mp-1205356,mp-645124,mp-1205368", icsd-166209 icsd-162236 icsd-186161 icsd-166215 icsd-22348 icsd-186162 icsd-87933 icsd-162678 icsd-166211 icsd-156483 icsd-166208 icsd-156482 icsd-166213 icsd-162682 icsd-162681 icsd-166210 icsd-166214 icsd-162683 icsd-166216 icsd-166212 icsd-162680 icsd-162234 icsd-162235 icsd-162679 icsd-84540 icsd-162237 icsd-162238,0.975289329,Optik,0030-4026,2013
3405,Zn0.925WO4Tb0.05,Zn0.925WO4,Tb,3 ,0.05,,,,298,545,0.295,0.4,,,,272,272,,,5.572871602,374000,545,https://doi.org/10.1016/j.ijleo.2013.03.067,ESV,"mp-18918,mp-545622,mp-1205356,mp-645124,mp-1205368", icsd-166209 icsd-162236 icsd-186161 icsd-166215 icsd-22348 icsd-186162 icsd-87933 icsd-162678 icsd-166211 icsd-156483 icsd-166208 icsd-156482 icsd-166213 icsd-162682 icsd-162681 icsd-166210 icsd-166214 icsd-162683 icsd-166216 icsd-166212 icsd-162680 icsd-162234 icsd-162235 icsd-162679 icsd-84540 icsd-162237 icsd-162238,1.027605684,Optik,0030-4026,2013
3406,LaMgAl10.89O19Cr0.11,LaMgAl10.89O19,Cr,3 ,0.11,,,,298,696,,,,,,419,419,,,6.471291711,2960000,696,https://doi.org/10.1016/j.materresbull.2015.09.031,ESV,,,1.00931715,Materials Research Bulletin,0025-5408,2016
3407,La0.99MgAl10.89O19Cr0.11Nd0.01,La0.99MgAl10.89O19,Cr,3 ,0.11,Nd,3,0.01,298,696,,,,,,419,419,,,6.409933123,2570000,696,https://doi.org/10.1016/j.materresbull.2015.09.031,ESV,,,1.147435404,Materials Research Bulletin,0025-5408,2016
3408,La0.97MgAl10.89O19Cr0.11Nd0.03,La0.97MgAl10.89O19,Cr,3 ,0.11,Nd,3,0.03,298,696,,,,,,419,419,,,6.369215857,2340000,696,https://doi.org/10.1016/j.materresbull.2015.09.031,ESV,,,1.019578697,Materials Research Bulletin,0025-5408,2016
3409,La0.94MgAl10.89O19Cr0.11Nd0.06,La0.94MgAl10.89O19,Cr,3 ,0.11,Nd,3,0.06,298,696,,,,,,419,419,,,6.269512944,1860000,696,https://doi.org/10.1016/j.materresbull.2015.09.031,ESV,,,1.059411954,Materials Research Bulletin,0025-5408,2016
3410,La0.91MgAl10.89O19Cr0.11Nd0.09,La0.91MgAl10.89O19,Cr,3 ,0.11,Nd,3,0.09,298,696,,,,,,419,419,,,6.152288344,1420000,696,https://doi.org/10.1016/j.materresbull.2015.09.031,ESV,,,0.982555366,Materials Research Bulletin,0025-5408,2016
3411,La0.88MgAl10.89O19Cr0.11Nd0.12,La0.88MgAl10.89O19,Cr,3 ,0.11,Nd,3,0.12,298,696,,,,,,419,419,,,6.012837225,1030000,696,https://doi.org/10.1016/j.materresbull.2015.09.031,ESV,,,1.012158784,Materials Research Bulletin,0025-5408,2016
3412,KCa0.99GdP2O8Eu0.01,KCa0.99GdP2O8,Eu,2 ,0.01,,,,298,462,0.1669,0.1823,13.2,,573,365,365,,,2.912222057,817,462,https://doi.org/10.1039/C3RA40471D,RSC,,,1.026693502,RSC Advances,2046-2069,2013
3413,KCa0.97GdP2O8Eu0.03,KCa0.97GdP2O8,Eu,2 ,0.03,,,,298,462,,,,,,365,365,,,2.879669206,758,462,https://doi.org/10.1039/C3RA40471D,RSC,,,1.013440533,RSC Advances,2046-2069,2013
3414,KCa0.95GdP2O8Eu0.05,KCa0.95GdP2O8,Eu,2 ,0.05,,,,298,462,,,,,,365,365,,,2.831229694,678,462,https://doi.org/10.1039/C3RA40471D,RSC,,,1.007349171,RSC Advances,2046-2069,2013
3415,KCa0.93GdP2O8Eu0.07,KCa0.93GdP2O8,Eu,2 ,0.07,,,,298,462,,,,,,365,365,,,2.800029359,631,462,https://doi.org/10.1039/C3RA40471D,RSC,,,1.000373695,RSC Advances,2046-2069,2013
3416,KCa0.9GdP2O8Eu0.1,KCa0.9GdP2O8,Eu,2 ,0.1,,,,298,462,,,,,,365,365,,,2.756636108,571,462,https://doi.org/10.1039/C3RA40471D,RSC,,,0.984253566,RSC Advances,2046-2069,2013
3417,KCa0.98GdP2O8Eu0.01Mn0.01,KCa0.98GdP2O8,Eu,2 ,0.01,Mn,2 ,0.01,298,462,0.2042,0.1701,,,,365,,,,,,,https://doi.org/10.1039/C3RA40471D,RSC,,,1.013663388,RSC Advances,2046-2069,2013
3418,KCa0.96GdP2O8Eu0.01Mn0.03,KCa0.96GdP2O8,Eu,2 ,0.01,Mn,2 ,0.03,298,462,0.2314,0.1542,,,,365,,,,,,,https://doi.org/10.1039/C3RA40471D,RSC,,,1.013544991,RSC Advances,2046-2069,2013
3419,KCa0.94GdP2O8Eu0.01Mn0.05,KCa0.94GdP2O8,Eu,2 ,0.01,Mn,2 ,0.05,298,462,0.2291,0.1466,,,,365,,,,,,,https://doi.org/10.1039/C3RA40471D,RSC,,,1.013466203,RSC Advances,2046-2069,2013
3420,KCa0.92GdP2O8Eu0.01Mn0.07,KCa0.92GdP2O8,Eu,2 ,0.01,Mn,2 ,0.07,298,462,0.2518,0.1644,,,,365,,,,,,,https://doi.org/10.1039/C3RA40471D,RSC,,,1.013466572,RSC Advances,2046-2069,2013
3421,KCa0.89GdP2O8Eu0.01Mn0.1,KCa0.89GdP2O8,Eu,2 ,0.01,Mn,2 ,0.1,298,462,0.2726,0.1802,,,,365,,,,,,,https://doi.org/10.1039/C3RA40471D,RSC,,,1.013495149,RSC Advances,2046-2069,2013
3422,Ca8.99CeP7O28Eu0.01,Ca8.99CeP7O28,Eu,2 ,0.01,,,,298,377,,,84,,,320,,,,2.57054294,372,377,https://doi.org/10.1039/C6CP05490K,RSC,,,0.986560601,Physical Chemistry Chemical Physics,1463-9076,2016
3423,Ca8.98CeP7O28Eu0.02,Ca8.98CeP7O28,Eu,2 ,0.02,,,,298,377,,,56,,,320,,,,,,377,https://doi.org/10.1039/C6CP05490K,RSC,,,1.235548475,Physical Chemistry Chemical Physics,1463-9076,2016
3424,Ca8.96CeP7O28Eu0.04,Ca8.96CeP7O28,Eu,2 ,0.04,,,,298,377,,,45,,,320,,,,,,377,https://doi.org/10.1039/C6CP05490K,RSC,,,1.233688031,Physical Chemistry Chemical Physics,1463-9076,2016
3425,Ca8.94CeP7O28Eu0.06,Ca8.94CeP7O28,Eu,2 ,0.06,,,,298,377,,,39,,,320,,,,2.478566496,301,377,https://doi.org/10.1039/C6CP05490K,RSC,,,0.990518873,Physical Chemistry Chemical Physics,1463-9076,2016
3426,Ca8.92CeP7O28Eu0.08,Ca8.92CeP7O28,Eu,2 ,0.08,,,,298,377,,,31,,,320,,,,,,377,https://doi.org/10.1039/C6CP05490K,RSC,,,1.235897569,Physical Chemistry Chemical Physics,1463-9076,2016
3427,Ca8.9CeP7O28Eu0.1,Ca8.9CeP7O28,Eu,2 ,0.1,,,,298,502,,,27,,,320,,,,2.390935107,246,377,https://doi.org/10.1039/C6CP05490K,RSC,,,1.002259298,Physical Chemistry Chemical Physics,1463-9076,2016
3428,Ca8.88CeP7O28Eu0.12,Ca8.88CeP7O28,Eu,2 ,0.12,,,,298,502,,,21,,,320,,,,,,377,https://doi.org/10.1039/C6CP05490K,RSC,,,1.439928861,Physical Chemistry Chemical Physics,1463-9076,2016
3429,Ca8.86CeP7O28Eu0.14,Ca8.86CeP7O28,Eu,2 ,0.14,,,,298,502,,,19,,,320,,,,2.326335861,212,377,https://doi.org/10.1039/C6CP05490K,RSC,,,1.011631585,Physical Chemistry Chemical Physics,1463-9076,2016
3430,Ca8.99CeP7O28Mn0.01,Ca8.99CeP7O28,Mn,2 ,0.01,,,,298,377,,,93,,,320,,,,2.609594409,407,377,https://doi.org/10.1039/C6CP05490K,RSC,,,1.02614038,Physical Chemistry Chemical Physics,1463-9076,2016
3431,Ca8.96CeP7O28Mn0.04,Ca8.96CeP7O28,Mn,2 ,0.04,,,,298,377,,,89,,,320,,,,,,377,https://doi.org/10.1039/C6CP05490K,RSC,,,1.120693854,Physical Chemistry Chemical Physics,1463-9076,2016
3432,Ca8.92CeP7O28Mn0.08,Ca8.92CeP7O28,Mn,2 ,0.08,,,,298,377,,,83,,,320,,,,,,377,https://doi.org/10.1039/C6CP05490K,RSC,,,1.116540729,Physical Chemistry Chemical Physics,1463-9076,2016
3433,Ca8.84CeP7O28Mn0.16,Ca8.84CeP7O28,Mn,2 ,0.16,,,,298,377,,,73,,,320,,,,2.57634135,377,377,https://doi.org/10.1039/C6CP05490K,RSC,,,1.036719029,Physical Chemistry Chemical Physics,1463-9076,2016
3434,Ca8.75CeP7O28Mn0.25,Ca8.75CeP7O28,Mn,2 ,0.25,,,,298,377,,,68,,,320,,,,2.530199698,339,377,https://doi.org/10.1039/C6CP05490K,RSC,,,1.035352479,Physical Chemistry Chemical Physics,1463-9076,2016
3435,Ca8.65CeP7O28Mn0.35,Ca8.65CeP7O28,Mn,2 ,0.35,,,,298,377,,,60,,,320,,,,,,377,https://doi.org/10.1039/C6CP05490K,RSC,,,1.112981358,Physical Chemistry Chemical Physics,1463-9076,2016
3436,Ca8.55CeP7O28Mn0.45,Ca8.55CeP7O28,Mn,2 ,0.45,,,,298,645,,,62,,,320,,,,,,377,https://doi.org/10.1039/C6CP05490K,RSC,,,1.534673317,Physical Chemistry Chemical Physics,1463-9076,2016
3437,Ca8.45CeP7O28Mn0.55,Ca8.45CeP7O28,Mn,2 ,0.55,,,,298,645,,,57,,,320,,,,2.501059262,317,377,https://doi.org/10.1039/C6CP05490K,RSC,,,1.038233016,Physical Chemistry Chemical Physics,1463-9076,2016
3438,Ca8.95CeP7O28Eu0.04Mn0.01,Ca8.95CeP7O28,Eu,2 ,0.04,Mn,2 ,0.01,298,377,0.224,0.337,57,,,320,,,,7.703291378,50500000,645,https://doi.org/10.1039/C6CP05490K,RSC,,,4.341202002,Physical Chemistry Chemical Physics,1463-9076,2016
3439,Ca8.92CeP7O28Eu0.04Mn0.04,Ca8.92CeP7O28,Eu,2 ,0.04,Mn,2 ,0.04,298,377,0.24,0.347,45,,,320,,,,7.72427587,53000000,645,https://doi.org/10.1039/C6CP05490K,RSC,,,4.503849152,Physical Chemistry Chemical Physics,1463-9076,2016
3440,Ca8.88CeP7O28Eu0.04Mn0.08,Ca8.88CeP7O28,Eu,2 ,0.04,Mn,2 ,0.08,298,377,0.333,0.31,42,,,320,,,,7.759667845,57500000,645,https://doi.org/10.1039/C6CP05490K,RSC,,,4.796614021,Physical Chemistry Chemical Physics,1463-9076,2016
3441,Ca8.8CeP7O28Eu0.04Mn0.16,Ca8.8CeP7O28,Eu,2 ,0.04,Mn,2 ,0.16,298,377,0.391,0.291,40,,,320,,,,7.875061263,75000000,645,https://doi.org/10.1039/C6CP05490K,RSC,,,5.935144072,Physical Chemistry Chemical Physics,1463-9076,2016
3442,Ca8.71CeP7O28Eu0.04Mn0.25,Ca8.71CeP7O28,Eu,2 ,0.04,Mn,2 ,0.25,298,377,0.442,0.294,35,,,320,,,,7.886490725,77000000,645,https://doi.org/10.1039/C6CP05490K,RSC,,,6.065261792,Physical Chemistry Chemical Physics,1463-9076,2016
3443,Ca8.61CeP7O28Eu0.04Mn0.35,Ca8.61CeP7O28,Eu,2 ,0.04,Mn,2 ,0.35,298,645,0.472,0.28,35,,,320,,,,7.86923172,74000000,645,https://doi.org/10.1039/C6CP05490K,RSC,,,5.870085212,Physical Chemistry Chemical Physics,1463-9076,2016
3444,Ca8.51CeP7O28Eu0.04Mn0.45,Ca8.51CeP7O28,Eu,2 ,0.04,Mn,2 ,0.45,298,645,0.507,0.292,33,,,320,,,,7.832508913,68000000,645,https://doi.org/10.1039/C6CP05490K,RSC,,,5.479732051,Physical Chemistry Chemical Physics,1463-9076,2016
3445,Ca8.41CeP7O28Eu0.04Mn0.55,Ca8.41CeP7O28,Eu,2 ,0.04,Mn,2 ,0.55,298,645,0.55,0.294,27,,,320,,,,7.806179974,64000000,645,https://doi.org/10.1039/C6CP05490K,RSC,,,5.219496611,Physical Chemistry Chemical Physics,1463-9076,2016
3446,Ca8.95CeP7O28Eu0.04Mn0.01,Ca8.95CeP7O28,Eu,2 ,0.04,Mn,2 ,0.01,298,,0.259,0.412,,,,350,,,,,,,https://doi.org/10.1039/C6CP05490K,RSC,,,0.980813701,Physical Chemistry Chemical Physics,1463-9076,2016
3447,Ca8.92CeP7O28Eu0.04Mn0.04,Ca8.92CeP7O28,Eu,2 ,0.04,Mn,2 ,0.04,298,,0.265,0.417,,,,350,,,,,,,https://doi.org/10.1039/C6CP05490K,RSC,,,0.980727589,Physical Chemistry Chemical Physics,1463-9076,2016
3448,Ca8.88CeP7O28Eu0.04Mn0.08,Ca8.88CeP7O28,Eu,2 ,0.04,Mn,2 ,0.08,298,,0.306,0.393,,,,350,,,,,,,https://doi.org/10.1039/C6CP05490K,RSC,,,0.980594557,Physical Chemistry Chemical Physics,1463-9076,2016
3449,Ca8.8CeP7O28Eu0.04Mn0.16,Ca8.8CeP7O28,Eu,2 ,0.04,Mn,2 ,0.16,298,,0.27,0.424,,,,350,,,,,,,https://doi.org/10.1039/C6CP05490K,RSC,,,0.980427674,Physical Chemistry Chemical Physics,1463-9076,2016
3450,Ca8.71CeP7O28Eu0.04Mn0.25,Ca8.71CeP7O28,Eu,2 ,0.04,Mn,2 ,0.25,298,,0.351,0.356,,,,350,,,,,,,https://doi.org/10.1039/C6CP05490K,RSC,,,0.98025031,Physical Chemistry Chemical Physics,1463-9076,2016
3451,Ca8.61CeP7O28Eu0.04Mn0.35,Ca8.61CeP7O28,Eu,2 ,0.04,Mn,2 ,0.35,298,,0.369,0.33,,,,350,,,,,,,https://doi.org/10.1039/C6CP05490K,RSC,,,0.980006339,Physical Chemistry Chemical Physics,1463-9076,2016
3452,Ca8.51CeP7O28Eu0.04Mn0.45,Ca8.51CeP7O28,Eu,2 ,0.04,Mn,2 ,0.45,298,,0.404,0.32,,,,350,,,,,,,https://doi.org/10.1039/C6CP05490K,RSC,,,0.97971367,Physical Chemistry Chemical Physics,1463-9076,2016
3453,Ca8.41CeP7O28Eu0.04Mn0.55,Ca8.41CeP7O28,Eu,2 ,0.04,Mn,2 ,0.55,298,,0.46,0.331,,,,350,,,,,,,https://doi.org/10.1039/C6CP05490K,RSC,,,0.979373144,Physical Chemistry Chemical Physics,1463-9076,2016
3454,RbCaGdP2O8Ce0.1,RbCaGdP2O8,Ce,3 ,0.1,,,,298,408,0.1701,0.0294,82.77,,,334,334,285,,1.654080235,45.09,408,https://doi.org/10.1016/j.optmat.2016.02.026,ESV,,,1.043084934,Optical Materials,0925-3467,2016
3455,RbCaGdP2O8Ce0.1Mn0.16,RbCaGdP2O8,Ce,3 ,0.1,Mn,2 ,0.16,298,408,0.2883,0.272,46.62,,,334,334,285,,1.627058464,42.37,408,https://doi.org/10.1016/j.optmat.2016.02.026,ESV,,,1.088841549,Optical Materials,0925-3467,2016
3456,RbCaGdP2O8Ce0.1Mn0.25,RbCaGdP2O8,Ce,3 ,0.1,Mn,2 ,0.25,298,408,0.318,0.3312,34.06,,,334,334,285,,1.422097163,26.43,408,https://doi.org/10.1016/j.optmat.2016.02.026,ESV,,,1.107540354,Optical Materials,0925-3467,2016
3457,RbCaGdP2O8Ce0.1Mn0.3,RbCaGdP2O8,Ce,3 ,0.1,Mn,2 ,0.3,298,408,0.3509,0.3856,25.22,,,334,334,285,,1.258637283,18.14,408,https://doi.org/10.1016/j.optmat.2016.02.026,ESV,,,1.112036098,Optical Materials,0925-3467,2016
3458,RbCaGdP2O8Ce0.1Mn0.35,RbCaGdP2O8,Ce,3 ,0.1,Mn,2 ,0.35,298,566,0.3766,0.4209,21.49,,,334,334,285,,1.187802639,15.41,408,https://doi.org/10.1016/j.optmat.2016.02.026,ESV,,,1.0948978,Optical Materials,0925-3467,2016
3459,KSrGdP2O8Ce0.04,KSrGdP2O8,Ce,3 ,0.04,,,,298,370,,,96,,,280,280,320,,1.801197834,63.27,370,https://doi.org/10.1039/C2DT31957H,RSC,,,1.068263207,Dalton Transactions,1477-9226,2012
3460,KSrGdP2O8Ce0.04Tb0.03,KSrGdP2O8,Ce,3 ,0.04,Tb,3,0.03,298,370,,,90,,,280,,,,1.675228254,47.34,370,https://doi.org/10.1039/C2DT31957H,RSC,,,1.074450178,Dalton Transactions,1477-9226,2012
3461,KSrGdP2O8Ce0.04Tb0.07,KSrGdP2O8,Ce,3 ,0.04,Tb,3,0.07,298,370,,,91,,,280,,,,,,,https://doi.org/10.1039/C2DT31957H,RSC,,,1.040774038,Dalton Transactions,1477-9226,2012
3462,KSrGdP2O8Ce0.04Tb0.1,KSrGdP2O8,Ce,3 ,0.04,Tb,3,0.1,298,545,,,93,,,280,,,,,,,https://doi.org/10.1039/C2DT31957H,RSC,,,1.003673029,Dalton Transactions,1477-9226,2012
3463,KSrGdP2O8Ce0.04Tb0.13,KSrGdP2O8,Ce,3 ,0.04,Tb,3,0.13,298,545,,,95,,,280,,,,1.458184436,28.72,370,https://doi.org/10.1039/C2DT31957H,RSC,,,1.021755977,Dalton Transactions,1477-9226,2012
3464,KSrGdP2O8Ce0.04Tb0.16,KSrGdP2O8,Ce,3 ,0.04,Tb,3,0.16,298,545,,,95,,,280,,,,,,,https://doi.org/10.1039/C2DT31957H,RSC,,,1.003474039,Dalton Transactions,1477-9226,2012
3465,KSrGdP2O8Ce0.04Tb0.2,KSrGdP2O8,Ce,3 ,0.04,Tb,3,0.2,298,545,,,97,,,280,,,,1.220892249,16.63,370,https://doi.org/10.1039/C2DT31957H,RSC,,,1.02723967,Dalton Transactions,1477-9226,2012
3466,KSrGdP2O8Ce0.04Tb0.25,KSrGdP2O8,Ce,3 ,0.04,Tb,3,0.25,298,545,,,99,,,280,,,,,,,https://doi.org/10.1039/C2DT31957H,RSC,,,1.001019144,Dalton Transactions,1477-9226,2012
3467,KSrGdP2O8Ce0.04Mn0.03,KSrGdP2O8,Ce,3 ,0.04,Mn,2,0.03,298,370,,,74,,,280,,,,,,,https://doi.org/10.1039/C2DT31957H,RSC,,,1.02573881,Dalton Transactions,1477-9226,2012
3468,KSrGdP2O8Ce0.04Mn0.07,KSrGdP2O8,Ce,3 ,0.04,Mn,2,0.07,298,555,,,78,,,280,,,,,,,https://doi.org/10.1039/C2DT31957H,RSC,,,1.01070529,Dalton Transactions,1477-9226,2012
3469,KSrGdP2O8Ce0.04Mn0.12,KSrGdP2O8,Ce,3 ,0.04,Mn,2,0.12,298,555,,,77,,,280,,,,,,,https://doi.org/10.1039/C2DT31957H,RSC,,,1.008307813,Dalton Transactions,1477-9226,2012
3470,KSrGdP2O8Ce0.04Mn0.16,KSrGdP2O8,Ce,3 ,0.04,Mn,2,0.16,298,555,,,80,,,280,,,,,,,https://doi.org/10.1039/C2DT31957H,RSC,,,1.006834242,Dalton Transactions,1477-9226,2012
3471,KSrGdP2O8Ce0.04Mn0.2,KSrGdP2O8,Ce,3 ,0.04,Mn,2,0.2,298,555,,,83,,,280,,,,,,,https://doi.org/10.1039/C2DT31957H,RSC,,,1.005526132,Dalton Transactions,1477-9226,2012
3472,KSrGdP2O8Ce0.04Mn0.25,KSrGdP2O8,Ce,3 ,0.04,Mn,2,0.25,298,555,,,87,,,280,,,,,,,https://doi.org/10.1039/C2DT31957H,RSC,,,1.004167674,Dalton Transactions,1477-9226,2012
3473,KSrGdP2O8Ce0.04Mn0.3,KSrGdP2O8,Ce,3 ,0.04,Mn,2,0.3,298,555,,,85,,,280,,,,,,,https://doi.org/10.1039/C2DT31957H,RSC,,,1.002115901,Dalton Transactions,1477-9226,2012
3474,Ba8.91Sc2Si6O24Ce0.09,Ba8.91Sc2Si6O24,Ce,3 ,0.09,,,,298,390,0.18,0.078,30.3,,,330,,,,,,,https://doi.org/10.1039/C5RA10945K,RSC,mp-558428,,1.732681307,RSC Advances,2046-2069,2015
3475,Ba8.91Sc2Si6O24Eu0.09,Ba8.91Sc2Si6O24,Eu,2,0.09,,,,298,510,0.164,0.349,19.3,,,330,,,,,,,https://doi.org/10.1039/C5RA10945K,RSC,mp-558428,,3.650997623,RSC Advances,2046-2069,2015
3476,Ba8.91Sc1.64Si6O24Ce0.09Mn0.36,Ba8.91Sc1.64Si6O24,Ce,3 ,0.09,Mn,2,0.36,298,390,0.498,0.259,56.7,,,330,,,,,,,https://doi.org/10.1039/C5RA10945K,RSC,mp-558428,,1.617334502,RSC Advances,2046-2069,2015
3477,Ca2SrAl2O6Li0.01Ce0.01,Ca2SrAl2O6Li0.01,Ce,3 ,0.01,,,,298,470,0.229,0.318,33.6,,,355,355,290,,1.651278014,44.8,470,https://doi.org/10.1039/C3DT52832D,RSC,,,1.010895508,Dalton Transactions,1477-9226,2014
3478,Li2SrSiO4Eu0.01Ce0.0025,Li2SrSiO4,Eu,2,0.01,Ce,3 ,0.0025,298,413,0.38,0.35,,,,361,361,,,,,413,https://doi.org/10.1016/j.jlumin.2008.05.021,ESV,mp-1191141, icsd-167334,1.029859722,Journal of Luminescence,0022-2313,2008
3479,Li2SrSiO4Eu0.01Ce0.005,Li2SrSiO4,Eu,2,0.01,Ce,3 ,0.005,298,413,0.32,0.27,,,,361,361,,,,,413,https://doi.org/10.1016/j.jlumin.2008.05.021,ESV,mp-1191141, icsd-167334,1.029895286,Journal of Luminescence,0022-2313,2008
3480,Li2SrSiO4Eu0.01Ce0.0075,Li2SrSiO4,Eu,2,0.01,Ce,3 ,0.0075,298,413,0.3,0.24,,,,361,361,,,,,413,https://doi.org/10.1016/j.jlumin.2008.05.021,ESV,mp-1191141, icsd-167334,1.029929809,Journal of Luminescence,0022-2313,2008
3481,Li2SrSiO4Eu0.01Ce0.01,Li2SrSiO4,Eu,2,0.01,Ce,3 ,0.01,298,413,0.31,0.25,,,,361,361,,,,,413,https://doi.org/10.1016/j.jlumin.2008.05.021,ESV,mp-1191141, icsd-167334,1.0299633,Journal of Luminescence,0022-2313,2008
3482,Ca3.96Si2O7F2Ce0.04,Ca3.96Si2O7F2,Ce,3 ,0.04,,,,298,450,0.24,0.38,,,,330,330,,,,,450,https://doi.org/10.1016/j.matlet.2012.02.095,ESV,mp-560163, icsd-64710,1.051934711,Materials Letters,0167-577X,2012
3483,Ca3.92Si2O7F2Ce0.04Mn0.04,Ca3.92Si2O7F2,Ce,3 ,0.04,Mn,2,0.04,298,450,0.29,0.39,,,,330,,,,,,,https://doi.org/10.1016/j.matlet.2012.02.095,ESV,mp-560163, icsd-64710,1.017428021,Materials Letters,0167-577X,2012
3484,Ca3.88Si2O7F2Ce0.04Mn0.08,Ca3.88Si2O7F2,Ce,3 ,0.04,Mn,2,0.08,298,580,0.35,0.42,,,,330,,,,,,,https://doi.org/10.1016/j.matlet.2012.02.095,ESV,mp-560163, icsd-64710,1.017434878,Materials Letters,0167-577X,2012
3485,Ca3.84Si2O7F2Ce0.04Mn0.12,Ca3.84Si2O7F2,Ce,3 ,0.04,Mn,2,0.12,298,580,0.4,0.44,,,,330,,,,,,,https://doi.org/10.1016/j.matlet.2012.02.095,ESV,mp-560163, icsd-64710,1.02141669,Materials Letters,0167-577X,2012
3486,Ca3.76Si2O7F2Ce0.04Mn0.2,Ca3.76Si2O7F2,Ce,3 ,0.04,Mn,2,0.2,298,580,0.48,0.45,,,,330,,,,,,,https://doi.org/10.1016/j.matlet.2012.02.095,ESV,mp-560163, icsd-64710,1.018735947,Materials Letters,0167-577X,2012
3487,Ca4.437Sr4.5YP7O28Eu0.007,Ca4.437Sr4.5YP7O28,Eu,2,0.007,,,,298,435,0.162,0.098,,,,380,,,,,,,https://doi.org/10.1039/C1JM11018G,RSC,,,1.420111547,Journal of Materials Chemistry,0959-9428,2011
3488,Ca6.237Sr2.7YP7O28Eu0.007,Ca6.237Sr2.7YP7O28,Eu,2,0.007,,,,298,442,0.175,0.134,,,,380,,,,,,,https://doi.org/10.1039/C1JM11018G,RSC,,,1.078600965,Journal of Materials Chemistry,0959-9428,2011
3489,Ca6.687Sr2.25YP7O28Eu0.007,Ca6.687Sr2.25YP7O28,Eu,2,0.007,,,,298,446,0.181,0.154,,,,380,,,,,,,https://doi.org/10.1039/C1JM11018G,RSC,,,1.042708793,Journal of Materials Chemistry,0959-9428,2011
3490,Ca7.137Sr1.8YP7O28Eu0.007,Ca7.137Sr1.8YP7O28,Eu,2,0.007,,,,298,454,0.193,0.189,,,,380,,,,,,,https://doi.org/10.1039/C1JM11018G,RSC,,,0.989783222,Journal of Materials Chemistry,0959-9428,2011
3491,Ca7.587Sr1.35YP7O28Eu0.007,Ca7.587Sr1.35YP7O28,Eu,2,0.007,,,,298,458,0.192,0.2,,,,380,,,,,,,https://doi.org/10.1039/C1JM11018G,RSC,,,0.969965765,Journal of Materials Chemistry,0959-9428,2011
3492,Ca8.037Sr0.9YP7O28Eu0.007,Ca8.037Sr0.9YP7O28,Eu,2,0.007,,,,298,465,0.191,0.21,,,,380,,,,,,,https://doi.org/10.1039/C1JM11018G,RSC,,,0.972069991,Journal of Materials Chemistry,0959-9428,2011
3493,Ca8.487Sr0.45YP7O28Eu0.007,Ca8.487Sr0.45YP7O28,Eu,2,0.007,,,,298,472,0.186,0.25,,,,380,,,,,,,https://doi.org/10.1039/C1JM11018G,RSC,,,0.972369416,Journal of Materials Chemistry,0959-9428,2011
3494,Ca8.937YP7O28Eu0.007,Ca8.937YP7O28,Eu,2,0.007,,,,298,486,0.179,0.301,,,,380,,,,,,,https://doi.org/10.1039/C1JM11018G,RSC,,,1.471151941,Journal of Materials Chemistry,0959-9428,2011
3495,Ca8.487Sr0.45YP7O28Eu0.007,Ca8.487Sr0.45YP7O28,Eu,2,0.007,,,,298,487,0.195,0.329,,,,380,,,,,,,https://doi.org/10.1039/C1JM11018G,RSC,,,0.972999642,Journal of Materials Chemistry,0959-9428,2011
3496,Ca8.037Sr0.9YP7O28Eu0.007,Ca8.037Sr0.9YP7O28,Eu,2,0.007,,,,298,489,0.204,0.338,,,,380,,,,,,,https://doi.org/10.1039/C1JM11018G,RSC,,,0.978823737,Journal of Materials Chemistry,0959-9428,2011
3497,Ca7.587Sr1.35YP7O28Eu0.007,Ca7.587Sr1.35YP7O28,Eu,2,0.007,,,,298,492,0.217,0.353,,,,380,,,,,,,https://doi.org/10.1039/C1JM11018G,RSC,,,0.979639417,Journal of Materials Chemistry,0959-9428,2011
3498,Ca7.137Sr1.8YP7O28Eu0.007,Ca7.137Sr1.8YP7O28,Eu,2,0.007,,,,298,494,0.223,0.369,,,,380,,,,,,,https://doi.org/10.1039/C1JM11018G,RSC,,,0.978483138,Journal of Materials Chemistry,0959-9428,2011
3499,Ca6.687Sr2.25YP7O28Eu0.007,Ca6.687Sr2.25YP7O28,Eu,2,0.007,,,,298,496,0.238,0.383,,,,380,,,,,,,https://doi.org/10.1039/C1JM11018G,RSC,,,0.975363025,Journal of Materials Chemistry,0959-9428,2011
3500,Ca6.237Sr2.7YP7O28Eu0.007,Ca6.237Sr2.7YP7O28,Eu,2,0.007,,,,298,502,0.249,0.413,,,,380,,,,,,,https://doi.org/10.1039/C1JM11018G,RSC,,,0.99781816,Journal of Materials Chemistry,0959-9428,2011
3501,Ca4.437Sr4.5YP7O28Eu0.007,Ca4.437Sr4.5YP7O28,Eu,2,0.007,,,,298,508,0.273,0.459,,,,380,,,,2.996949248,993,508,https://doi.org/10.1039/C1JM11018G,RSC,,,1.183250295,Journal of Materials Chemistry,0959-9428,2011
3502,Ca4.392Sr4.5YP7O28Eu0.007Mn0.005,Ca4.392Sr4.5YP7O28,Eu,2,0.007,Mn,2,0.005,298,508,0.3,0.451,,,,380,,,,2.963787827,920,508,https://doi.org/10.1039/C1JM11018G,RSC,,,1.152837062,Journal of Materials Chemistry,0959-9428,2011
3503,Ca4.347Sr4.5YP7O28Eu0.007Mn0.01,Ca4.347Sr4.5YP7O28,Eu,2,0.007,Mn,2,0.01,298,508,0.321,0.443,,,,380,,,,2.936010796,863,508,https://doi.org/10.1039/C1JM11018G,RSC,,,1.131213541,Journal of Materials Chemistry,0959-9428,2011
3504,Ca4.257Sr4.5YP7O28Eu0.007Mn0.02,Ca4.257Sr4.5YP7O28,Eu,2,0.007,Mn,2,0.02,298,508,0.358,0.431,,,,380,,,,2.843232778,697,508,https://doi.org/10.1039/C1JM11018G,RSC,,,1.051976619,Journal of Materials Chemistry,0959-9428,2011
3505,Ca4.167Sr4.5YP7O28Eu0.007Mn0.03,Ca4.167Sr4.5YP7O28,Eu,2,0.007,Mn,2,0.03,298,632,0.396,0.415,,,,380,,,,2.745074792,556,508,https://doi.org/10.1039/C1JM11018G,RSC,,,1.015965825,Journal of Materials Chemistry,0959-9428,2011
3506,Ca3.987Sr4.5YP7O28Eu0.007Mn0.05,Ca3.987Sr4.5YP7O28,Eu,2,0.007,Mn,2,0.05,298,632,0.462,0.389,,,,380,,,,2.547774705,353,508,https://doi.org/10.1039/C1JM11018G,RSC,,,1.035160132,Journal of Materials Chemistry,0959-9428,2011
3507,Ca3.807Sr4.5YP7O28Eu0.007Mn0.07,Ca3.807Sr4.5YP7O28,Eu,2,0.007,Mn,2,0.07,298,632,0.542,0.368,,,,380,,,,2.324282455,211,508,https://doi.org/10.1039/C1JM11018G,RSC,,,1.063382458,Journal of Materials Chemistry,0959-9428,2011
3508,Ca3.537Sr4.5YP7O28Eu0.007Mn0.1,Ca3.537Sr4.5YP7O28,Eu,2,0.007,Mn,2,0.1,298,632,0.565,0.36,,,,380,,,,1.838219222,68.9,508,https://doi.org/10.1039/C1JM11018G,RSC,,,1.044944869,Journal of Materials Chemistry,0959-9428,2011
3509,Na2CaPO4FEu0.02,Na2CaPO4F,Eu,2,0.02,,,,298,506,,,,,428,390,390,,,,,506,https://doi.org/10.1016/j.jlumin.2011.02.034,ESV,"mp-559376,mp-39260", icsd-158183,1.041348966,Journal of Luminescence,0022-2313,2011
3510,Ba2Zn0.99S3Mn0.01,Ba2Zn0.99S3,Mn,2,0.01,,,,298,625,0.654,0.321,,,,358,358,,,,,625,https://doi.org/10.1088/0022-3727/39/13/011,IOP,"mp-5587,mp-1190623", icsd-653999 icsd-25554 icsd-262215,1.155197558,Journal of Physics D: Applied Physics,0022-3727,2006
3511,Ca2.9925Si2O4N2Eu0.0025,Ca2.9925Si2O4N2,Eu,2,0.0025,,,,298,509,0.25,0.5,,,,330,,,,,,,https://doi.org/10.1364/OE.19.00A331,OSA,,,1.080812469,Optics Express,1094-4087,2011
3512,Ca2.985Si2O4N2Eu0.005,Ca2.985Si2O4N2,Eu,2,0.005,,,,298,510,0.26,0.5,,,,330,,,,,,,https://doi.org/10.1364/OE.19.00A331,OSA,,,1.077052617,Optics Express,1094-4087,2011
3513,Ca2.97Si2O4N2Eu0.01,Ca2.97Si2O4N2,Eu,2,0.01,,,,298,510,0.26,0.51,,,478,330,,,,,,,https://doi.org/10.1364/OE.19.00A331,OSA,,,1.070718296,Optics Express,1094-4087,2011
3514,Ca2.91Si2O4N2Eu0.03,Ca2.91Si2O4N2,Eu,2,0.03,,,,298,511,0.29,0.49,,,,330,,,,,,,https://doi.org/10.1364/OE.19.00A331,OSA,,,1.04185767,Optics Express,1094-4087,2011
3515,Ca2.85Si2O4N2Eu0.05,Ca2.85Si2O4N2,Eu,2,0.05,,,,298,514,0.33,0.51,,,,330,,,,,,,https://doi.org/10.1364/OE.19.00A331,OSA,,,1.022452492,Optics Express,1094-4087,2011
3516,Ca2.79Si2O4N2Eu0.07,Ca2.79Si2O4N2,Eu,2,0.07,,,,298,522,0.35,0.52,,,,330,,,,,,,https://doi.org/10.1364/OE.19.00A331,OSA,,,1.017789995,Optics Express,1094-4087,2011
3517,Ca2.73Si2O4N2Eu0.09,Ca2.73Si2O4N2,Eu,2,0.09,,,,298,553,0.42,0.52,,,,330,,,,,,,https://doi.org/10.1364/OE.19.00A331,OSA,,,1.016195894,Optics Express,1094-4087,2011
3524,Ba1.28Ca0.7SiO4Eu0.02,Ba1.28Ca0.7SiO4,Eu,2,0.02,,,,298,500,0.165,0.248,53,,,390,300,,,,,500,https://doi.org/10.1021/ic501423p,ESV,mp-17612, icsd-291359 icsd-291355 icsd-6246 icsd-28476,1.116453704,Inorganic Chemistry,0020-1669,2014
3525,Ba1.28Ca0.7SiO4Eu0.02,Ba1.28Ca0.7SiO4,Eu,2,0.02,,,,298,500,,,,,,355,,,,2.781755375,605,490,https://doi.org/10.1021/ic501423p,ESV,mp-17612, icsd-291359 icsd-291355 icsd-6246 icsd-28476,1.017614627,Inorganic Chemistry,0020-1669,2014
3526,Ba1.28Ca0.69SiO4Eu0.02Mn0.01,Ba1.28Ca0.69SiO4,Eu,2,0.02,Mn,2,0.01,298,500,0.292,0.352,48,,,390,,,,,,,https://doi.org/10.1021/ic501423p,ESV,mp-17612, icsd-291359 icsd-291355 icsd-6246 icsd-28476,1.102705993,Inorganic Chemistry,0020-1669,2014
3527,Ba1.28Ca0.68SiO4Eu0.02Mn0.02,Ba1.28Ca0.68SiO4,Eu,2,0.02,Mn,2,0.02,298,500,0.345,0.375,43,,,390,,,,,,,https://doi.org/10.1021/ic501423p,ESV,mp-17612, icsd-291359 icsd-291355 icsd-6246 icsd-28476,1.101290612,Inorganic Chemistry,0020-1669,2014
3528,Ba1.28Ca0.68SiO4Eu0.02Mn0.02,Ba1.28Ca0.68SiO4,Eu,2,0.02,Mn,2,0.02,298,,,,,,,355,,,,2.706717782,509,490,https://doi.org/10.1021/ic501423p,ESV,mp-17612, icsd-291359 icsd-291355 icsd-6246 icsd-28476,1.043630263,Inorganic Chemistry,0020-1669,2014
3529,Ba1.28Ca0.67SiO4Eu0.02Mn0.03,Ba1.28Ca0.67SiO4,Eu,2,0.02,Mn,2,0.03,298,610,0.38,0.372,38,,,390,,,,,,,https://doi.org/10.1021/ic501423p,ESV,mp-17612, icsd-291359 icsd-291355 icsd-6246 icsd-28476,0.996815072,Inorganic Chemistry,0020-1669,2014
3530,Ba1.28Ca0.66SiO4Eu0.02Mn0.04,Ba1.28Ca0.66SiO4,Eu,2,0.02,Mn,2,0.04,298,610,0.42,0.378,32,,,390,300,,,,,500,https://doi.org/10.1021/ic501423p,ESV,mp-17612, icsd-291359 icsd-291355 icsd-6246 icsd-28476,1.11581287,Inorganic Chemistry,0020-1669,2014
3531,Ba1.28Ca0.66SiO4Eu0.02Mn0.04,Ba1.28Ca0.66SiO4,Eu,2,0.02,Mn,2,0.04,298,,,,,,,355,,,,2.64246452,439,490,https://doi.org/10.1021/ic501423p,ESV,mp-17612, icsd-291359 icsd-291355 icsd-6246 icsd-28476,1.203463615,Inorganic Chemistry,0020-1669,2014
3532,Ba1.28Ca0.64SiO4Eu0.02Mn0.06,Ba1.28Ca0.64SiO4,Eu,2,0.02,Mn,2,0.06,298,610,0.463,0.372,28,,,390,,,,,,,https://doi.org/10.1021/ic501423p,ESV,mp-17612, icsd-291359 icsd-291355 icsd-6246 icsd-28476,0.996851237,Inorganic Chemistry,0020-1669,2014
3533,Ba1.28Ca0.64SiO4Eu0.02Mn0.06,Ba1.28Ca0.64SiO4,Eu,2,0.02,Mn,2,0.06,298,,,,,,,355,,,,2.589949601,389,490,https://doi.org/10.1021/ic501423p,ESV,mp-17612, icsd-291359 icsd-291355 icsd-6246 icsd-28476,1.18005375,Inorganic Chemistry,0020-1669,2014
3534,Ba1.28Ca0.62SiO4Eu0.02Mn0.08,Ba1.28Ca0.62SiO4,Eu,2,0.02,Mn,2,0.08,298,610,0.499,0.37,20,,,390,,,,,,,https://doi.org/10.1021/ic501423p,ESV,mp-17612, icsd-291359 icsd-291355 icsd-6246 icsd-28476,0.999769898,Inorganic Chemistry,0020-1669,2014
3535,Ba1.28Ca0.6SiO4Eu0.02Mn0.1,Ba1.28Ca0.6SiO4,Eu,2,0.02,Mn,2,0.1,298,610,0.517,0.363,11,,,390,,,,,,,https://doi.org/10.1021/ic501423p,ESV,mp-17612, icsd-291359 icsd-291355 icsd-6246 icsd-28476,0.997331404,Inorganic Chemistry,0020-1669,2014
3536,Ba1.28Ca0.6SiO4Eu0.02Mn0.1,Ba1.28Ca0.6SiO4,Eu,2,0.02,Mn,2,0.1,298,,,,,,,355,,,,2.484299839,305,490,https://doi.org/10.1021/ic501423p,ESV,mp-17612, icsd-291359 icsd-291355 icsd-6246 icsd-28476,1.118352408,Inorganic Chemistry,0020-1669,2014
3537,Ba1.28Ca0.58SiO4Eu0.02Mn0.12,Ba1.28Ca0.58SiO4,Eu,2,0.02,Mn,2,0.12,298,610,0.539,0.361,8,,,390,,,,,,,https://doi.org/10.1021/ic501423p,ESV,mp-17612, icsd-291359 icsd-291355 icsd-6246 icsd-28476,0.999347154,Inorganic Chemistry,0020-1669,2014
3538,Sr8.97ScP7O28Eu0.03,Sr8.97ScP7O28,Eu,2,0.03,,,,298,510,0.385,0.5,,,,365,,,,2.80140371,633,510,https://doi.org/10.1002/ejic.201301216,Wiley,,,1.502765293,European Journal of Inorganic Chemistry,1434-1948,2013
3539,Sr8.965ScP7O28Eu0.03Mn0.05,Sr8.965ScP7O28,Eu,2,0.03,Mn,2,0.05,298,610,0.421,0.48,,,,365,,,,2.763427994,580,510,https://doi.org/10.1002/ejic.201301216,Wiley,,,1.51048741,European Journal of Inorganic Chemistry,1434-1948,2013
3540,Sr8.96ScP7O28Eu0.03Mn0.1,Sr8.96ScP7O28,Eu,2,0.03,Mn,2,0.1,298,610,0.437,0.475,,,,365,,,,2.72427587,530,510,https://doi.org/10.1002/ejic.201301216,Wiley,,,1.514283096,European Journal of Inorganic Chemistry,1434-1948,2013
3541,Sr8.95ScP7O28Eu0.03Mn0.2,Sr8.95ScP7O28,Eu,2,0.03,Mn,2,0.2,298,610,0.442,0.473,,,,365,,,,2.688419822,488,510,https://doi.org/10.1002/ejic.201301216,Wiley,,,1.496585888,European Journal of Inorganic Chemistry,1434-1948,2013
3542,Sr8.94ScP7O28Eu0.03Mn0.3,Sr8.94ScP7O28,Eu,2,0.03,Mn,2,0.3,298,610,0.447,0.47,,,,365,,,,2.658964843,456,510,https://doi.org/10.1002/ejic.201301216,Wiley,,,1.419595539,European Journal of Inorganic Chemistry,1434-1948,2013
3543,Ca5P3O12FEu0.025,Ca5P3O12F,Eu,2,0.025,,,,298,449,0.17,0.12,,21.7,,335,,,,1.944482672,88,449,https://doi.org/10.1002/ejic.201402187,Wiley,"mp-6473,mp-1227110", icsd-240629 icsd-94082 icsd-24236 icsd-38118 icsd-240658 icsd-163790 icsd-236762 icsd-94081 icsd-94083 icsd-30261 icsd-56314 icsd-84227 icsd-180314 icsd-193552 icsd-262707 icsd-52385 icsd-240657 icsd-56313,1.050213797,European Journal of Inorganic Chemistry,1434-1948,2014
3544,Ca5P3O12FEu0.025Mn0.01,Ca5P3O12F,Eu,2,0.025,Mn,2,0.01,298,449,0.21,0.22,,,,335,,,,1.763427994,58,449,https://doi.org/10.1002/ejic.201402187,Wiley,"mp-6473,mp-1227110", icsd-240629 icsd-94082 icsd-24236 icsd-38118 icsd-240658 icsd-163790 icsd-236762 icsd-94081 icsd-94083 icsd-30261 icsd-56314 icsd-84227 icsd-180314 icsd-193552 icsd-262707 icsd-52385 icsd-240657 icsd-56313,0.999157243,European Journal of Inorganic Chemistry,1434-1948,2014
3545,Ca5P3O12FEu0.025Mn0.04,Ca5P3O12F,Eu,2,0.025,Mn,2,0.04,298,570,0.295,0.33,,,,335,,,,1.681241237,48,449,https://doi.org/10.1002/ejic.201402187,Wiley,"mp-6473,mp-1227110", icsd-240629 icsd-94082 icsd-24236 icsd-38118 icsd-240658 icsd-163790 icsd-236762 icsd-94081 icsd-94083 icsd-30261 icsd-56314 icsd-84227 icsd-180314 icsd-193552 icsd-262707 icsd-52385 icsd-240657 icsd-56313,0.996170678,European Journal of Inorganic Chemistry,1434-1948,2014
3546,Ca5P3O12FEu0.025Mn0.08,Ca5P3O12F,Eu,2,0.025,Mn,2,0.08,298,570,0.34,0.435,,32.7,,335,335,,,1.447158031,28,449,https://doi.org/10.1002/ejic.201402187,Wiley,"mp-6473,mp-1227110", icsd-240629 icsd-94082 icsd-24236 icsd-38118 icsd-240658 icsd-163790 icsd-236762 icsd-94081 icsd-94083 icsd-30261 icsd-56314 icsd-84227 icsd-180314 icsd-193552 icsd-262707 icsd-52385 icsd-240657 icsd-56313,0.996236545,European Journal of Inorganic Chemistry,1434-1948,2014
3547,Ca5P3O12FEu0.025Mn0.12,Ca5P3O12F,Eu,2,0.025,Mn,2,0.12,298,570,0.37,0.465,,,,335,,,,1.414973348,26,449,https://doi.org/10.1002/ejic.201402187,Wiley,"mp-6473,mp-1227110", icsd-240629 icsd-94082 icsd-24236 icsd-38118 icsd-240658 icsd-163790 icsd-236762 icsd-94081 icsd-94083 icsd-30261 icsd-56314 icsd-84227 icsd-180314 icsd-193552 icsd-262707 icsd-52385 icsd-240657 icsd-56313,0.997014188,European Journal of Inorganic Chemistry,1434-1948,2014
3548,Mg3P2O8Eu0.04,Mg3P2O8,Eu,2,0.04,,,,298,427,0.18,0.1,,27.63,,378,378,,,2.880813592,760,427,https://doi.org/10.1002/ejic.201500236,Wiley,"mp-14396,mp-560623,mp-554171", icsd-261231 icsd-31005 icsd-9849 icsd-84710,1.255956476,European Journal of Inorganic Chemistry,1434-1948,2015
3549,Mg3P2O8Eu0.04Mn0.015,Mg3P2O8,Eu,2,0.04,Mn,2,0.015,298,427,,,,,,378,,,,2.606381365,404,427,https://doi.org/10.1002/ejic.201500236,Wiley,"mp-14396,mp-560623,mp-554171", icsd-261231 icsd-31005 icsd-9849 icsd-84710,1.030569801,European Journal of Inorganic Chemistry,1434-1948,2015
3550,Mg3P2O8Eu0.04Mn0.03,Mg3P2O8,Eu,2,0.04,Mn,2,0.03,298,427,0.265,0.15,,,,378,,,,,,427,https://doi.org/10.1002/ejic.201500236,Wiley,"mp-14396,mp-560623,mp-554171", icsd-261231 icsd-31005 icsd-9849 icsd-84710,1.03945879,European Journal of Inorganic Chemistry,1434-1948,2015
3551,Mg3P2O8Eu0.04Mn0.06,Mg3P2O8,Eu,2,0.04,Mn,2,0.06,298,427,0.305,0.18,,,,378,378,,,,,427,https://doi.org/10.1002/ejic.201500236,Wiley,"mp-14396,mp-560623,mp-554171", icsd-261231 icsd-31005 icsd-9849 icsd-84710,1.039607177,European Journal of Inorganic Chemistry,1434-1948,2015
3552,Mg3P2O8Eu0.04Mn0.09,Mg3P2O8,Eu,2,0.04,Mn,2,0.09,298,671,0.405,0.21,,58.57,,378,,,,2.472756449,297,427,https://doi.org/10.1002/ejic.201500236,Wiley,"mp-14396,mp-560623,mp-554171", icsd-261231 icsd-31005 icsd-9849 icsd-84710,1.359306851,European Journal of Inorganic Chemistry,1434-1948,2015
3553,Mg3P2O8Eu0.04Mn0.15,Mg3P2O8,Eu,2,0.04,Mn,2,0.15,298,671,0.5,0.24,,,,378,,,,2.322219295,210,427,https://doi.org/10.1002/ejic.201500236,Wiley,"mp-14396,mp-560623,mp-554171", icsd-261231 icsd-31005 icsd-9849 icsd-84710,1.347121085,European Journal of Inorganic Chemistry,1434-1948,2015
3554,Mg3P2O8Eu0.04Mn0.24,Mg3P2O8,Eu,2,0.04,Mn,2,0.24,298,671,0.58,0.27,,,,378,,,,2.170261715,148,427,https://doi.org/10.1002/ejic.201500236,Wiley,"mp-14396,mp-560623,mp-554171", icsd-261231 icsd-31005 icsd-9849 icsd-84710,1.3405376,European Journal of Inorganic Chemistry,1434-1948,2015
3555,Ca2.94Mg3P4O16Eu0.06,Ca2.94Mg3P4O16,Eu,2,0.06,,,,298,461,0.143,0.145,,,553,365,,,,1.973497309,94.08,461,https://doi.org/10.1039/C3RA40313K,RSC,mp-646967, icsd-23642,1.014524903,RSC Advances,2046-2069,2013
3556,Ca2.94Mg2.95P4O16Eu0.06Mn0.05,Ca2.94Mg2.95P4O16,Eu,2,0.06,Mn,2,0.05,298,461,0.177,0.171,,,,365,,,,,,,https://doi.org/10.1039/C3RA40313K,RSC,mp-646967, icsd-23642,1.111081272,RSC Advances,2046-2069,2013
3557,Ca2.94Mg2.9P4O16Eu0.06Mn0.1,Ca2.94Mg2.9P4O16,Eu,2,0.06,Mn,2,0.1,298,461,0.208,0.191,,,,365,,,,,,,https://doi.org/10.1039/C3RA40313K,RSC,mp-646967, icsd-23642,1.106045788,RSC Advances,2046-2069,2013
3558,Ca2.94Mg2.8P4O16Eu0.06Mn0.2,Ca2.94Mg2.8P4O16,Eu,2,0.06,Mn,2,0.2,298,461,0.252,0.213,,,,365,,,,1.60238559,40.03,461,https://doi.org/10.1039/C3RA40313K,RSC,mp-646967, icsd-23642,1.018189549,RSC Advances,2046-2069,2013
3559,Ca2.94Mg2.7P4O16Eu0.06Mn0.3,Ca2.94Mg2.7P4O16,Eu,2,0.06,Mn,2,0.3,298,461,0.29,0.228,,,493,365,,,,,,,https://doi.org/10.1039/C3RA40313K,RSC,mp-646967, icsd-23642,1.1033229,RSC Advances,2046-2069,2013
3560,Ca2.94Mg2.6P4O16Eu0.06Mn0.4,Ca2.94Mg2.6P4O16,Eu,2,0.06,Mn,2,0.4,298,650,0.317,0.232,,,,365,,,,1.271376872,18.68,461,https://doi.org/10.1039/C3RA40313K,RSC,mp-646967, icsd-23642,1.017734421,RSC Advances,2046-2069,2013
3561,Ca2.94Mg2.5P4O16Eu0.06Mn0.5,Ca2.94Mg2.5P4O16,Eu,2,0.06,Mn,2,0.5,298,650,0.328,0.23,,,,365,,,,,,,https://doi.org/10.1039/C3RA40313K,RSC,mp-646967, icsd-23642,1.061415702,RSC Advances,2046-2069,2013
3562,Ca2.94Mg2.4P4O16Eu0.06Mn0.6,Ca2.94Mg2.4P4O16,Eu,2,0.06,Mn,2,0.6,298,650,0.359,0.233,,,,365,,,,0.898176483,7.91,461,https://doi.org/10.1039/C3RA40313K,RSC,mp-646967, icsd-23642,1.018360109,RSC Advances,2046-2069,2013
3563,Ca8.91LuP7O28Eu0.01,Ca8.91LuP7O28,Eu,2,0.01,,,,298,480,0.172,0.316,,,,355,,,,2.921166051,834,480,https://doi.org/10.1021/ic101749g,ACS,,,1.078748241,Inorganic Chemistry,0020-1669,2010
3564,Ca8.82LuP7O28Eu0.01Mn0.01,Ca8.82LuP7O28,Eu,2,0.01,Mn,2,0.01,298,480,0.2,0.297,,,,355,,,,,,,https://doi.org/10.1021/ic101749g,ACS,,,0.97124104,Inorganic Chemistry,0020-1669,2010
3565,Ca8.73LuP7O28Eu0.01Mn0.02,Ca8.73LuP7O28,Eu,2,0.01,Mn,2,0.02,298,480,0.221,0.287,,,,355,,,,2.81756537,657,480,https://doi.org/10.1021/ic101749g,ACS,,,0.986014469,Inorganic Chemistry,0020-1669,2010
3566,Ca8.55LuP7O28Eu0.01Mn0.04,Ca8.55LuP7O28,Eu,2,0.01,Mn,2,0.04,298,480,0.274,0.28,,,,355,,,,2.785329835,610,480,https://doi.org/10.1021/ic101749g,ACS,,,0.988373783,Inorganic Chemistry,0020-1669,2010
3567,Ca8.46LuP7O28Eu0.01Mn0.05,Ca8.46LuP7O28,Eu,2,0.01,Mn,2,0.05,298,630,0.315,0.278,,,,355,,,,,,,https://doi.org/10.1021/ic101749g,ACS,,,1.098926796,Inorganic Chemistry,0020-1669,2010
3568,Ca8.37LuP7O28Eu0.01Mn0.06,Ca8.37LuP7O28,Eu,2,0.01,Mn,2,0.06,298,630,0.333,0.268,,,,355,,,,2.689308859,489,480,https://doi.org/10.1021/ic101749g,ACS,,,0.952210266,Inorganic Chemistry,0020-1669,2010
3569,Ca8.19LuP7O28Eu0.01Mn0.08,Ca8.19LuP7O28,Eu,2,0.01,Mn,2,0.08,298,630,0.367,0.248,,,,355,,,,2.580924976,381,480,https://doi.org/10.1021/ic101749g,ACS,,,0.948481159,Inorganic Chemistry,0020-1669,2010
3570,Ca8.01LuP7O28Eu0.01Mn0.1,Ca8.01LuP7O28,Eu,2,0.01,Mn,2,0.1,298,630,0.416,0.24,,,,355,,,,,,,https://doi.org/10.1021/ic101749g,ACS,,,1.219448883,Inorganic Chemistry,0020-1669,2010
3571,Ca5P3O12FTb0.04,Ca5P3O12F,Tb,3 ,0.04,,,,298,543,0.201,0.293,,,,255,,,,,,,https://doi.org/10.1039/C3DT52231H,RSC,"mp-6473,mp-1227110", icsd-240629 icsd-94082 icsd-24236 icsd-38118 icsd-240658 icsd-163790 icsd-236762 icsd-94081 icsd-94083 icsd-30261 icsd-56314 icsd-84227 icsd-180314 icsd-193552 icsd-262707 icsd-52385 icsd-240657 icsd-56313,1.108341181,Dalton Transactions,1477-9226,2014
3572,Ca5P3O12FTb0.04Eu0.02,Ca5P3O12F,Tb,3 ,0.04,Eu,3 ,0.02,298,543,0.213,0.248,,,,255,,,,,,,https://doi.org/10.1039/C3DT52231H,RSC,"mp-6473,mp-1227110", icsd-240629 icsd-94082 icsd-24236 icsd-38118 icsd-240658 icsd-163790 icsd-236762 icsd-94081 icsd-94083 icsd-30261 icsd-56314 icsd-84227 icsd-180314 icsd-193552 icsd-262707 icsd-52385 icsd-240657 icsd-56313,1.001101583,Dalton Transactions,1477-9226,2014
3573,Ca5P3O12FTb0.04Eu0.04,Ca5P3O12F,Tb,3 ,0.04,Eu,3 ,0.04,298,620,0.262,0.249,,,,255,,,,,,,https://doi.org/10.1039/C3DT52231H,RSC,"mp-6473,mp-1227110", icsd-240629 icsd-94082 icsd-24236 icsd-38118 icsd-240658 icsd-163790 icsd-236762 icsd-94081 icsd-94083 icsd-30261 icsd-56314 icsd-84227 icsd-180314 icsd-193552 icsd-262707 icsd-52385 icsd-240657 icsd-56313,1.009303081,Dalton Transactions,1477-9226,2014
3574,Ca5P3O12FTb0.04Eu0.06,Ca5P3O12F,Tb,3 ,0.04,Eu,3 ,0.06,298,620,0.286,0.25,,,,255,,,,,,,https://doi.org/10.1039/C3DT52231H,RSC,"mp-6473,mp-1227110", icsd-240629 icsd-94082 icsd-24236 icsd-38118 icsd-240658 icsd-163790 icsd-236762 icsd-94081 icsd-94083 icsd-30261 icsd-56314 icsd-84227 icsd-180314 icsd-193552 icsd-262707 icsd-52385 icsd-240657 icsd-56313,1.010280515,Dalton Transactions,1477-9226,2014
3575,Ca7MgSi4O16Ce0.04,Ca7MgSi4O16,Ce,3 ,0.04,,,,298,420,0.156,0.044,65,,,365,365,,,,,420,https://doi.org/10.1039/C2CP23343F,ACS,,,1.025790975,Physical Chemistry Chemical Physics,1463-9076,2012
3576,Ca7MgSi4O16Ce0.04Eu0.01,Ca7MgSi4O16,Ce,3 ,0.04,Eu,2,0.01,298,420,,,,,,365,,,,1.472756449,29.7,440,https://doi.org/10.1039/C2CP23343F,ACS,,,1.165382236,Physical Chemistry Chemical Physics,1463-9076,2012
3577,Ca7MgSi4O16Ce0.04Eu0.02,Ca7MgSi4O16,Ce,3 ,0.04,Eu,2,0.02,298,500,0.179,0.275,,,,365,,,,1.465382851,29.2,440,https://doi.org/10.1039/C2CP23343F,RSC,,,1.140362499,Physical Chemistry Chemical Physics,1463-9076,2012
3578,Ca7MgSi4O16Ce0.04Eu0.04,Ca7MgSi4O16,Ce,3 ,0.04,Eu,2,0.04,298,500,0.195,0.427,16,,,365,,,,1.440909082,27.6,440,https://doi.org/10.1039/C2CP23343F,RSC,,,1.142094328,Physical Chemistry Chemical Physics,1463-9076,2012
3579,Ca7MgSi4O16Ce0.04Eu0.05,Ca7MgSi4O16,Ce,3 ,0.04,Eu,2,0.05,298,500,,,,,,365,,,,0.939519253,8.7,440,https://doi.org/10.1039/C2CP23343F,RSC,,,1.166232547,Physical Chemistry Chemical Physics,1463-9076,2012
3580,Ca7MgSi4O16Ce0.04Eu0.06,Ca7MgSi4O16,Ce,3 ,0.04,Eu,2,0.06,298,500,,,,,,365,,,,0.812913357,6.5,440,https://doi.org/10.1039/C2CP23343F,RSC,,,1.16848327,Physical Chemistry Chemical Physics,1463-9076,2012
3581,Ca7MgSi4O16Ce0.04Eu0.07,Ca7MgSi4O16,Ce,3 ,0.04,Eu,2,0.07,298,500,,,,,,365,,,,0.462397998,2.9,440,https://doi.org/10.1039/C2CP23343F,RSC,,,1.17133793,Physical Chemistry Chemical Physics,1463-9076,2012
3582,Ca7MgSi4O16Ce0.04Eu0.08,Ca7MgSi4O16,Ce,3 ,0.04,Eu,2,0.08,298,500,,,,,,365,,,,0.146128036,1.4,440,https://doi.org/10.1039/C2CP23343F,RSC,,,1.173323723,Physical Chemistry Chemical Physics,1463-9076,2012
3583,Ca7MgSi4O16Eu0.04,Ca7MgSi4O16,Eu,2,0.04,,,,298,500,,,,,448,365,365,,,,,440,https://doi.org/10.1039/C2CP23343F,RSC,,,0.999301505,Physical Chemistry Chemical Physics,1463-9076,2012
3584,Ca9.99NaP7O28Eu0.01,Ca9.99NaP7O28,Eu,3 ,0.01,,,,298,613,0.6065,0.3928,,,,393,393,380,464,,,613,https://doi.org/10.1016/j.saa.2010.12.038,ESV,mp-1221168,,1.216750967,Spectrochimica Acta - Part A: Molecular and Biomolecular Spectroscopy,1386-1425,2011
3585,Ca9.97NaP7O28Eu0.03,Ca9.97NaP7O28,Eu,3 ,0.03,,,,298,613,0.6183,0.3812,,,,393,393,380,464,,,613,https://doi.org/10.1016/j.saa.2010.12.038,ESV,mp-1221168,,1.207492462,Spectrochimica Acta - Part A: Molecular and Biomolecular Spectroscopy,1386-1425,2011
3586,Ca9.95NaP7O28Eu0.05,Ca9.95NaP7O28,Eu,3 ,0.05,,,,298,613,0.6229,0.3766,,,,393,393,380,464,,,613,https://doi.org/10.1016/j.saa.2010.12.038,ESV,mp-1221168,,1.198836662,Spectrochimica Acta - Part A: Molecular and Biomolecular Spectroscopy,1386-1425,2011
3587,Ca9.93NaP7O28Eu0.07,Ca9.93NaP7O28,Eu,3 ,0.07,,,,298,613,0.6251,0.3745,,,,393,393,380,464,,,613,https://doi.org/10.1016/j.saa.2010.12.038,ESV,mp-1221168,,1.19154765,Spectrochimica Acta - Part A: Molecular and Biomolecular Spectroscopy,1386-1425,2011
3588,Ca9.91NaP7O28Eu0.09,Ca9.91NaP7O28,Eu,3 ,0.09,,,,298,613,0.6269,0.3727,,,,393,393,380,464,,,613,https://doi.org/10.1016/j.saa.2010.12.038,ESV,mp-1221168,,1.189624033,Spectrochimica Acta - Part A: Molecular and Biomolecular Spectroscopy,1386-1425,2011
3589,Ca9.89NaP7O28Eu0.11,Ca9.89NaP7O28,Eu,3 ,0.11,,,,298,613,0.6245,0.3751,,,,393,393,380,464,,,613,https://doi.org/10.1016/j.saa.2010.12.038,ESV,mp-1221168,,1.187955597,Spectrochimica Acta - Part A: Molecular and Biomolecular Spectroscopy,1386-1425,2011
3590,Ca9.87NaP7O28Eu0.13,Ca9.87NaP7O28,Eu,3 ,0.13,,,,298,613,0.6236,0.376,,,,393,393,380,464,,,613,https://doi.org/10.1016/j.saa.2010.12.038,ESV,mp-1221168,,1.127130561,Spectrochimica Acta - Part A: Molecular and Biomolecular Spectroscopy,1386-1425,2011
3591,Ca9.85NaP7O28Eu0.15,Ca9.85NaP7O28,Eu,3 ,0.15,,,,298,613,0.6265,0.3731,,,,393,393,380,464,,,613,https://doi.org/10.1016/j.saa.2010.12.038,ESV,mp-1221168,,1.126042321,Spectrochimica Acta - Part A: Molecular and Biomolecular Spectroscopy,1386-1425,2011
3592,La2.85YSnNbO10.5Eu0.15,La2.85YSnNbO10.5,Eu,3 ,0.15,,,,298,613,,,46.51,,,392,392,463,380,5.934498451,860000,613,https://doi.org/10.1039/C8CP03863E,RSC,,,0.991893595,Physical Chemistry Chemical Physics,1463-9076,2018
3593,Gd2.85YSnNbO10.5Eu0.15,Gd2.85YSnNbO10.5,Eu,3 ,0.15,,,,298,613,,,40.1,,,392,392,463,380,6.08278537,1210000,613,https://doi.org/10.1039/C8CP03863E,RSC,,,0.977429765,Physical Chemistry Chemical Physics,1463-9076,2018
3594,Y2.85YSnNbO10.5Eu0.15,Y2.85YSnNbO10.5,Eu,3 ,0.15,,,,298,613,,,40.07,,,392,392,463,380,6.045322979,1110000,613,https://doi.org/10.1039/C8CP03863E,RSC,,,0.987613952,Physical Chemistry Chemical Physics,1463-9076,2018
3595,Lu2.85YSnNbO10.5Eu0.15,Lu2.85YSnNbO10.5,Eu,3 ,0.15,,,,298,613,,,38.86,,,392,392,463,380,6.037426498,1090000,613,https://doi.org/10.1039/C8CP03863E,RSC,,,1.081223148,Physical Chemistry Chemical Physics,1463-9076,2018
3596,La2.9YSnNbO10.5Eu0.1,La2.9YSnNbO10.5,Eu,3 ,0.1,,,,298,613,0.57,0.35,42.9,,,392,392,463,380,5.886490725,770000,613,https://doi.org/10.1039/C8CP03863E,RSC,,,0.997415296,Physical Chemistry Chemical Physics,1463-9076,2018
3597,La2.7YSnNbO10.5Eu0.3,La2.7YSnNbO10.5,Eu,3 ,0.3,,,,298,613,0.6,0.38,43.19,,,392,392,463,380,5.886490725,770000,613,https://doi.org/10.1039/C8CP03863E,RSC,,,0.997435553,Physical Chemistry Chemical Physics,1463-9076,2018
3598,La2.5YSnNbO10.5Eu0.5,La2.5YSnNbO10.5,Eu,3 ,0.5,,,,298,613,0.61,0.37,58.02,,,392,392,463,380,5.892094603,780000,613,https://doi.org/10.1039/C8CP03863E,RSC,,,0.962489237,Physical Chemistry Chemical Physics,1463-9076,2018
3599,La2.25YSnNbO10.5Eu0.75,La2.25YSnNbO10.5,Eu,3 ,0.75,,,,298,613,0.62,0.37,59.07,,,392,392,463,380,5.903089987,800000,613,https://doi.org/10.1039/C8CP03863E,RSC,,,0.989555291,Physical Chemistry Chemical Physics,1463-9076,2018
3600,La2YSnNbO10.5Eu1,La2YSnNbO10.5,Eu,3 ,1,,,,298,613,0.63,0.36,64.43,,,392,392,463,380,5.908485019,810000,613,https://doi.org/10.1039/C8CP03863E,RSC,,,1.045711739,Physical Chemistry Chemical Physics,1463-9076,2018
3601,La1.75YSnNbO10.5Eu1.25,La1.75YSnNbO10.5,Eu,3 ,1.25,,,,298,613,0.63,0.37,64.59,,,392,392,463,380,5.944482672,880000,613,https://doi.org/10.1039/C8CP03863E,RSC,,,1.01513333,Physical Chemistry Chemical Physics,1463-9076,2018
3602,KSrSc2P3O12Ce0.03,KSrSc2P3O12,Ce,3 ,0.03,,,,298,380,0.163,0.027,56.1,,,310,310,,,,,380,https://doi.org/10.1039/C4DT03906H,RSC,,,1.312352038,Dalton Transactions,1477-9226,2015
3603,KSrSc2P3O12Eu0.03,KSrSc2P3O12,Eu,2,0.03,,,,298,445,0.153,0.104,36.9,,,300,,,,2.778802204,600.9,445,https://doi.org/10.1039/C4DT03906H,RSC,,,0.982162699,Dalton Transactions,1477-9226,2015
3604,KSrSc2P3O12Eu0.03Tb0.02,KSrSc2P3O12,Eu,2,0.03,Tb,3,0.02,298,445,0.162,0.139,44.4,,,300,,,,2.765817515,583.2,445,https://doi.org/10.1039/C4DT03906H,RSC,,,1.019847798,Dalton Transactions,1477-9226,2015
3605,KSrSc2P3O12Eu0.03Tb0.05,KSrSc2P3O12,Eu,2,0.03,Tb,3,0.05,298,445,0.172,0.183,41.3,,,300,,,,2.7107941,513.8,445,https://doi.org/10.1039/C4DT03906H,RSC,,,1.007575253,Dalton Transactions,1477-9226,2015
3606,KSrSc2P3O12Eu0.03Tb0.07,KSrSc2P3O12,Eu,2,0.03,Tb,3,0.07,298,550,0.178,0.204,44.8,,,300,,,,2.699490845,500.6,445,https://doi.org/10.1039/C4DT03906H,RSC,,,1.017593161,Dalton Transactions,1477-9226,2015
3607,KSrSc2P3O12Eu0.03Tb0.1,KSrSc2P3O12,Eu,2,0.03,Tb,3,0.1,298,550,0.185,0.229,39.2,,,300,300,,,2.683317262,482.3,445,https://doi.org/10.1039/C4DT03906H,RSC,,,1.017767931,Dalton Transactions,1477-9226,2015
3608,KSrSc2P3O12Eu0.03Tb0.12,KSrSc2P3O12,Eu,2,0.03,Tb,3,0.12,298,550,0.189,0.244,43.2,,,300,,,,2.655810494,452.7,445,https://doi.org/10.1039/C4DT03906H,RSC,,,1.015805065,Dalton Transactions,1477-9226,2015
3609,KSrSc2P3O12Eu0.03Tb0.15,KSrSc2P3O12,Eu,2,0.03,Tb,3,0.15,298,550,0.195,0.265,39.4,,,300,,,,2.627570664,424.2,445,https://doi.org/10.1039/C4DT03906H,RSC,,,1.015805065,Dalton Transactions,1477-9226,2015
3610,KSrSc2P3O12Eu0.03Tb0.18,KSrSc2P3O12,Eu,2,0.03,Tb,3,0.18,298,550,0.197,0.271,37.6,,,300,,,,2.596597096,395,445,https://doi.org/10.1039/C4DT03906H,RSC,,,1.019971108,Dalton Transactions,1477-9226,2015
3611,KSrSc2P3O12Ce0.03Tb0.03,KSrSc2P3O12,Ce,3 ,0.03,Tb,3,0.03,298,380,0.229,0.308,63.3,,,310,,,,,,,https://doi.org/10.1039/C4DT03906H,RSC,,,1.25512496,Dalton Transactions,1477-9226,2015
3612,KSrSc2P3O12Ce0.03Tb0.06,KSrSc2P3O12,Ce,3 ,0.03,Tb,3,0.06,298,550,0.255,0.429,68.9,,,310,,,,,,,https://doi.org/10.1039/C4DT03906H,RSC,,,1.213885196,Dalton Transactions,1477-9226,2015
3613,KSrSc2P3O12Ce0.03Tb0.09,KSrSc2P3O12,Ce,3 ,0.03,Tb,3,0.09,298,550,0.264,0.471,66.8,,,310,,,,,,,https://doi.org/10.1039/C4DT03906H,RSC,,,1.225714566,Dalton Transactions,1477-9226,2015
3614,KSrSc2P3O12Ce0.03Tb0.12,KSrSc2P3O12,Ce,3 ,0.03,Tb,3,0.12,298,550,0.268,0.486,77.2,,,310,,,,,,,https://doi.org/10.1039/C4DT03906H,RSC,,,1.222440657,Dalton Transactions,1477-9226,2015
3615,KSrSc2P3O12Ce0.03Tb0.15,KSrSc2P3O12,Ce,3 ,0.03,Tb,3,0.15,298,550,0.272,0.502,73.1,,,310,,,,,,,https://doi.org/10.1039/C4DT03906H,RSC,,,1.215816563,Dalton Transactions,1477-9226,2015
3616,Sr5B3O9FEu0.007,Sr5B3O9F,Eu,3 ,0.007,,,,298,572,0.5431,0.39,,,,335,335,527,459,,,572,https://doi.org/10.1016/j.ceramint.2019.04.151,ESV,mp-560818, icsd-41318,1.237388872,Ceramics International,0272-8842,2019
3617,Sr5B3O9FEu0.01,Sr5B3O9F,Eu,3 ,0.01,,,,298,572,0.4517,0.3023,,,,335,335,527,459,,,572,https://doi.org/10.1016/j.ceramint.2019.04.151,ESV,mp-560818, icsd-41318,1.236612419,Ceramics International,0272-8842,2019
3618,Sr5B3O9FEu0.015,Sr5B3O9F,Eu,3 ,0.015,,,,298,572,0.5605,0.4109,,,,335,335,527,459,,,572,https://doi.org/10.1016/j.ceramint.2019.04.151,ESV,mp-560818, icsd-41318,1.235329196,Ceramics International,0272-8842,2019
3619,Sr5B3O9FEu0.02,Sr5B3O9F,Eu,3 ,0.02,,,,298,572,0.5648,0.4034,,,,335,335,527,459,,,572,https://doi.org/10.1016/j.ceramint.2019.04.151,ESV,mp-560818, icsd-41318,1.234059455,Ceramics International,0272-8842,2019
3620,Sr5B3O9FEu0.03,Sr5B3O9F,Eu,3 ,0.03,,,,298,572,0.4977,0.3641,,,,335,335,527,459,,,572,https://doi.org/10.1016/j.ceramint.2019.04.151,ESV,mp-560818, icsd-41318,1.231871021,Ceramics International,0272-8842,2019
3621,Sr5B3O9FEu0.07,Sr5B3O9F,Eu,3 ,0.07,,,,298,572,0.5628,0.3976,,,,335,335,527,459,,,572,https://doi.org/10.1016/j.ceramint.2019.04.151,ESV,mp-560818, icsd-41318,1.223611886,Ceramics International,0272-8842,2019
3622,Sr5B3O9FEu0.12,Sr5B3O9F,Eu,3 ,0.12,,,,298,572,0.6063,0.3853,,,,335,335,527,459,,,572,https://doi.org/10.1016/j.ceramint.2019.04.151,ESV,mp-560818, icsd-41318,1.214438649,Ceramics International,0272-8842,2019
3623,Na2ZnP2O7Sm0.001,Na2ZnP2O7,Sm,3 ,0.001,,,,298,596,0.59,0.406,,,,375,,,,,,596,https://doi.org/10.1016/j.jlumin.2019.01.058,ESV,"mp-40963,mp-6491", icsd-91134 icsd-95958 icsd-184888,0.965658462,Journal of Luminescence,0022-2313,2019
3624,Na2ZnP2O7Sm0.01,Na2ZnP2O7,Sm,3 ,0.01,,,,298,596,0.595,0.402,,,,375,399,373,,,,596,https://doi.org/10.1016/j.jlumin.2019.01.058,ESV,"mp-40963,mp-6491", icsd-91134 icsd-95958 icsd-184888,0.974430823,Journal of Luminescence,0022-2313,2019
3625,Na2ZnP2O7Sm0.03,Na2ZnP2O7,Sm,3 ,0.03,,,,298,596,0.589,0.407,,,,375,,,,,,596,https://doi.org/10.1016/j.jlumin.2019.01.058,ESV,"mp-40963,mp-6491", icsd-91134 icsd-95958 icsd-184888,0.965043338,Journal of Luminescence,0022-2313,2019
3626,Na2ZnP2O7Sm0.05,Na2ZnP2O7,Sm,3 ,0.05,,,,298,596,0.581,0.414,,,,375,,,,,,596,https://doi.org/10.1016/j.jlumin.2019.01.058,ESV,"mp-40963,mp-6491", icsd-91134 icsd-95958 icsd-184888,0.96543217,Journal of Luminescence,0022-2313,2019
3627,Na2ZnP2O7Sm0.07,Na2ZnP2O7,Sm,3 ,0.07,,,,298,596,0.56,0.435,,,,375,,,,,,596,https://doi.org/10.1016/j.jlumin.2019.01.058,ESV,"mp-40963,mp-6491", icsd-91134 icsd-95958 icsd-184888,0.960930206,Journal of Luminescence,0022-2313,2019
3628,Y2Mg1.999Al2Si2O12Eu0.001,Y2Mg1.999Al2Si2O12,Eu,2,0.001,,,,298,436,0.156,0.105,37,,,370,,,,,,,https://doi.org/10.1021/acssuschemeng.9b01401,ACS,,,1.014304032,ACS Sustainable Chemistry and Engineering,2168-0485,2019
3629,Y2Mg1.995Al2Si2O12Eu0.005,Y2Mg1.995Al2Si2O12,Eu,2,0.005,,,,298,446,0.154,0.126,41,,,370,,,,,,,https://doi.org/10.1021/acssuschemeng.9b01401,ACS,,,1.00996378,ACS Sustainable Chemistry and Engineering,2168-0485,2019
3630,Y2Mg1.99Al2Si2O12Eu0.01,Y2Mg1.99Al2Si2O12,Eu,2,0.01,,,,298,453,0.156,0.149,46,,,370,,,,,,,https://doi.org/10.1021/acssuschemeng.9b01401,ACS,,,0.998367916,ACS Sustainable Chemistry and Engineering,2168-0485,2019
3631,Y2Mg1.98Al2Si2O12Eu0.02,Y2Mg1.98Al2Si2O12,Eu,2,0.02,,,,298,462,0.162,0.199,51,,,370,,,,,,,https://doi.org/10.1021/acssuschemeng.9b01401,ACS,,,0.99471729,ACS Sustainable Chemistry and Engineering,2168-0485,2019
3632,Y2Mg1.97Al2Si2O12Eu0.03,Y2Mg1.97Al2Si2O12,Eu,2,0.03,,,,298,469,0.167,0.228,65,,580,370,,,,,,,https://doi.org/10.1021/acssuschemeng.9b01401,ACS,,,1.017552868,ACS Sustainable Chemistry and Engineering,2168-0485,2019
3633,Y2Mg1.96Al2Si2O12Eu0.04,Y2Mg1.96Al2Si2O12,Eu,2,0.04,,,,298,470,0.173,0.255,45,,,370,,,,,,,https://doi.org/10.1021/acssuschemeng.9b01401,ACS,,,0.992266635,ACS Sustainable Chemistry and Engineering,2168-0485,2019
3634,Y2Mg1.95Al2Si2O12Eu0.05,Y2Mg1.95Al2Si2O12,Eu,2,0.05,,,,298,472,0.18,0.282,38,,,370,,,,,,,https://doi.org/10.1021/acssuschemeng.9b01401,ACS,,,0.990549969,ACS Sustainable Chemistry and Engineering,2168-0485,2019
3635,Y2Mg1.94Al2Si2O12Eu0.06,Y2Mg1.94Al2Si2O12,Eu,2,0.06,,,,298,479,0.186,0.301,34,,,370,,,,,,,https://doi.org/10.1021/acssuschemeng.9b01401,ACS,,,0.986264013,ACS Sustainable Chemistry and Engineering,2168-0485,2019
3636,Y2Mg1.93Al2Si2O12Eu0.07,Y2Mg1.93Al2Si2O12,Eu,2,0.07,,,,298,480,0.191,0.319,29,,,370,,,,,,,https://doi.org/10.1021/acssuschemeng.9b01401,ACS,,,0.985908337,ACS Sustainable Chemistry and Engineering,2168-0485,2019
3637,Y2Mg1.92Al2Si2O12Eu0.08,Y2Mg1.92Al2Si2O12,Eu,2,0.08,,,,298,483,0.202,0.344,22,,,370,,,,,,,https://doi.org/10.1021/acssuschemeng.9b01401,ACS,,,0.985644443,ACS Sustainable Chemistry and Engineering,2168-0485,2019
3638,Y2Mg1.9Al2Si2O12Eu0.1,Y2Mg1.9Al2Si2O12,Eu,2,0.1,,,,298,491,0.218,0.359,19,,,370,,,,,,,https://doi.org/10.1021/acssuschemeng.9b01401,ACS,,,0.981848397,ACS Sustainable Chemistry and Engineering,2168-0485,2019
3639,Ba1.99CaB2O6Sm0.005,Ba1.99CaB2O6,Sm,3 ,0.005,,,,298,601,,,,,,402,,,,5.075911761,119100,601,https://doi.org/10.1016/j.cap.2017.07.015,ESV,mp-549737, icsd-80429,1.11187459,Current Applied Physics,1567-1739,2017
3640,Ba1.98CaB2O6Sm0.01,Ba1.98CaB2O6,Sm,3 ,0.01,,,,298,601,,,,,,402,,,,5.041787319,110100,601,https://doi.org/10.1016/j.cap.2017.07.015,ESV,mp-549737, icsd-80429,1.045898362,Current Applied Physics,1567-1739,2017
3641,Ba1.97CaB2O6Sm0.015,Ba1.97CaB2O6,Sm,3 ,0.015,,,,298,601,,,,,,402,,,,5.033021445,107900,601,https://doi.org/10.1016/j.cap.2017.07.015,ESV,mp-549737, icsd-80429,1.002729327,Current Applied Physics,1567-1739,2017
3642,Ba1.96CaB2O6Sm0.02,Ba1.96CaB2O6,Sm,3 ,0.02,,,,298,601,0.596,0.403,,,,402,402,,,5.005180513,101200,601,https://doi.org/10.1016/j.cap.2017.07.015,ESV,mp-549737, icsd-80429,0.98613746,Current Applied Physics,1567-1739,2017
3643,Ba1.95CaB2O6Sm0.025,Ba1.95CaB2O6,Sm,3 ,0.025,,,,298,601,,,,,,402,,,,4.998259338,99600,601,https://doi.org/10.1016/j.cap.2017.07.015,ESV,mp-549737, icsd-80429,0.975737575,Current Applied Physics,1567-1739,2017
3644,Ba2Ca0.98Zn2Si6O17Sm0.02,Ba2Ca0.98Zn2Si6O17,Sm,3 ,0.02,,,,298,600,,,,,,405,,,,6.209246849,1619000,600,https://doi.org/10.1016/S1002-0721(16)60064-9,ESV,,,0.988882215,Journal of Rare Earths,1002-0721,2016
3645,Ba2Ca0.96Zn2Si6O17Sm0.04,Ba2Ca0.96Zn2Si6O17,Sm,3 ,0.04,,,,298,600,0.547,0.45,,,,405,405,,,6.270492504,1864200,600,https://doi.org/10.1016/S1002-0721(16)60064-9,ESV,,,1.07320587,Journal of Rare Earths,1002-0721,2016
3646,Ba2Ca0.94Zn2Si6O17Sm0.06,Ba2Ca0.94Zn2Si6O17,Sm,3 ,0.06,,,,298,600,,,,,,405,,,,6.24281464,1749100,600,https://doi.org/10.1016/S1002-0721(16)60064-9,ESV,,,1.008841287,Journal of Rare Earths,1002-0721,2016
3647,Ba2Ca0.92Zn2Si6O17Sm0.08,Ba2Ca0.92Zn2Si6O17,Sm,3 ,0.08,,,,298,600,,,,,,405,,,,6.219165222,1656400,600,https://doi.org/10.1016/S1002-0721(16)60064-9,ESV,,,1.035940562,Journal of Rare Earths,1002-0721,2016
3651,Y2Mg1.99Al2Si2O12Eu0.01,Y2Mg1.99Al2Si2O12,Eu,2,0.01,,,,298,464,0.178,0.206,,,,365,275,,,2.824776462,668,464,https://doi.org/10.1021/acs.inorgchem.1c00317,ACS,,,1.050682904,Inorganic Chemistry,0020-1669,2021
3652,Y1.999Mg1.99Al2Si2O12Eu0.01Ce0.001,Y1.999Mg1.99Al2Si2O12,Eu,2,0.01,Ce,3 ,0.001,298,465,0.199,0.242,,,,365,,,,2.810232518,646,464,https://doi.org/10.1021/acs.inorgchem.1c00317,ACS,,,0.962037179,Inorganic Chemistry,0020-1669,2021
3653,Y1.995Mg1.99Al2Si2O12Eu0.01Ce0.005,Y1.995Mg1.99Al2Si2O12,Eu,2,0.01,Ce,3 ,0.005,298,466,0.215,0.257,,,,365,,,,2.773054693,593,464,https://doi.org/10.1021/acs.inorgchem.1c00317,ACS,,,0.937469367,Inorganic Chemistry,0020-1669,2021
3654,Y1.99Mg1.99Al2Si2O12Eu0.01Ce0.01,Y1.99Mg1.99Al2Si2O12,Eu,2,0.01,Ce,3 ,0.01,298,476,0.246,0.299,,,,365,,,,2.716837723,521,464,https://doi.org/10.1021/acs.inorgchem.1c00317,ACS,,,0.947009608,Inorganic Chemistry,0020-1669,2021
3655,Y1.985Mg1.99Al2Si2O12Eu0.01Ce0.015,Y1.985Mg1.99Al2Si2O12,Eu,2,0.01,Ce,3 ,0.015,298,480,0.264,0.318,,,,365,,,,2.701567985,503,464,https://doi.org/10.1021/acs.inorgchem.1c00317,ACS,,,0.939413831,Inorganic Chemistry,0020-1669,2021
3656,Y1.98Mg1.99Al2Si2O12Eu0.01Ce0.02,Y1.98Mg1.99Al2Si2O12,Eu,2,0.01,Ce,3 ,0.02,298,510,0.294,0.349,,,,365,,,,2.644438589,441,464,https://doi.org/10.1021/acs.inorgchem.1c00317,ACS,,,0.99159989,Inorganic Chemistry,0020-1669,2021
3657,Y1.97Mg1.99Al2Si2O12Eu0.01Ce0.03,Y1.97Mg1.99Al2Si2O12,Eu,2,0.01,Ce,3 ,0.03,298,522,0.305,0.365,,,,365,,,,2.613841822,411,464,https://doi.org/10.1021/acs.inorgchem.1c00317,ACS,,,1.002702641,Inorganic Chemistry,0020-1669,2021
3658,Y1.96Mg1.99Al2Si2O12Eu0.01Ce0.04,Y1.96Mg1.99Al2Si2O12,Eu,2,0.01,Ce,3 ,0.04,298,529,0.322,0.378,,,,365,,,,2.57054294,372,464,https://doi.org/10.1021/acs.inorgchem.1c00317,ACS,,,1.025623261,Inorganic Chemistry,0020-1669,2021
3659,Y1.95Mg1.99Al2Si2O12Eu0.01Ce0.05,Y1.95Mg1.99Al2Si2O12,Eu,2,0.01,Ce,3 ,0.05,298,558,0.352,0.389,,,,365,,,,2.541579244,348,464,https://doi.org/10.1021/acs.inorgchem.1c00317,ACS,,,1.035383016,Inorganic Chemistry,0020-1669,2021
3660,LiLaMgWO6Eu0.05,LiLaMgWO6,Eu,3 ,0.05,,,,298,615,0.6605,0.3392,39,,,393,,,,,,615,https://doi.org/10.1016/j.ceramint.2016.11.093,ESV,,,0.978283226,Ceramics International,0272-8842,2017
3661,LiLaMgWO6Eu0.1,LiLaMgWO6,Eu,3 ,0.1,,,,298,615,0.6631,0.3366,66,,,393,,,,,,615,https://doi.org/10.1016/j.ceramint.2016.11.093,ESV,,,0.978359476,Ceramics International,0272-8842,2017
3662,LiLaMgWO6Eu0.2,LiLaMgWO6,Eu,3 ,0.2,,,,298,615,0.6657,0.334,82,,,393,,,,,,615,https://doi.org/10.1016/j.ceramint.2016.11.093,ESV,,,0.981462447,Ceramics International,0272-8842,2017
3663,LiLaMgWO6Eu0.3,LiLaMgWO6,Eu,3 ,0.3,,,,298,615,0.666,0.3337,87,,453,393,,,,,,615,https://doi.org/10.1016/j.ceramint.2016.11.093,ESV,,,0.984284897,Ceramics International,0272-8842,2017
3664,LiLaMgWO6Eu0.4,LiLaMgWO6,Eu,3 ,0.4,,,,298,615,0.6664,0.3334,63,,,393,,,,,,615,https://doi.org/10.1016/j.ceramint.2016.11.093,ESV,,,0.987706447,Ceramics International,0272-8842,2017
3665,LiLaMgWO6Eu0.5,LiLaMgWO6,Eu,3 ,0.5,,,,298,615,0.6667,0.3331,40,,,393,,,,,,615,https://doi.org/10.1016/j.ceramint.2016.11.093,ESV,,,1.000665281,Ceramics International,0272-8842,2017
3666,LiLaMgWO6Eu0.05,LiLaMgWO6,Eu,3 ,0.05,,,,298,615,0.6591,0.3406,19,,,463,,,,,,615,https://doi.org/10.1016/j.ceramint.2016.11.093,ESV,,,0.992345124,Ceramics International,0272-8842,2017
3667,LiLaMgWO6Eu0.1,LiLaMgWO6,Eu,3 ,0.1,,,,298,615,0.6622,0.3375,27,,,463,,,,,,615,https://doi.org/10.1016/j.ceramint.2016.11.093,ESV,,,0.988133777,Ceramics International,0272-8842,2017
3668,LiLaMgWO6Eu0.2,LiLaMgWO6,Eu,3 ,0.2,,,,298,615,0.6655,0.3343,31,,,463,,,,,,615,https://doi.org/10.1016/j.ceramint.2016.11.093,ESV,,,0.990444629,Ceramics International,0272-8842,2017
3669,LiLaMgWO6Eu0.3,LiLaMgWO6,Eu,3 ,0.3,,,,298,615,0.6658,0.334,31,,,463,,,,,,615,https://doi.org/10.1016/j.ceramint.2016.11.093,ESV,,,0.995799103,Ceramics International,0272-8842,2017
3670,LiLaMgWO6Eu0.4,LiLaMgWO6,Eu,3 ,0.4,,,,298,615,0.6662,0.3335,29,,,463,,,,,,615,https://doi.org/10.1016/j.ceramint.2016.11.093,ESV,,,0.99971796,Ceramics International,0272-8842,2017
3671,LiLaMgWO6Eu0.5,LiLaMgWO6,Eu,3 ,0.5,,,,298,615,0.6663,0.3334,19,,,463,,,,,,615,https://doi.org/10.1016/j.ceramint.2016.11.093,ESV,,,1.009512205,Ceramics International,0272-8842,2017
3672,Ba2Zn0.97WO6Sm0.03,Ba2Zn0.97WO6,Sm,3 ,0.03,,,,298,645,0.5502,0.4423,,,,408,,,,,,645,https://doi.org/10.1016/j.physb.2017.11.012,ESV,mp-548615, icsd-423034 icsd-185847 icsd-24983,0.99456814,Physica B: Condensed Matter,0921-4526,2018
3673,Ba2Zn0.96WO6Sm0.04,Ba2Zn0.96WO6,Sm,3 ,0.04,,,,298,645,0.5542,0.4391,,,,408,,,,,,645,https://doi.org/10.1016/j.physb.2017.11.012,ESV,mp-548615, icsd-423034 icsd-185847 icsd-24983,0.994520489,Physica B: Condensed Matter,0921-4526,2018
3674,Ba2Zn0.95WO6Sm0.05,Ba2Zn0.95WO6,Sm,3 ,0.05,,,,298,645,0.5573,0.4342,,,,408,408,380,,,,645,https://doi.org/10.1016/j.physb.2017.11.012,ESV,mp-548615, icsd-423034 icsd-185847 icsd-24983,1.005054619,Physica B: Condensed Matter,0921-4526,2018
3675,Ba2Zn0.94WO6Sm0.06,Ba2Zn0.94WO6,Sm,3 ,0.06,,,,298,645,0.5624,0.4295,,,,408,,,,,,645,https://doi.org/10.1016/j.physb.2017.11.012,ESV,mp-548615, icsd-423034 icsd-185847 icsd-24983,1.004102625,Physica B: Condensed Matter,0921-4526,2018
3676,Ba2Zn0.93WO6Sm0.07,Ba2Zn0.93WO6,Sm,3 ,0.07,,,,298,645,0.5661,0.4267,,,,408,,,,,,645,https://doi.org/10.1016/j.physb.2017.11.012,ESV,mp-548615, icsd-423034 icsd-185847 icsd-24983,1.004811561,Physica B: Condensed Matter,0921-4526,2018
3677,KBaGd0.5Mo3O12Eu0.5,KBaGd0.5Mo3O12,Eu,3 ,0.5,,,,298,617,0.664,0.335,44.03,,,395,395,463,,5.775974331,597000,617,https://doi.org/10.1016/j.optmat.2018.07.019,ESV,mp-1223587,,0.993179045,Optical Materials,0925-3467,2018
3678,KBaGd0.4Mo3O12Eu0.6,KBaGd0.4Mo3O12,Eu,3 ,0.6,,,,298,617,0.669,0.33,47.1,,,395,,,,5.773786445,594000,617,https://doi.org/10.1016/j.optmat.2018.07.019,ESV,mp-1223587,,1.006066609,Optical Materials,0925-3467,2018
3679,KBaGd0.3Mo3O12Eu0.7,KBaGd0.3Mo3O12,Eu,3 ,0.7,,,,298,617,0.675,0.325,48.08,,,395,,,,5.77524626,596000,617,https://doi.org/10.1016/j.optmat.2018.07.019,ESV,mp-1223587,,1.005888018,Optical Materials,0925-3467,2018
3680,KBaGd0.2Mo3O12Eu0.8,KBaGd0.2Mo3O12,Eu,3 ,0.8,,,,298,617,0.677,0.323,54.45,,510,395,,,,5.773054693,593000,617,https://doi.org/10.1016/j.optmat.2018.07.019,ESV,mp-1223587,,1.000612676,Optical Materials,0925-3467,2018
3681,KBaGd0.1Mo3O12Eu0.9,KBaGd0.1Mo3O12,Eu,3 ,0.9,,,,298,617,0.678,0.322,50.51,,,395,,,,5.770115295,589000,617,https://doi.org/10.1016/j.optmat.2018.07.019,ESV,mp-1223587,,1.023893509,Optical Materials,0925-3467,2018
3682,KBaMo3O12Eu1,KBaMo3O12,Eu,3 ,1,,,,298,617,0.678,0.322,49,,,395,,,,5.760422483,576000,617,https://doi.org/10.1016/j.optmat.2018.07.019,ESV,mp-1223587,,1.00786037,Optical Materials,0925-3467,2018
3683,Na3.6Y1.7P3O12Eu0.1,Na3.6Y1.7P3O12,Eu,3 ,0.1,,,,298,610,,,,,,394,,,,6.538573734,3456000,610,https://doi.org/10.1016/j.jallcom.2019.153513,ESV,,,1.546307845,Journal of Alloys and Compounds,0925-8388,2020
3684,Na3.6Y1.6P3O12Eu0.2,Na3.6Y1.6P3O12,Eu,3 ,0.2,,,,298,610,,,,,,394,,,,6.531734309,3402000,610,https://doi.org/10.1016/j.jallcom.2019.153513,ESV,,,1.934040342,Journal of Alloys and Compounds,0925-8388,2020
3685,Na3.6Y1.5P3O12Eu0.3,Na3.6Y1.5P3O12,Eu,3 ,0.3,,,,298,610,0.63,0.36,13,,,394,394,319,383,6.525563058,3354000,610,https://doi.org/10.1016/j.jallcom.2019.153513,ESV,,,30.2579767,Journal of Alloys and Compounds,0925-8388,2020
3686,Na3.6Y1.45P3O12Eu0.35,Na3.6Y1.45P3O12,Eu,3 ,0.35,,,,298,610,,,,,,394,,,,6.503109437,3185000,610,https://doi.org/10.1016/j.jallcom.2019.153513,ESV,,,166.5314048,Journal of Alloys and Compounds,0925-8388,2020
3687,Sr1.925MgB2O6Ce0.05,Sr1.925MgB2O6,Ce,3 ,0.05,,,,298,393,0.1621,0.0404,,,380,323,,,,1.457881897,28.7,393,https://doi.org/10.1039/C9DT04092G,RSC,mp-13541, icsd-240897,1.115259127,Dalton Transactions,1477-9226,2020
3688,Sr1.910MgB2O6Ce0.05Tb0.01,Sr1.910MgB2O6,Ce,3 ,0.05,Tb,3 ,0.01,298,544,0.2017,0.2716,,,,323,,,,1.442322956,27.69,393,https://doi.org/10.1039/C9DT04092G,RSC,mp-13541, icsd-240897,1.001276301,Dalton Transactions,1477-9226,2020
3689,Sr1.88MgB2O6Ce0.05Tb0.03,Sr1.88MgB2O6,Ce,3 ,0.05,Tb,3 ,0.03,298,544,0.219,0.3725,,,,323,,,,1.426998959,26.73,393,https://doi.org/10.1039/C9DT04092G,RSC,mp-13541, icsd-240897,1.002289983,Dalton Transactions,1477-9226,2020
3690,Sr1.85MgB2O6Ce0.05Tb0.05,Sr1.85MgB2O6,Ce,3 ,0.05,Tb,3 ,0.05,298,544,0.2268,0.4136,66.39,48.92,515,323,,,,1.360214613,22.92,393,https://doi.org/10.1039/C9DT04092G,RSC,mp-13541, icsd-240897,0.999286218,Dalton Transactions,1477-9226,2020
3691,Sr1.82MgB2O6Ce0.05Tb0.07,Sr1.82MgB2O6,Ce,3 ,0.05,Tb,3 ,0.07,298,544,0.224,0.4061,,,,323,,,,1.347330015,22.25,393,https://doi.org/10.1039/C9DT04092G,RSC,mp-13541, icsd-240897,1.002992152,Dalton Transactions,1477-9226,2020
3692,Sr1.775MgB2O6Ce0.05Tb0.1,Sr1.775MgB2O6,Ce,3 ,0.05,Tb,3 ,0.1,298,544,0.2151,0.3683,,,,323,,,,,,,https://doi.org/10.1039/C9DT04092G,RSC,mp-13541, icsd-240897,1.023717479,Dalton Transactions,1477-9226,2020
3693,Ca2YZr2Al3O12Tb0.9,Ca2YZr2Al3O12,Tb,3 ,0.9,,,,298,543,,,22,,,377,267,308,377,,,543,https://doi.org/10.1039/C9TC03664D,RSC,,,1.458409449,Journal of Materials Chemistry C,2050-7526,2019
3694,Ca2YZr2Al3O12Ce0.04Tb0.9,Ca2YZr2Al3O12,Ce,3 ,0.04,Tb,3 ,0.9,298,543,0.342,0.545,56,,390,408,,,,,,,https://doi.org/10.1039/C9TC03664D,RSC,,,1.031421294,Journal of Materials Chemistry C,2050-7526,2019
3700,Ca2Y2.55Sb3O14Bi0.45,Ca2Y2.55Sb3O14,Bi,3 ,0.45,,,,298,460,0.16,0.18,,,,350,350,,,2.093421685,124,460,https://doi.org/10.1016/j.jallcom.2015.06.263,ESV,,,1.34894185,Journal of Alloys and Compounds,0925-8388,2015
3701,Ca2Y2.52Sb3O14Bi0.45Eu0.03,Ca2Y2.52Sb3O14,Bi,3 ,0.45,Eu,3 ,0.03,298,460,0.27,0.26,,,,350,,,,,,,https://doi.org/10.1016/j.jallcom.2015.06.263,ESV,,,1.043548739,Journal of Alloys and Compounds,0925-8388,2015
3702,Ca2Y2.49Sb3O14Bi0.45Eu0.06,Ca2Y2.49Sb3O14,Bi,3 ,0.45,Eu,3 ,0.06,298,460,0.29,0.27,,,,350,,,,,,,https://doi.org/10.1016/j.jallcom.2015.06.263,ESV,,,1.045414142,Journal of Alloys and Compounds,0925-8388,2015
3703,Ca2Y2.46Sb3O14Bi0.45Eu0.09,Ca2Y2.46Sb3O14,Bi,3 ,0.45,Eu,3 ,0.09,298,615,0.34,0.29,,,,350,,,,,,,https://doi.org/10.1016/j.jallcom.2015.06.263,ESV,,,0.982420081,Journal of Alloys and Compounds,0925-8388,2015
3704,Ca2Y2.43Sb3O14Bi0.45Eu0.12,Ca2Y2.43Sb3O14,Bi,3 ,0.45,Eu,3 ,0.12,298,615,0.35,0.3,,,,350,,,,,,,https://doi.org/10.1016/j.jallcom.2015.06.263,ESV,,,0.985025072,Journal of Alloys and Compounds,0925-8388,2015
3705,Ca2Y2.37Sb3O14Bi0.45Eu0.18,Ca2Y2.37Sb3O14,Bi,3 ,0.45,Eu,3 ,0.18,298,615,0.38,0.3,,,,350,,,,,,,https://doi.org/10.1016/j.jallcom.2015.06.263,ESV,,,0.985870172,Journal of Alloys and Compounds,0925-8388,2015
3706,Ca2Y2.31Sb3O14Bi0.45Eu0.24,Ca2Y2.31Sb3O14,Bi,3 ,0.45,Eu,3 ,0.24,298,615,0.41,0.31,,,,350,,,,,,,https://doi.org/10.1016/j.jallcom.2015.06.263,ESV,,,0.987070007,Journal of Alloys and Compounds,0925-8388,2015
3707,Ca1.96Si5N8Eu0.04,Ca1.96Si5N8,Eu,2 ,0.04,,,,298,612,0.598,0.398,50,,458,450,,,,,,,https://doi.org/10.1111/j.1744-7402.2009.02370.x,Wiley,"mp-28922,mp-570645", icsd-79070 icsd-419318,1.020590625,International Journal of Applied Ceramic Technology,1546-542X,2009
3708,Sr1.96Si5N8Eu0.04,Sr1.96Si5N8,Eu,2 ,0.04,,,,298,620,0.626,0.371,63,,573,450,,,,,,,https://doi.org/10.1111/j.1744-7402.2009.02370.x,Wiley,mp-9710, icsd-401500,0.995536513,International Journal of Applied Ceramic Technology,1546-542X,2009
3709,Ba1.96Si5N8Eu0.04,Ba1.96Si5N8,Eu,2 ,0.04,,,,298,585,0.55,0.447,63,,533,450,,,,,,,https://doi.org/10.1111/j.1744-7402.2009.02370.x,Wiley,mp-9711, icsd-401501,1.048147394,International Journal of Applied Ceramic Technology,1546-542X,2009
3710,Na0.5Gd0.375MoO4Eu0.125,Na0.5Gd0.375MoO4,Eu,3 ,0.125,,,,298,616,0.652,0.348,,,,394,463,394,,,,616,https://doi.org/10.1111/j.1551-2916.2008.02598.x,Wiley,,,1.049173015,Journal of the American Ceramic Society,0002-7820,2008
3711,LiBa0.97PO4Eu0.03,LiBa0.97PO4,Eu,3 ,0.03,,,,298,617,0.68,0.315,,,,394,,,,,,,https://doi.org/10.1002/bio.2815,Wiley,,,1.018611358,Luminescence,1522-7235,2015
3712,NaCa0.98PO4Ce0.02,NaCa0.98PO4,Ce,3 ,0.02,,,,298,370,0.17,0.03,,,,328,,,,,,,https://doi.org/10.1002/ejic.201000392,Wiley,mp-14401, icsd-35629,1.180500132,European Journal of Inorganic Chemistry,1434-1948,2010
3713,NaCa0.96PO4Ce0.02Tb0.02,NaCa0.96PO4,Ce,3 ,0.02,Tb,3 ,0.02,298,544,0.27,0.38,,49.1,,328,,,,6.437909036,2741000,,https://doi.org/10.1002/ejic.201000392,Wiley,mp-14401, icsd-35629,1.121998806,European Journal of Inorganic Chemistry,1434-1948,2010
3714,NaCa0.94PO4Ce0.02Tb0.04,NaCa0.94PO4,Ce,3 ,0.02,Tb,3 ,0.04,298,544,,,,76.2,,328,,,,,,,https://doi.org/10.1002/ejic.201000392,Wiley,mp-14401, icsd-35629,1.010262573,European Journal of Inorganic Chemistry,1434-1948,2010
3715,NaCa0.92PO4Ce0.02Tb0.06,NaCa0.92PO4,Ce,3 ,0.02,Tb,3 ,0.06,298,544,,,,74.7,,328,,,,,,,https://doi.org/10.1002/ejic.201000392,Wiley,mp-14401, icsd-35629,1.009184698,European Journal of Inorganic Chemistry,1434-1948,2010
3716,NaCa0.9PO4Ce0.02Tb0.08,NaCa0.9PO4,Ce,3 ,0.02,Tb,3 ,0.08,298,544,0.32,0.56,,,,328,,,,,,,https://doi.org/10.1002/ejic.201000392,Wiley,mp-14401, icsd-35629,1.004506224,European Journal of Inorganic Chemistry,1434-1948,2010
3717,Ca2.97Mo0.2W0.8O6Eu0.03,Ca2.97Mo0.2W0.8O6,Eu,3 ,0.03,,,,298,613,0.6422,0.3564,,,,365,,,,5.522796221,333270,613,https://doi.org/10.1016/j.jlumin.2020.117212,ESV,"mp-781505,mp-779906", icsd-262323,1.366951188,Journal of Luminescence,0022-2313,2020
3718,Ca2.95Mo0.2W0.8O6Eu0.05,Ca2.95Mo0.2W0.8O6,Eu,3 ,0.05,,,,298,613,0.6448,0.354,,,,365,,,,5.516627908,328570,613,https://doi.org/10.1016/j.jlumin.2020.117212,ESV,"mp-781505,mp-779906", icsd-262323,1.171527247,Journal of Luminescence,0022-2313,2020
3719,Ca2.93Mo0.2W0.8O6Eu0.07,Ca2.93Mo0.2W0.8O6,Eu,3 ,0.07,,,,298,613,0.646,0.3529,,,,365,,,,5.513364116,326110,613,https://doi.org/10.1016/j.jlumin.2020.117212,ESV,"mp-781505,mp-779906", icsd-262323,1.064381311,Journal of Luminescence,0022-2313,2020
3720,Ca2.91Mo0.2W0.8O6Eu0.09,Ca2.91Mo0.2W0.8O6,Eu,3 ,0.09,,,,298,613,0.6467,0.3521,22.4,8.7,355,365,,,,5.512070401,325140,613,https://doi.org/10.1016/j.jlumin.2020.117212,ESV,"mp-781505,mp-779906", icsd-262323,1.036758769,Journal of Luminescence,0022-2313,2020
3721,Ca2.89Mo0.2W0.8O6Eu0.11,Ca2.89Mo0.2W0.8O6,Eu,3 ,0.11,,,,298,613,0.6472,0.3517,,,,365,,,,5.507950273,322070,613,https://doi.org/10.1016/j.jlumin.2020.117212,ESV,"mp-781505,mp-779906", icsd-262323,0.999733815,Journal of Luminescence,0022-2313,2020
3722,Ca2.87Mo0.2W0.8O6Eu0.13,Ca2.87Mo0.2W0.8O6,Eu,3 ,0.13,,,,298,613,0.6478,0.3511,,,,365,,,,5.507896332,322030,613,https://doi.org/10.1016/j.jlumin.2020.117212,ESV,"mp-781505,mp-779906", icsd-262323,1.000033335,Journal of Luminescence,0022-2313,2020
3723,Ca2.85Mo0.2W0.8O6Eu0.15,Ca2.85Mo0.2W0.8O6,Eu,3 ,0.15,,,,298,613,0.6479,0.351,,,,365,,,,5.506329114,320870,613,https://doi.org/10.1016/j.jlumin.2020.117212,ESV,"mp-781505,mp-779906", icsd-262323,0.995122743,Journal of Luminescence,0022-2313,2020
3724,Ca2.83Mo0.2W0.8O6Eu0.17,Ca2.83Mo0.2W0.8O6,Eu,3 ,0.17,,,,298,613,0.647,0.3499,,,,365,,,,5.499948131,316190,613,https://doi.org/10.1016/j.jlumin.2020.117212,ESV,"mp-781505,mp-779906", icsd-262323,0.93807216,Journal of Luminescence,0022-2313,2020
3725,Ca2.97Mo0.2W0.8O6Eu0.03,Ca2.97Mo0.2W0.8O6,Eu,3 ,0.03,,,,298,613,0.6387,0.3594,,,,393,,,,5.509672865,323350,613,https://doi.org/10.1016/j.jlumin.2020.117212,ESV,"mp-781505,mp-779906", icsd-262323,1.016910106,Journal of Luminescence,0022-2313,2020
3726,Ca2.95Mo0.2W0.8O6Eu0.05,Ca2.95Mo0.2W0.8O6,Eu,3 ,0.05,,,,298,613,0.6421,0.3563,,,,393,,,,5.504837717,319770,613,https://doi.org/10.1016/j.jlumin.2020.117212,ESV,"mp-781505,mp-779906", icsd-262323,0.971209276,Journal of Luminescence,0022-2313,2020
3727,Ca2.93Mo0.2W0.8O6Eu0.07,Ca2.93Mo0.2W0.8O6,Eu,3 ,0.07,,,,298,613,0.6433,0.3551,,,,393,,,,5.504389297,319440,613,https://doi.org/10.1016/j.jlumin.2020.117212,ESV,"mp-781505,mp-779906", icsd-262323,0.97150847,Journal of Luminescence,0022-2313,2020
3728,Ca2.91Mo0.2W0.8O6Eu0.09,Ca2.91Mo0.2W0.8O6,Eu,3 ,0.09,,,,298,613,0.644,0.3545,18.7,6.2,360,393,,,,5.503123072,318510,613,https://doi.org/10.1016/j.jlumin.2020.117212,ESV,"mp-781505,mp-779906", icsd-262323,0.951994882,Journal of Luminescence,0022-2313,2020
3729,Ca2.89Mo0.2W0.8O6Eu0.11,Ca2.89Mo0.2W0.8O6,Eu,3 ,0.11,,,,298,613,0.645,0.3535,,,,393,,,,5.500716624,316750,613,https://doi.org/10.1016/j.jlumin.2020.117212,ESV,"mp-781505,mp-779906", icsd-262323,0.932621333,Journal of Luminescence,0022-2313,2020
3730,Ca2.87Mo0.2W0.8O6Eu0.13,Ca2.87Mo0.2W0.8O6,Eu,3 ,0.13,,,,298,613,0.6452,0.3533,,,,393,,,,5.500894829,316880,613,https://doi.org/10.1016/j.jlumin.2020.117212,ESV,"mp-781505,mp-779906", icsd-262323,0.948194654,Journal of Luminescence,0022-2313,2020
3731,Ca2.85Mo0.2W0.8O6Eu0.15,Ca2.85Mo0.2W0.8O6,Eu,3 ,0.15,,,,298,613,0.6453,0.3532,,,,393,,,,5.499494631,315860,613,https://doi.org/10.1016/j.jlumin.2020.117212,ESV,"mp-781505,mp-779906", icsd-262323,0.942587389,Journal of Luminescence,0022-2313,2020
3732,Ca2.83Mo0.2W0.8O6Eu0.17,Ca2.83Mo0.2W0.8O6,Eu,3 ,0.17,,,,298,613,0.6466,0.352,,,,393,,,,5.494850022,312500,613,https://doi.org/10.1016/j.jlumin.2020.117212,ESV,"mp-781505,mp-779906", icsd-262323,0.995455838,Journal of Luminescence,0022-2313,2020
3733,Ca2.97Mo0.2W0.8O6Eu0.03,Ca2.97Mo0.2W0.8O6,Eu,3 ,0.03,,,,298,613,0.6255,0.3697,,,,465,,,,5.518105775,329690,613,https://doi.org/10.1016/j.jlumin.2020.117212,ESV,"mp-781505,mp-779906", icsd-262323,1.234943914,Journal of Luminescence,0022-2313,2020
3734,Ca2.95Mo0.2W0.8O6Eu0.05,Ca2.95Mo0.2W0.8O6,Eu,3 ,0.05,,,,298,613,0.6354,0.361,,,,465,,,,5.510236605,323770,613,https://doi.org/10.1016/j.jlumin.2020.117212,ESV,"mp-781505,mp-779906", icsd-262323,1.015803639,Journal of Luminescence,0022-2313,2020
3735,Ca2.93Mo0.2W0.8O6Eu0.07,Ca2.93Mo0.2W0.8O6,Eu,3 ,0.07,,,,298,613,0.6417,0.3553,,,,465,,,,5.504443676,319480,613,https://doi.org/10.1016/j.jlumin.2020.117212,ESV,"mp-781505,mp-779906", icsd-262323,0.971209276,Journal of Luminescence,0022-2313,2020
3736,Ca2.91Mo0.2W0.8O6Eu0.09,Ca2.91Mo0.2W0.8O6,Eu,3 ,0.09,,,,298,613,0.6447,0.3526,29.6,4.4,370,465,,,,5.496445292,313650,613,https://doi.org/10.1016/j.jlumin.2020.117212,ESV,"mp-781505,mp-779906", icsd-262323,0.989220553,Journal of Luminescence,0022-2313,2020
3737,Ca2.89Mo0.2W0.8O6Eu0.11,Ca2.89Mo0.2W0.8O6,Eu,3 ,0.11,,,,298,613,0.6467,0.3508,,,,465,,,,5.493137266,311270,613,https://doi.org/10.1016/j.jlumin.2020.117212,ESV,"mp-781505,mp-779906", icsd-262323,1.004197362,Journal of Luminescence,0022-2313,2020
3738,Ca2.87Mo0.2W0.8O6Eu0.13,Ca2.87Mo0.2W0.8O6,Eu,3 ,0.13,,,,298,613,0.6472,0.3503,,,,465,,,,5.493360446,311430,613,https://doi.org/10.1016/j.jlumin.2020.117212,ESV,"mp-781505,mp-779906", icsd-262323,1.004197362,Journal of Luminescence,0022-2313,2020
3739,Ca2.85Mo0.2W0.8O6Eu0.15,Ca2.85Mo0.2W0.8O6,Eu,3 ,0.15,,,,298,613,0.6477,0.3499,,,,465,,,,5.486047734,306230,613,https://doi.org/10.1016/j.jlumin.2020.117212,ESV,"mp-781505,mp-779906", icsd-262323,1.030558882,Journal of Luminescence,0022-2313,2020
3740,Ca2.83Mo0.2W0.8O6Eu0.17,Ca2.83Mo0.2W0.8O6,Eu,3 ,0.17,,,,298,613,0.6497,0.3481,,,,465,,,,5.478350016,300850,613,https://doi.org/10.1016/j.jlumin.2020.117212,ESV,"mp-781505,mp-779906", icsd-262323,1.077221009,Journal of Luminescence,0022-2313,2020
3741,Ca2Sb2O7Bi0.015,Ca2Sb2O7,Bi,3 ,0.015,,,,298,438,0.1498,0.0446,,,,337,337,,,,,438,https://doi.org/10.1016/j.jallcom.2015.09.047,ESV,"mp-16280,mp-1190115,mp-14145", icsd-261535 icsd-77063 icsd-166282 icsd-238545 icsd-24245,1.142416119,Journal of Alloys and Compounds,0925-8388,2015
3742,LiCa3MgV3O12,LiCa3MgV3O12,,,,,,,298,500,0.2393,0.326,,,,310,310,,,4.137670537,13730,500,https://doi.org/10.1016/j.materresbull.2018.11.011,ESV,,,1.035345271,Materials Research Bulletin,0025-5408,2019
3743,LiCa2.995MgV3O12Bi0.005,LiCa2.995MgV3O12,Bi,3 ,0.005,,,,298,500,0.2907,0.3652,,,,310,310,,,4.130976692,13520,500,https://doi.org/10.1016/j.materresbull.2018.11.011,ESV,,,1.025564437,Materials Research Bulletin,0025-5408,2019
3744,LiCa2.99MgV3O12Bi0.01,LiCa2.99MgV3O12,Bi,3 ,0.01,,,,298,500,0.3198,0.3982,,,,310,310,,,4.118595365,13140,500,https://doi.org/10.1016/j.materresbull.2018.11.011,ESV,,,1.02369557,Materials Research Bulletin,0025-5408,2019
3745,LiCa2.98MgV3O12Bi0.02,LiCa2.98MgV3O12,Bi,3 ,0.02,,,,298,500,0.3504,0.4102,,,,310,310,,,4.099335278,12570,500,https://doi.org/10.1016/j.materresbull.2018.11.011,ESV,,,1.04617954,Materials Research Bulletin,0025-5408,2019
3746,LiCa2.96MgV3O12Bi0.04,LiCa2.96MgV3O12,Bi,3 ,0.04,,,,298,500,0.401,0.444,,,,310,310,,,4.068927612,11720,500,https://doi.org/10.1016/j.materresbull.2018.11.011,ESV,,,1.043814813,Materials Research Bulletin,0025-5408,2019
3747,LiCa2.94MgV3O12Bi0.06,LiCa2.94MgV3O12,Bi,3 ,0.06,,,,298,500,0.422,0.4539,,,,310,310,,,4.056523724,11390,500,https://doi.org/10.1016/j.materresbull.2018.11.011,ESV,,,1.033590102,Materials Research Bulletin,0025-5408,2019
3748,LiCa2.92MgV3O12Bi0.08,LiCa2.92MgV3O12,Bi,3 ,0.08,,,,298,500,0.4358,0.4472,,,,310,310,,,4.040997692,10990,500,https://doi.org/10.1016/j.materresbull.2018.11.011,ESV,,,1.040703406,Materials Research Bulletin,0025-5408,2019
3749,Ca0.985TiO3Eu0.01,Ca0.985TiO3,Eu,3 ,0.01,,,,298,616,0.615,0.385,1.9,,,397,,,,5.897627091,790000,616,https://doi.org/10.1111/j.1551-2916.2011.04967.x,Wiley,"mp-4019,mp-556003,mp-1205364,mp-3442,mp-754701,mp-5827", icsd-167888 icsd-62149 icsd-97828 icsd-167809 icsd-163663 icsd-174127 icsd-94568 icsd-85101 icsd-96258 icsd-162909 icsd-185445 icsd-162916 icsd-162917 icsd-157115 icsd-185443 icsd-185446 icsd-162913 icsd-162908 icsd-163662 icsd-163528 icsd-185452 icsd-16688 icsd-71915 icsd-186224 icsd-185444 icsd-189135 icsd-162918 icsd-162912 icsd-71916 icsd-180956 icsd-74215 icsd-185454 icsd-162914 icsd-74214 icsd-193648 icsd-93082 icsd-153172 icsd-185451 icsd-150420 icsd-74212 icsd-185449 icsd-162911 icsd-51024 icsd-162910 icsd-74213 icsd-37263 icsd-82487 icsd-185447 icsd-50364 icsd-185450 icsd-185453 icsd-74216 icsd-162915 icsd-185448 icsd-165801 icsd-38212 icsd-29116 icsd-162920 icsd-162919 icsd-162922 icsd-162921 icsd-162925 icsd-162924 icsd-77060 icsd-153173 icsd-162923 icsd-187293 icsd-165076 icsd-162926 icsd-31865 icsd-187294 icsd-153174 icsd-31864,1.006195238,Journal of the American Ceramic Society,0002-7820,2011
3750,Ca0.925TiO3Eu0.05,Ca0.925TiO3,Eu,3 ,0.05,,,,298,616,0.642,0.358,6.8,,,397,,,,5.892094603,780000,616,https://doi.org/10.1111/j.1551-2916.2011.04967.x,Wiley,"mp-4019,mp-556003,mp-1205364,mp-3442,mp-754701,mp-5827", icsd-167888 icsd-62149 icsd-97828 icsd-167809 icsd-163663 icsd-174127 icsd-94568 icsd-85101 icsd-96258 icsd-162909 icsd-185445 icsd-162916 icsd-162917 icsd-157115 icsd-185443 icsd-185446 icsd-162913 icsd-162908 icsd-163662 icsd-163528 icsd-185452 icsd-16688 icsd-71915 icsd-186224 icsd-185444 icsd-189135 icsd-162918 icsd-162912 icsd-71916 icsd-180956 icsd-74215 icsd-185454 icsd-162914 icsd-74214 icsd-193648 icsd-93082 icsd-153172 icsd-185451 icsd-150420 icsd-74212 icsd-185449 icsd-162911 icsd-51024 icsd-162910 icsd-74213 icsd-37263 icsd-82487 icsd-185447 icsd-50364 icsd-185450 icsd-185453 icsd-74216 icsd-162915 icsd-185448 icsd-165801 icsd-38212 icsd-29116 icsd-162920 icsd-162919 icsd-162922 icsd-162921 icsd-162925 icsd-162924 icsd-77060 icsd-153173 icsd-162923 icsd-187293 icsd-165076 icsd-162926 icsd-31865 icsd-187294 icsd-153174 icsd-31864,0.962450477,Journal of the American Ceramic Society,0002-7820,2011
3751,Ca0.85TiO3Eu0.1,Ca0.85TiO3,Eu,3 ,0.1,,,,298,616,0.646,0.353,10.6,,,397,,,,5.880813592,760000,616,https://doi.org/10.1111/j.1551-2916.2011.04967.x,Wiley,"mp-4019,mp-556003,mp-1205364,mp-3442,mp-754701,mp-5827", icsd-167888 icsd-62149 icsd-97828 icsd-167809 icsd-163663 icsd-174127 icsd-94568 icsd-85101 icsd-96258 icsd-162909 icsd-185445 icsd-162916 icsd-162917 icsd-157115 icsd-185443 icsd-185446 icsd-162913 icsd-162908 icsd-163662 icsd-163528 icsd-185452 icsd-16688 icsd-71915 icsd-186224 icsd-185444 icsd-189135 icsd-162918 icsd-162912 icsd-71916 icsd-180956 icsd-74215 icsd-185454 icsd-162914 icsd-74214 icsd-193648 icsd-93082 icsd-153172 icsd-185451 icsd-150420 icsd-74212 icsd-185449 icsd-162911 icsd-51024 icsd-162910 icsd-74213 icsd-37263 icsd-82487 icsd-185447 icsd-50364 icsd-185450 icsd-185453 icsd-74216 icsd-162915 icsd-185448 icsd-165801 icsd-38212 icsd-29116 icsd-162920 icsd-162919 icsd-162922 icsd-162921 icsd-162925 icsd-162924 icsd-77060 icsd-153173 icsd-162923 icsd-187293 icsd-165076 icsd-162926 icsd-31865 icsd-187294 icsd-153174 icsd-31864,1.006577302,Journal of the American Ceramic Society,0002-7820,2011
3752,Ca0.775TiO3Eu0.15,Ca0.775TiO3,Eu,3 ,0.15,,,,298,616,0.648,0.351,14.1,,,397,397,466,379,5.875061263,750000,616,https://doi.org/10.1111/j.1551-2916.2011.04967.x,Wiley,"mp-4019,mp-556003,mp-1205364,mp-3442,mp-754701,mp-5827", icsd-167888 icsd-62149 icsd-97828 icsd-167809 icsd-163663 icsd-174127 icsd-94568 icsd-85101 icsd-96258 icsd-162909 icsd-185445 icsd-162916 icsd-162917 icsd-157115 icsd-185443 icsd-185446 icsd-162913 icsd-162908 icsd-163662 icsd-163528 icsd-185452 icsd-16688 icsd-71915 icsd-186224 icsd-185444 icsd-189135 icsd-162918 icsd-162912 icsd-71916 icsd-180956 icsd-74215 icsd-185454 icsd-162914 icsd-74214 icsd-193648 icsd-93082 icsd-153172 icsd-185451 icsd-150420 icsd-74212 icsd-185449 icsd-162911 icsd-51024 icsd-162910 icsd-74213 icsd-37263 icsd-82487 icsd-185447 icsd-50364 icsd-185450 icsd-185453 icsd-74216 icsd-162915 icsd-185448 icsd-165801 icsd-38212 icsd-29116 icsd-162920 icsd-162919 icsd-162922 icsd-162921 icsd-162925 icsd-162924 icsd-77060 icsd-153173 icsd-162923 icsd-187293 icsd-165076 icsd-162926 icsd-31865 icsd-187294 icsd-153174 icsd-31864,1.063197478,Journal of the American Ceramic Society,0002-7820,2011
3753,Ca0.7TiO3Eu0.2,Ca0.7TiO3,Eu,3 ,0.2,,,,298,616,0.648,0.351,12.7,,,397,,,,5.851258349,710000,616,https://doi.org/10.1111/j.1551-2916.2011.04967.x,Wiley,"mp-4019,mp-556003,mp-1205364,mp-3442,mp-754701,mp-5827", icsd-167888 icsd-62149 icsd-97828 icsd-167809 icsd-163663 icsd-174127 icsd-94568 icsd-85101 icsd-96258 icsd-162909 icsd-185445 icsd-162916 icsd-162917 icsd-157115 icsd-185443 icsd-185446 icsd-162913 icsd-162908 icsd-163662 icsd-163528 icsd-185452 icsd-16688 icsd-71915 icsd-186224 icsd-185444 icsd-189135 icsd-162918 icsd-162912 icsd-71916 icsd-180956 icsd-74215 icsd-185454 icsd-162914 icsd-74214 icsd-193648 icsd-93082 icsd-153172 icsd-185451 icsd-150420 icsd-74212 icsd-185449 icsd-162911 icsd-51024 icsd-162910 icsd-74213 icsd-37263 icsd-82487 icsd-185447 icsd-50364 icsd-185450 icsd-185453 icsd-74216 icsd-162915 icsd-185448 icsd-165801 icsd-38212 icsd-29116 icsd-162920 icsd-162919 icsd-162922 icsd-162921 icsd-162925 icsd-162924 icsd-77060 icsd-153173 icsd-162923 icsd-187293 icsd-165076 icsd-162926 icsd-31865 icsd-187294 icsd-153174 icsd-31864,1.086833349,Journal of the American Ceramic Society,0002-7820,2011
3754,Ca0.55TiO3Eu0.3,Ca0.55TiO3,Eu,3 ,0.3,,,,298,616,0.648,0.352,7.3,,,397,,,,5.785329835,610000,616,https://doi.org/10.1111/j.1551-2916.2011.04967.x,Wiley,"mp-4019,mp-556003,mp-1205364,mp-3442,mp-754701,mp-5827", icsd-167888 icsd-62149 icsd-97828 icsd-167809 icsd-163663 icsd-174127 icsd-94568 icsd-85101 icsd-96258 icsd-162909 icsd-185445 icsd-162916 icsd-162917 icsd-157115 icsd-185443 icsd-185446 icsd-162913 icsd-162908 icsd-163662 icsd-163528 icsd-185452 icsd-16688 icsd-71915 icsd-186224 icsd-185444 icsd-189135 icsd-162918 icsd-162912 icsd-71916 icsd-180956 icsd-74215 icsd-185454 icsd-162914 icsd-74214 icsd-193648 icsd-93082 icsd-153172 icsd-185451 icsd-150420 icsd-74212 icsd-185449 icsd-162911 icsd-51024 icsd-162910 icsd-74213 icsd-37263 icsd-82487 icsd-185447 icsd-50364 icsd-185450 icsd-185453 icsd-74216 icsd-162915 icsd-185448 icsd-165801 icsd-38212 icsd-29116 icsd-162920 icsd-162919 icsd-162922 icsd-162921 icsd-162925 icsd-162924 icsd-77060 icsd-153173 icsd-162923 icsd-187293 icsd-165076 icsd-162926 icsd-31865 icsd-187294 icsd-153174 icsd-31864,1.011970686,Journal of the American Ceramic Society,0002-7820,2011
3755,Ca0.98TiO3Li0.01Eu0.01,Ca0.98TiO3Li0.01,Eu,3 ,0.01,,,,298,616,0.629,0.371,2,,,397,,,,5.892094603,780000,616,https://doi.org/10.1111/j.1551-2916.2011.04967.x,Wiley,"mp-4019,mp-556003,mp-1205364,mp-3442,mp-754701,mp-5827", icsd-167888 icsd-62149 icsd-97828 icsd-167809 icsd-163663 icsd-174127 icsd-94568 icsd-85101 icsd-96258 icsd-162909 icsd-185445 icsd-162916 icsd-162917 icsd-157115 icsd-185443 icsd-185446 icsd-162913 icsd-162908 icsd-163662 icsd-163528 icsd-185452 icsd-16688 icsd-71915 icsd-186224 icsd-185444 icsd-189135 icsd-162918 icsd-162912 icsd-71916 icsd-180956 icsd-74215 icsd-185454 icsd-162914 icsd-74214 icsd-193648 icsd-93082 icsd-153172 icsd-185451 icsd-150420 icsd-74212 icsd-185449 icsd-162911 icsd-51024 icsd-162910 icsd-74213 icsd-37263 icsd-82487 icsd-185447 icsd-50364 icsd-185450 icsd-185453 icsd-74216 icsd-162915 icsd-185448 icsd-165801 icsd-38212 icsd-29116 icsd-162920 icsd-162919 icsd-162922 icsd-162921 icsd-162925 icsd-162924 icsd-77060 icsd-153173 icsd-162923 icsd-187293 icsd-165076 icsd-162926 icsd-31865 icsd-187294 icsd-153174 icsd-31864,0.962472543,Journal of the American Ceramic Society,0002-7820,2011
3756,Ca0.9TiO3Li0.05Eu0.05,Ca0.9TiO3Li0.05,Eu,3 ,0.05,,,,298,616,0.643,0.356,8.3,,,397,,,,5.886490725,770000,616,https://doi.org/10.1111/j.1551-2916.2011.04967.x,Wiley,"mp-4019,mp-556003,mp-1205364,mp-3442,mp-754701,mp-5827", icsd-167888 icsd-62149 icsd-97828 icsd-167809 icsd-163663 icsd-174127 icsd-94568 icsd-85101 icsd-96258 icsd-162909 icsd-185445 icsd-162916 icsd-162917 icsd-157115 icsd-185443 icsd-185446 icsd-162913 icsd-162908 icsd-163662 icsd-163528 icsd-185452 icsd-16688 icsd-71915 icsd-186224 icsd-185444 icsd-189135 icsd-162918 icsd-162912 icsd-71916 icsd-180956 icsd-74215 icsd-185454 icsd-162914 icsd-74214 icsd-193648 icsd-93082 icsd-153172 icsd-185451 icsd-150420 icsd-74212 icsd-185449 icsd-162911 icsd-51024 icsd-162910 icsd-74213 icsd-37263 icsd-82487 icsd-185447 icsd-50364 icsd-185450 icsd-185453 icsd-74216 icsd-162915 icsd-185448 icsd-165801 icsd-38212 icsd-29116 icsd-162920 icsd-162919 icsd-162922 icsd-162921 icsd-162925 icsd-162924 icsd-77060 icsd-153173 icsd-162923 icsd-187293 icsd-165076 icsd-162926 icsd-31865 icsd-187294 icsd-153174 icsd-31864,0.997366031,Journal of the American Ceramic Society,0002-7820,2011
3757,Ca0.8TiO3Li0.1Eu0.1,Ca0.8TiO3Li0.1,Eu,3 ,0.1,,,,298,616,0.649,0.351,13.8,,,397,,,,5.880813592,760000,616,https://doi.org/10.1111/j.1551-2916.2011.04967.x,Wiley,"mp-4019,mp-556003,mp-1205364,mp-3442,mp-754701,mp-5827", icsd-167888 icsd-62149 icsd-97828 icsd-167809 icsd-163663 icsd-174127 icsd-94568 icsd-85101 icsd-96258 icsd-162909 icsd-185445 icsd-162916 icsd-162917 icsd-157115 icsd-185443 icsd-185446 icsd-162913 icsd-162908 icsd-163662 icsd-163528 icsd-185452 icsd-16688 icsd-71915 icsd-186224 icsd-185444 icsd-189135 icsd-162918 icsd-162912 icsd-71916 icsd-180956 icsd-74215 icsd-185454 icsd-162914 icsd-74214 icsd-193648 icsd-93082 icsd-153172 icsd-185451 icsd-150420 icsd-74212 icsd-185449 icsd-162911 icsd-51024 icsd-162910 icsd-74213 icsd-37263 icsd-82487 icsd-185447 icsd-50364 icsd-185450 icsd-185453 icsd-74216 icsd-162915 icsd-185448 icsd-165801 icsd-38212 icsd-29116 icsd-162920 icsd-162919 icsd-162922 icsd-162921 icsd-162925 icsd-162924 icsd-77060 icsd-153173 icsd-162923 icsd-187293 icsd-165076 icsd-162926 icsd-31865 icsd-187294 icsd-153174 icsd-31864,1.006583036,Journal of the American Ceramic Society,0002-7820,2011
3758,Ca0.7TiO3Li0.15Eu0.15,Ca0.7TiO3Li0.15,Eu,3 ,0.15,,,,298,616,0.651,0.349,19.9,,,397,397,466,379,5.84509804,700000,616,https://doi.org/10.1111/j.1551-2916.2011.04967.x,Wiley,"mp-4019,mp-556003,mp-1205364,mp-3442,mp-754701,mp-5827", icsd-167888 icsd-62149 icsd-97828 icsd-167809 icsd-163663 icsd-174127 icsd-94568 icsd-85101 icsd-96258 icsd-162909 icsd-185445 icsd-162916 icsd-162917 icsd-157115 icsd-185443 icsd-185446 icsd-162913 icsd-162908 icsd-163662 icsd-163528 icsd-185452 icsd-16688 icsd-71915 icsd-186224 icsd-185444 icsd-189135 icsd-162918 icsd-162912 icsd-71916 icsd-180956 icsd-74215 icsd-185454 icsd-162914 icsd-74214 icsd-193648 icsd-93082 icsd-153172 icsd-185451 icsd-150420 icsd-74212 icsd-185449 icsd-162911 icsd-51024 icsd-162910 icsd-74213 icsd-37263 icsd-82487 icsd-185447 icsd-50364 icsd-185450 icsd-185453 icsd-74216 icsd-162915 icsd-185448 icsd-165801 icsd-38212 icsd-29116 icsd-162920 icsd-162919 icsd-162922 icsd-162921 icsd-162925 icsd-162924 icsd-77060 icsd-153173 icsd-162923 icsd-187293 icsd-165076 icsd-162926 icsd-31865 icsd-187294 icsd-153174 icsd-31864,1.203499035,Journal of the American Ceramic Society,0002-7820,2011
3759,Ca0.6TiO3Li0.2Eu0.2,Ca0.6TiO3Li0.2,Eu,3 ,0.2,,,,298,616,0.652,0.348,18.5,,,397,,,,5.799340549,630000,616,https://doi.org/10.1111/j.1551-2916.2011.04967.x,Wiley,"mp-4019,mp-556003,mp-1205364,mp-3442,mp-754701,mp-5827", icsd-167888 icsd-62149 icsd-97828 icsd-167809 icsd-163663 icsd-174127 icsd-94568 icsd-85101 icsd-96258 icsd-162909 icsd-185445 icsd-162916 icsd-162917 icsd-157115 icsd-185443 icsd-185446 icsd-162913 icsd-162908 icsd-163662 icsd-163528 icsd-185452 icsd-16688 icsd-71915 icsd-186224 icsd-185444 icsd-189135 icsd-162918 icsd-162912 icsd-71916 icsd-180956 icsd-74215 icsd-185454 icsd-162914 icsd-74214 icsd-193648 icsd-93082 icsd-153172 icsd-185451 icsd-150420 icsd-74212 icsd-185449 icsd-162911 icsd-51024 icsd-162910 icsd-74213 icsd-37263 icsd-82487 icsd-185447 icsd-50364 icsd-185450 icsd-185453 icsd-74216 icsd-162915 icsd-185448 icsd-165801 icsd-38212 icsd-29116 icsd-162920 icsd-162919 icsd-162922 icsd-162921 icsd-162925 icsd-162924 icsd-77060 icsd-153173 icsd-162923 icsd-187293 icsd-165076 icsd-162926 icsd-31865 icsd-187294 icsd-153174 icsd-31864,0.959308269,Journal of the American Ceramic Society,0002-7820,2011
3760,Ca0.4TiO3Li0.3Eu0.3,Ca0.4TiO3Li0.3,Eu,3 ,0.3,,,,298,616,0.652,0.348,11.2,,,397,,,,5.612783857,410000,616,https://doi.org/10.1111/j.1551-2916.2011.04967.x,Wiley,"mp-4019,mp-556003,mp-1205364,mp-3442,mp-754701,mp-5827", icsd-167888 icsd-62149 icsd-97828 icsd-167809 icsd-163663 icsd-174127 icsd-94568 icsd-85101 icsd-96258 icsd-162909 icsd-185445 icsd-162916 icsd-162917 icsd-157115 icsd-185443 icsd-185446 icsd-162913 icsd-162908 icsd-163662 icsd-163528 icsd-185452 icsd-16688 icsd-71915 icsd-186224 icsd-185444 icsd-189135 icsd-162918 icsd-162912 icsd-71916 icsd-180956 icsd-74215 icsd-185454 icsd-162914 icsd-74214 icsd-193648 icsd-93082 icsd-153172 icsd-185451 icsd-150420 icsd-74212 icsd-185449 icsd-162911 icsd-51024 icsd-162910 icsd-74213 icsd-37263 icsd-82487 icsd-185447 icsd-50364 icsd-185450 icsd-185453 icsd-74216 icsd-162915 icsd-185448 icsd-165801 icsd-38212 icsd-29116 icsd-162920 icsd-162919 icsd-162922 icsd-162921 icsd-162925 icsd-162924 icsd-77060 icsd-153173 icsd-162923 icsd-187293 icsd-165076 icsd-162926 icsd-31865 icsd-187294 icsd-153174 icsd-31864,1.02526294,Journal of the American Ceramic Society,0002-7820,2011
3761,La0.995BMoO6Eu0.005,La0.995BMoO6,Eu,3 ,0.005,,,,298,615,0.656,0.343,,,,350,,,,,,,https://doi.org/10.1016/j.jallcom.2015.01.134,ESV,mp-558445, icsd-161205,0.980893917,Journal of Alloys and Compounds,0925-8388,2015
3762,La0.99BMoO6Eu0.01,La0.99BMoO6,Eu,3 ,0.01,,,,298,615,0.657,0.342,,,,350,,,,,,,https://doi.org/10.1016/j.jallcom.2015.01.134,ESV,mp-558445, icsd-161205,0.980779274,Journal of Alloys and Compounds,0925-8388,2015
3763,La0.98BMoO6Eu0.02,La0.98BMoO6,Eu,3 ,0.02,,,,298,615,0.658,0.341,,,,350,,,,,,,https://doi.org/10.1016/j.jallcom.2015.01.134,ESV,mp-558445, icsd-161205,0.980532454,Journal of Alloys and Compounds,0925-8388,2015
3764,La0.97BMoO6Eu0.03,La0.97BMoO6,Eu,3 ,0.03,,,,298,615,0.658,0.341,,,,350,,,,,,,https://doi.org/10.1016/j.jallcom.2015.01.134,ESV,mp-558445, icsd-161205,0.980262548,Journal of Alloys and Compounds,0925-8388,2015
3765,La0.96BMoO6Eu0.04,La0.96BMoO6,Eu,3 ,0.04,,,,298,615,0.657,0.342,,,,350,,,,,,,https://doi.org/10.1016/j.jallcom.2015.01.134,ESV,mp-558445, icsd-161205,0.980262548,Journal of Alloys and Compounds,0925-8388,2015
3766,La0.95BMoO6Eu0.05,La0.95BMoO6,Eu,3 ,0.05,,,,298,615,0.656,0.343,,,,350,,,,,,,https://doi.org/10.1016/j.jallcom.2015.01.134,ESV,mp-558445, icsd-161205,0.981829792,Journal of Alloys and Compounds,0925-8388,2015
3767,La0.94BMoO6Eu0.06,La0.94BMoO6,Eu,3 ,0.06,,,,298,615,0.651,0.347,,,,350,,,,,,,https://doi.org/10.1016/j.jallcom.2015.01.134,ESV,mp-558445, icsd-161205,0.983562161,Journal of Alloys and Compounds,0925-8388,2015
3768,La0.93BMoO6Eu0.07,La0.93BMoO6,Eu,3 ,0.07,,,,298,615,0.652,0.346,,,,350,,,,,,,https://doi.org/10.1016/j.jallcom.2015.01.134,ESV,mp-558445, icsd-161205,0.98545726,Journal of Alloys and Compounds,0925-8388,2015
3769,La0.92BMoO6Eu0.08,La0.92BMoO6,Eu,3 ,0.08,,,,298,615,0.651,0.347,,,,350,,,,,,,https://doi.org/10.1016/j.jallcom.2015.01.134,ESV,mp-558445, icsd-161205,0.997497947,Journal of Alloys and Compounds,0925-8388,2015
3770,La0.91BMoO6Eu0.09,La0.91BMoO6,Eu,3 ,0.09,,,,298,615,0.651,0.347,,,,350,,,,,,,https://doi.org/10.1016/j.jallcom.2015.01.134,ESV,mp-558445, icsd-161205,0.998886889,Journal of Alloys and Compounds,0925-8388,2015
3771,Sr2.995LaNaP2SiO12Eu0.005,Sr2.995LaNaP2SiO12,Eu,2 ,0.005,,,,298,484,0.205,0.334,,,,325,,,,,,,https://doi.org/10.1016/j.ceramint.2016.08.163,ESV,,,1.000575878,Ceramics International,0272-8842,2016
3772,Sr2.99LaNaP2SiO12Eu0.01,Sr2.99LaNaP2SiO12,Eu,2 ,0.01,,,,298,484,0.216,0.344,,,,325,,,,,,,https://doi.org/10.1016/j.ceramint.2016.08.163,ESV,,,1.000545989,Ceramics International,0272-8842,2016
3773,Sr2.98LaNaP2SiO12Eu0.02,Sr2.98LaNaP2SiO12,Eu,2 ,0.02,,,,298,484,0.239,0.363,,,,325,,,,,,,https://doi.org/10.1016/j.ceramint.2016.08.163,ESV,,,1.000545989,Ceramics International,0272-8842,2016
3774,Sr2.965LaNaP2SiO12Eu0.035,Sr2.965LaNaP2SiO12,Eu,2 ,0.035,,,,298,484,0.26,0.377,,,,325,,,,,,,https://doi.org/10.1016/j.ceramint.2016.08.163,ESV,,,1.000545989,Ceramics International,0272-8842,2016
3775,Sr2.95LaNaP2SiO12Eu0.05,Sr2.95LaNaP2SiO12,Eu,2 ,0.05,,,,298,484,0.28,0.39,,,,325,,,,,,,https://doi.org/10.1016/j.ceramint.2016.08.163,ESV,,,1.000605094,Ceramics International,0272-8842,2016
3776,Sr2.925LaNaP2SiO12Eu0.075,Sr2.925LaNaP2SiO12,Eu,2 ,0.075,,,,298,484,0.288,0.387,,,,325,,,,,,,https://doi.org/10.1016/j.ceramint.2016.08.163,ESV,,,1.004324164,Ceramics International,0272-8842,2016
3777,Sr2.9LaNaP2SiO12Eu0.1,Sr2.9LaNaP2SiO12,Eu,2 ,0.1,,,,298,484,0.289,0.373,,,432,325,,,,,,,https://doi.org/10.1016/j.ceramint.2016.08.163,ESV,,,1.0011934,Ceramics International,0272-8842,2016
3778,Sr2.995LaNaP2SiO12Eu0.005,Sr2.995LaNaP2SiO12,Eu,2 ,0.005,,,,298,484,0.256,0.348,,,,380,,,,,,,https://doi.org/10.1016/j.ceramint.2016.08.163,ESV,,,0.99801388,Ceramics International,0272-8842,2016
3779,Sr2.99LaNaP2SiO12Eu0.01,Sr2.99LaNaP2SiO12,Eu,2 ,0.01,,,,298,484,0.277,0.367,,,,380,,,,,,,https://doi.org/10.1016/j.ceramint.2016.08.163,ESV,,,0.998262005,Ceramics International,0272-8842,2016
3780,Sr2.98LaNaP2SiO12Eu0.02,Sr2.98LaNaP2SiO12,Eu,2 ,0.02,,,,298,484,0.296,0.38,,,,380,,,,,,,https://doi.org/10.1016/j.ceramint.2016.08.163,ESV,,,0.99878517,Ceramics International,0272-8842,2016
3781,Sr2.965LaNaP2SiO12Eu0.035,Sr2.965LaNaP2SiO12,Eu,2 ,0.035,,,,298,535,0.317,0.388,,,,380,,,,,,,https://doi.org/10.1016/j.ceramint.2016.08.163,ESV,,,1.004149413,Ceramics International,0272-8842,2016
3782,Sr2.95LaNaP2SiO12Eu0.05,Sr2.95LaNaP2SiO12,Eu,2 ,0.05,,,,298,535,0.333,0.392,,,,380,,,,,,,https://doi.org/10.1016/j.ceramint.2016.08.163,ESV,,,0.997260371,Ceramics International,0272-8842,2016
3783,Sr2.925LaNaP2SiO12Eu0.075,Sr2.925LaNaP2SiO12,Eu,2 ,0.075,,,,298,535,0.334,0.383,,,,380,,,,,,,https://doi.org/10.1016/j.ceramint.2016.08.163,ESV,,,1.00876414,Ceramics International,0272-8842,2016
3784,Sr2.9LaNaP2SiO12Eu0.1,Sr2.9LaNaP2SiO12,Eu,2 ,0.1,,,,298,535,0.326,0.364,,,417,380,,,,,,,https://doi.org/10.1016/j.ceramint.2016.08.163,ESV,,,1.012505514,Ceramics International,0272-8842,2016
3785,Ca9LaP5SiO24Cl2Eu0.01,Ca9LaP5SiO24Cl2,Eu,2 ,0.01,,,,298,461,0.1574,0.1281,,,,345,,,,,,461,https://doi.org/10.1016/j.jlumin.2018.10.036,ESV,,,1.346268846,Journal of Luminescence,0022-2313,2019
3786,Ca9LaP5SiO24Cl2Eu0.03,Ca9LaP5SiO24Cl2,Eu,2 ,0.03,,,,298,461,0.1586,0.1271,,,,345,,,,,,461,https://doi.org/10.1016/j.jlumin.2018.10.036,ESV,,,1.347597452,Journal of Luminescence,0022-2313,2019
3787,Ca9LaP5SiO24Cl2Eu0.05,Ca9LaP5SiO24Cl2,Eu,2 ,0.05,,,,298,461,0.1571,0.1236,,,,345,,,,,,461,https://doi.org/10.1016/j.jlumin.2018.10.036,ESV,,,1.349713555,Journal of Luminescence,0022-2313,2019
3788,Ca9LaP5SiO24Cl2Eu0.08,Ca9LaP5SiO24Cl2,Eu,2 ,0.08,,,,298,461,0.1587,0.1261,,,418,345,345,,,2.439332694,275,461,https://doi.org/10.1016/j.jlumin.2018.10.036,ESV,,,0.975923783,Journal of Luminescence,0022-2313,2019
3789,Ca9LaP5SiO24Cl2Eu0.1,Ca9LaP5SiO24Cl2,Eu,2 ,0.1,,,,298,461,0.1582,0.124,,,,345,,,,,,461,https://doi.org/10.1016/j.jlumin.2018.10.036,ESV,,,1.358386646,Journal of Luminescence,0022-2313,2019
3790,Ca9LaP5SiO24Cl2Eu0.15,Ca9LaP5SiO24Cl2,Eu,2 ,0.15,,,,298,461,0.1599,0.1296,,,,345,,,,,,461,https://doi.org/10.1016/j.jlumin.2018.10.036,ESV,,,1.371718951,Journal of Luminescence,0022-2313,2019
3791,Ca9LaP5SiO24Cl2Eu0.2,Ca9LaP5SiO24Cl2,Eu,2 ,0.2,,,,298,461,0.161,0.1335,,,,345,,,,,,461,https://doi.org/10.1016/j.jlumin.2018.10.036,ESV,,,1.386574891,Journal of Luminescence,0022-2313,2019
3792,Ca9LaP5SiO24Cl2Eu0.3,Ca9LaP5SiO24Cl2,Eu,2 ,0.3,,,,298,461,0.1631,0.1391,,,,345,,,,,,461,https://doi.org/10.1016/j.jlumin.2018.10.036,ESV,,,1.435647943,Journal of Luminescence,0022-2313,2019
3793,Ca9LaP5SiO24Cl2Eu0.5,Ca9LaP5SiO24Cl2,Eu,2 ,0.5,,,,298,461,0.1681,0.1541,,,,345,,,,,,461,https://doi.org/10.1016/j.jlumin.2018.10.036,ESV,,,1.496242161,Journal of Luminescence,0022-2313,2019
3794,Ca9.96P6O24Cl1.94Eu0.01,Ca9.96P6O24Cl1.94,Eu,3 ,0.01,,,,298,574,0.497,0.437,,,,461,528,531,461,6.346352974,2220000,574,https://doi.org/10.1016/j.materresbull.2017.09.043,ESV,"mp-555164,mp-39460,mp-554236", icsd-2789 icsd-24237 icsd-184825 icsd-184824,1.034831842,Materials Research Bulletin,0025-5408,2018
3795,Sr1.75Ca1.24P2O8Eu0.01,Sr1.75Ca1.24P2O8,Eu,2 ,0.01,,,,298,514,0.374,0.588,,,,365,279,364,,,,514,https://doi.org/10.1021/ic500230v,ACS,mp-4632, icsd-69449 icsd-184780 icsd-150869 icsd-18109 icsd-30635 icsd-410784,1.030140007,Inorganic Chemistry,0020-1669,2014
3796,K3LuSi2O7Eu0.01,K3LuSi2O7,Eu,2 ,0.01,,,,298,740,,,,,475,460,460,,,3.198657087,1580,740,https://doi.org/10.1038/s41467-019-13293-0,SN,mp-557543, icsd-412528,1.102572154,Nature Communications,2041-1723,2019
3797,K3LuSi2O7Eu0.02,K3LuSi2O7,Eu,2 ,0.02,,,,298,740,,,,,,460,460,,,3.178976947,1510,740,https://doi.org/10.1038/s41467-019-13293-0,SN,mp-557543, icsd-412528,1.085184265,Nature Communications,2041-1723,2019
3798,K3LuSi2O7Eu0.03,K3LuSi2O7,Eu,2 ,0.03,,,,298,740,,,,,,460,460,,,3.161368002,1450,740,https://doi.org/10.1038/s41467-019-13293-0,SN,mp-557543, icsd-412528,1.076426122,Nature Communications,2041-1723,2019
3800,Mg2La3Nb0.998O9Mn0.002,Mg2La3Nb0.998O9,Mn,4 ,0.002,,,,298,708,,,,,,350,350,505,,6.05804623,1143000,708,https://doi.org/10.1016/j.apt.2020.08.009,ESV,mp-1223356,,1.050532006,Advanced Powder Technology,0921-8831,2020
3801,Mg2La3Nb0.996O9Mn0.004,Mg2La3Nb0.996O9,Mn,4 ,0.004,,,,298,708,,,,,,350,350,505,,6.054613055,1134000,708,https://doi.org/10.1016/j.apt.2020.08.009,ESV,mp-1223356,,0.997424832,Advanced Powder Technology,0921-8831,2020
3802,Mg2La3Nb0.994O9Mn0.006,Mg2La3Nb0.994O9,Mn,4 ,0.006,,,,298,708,0.7322,0.2678,,,525,350,350,505,,6.044931546,1109000,708,https://doi.org/10.1016/j.apt.2020.08.009,ESV,mp-1223356,,0.99025198,Advanced Powder Technology,0921-8831,2020
3803,Mg2La3Nb0.992O9Mn0.008,Mg2La3Nb0.992O9,Mn,4 ,0.008,,,,298,708,,,,,,350,350,505,,6.041787319,1101000,708,https://doi.org/10.1016/j.apt.2020.08.009,ESV,mp-1223356,,1.000505021,Advanced Powder Technology,0921-8831,2020
3804,Mg2La3Nb0.99O9Mn0.01,Mg2La3Nb0.99O9,Mn,4 ,0.01,,,,298,708,,,,,,350,350,505,,6.040997692,1099000,708,https://doi.org/10.1016/j.apt.2020.08.009,ESV,mp-1223356,,1.005735226,Advanced Powder Technology,0921-8831,2020
3805,Sr2GdNbO6Mn0.004,Sr2GdNbO6,Mn,4 ,0.004,,,,298,687,,,36.37,,430,350,350,512,,,,687,https://doi.org/10.1016/j.jlumin.2019.116968,ESV,,,1.123840127,Journal of Luminescence,0022-2313,2020
3806,Sr2.95YP3O12Eu0.05,Sr2.95YP3O12,Eu,2 ,0.05,,,,298,504,0.189,0.359,,,,350,,,,,,,https://doi.org/10.1016/j.jre.2017.06.013,ESV,,,1.02394606,Journal of Rare Earths,1002-0721,2018
3807,Sr2.95Y0.99P3O12Eu0.05Tb0.01,Sr2.95Y0.99P3O12,Eu,2 ,0.05,Tb,3 ,0.01,298,504,0.195,0.377,,,,350,,,,,,,https://doi.org/10.1016/j.jre.2017.06.013,ESV,,,0.993708683,Journal of Rare Earths,1002-0721,2018
3808,Sr2.95Y0.97P3O12Eu0.05Tb0.03,Sr2.95Y0.97P3O12,Eu,2 ,0.05,Tb,3 ,0.03,298,504,0.197,0.38,,,,350,,,,,,,https://doi.org/10.1016/j.jre.2017.06.013,ESV,,,0.99373285,Journal of Rare Earths,1002-0721,2018
3809,Sr2.95Y0.95P3O12Eu0.05Tb0.05,Sr2.95Y0.95P3O12,Eu,2 ,0.05,Tb,3 ,0.05,298,504,0.198,0.382,,,,350,,,,,,,https://doi.org/10.1016/j.jre.2017.06.013,ESV,,,0.99368983,Journal of Rare Earths,1002-0721,2018
3810,Sr2.95Y0.93P3O12Eu0.05Tb0.07,Sr2.95Y0.93P3O12,Eu,2 ,0.05,Tb,3 ,0.07,298,504,0.2,0.388,,,,350,,,,,,,https://doi.org/10.1016/j.jre.2017.06.013,ESV,,,0.993723168,Journal of Rare Earths,1002-0721,2018
3811,Sr2.95Y0.91P3O12Eu0.05Tb0.09,Sr2.95Y0.91P3O12,Eu,2 ,0.05,Tb,3 ,0.09,298,545,0.201,0.39,,,,350,,,,,,,https://doi.org/10.1016/j.jre.2017.06.013,ESV,,,0.986827984,Journal of Rare Earths,1002-0721,2018
3812,Sr2.95Y0.87P3O12Eu0.05Tb0.13,Sr2.95Y0.87P3O12,Eu,2 ,0.05,Tb,3 ,0.13,298,545,0.203,0.396,,,,350,,,,,,,https://doi.org/10.1016/j.jre.2017.06.013,ESV,,,0.987042491,Journal of Rare Earths,1002-0721,2018
3813,Sr2.95Y0.85P3O12Eu0.05Tb0.15,Sr2.95Y0.85P3O12,Eu,2 ,0.05,Tb,3 ,0.15,298,545,0.205,0.41,,,,350,,,,,,,https://doi.org/10.1016/j.jre.2017.06.013,ESV,,,0.981612094,Journal of Rare Earths,1002-0721,2018
3814,Sr2.95Y0.8P3O12Eu0.05Tb0.2,Sr2.95Y0.8P3O12,Eu,2 ,0.05,Tb,3 ,0.2,298,545,0.211,0.421,,,,350,,,,,,,https://doi.org/10.1016/j.jre.2017.06.013,ESV,,,0.982182235,Journal of Rare Earths,1002-0721,2018
3815,K2Gd0.95WPO8Eu0.05,K2Gd0.95WPO8,Eu,3 ,0.05,,,,298,615,,,,,,396,396,467,384,6.389166084,2450000,615,https://doi.org/10.1016/j.ceramint.2017.05.123,ESV,,,1.004806048,Ceramics International,0272-8842,2017
3816,K2Gd0.8WPO8Eu0.2,K2Gd0.8WPO8,Eu,3 ,0.2,,,,298,615,,,,,,396,396,467,384,6.392696953,2470000,615,https://doi.org/10.1016/j.ceramint.2017.05.123,ESV,,,0.993241324,Ceramics International,0272-8842,2017
3817,K2Gd0.5WPO8Eu0.5,K2Gd0.5WPO8,Eu,3 ,0.5,,,,298,615,,,,,,396,396,467,384,6.389166084,2450000,615,https://doi.org/10.1016/j.ceramint.2017.05.123,ESV,,,1.004806948,Ceramics International,0272-8842,2017
3818,K2Gd0.3WPO8Eu0.7,K2Gd0.3WPO8,Eu,3 ,0.7,,,,298,615,,,,,,396,396,467,384,6.372912003,2360000,615,https://doi.org/10.1016/j.ceramint.2017.05.123,ESV,,,1.025148236,Ceramics International,0272-8842,2017
3819,K2WPO8Eu1,K2WPO8,Eu,3 ,1,,,,298,615,0.648,0.352,64.7,,500,396,396,467,384,6.390935107,2460000,615,https://doi.org/10.1016/j.ceramint.2017.05.123,ESV,,,0.981198613,Ceramics International,0272-8842,2017
3820,Na1.96MgSiO4Tb0.04,Na1.96MgSiO4,Tb,3 ,0.04,,,,298,546,0.32,0.51,,,,376,376,,,6.46686762,2930000,546,https://doi.org/10.1016/j.jlumin.2017.05.003,ESV,"mp-6406,mp-6426", icsd-15619 icsd-15618 icsd-84562 icsd-84563,1.017380054,Journal of Luminescence,0022-2313,2017
3821,Na1.9599MgSiO4Tb0.04Eu0.0001,Na1.9599MgSiO4,Tb,3 ,0.04,Eu,3 ,0.0001,298,546,0.35,0.47,,,,376,,,,6.439332694,2750000,546,https://doi.org/10.1016/j.jlumin.2017.05.003,ESV,"mp-6406,mp-6426", icsd-15619 icsd-15618 icsd-84562 icsd-84563,1.097929971,Journal of Luminescence,0022-2313,2017
3822,Na1.9595MgSiO4Tb0.04Eu0.0005,Na1.9595MgSiO4,Tb,3 ,0.04,Eu,3 ,0.0005,298,615,0.44,0.46,,,,376,,,,6.269512944,1860000,546,https://doi.org/10.1016/j.jlumin.2017.05.003,ESV,"mp-6406,mp-6426", icsd-15619 icsd-15618 icsd-84562 icsd-84563,1.063092349,Journal of Luminescence,0022-2313,2017
3823,Na1.959MgSiO4Tb0.04Eu0.001,Na1.959MgSiO4,Tb,3 ,0.04,Eu,3 ,0.001,298,615,0.46,0.44,,,,376,,,,6.198657087,1580000,546,https://doi.org/10.1016/j.jlumin.2017.05.003,ESV,"mp-6406,mp-6426", icsd-15619 icsd-15618 icsd-84562 icsd-84563,1.017035352,Journal of Luminescence,0022-2313,2017
3824,Na1.955MgSiO4Tb0.04Eu0.005,Na1.955MgSiO4,Tb,3 ,0.04,Eu,3 ,0.005,298,615,0.54,0.39,,,,376,,,,6.184691431,1530000,546,https://doi.org/10.1016/j.jlumin.2017.05.003,ESV,"mp-6406,mp-6426", icsd-15619 icsd-15618 icsd-84562 icsd-84563,1.158648361,Journal of Luminescence,0022-2313,2017
3825,Na1.95MgSiO4Tb0.04Eu0.01,Na1.95MgSiO4,Tb,3 ,0.04,Eu,3 ,0.01,298,615,0.56,0.38,,,,376,,,,6.164352856,1460000,546,https://doi.org/10.1016/j.jlumin.2017.05.003,ESV,"mp-6406,mp-6426", icsd-15619 icsd-15618 icsd-84562 icsd-84563,0.97592325,Journal of Luminescence,0022-2313,2017
3826,Na1.94MgSiO4Tb0.04Eu0.02,Na1.94MgSiO4,Tb,3 ,0.04,Eu,3 ,0.02,298,615,0.58,0.37,,,,376,,,,6.152288344,1420000,546,https://doi.org/10.1016/j.jlumin.2017.05.003,ESV,"mp-6406,mp-6426", icsd-15619 icsd-15618 icsd-84562 icsd-84563,0.980687029,Journal of Luminescence,0022-2313,2017
3827,Li3Mg2Sb0.995O6Mn0.005,Li3Mg2Sb0.995O6,Mn,4 ,0.005,,,,298,666,,,,,,477,477,,,5.664923893,462300,666,https://doi.org/10.1016/j.jallcom.2018.09.162,ESV,,,1.056274316,Journal of Alloys and Compounds,0925-8388,2019
3828,Li3Mg2Sb0.99O6Mn0.01,Li3Mg2Sb0.99O6,Mn,4 ,0.01,,,,298,666,,,68.1,,,477,477,,,5.636387586,432900,666,https://doi.org/10.1016/j.jallcom.2018.09.162,ESV,,,1.01451211,Journal of Alloys and Compounds,0925-8388,2019
3829,Li3Mg2Sb0.985O6Mn0.015,Li3Mg2Sb0.985O6,Mn,4 ,0.015,,,,298,666,,,,,,477,477,,,5.606058749,403700,666,https://doi.org/10.1016/j.jallcom.2018.09.162,ESV,,,0.981648911,Journal of Alloys and Compounds,0925-8388,2019
3830,Li3Mg2Sb0.98O6Mn0.02,Li3Mg2Sb0.98O6,Mn,4 ,0.02,,,,298,666,,,,,,477,477,,,5.57840997,378800,666,https://doi.org/10.1016/j.jallcom.2018.09.162,ESV,,,0.984698933,Journal of Alloys and Compounds,0925-8388,2019
3831,Li3Mg2Sb0.975O6Mn0.025,Li3Mg2Sb0.975O6,Mn,4 ,0.025,,,,298,666,,,,,,477,477,,,5.534787359,342600,666,https://doi.org/10.1016/j.jallcom.2018.09.162,ESV,,,1.730414928,Journal of Alloys and Compounds,0925-8388,2019
3832,Li3Mg2Sb0.97O6Mn0.03,Li3Mg2Sb0.97O6,Mn,4 ,0.03,,,,298,666,,,,,,477,477,,,5.512016969,325100,666,https://doi.org/10.1016/j.jallcom.2018.09.162,ESV,,,1.036184155,Journal of Alloys and Compounds,0925-8388,2019
3833,Li3Mg2Sb0.965O6Mn0.035,Li3Mg2Sb0.965O6,Mn,4 ,0.035,,,,298,666,,,,,,477,477,,,5.503790683,319000,666,https://doi.org/10.1016/j.jallcom.2018.09.162,ESV,,,0.960573869,Journal of Alloys and Compounds,0925-8388,2019
3834,Li3Mg2Sb0.96O6Mn0.04,Li3Mg2Sb0.96O6,Mn,4 ,0.04,,,,298,666,,,,,,477,477,,,5.454082271,284500,666,https://doi.org/10.1016/j.jallcom.2018.09.162,ESV,,,0.984531578,Journal of Alloys and Compounds,0925-8388,2019
3835,Ca2Lu0.8NbO6Eu0.2,Ca2Lu0.8NbO6,Eu,3 ,0.2,,,,298,616,0.6649,0.3349,,,,396,396,466,383,5.740362689,550000,616,https://doi.org/10.1016/j.jlumin.2020.117373,ESV,mp-1214029,,1.009120936,Journal of Luminescence,0022-2313,2020
3836,Ca2Lu0.7NbO6Eu0.3,Ca2Lu0.7NbO6,Eu,3 ,0.3,,,,298,616,0.6669,0.3328,,,,396,396,466,383,5.720985744,526000,616,https://doi.org/10.1016/j.jlumin.2020.117373,ESV,mp-1214029,,1.053983887,Journal of Luminescence,0022-2313,2020
3837,Ca2Lu0.6NbO6Eu0.4,Ca2Lu0.6NbO6,Eu,3 ,0.4,,,,298,616,0.669,0.3308,66,,500,396,396,466,383,5.674861141,473000,616,https://doi.org/10.1016/j.jlumin.2020.117373,ESV,mp-1214029,,1.015818131,Journal of Luminescence,0022-2313,2020
3838,Ca2Lu0.5NbO6Eu0.5,Ca2Lu0.5NbO6,Eu,3 ,0.5,,,,298,616,0.6694,0.3304,,,,396,396,466,383,5.596597096,395000,616,https://doi.org/10.1016/j.jlumin.2020.117373,ESV,mp-1214029,,1.011822133,Journal of Luminescence,0022-2313,2020
3839,Ca2Lu0.4NbO6Eu0.6,Ca2Lu0.4NbO6,Eu,3 ,0.6,,,,298,616,0.6695,0.3302,,,,396,396,466,383,5.488550717,308000,616,https://doi.org/10.1016/j.jlumin.2020.117373,ESV,mp-1214029,,1.01984673,Journal of Luminescence,0022-2313,2020
3840,Ca2Lu0.3NbO6Eu0.7,Ca2Lu0.3NbO6,Eu,3 ,0.7,,,,298,616,0.6697,0.33,,,,396,396,466,383,5.336459734,217000,616,https://doi.org/10.1016/j.jlumin.2020.117373,ESV,mp-1214029,,1.060824424,Journal of Luminescence,0022-2313,2020
3841,Ca2Lu0.2NbO6Eu0.8,Ca2Lu0.2NbO6,Eu,3 ,0.8,,,,298,616,0.6697,0.3301,,,,396,396,466,383,5.178976947,151000,616,https://doi.org/10.1016/j.jlumin.2020.117373,ESV,mp-1214029,,1.03878915,Journal of Luminescence,0022-2313,2020
3842,Ca0.92WO4Eu0.08,Ca0.92WO4,Eu,3 ,0.08,,,,298,614,,,,,,280,,,,5.733197265,541000,614,https://doi.org/10.1016/j.dyepig.2017.04.037,ESV,"mp-19426,mp-1190383", icsd-60550 icsd-193491 icsd-60548 icsd-60551 icsd-15869 icsd-155423 icsd-193047 icsd-15586 icsd-60549 icsd-18135 icsd-77335 icsd-157428 icsd-291535 icsd-60547 icsd-155791 icsd-238259 icsd-238258,0.985169023,Dyes and Pigments,0143-7208,2017
3843,Ca0.92W0.9Mo0.1O4Eu0.08,Ca0.92W0.9Mo0.1O4,Eu,3 ,0.08,,,,298,614,,,,,,280,,,,5.728353782,535000,614,https://doi.org/10.1016/j.dyepig.2017.04.037,ESV,"mp-19426,mp-1190383", icsd-60550 icsd-193491 icsd-60548 icsd-60551 icsd-15869 icsd-155423 icsd-193047 icsd-15586 icsd-60549 icsd-18135 icsd-77335 icsd-157428 icsd-291535 icsd-60547 icsd-155791 icsd-238259 icsd-238258,0.980241572,Dyes and Pigments,0143-7208,2017
3844,Ca0.92W0.7Mo0.3O4Eu0.08,Ca0.92W0.7Mo0.3O4,Eu,3 ,0.08,,,,298,614,,,,,,280,,,,5.707570176,510000,614,https://doi.org/10.1016/j.dyepig.2017.04.037,ESV,"mp-19426,mp-1190383", icsd-60550 icsd-193491 icsd-60548 icsd-60551 icsd-15869 icsd-155423 icsd-193047 icsd-15586 icsd-60549 icsd-18135 icsd-77335 icsd-157428 icsd-291535 icsd-60547 icsd-155791 icsd-238259 icsd-238258,0.981800864,Dyes and Pigments,0143-7208,2017
3845,Ca0.92W0.4Mo0.6O4Eu0.08,Ca0.92W0.4Mo0.6O4,Eu,3 ,0.08,,,,298,614,0.653,0.354,,,435,280,,,,5.679427897,478000,614,https://doi.org/10.1016/j.dyepig.2017.04.037,ESV,"mp-19426,mp-1190383", icsd-60550 icsd-193491 icsd-60548 icsd-60551 icsd-15869 icsd-155423 icsd-193047 icsd-15586 icsd-60549 icsd-18135 icsd-77335 icsd-157428 icsd-291535 icsd-60547 icsd-155791 icsd-238259 icsd-238258,1.006271139,Dyes and Pigments,0143-7208,2017
3846,Ca0.92W0.2Mo0.8O4Eu0.08,Ca0.92W0.2Mo0.8O4,Eu,3 ,0.08,,,,298,614,,,,,,280,,,,5.657055853,454000,614,https://doi.org/10.1016/j.dyepig.2017.04.037,ESV,"mp-19426,mp-1190383", icsd-60550 icsd-193491 icsd-60548 icsd-60551 icsd-15869 icsd-155423 icsd-193047 icsd-15586 icsd-60549 icsd-18135 icsd-77335 icsd-157428 icsd-291535 icsd-60547 icsd-155791 icsd-238259 icsd-238258,1.040673748,Dyes and Pigments,0143-7208,2017
3847,Ca0.92MoO4Eu0.08,Ca0.92MoO4,Eu,3 ,0.08,,,,298,614,,,,,,280,,,,5.638489257,435000,614,https://doi.org/10.1016/j.dyepig.2017.04.037,ESV,mp-19330, icsd-23699 icsd-60558 icsd-193793 icsd-183446 icsd-60557 icsd-194078 icsd-60554 icsd-60553 icsd-417513 icsd-183447 icsd-62219 icsd-60552 icsd-22351 icsd-194079 icsd-60556 icsd-60555 icsd-77334,1.01220669,Dyes and Pigments,0143-7208,2017
3848,Lu2O2STb0.02,Lu2O2S,Tb,3 ,0.02,,,,298,545,0.316,0.5747,29.1,,,280,280,,,6.979730431,9544000,545,https://doi.org/10.1039/C6CE01441K,RSC,mp-12673, icsd-109336,1.496154756,CrystEngComm,1466-8033,2016
3849,Lu2O2STb0.02Eu0.01,Lu2O2S,Tb,3 ,0.02,Eu,3 ,0.01,298,545,0.3689,0.469,25.4,,,280,,,,6.914871818,8220000,,https://doi.org/10.1039/C6CE01441K,RSC,mp-12673, icsd-109336,1.526798818,CrystEngComm,1466-8033,2016
3850,Lu2O2STb0.02Eu0.02,Lu2O2S,Tb,3 ,0.02,Eu,3 ,0.02,298,545,0.3708,0.433,29.8,,,280,,,,6.852784869,7125000,,https://doi.org/10.1039/C6CE01441K,RSC,mp-12673, icsd-109336,1.288895633,CrystEngComm,1466-8033,2016
3851,Lu2O2STb0.02Eu0.03,Lu2O2S,Tb,3 ,0.02,Eu,3 ,0.03,298,626,0.3766,0.397,36.5,,,280,,,,6.794906107,6236000,,https://doi.org/10.1039/C6CE01441K,RSC,mp-12673, icsd-109336,1.120379345,CrystEngComm,1466-8033,2016
3852,Lu2O2STb0.02Eu0.04,Lu2O2S,Tb,3 ,0.02,Eu,3 ,0.04,298,626,0.3659,0.379,32.7,,,280,,,,6.737431201,5463000,,https://doi.org/10.1039/C6CE01441K,RSC,mp-12673, icsd-109336,1.031071593,CrystEngComm,1466-8033,2016
3853,Lu2O2STb0.02Eu0.05,Lu2O2S,Tb,3 ,0.02,Eu,3 ,0.05,298,626,0.3608,0.349,26.3,,,280,,,,6.697839368,4987000,,https://doi.org/10.1039/C6CE01441K,RSC,mp-12673, icsd-109336,1.011838441,CrystEngComm,1466-8033,2016
3854,Lu2O2STb0.02Eu0.06,Lu2O2S,Tb,3 ,0.02,Eu,3 ,0.06,298,626,0.4203,0.372,20.8,,,280,,,,6.66152874,4587000,,https://doi.org/10.1039/C6CE01441K,RSC,mp-12673, icsd-109336,1.086642198,CrystEngComm,1466-8033,2016
3855,Lu2O2SEu0.03,Lu2O2S,Eu,3 ,0.03,,,,298,626,0.5512,0.342,21.3,,,280,,,,,,,https://doi.org/10.1039/C6CE01441K,RSC,mp-12673, icsd-109336,1.518965683,CrystEngComm,1466-8033,2016
3856,CaWO4,CaWO4,,,,,,,298,415,0.149,0.1,31.9,,,248,248,,,3.972665592,9390,415,https://doi.org/10.1039/C6RA01862A,RSC,"mp-19426,mp-1190383", icsd-60550 icsd-193491 icsd-60548 icsd-60551 icsd-15869 icsd-155423 icsd-193047 icsd-15586 icsd-60549 icsd-18135 icsd-77335 icsd-157428 icsd-291535 icsd-60547 icsd-155791 icsd-238259 icsd-238258,1.017325167,RSC Advances,2046-2069,2016
3857,CaWO4Eu0.01,CaWO4,Eu,3 ,0.01,,,,298,415,0.197,0.109,,,,276,,,,3.951823035,8950,415,https://doi.org/10.1039/C6RA01862A,RSC,"mp-19426,mp-1190383", icsd-60550 icsd-193491 icsd-60548 icsd-60551 icsd-15869 icsd-155423 icsd-193047 icsd-15586 icsd-60549 icsd-18135 icsd-77335 icsd-157428 icsd-291535 icsd-60547 icsd-155791 icsd-238259 icsd-238258,1.008668546,RSC Advances,2046-2069,2016
3858,CaWO4Eu0.02,CaWO4,Eu,3 ,0.02,,,,298,415,0.222,0.117,,,,276,,,,3.833784375,6820,415,https://doi.org/10.1039/C6RA01862A,RSC,"mp-19426,mp-1190383", icsd-60550 icsd-193491 icsd-60548 icsd-60551 icsd-15869 icsd-155423 icsd-193047 icsd-15586 icsd-60549 icsd-18135 icsd-77335 icsd-157428 icsd-291535 icsd-60547 icsd-155791 icsd-238259 icsd-238258,0.995364664,RSC Advances,2046-2069,2016
3859,CaWO4Eu0.04,CaWO4,Eu,3 ,0.04,,,,298,617,0.265,0.135,,,,276,,,,3.662757832,4600,415,https://doi.org/10.1039/C6RA01862A,RSC,"mp-19426,mp-1190383", icsd-60550 icsd-193491 icsd-60548 icsd-60551 icsd-15869 icsd-155423 icsd-193047 icsd-15586 icsd-60549 icsd-18135 icsd-77335 icsd-157428 icsd-291535 icsd-60547 icsd-155791 icsd-238259 icsd-238258,0.994911339,RSC Advances,2046-2069,2016
3860,CaWO4Eu0.04,CaWO4,Eu,3 ,0.04,,,,298,617,,,,,,276,,,,5.742489465,552700,617,https://doi.org/10.1039/C6RA01862A,RSC,"mp-19426,mp-1190383", icsd-60550 icsd-193491 icsd-60548 icsd-60551 icsd-15869 icsd-155423 icsd-193047 icsd-15586 icsd-60549 icsd-18135 icsd-77335 icsd-157428 icsd-291535 icsd-60547 icsd-155791 icsd-238259 icsd-238258,1.003652314,RSC Advances,2046-2069,2016
3861,CaWO4Eu0.06,CaWO4,Eu,3 ,0.06,,,,298,617,0.35,0.179,,,,276,,,,3.561101384,3640,415,https://doi.org/10.1039/C6RA01862A,RSC,"mp-19426,mp-1190383", icsd-60550 icsd-193491 icsd-60548 icsd-60551 icsd-15869 icsd-155423 icsd-193047 icsd-15586 icsd-60549 icsd-18135 icsd-77335 icsd-157428 icsd-291535 icsd-60547 icsd-155791 icsd-238259 icsd-238258,1.104302762,RSC Advances,2046-2069,2016
3862,CaWO4Eu0.08,CaWO4,Eu,3 ,0.08,,,,298,617,0.486,0.247,,,,276,,,,3.920123326,8320,415,https://doi.org/10.1039/C6RA01862A,RSC,"mp-19426,mp-1190383", icsd-60550 icsd-193491 icsd-60548 icsd-60551 icsd-15869 icsd-155423 icsd-193047 icsd-15586 icsd-60549 icsd-18135 icsd-77335 icsd-157428 icsd-291535 icsd-60547 icsd-155791 icsd-238259 icsd-238258,1.025780351,RSC Advances,2046-2069,2016
3863,CaWO4Eu0.12,CaWO4,Eu,3 ,0.12,,,,298,617,0.613,0.301,,,,276,,,,3.795880017,6250,415,https://doi.org/10.1039/C6RA01862A,RSC,"mp-19426,mp-1190383", icsd-60550 icsd-193491 icsd-60548 icsd-60551 icsd-15869 icsd-155423 icsd-193047 icsd-15586 icsd-60549 icsd-18135 icsd-77335 icsd-157428 icsd-291535 icsd-60547 icsd-155791 icsd-238259 icsd-238258,0.976332691,RSC Advances,2046-2069,2016
3864,CaWO4Eu0.2,CaWO4,Eu,3 ,0.2,,,,298,617,0.625,0.307,20.3,,,276,,,,3.613841822,4110,415,https://doi.org/10.1039/C6RA01862A,RSC,"mp-19426,mp-1190383", icsd-60550 icsd-193491 icsd-60548 icsd-60551 icsd-15869 icsd-155423 icsd-193047 icsd-15586 icsd-60549 icsd-18135 icsd-77335 icsd-157428 icsd-291535 icsd-60547 icsd-155791 icsd-238259 icsd-238258,1.030515312,RSC Advances,2046-2069,2016
3865,CaWO4Tb0.01,CaWO4,Tb,3 ,0.01,,,,298,415,0.175,0.149,,,,264,,,,3.495544338,3130,415,https://doi.org/10.1039/C6RA01862A,RSC,"mp-19426,mp-1190383", icsd-60550 icsd-193491 icsd-60548 icsd-60551 icsd-15869 icsd-155423 icsd-193047 icsd-15586 icsd-60549 icsd-18135 icsd-77335 icsd-157428 icsd-291535 icsd-60547 icsd-155791 icsd-238259 icsd-238258,1.500815856,RSC Advances,2046-2069,2016
3866,CaWO4Tb0.02,CaWO4,Tb,3 ,0.02,,,,298,546,0.187,0.199,,,,264,,,,,,,https://doi.org/10.1039/C6RA01862A,RSC,"mp-19426,mp-1190383", icsd-60550 icsd-193491 icsd-60548 icsd-60551 icsd-15869 icsd-155423 icsd-193047 icsd-15586 icsd-60549 icsd-18135 icsd-77335 icsd-157428 icsd-291535 icsd-60547 icsd-155791 icsd-238259 icsd-238258,0.999963547,RSC Advances,2046-2069,2016
3867,CaWO4Tb0.04,CaWO4,Tb,3 ,0.04,,,,298,546,0.212,0.302,,,,264,,,,,,,https://doi.org/10.1039/C6RA01862A,RSC,"mp-19426,mp-1190383", icsd-60550 icsd-193491 icsd-60548 icsd-60551 icsd-15869 icsd-155423 icsd-193047 icsd-15586 icsd-60549 icsd-18135 icsd-77335 icsd-157428 icsd-291535 icsd-60547 icsd-155791 icsd-238259 icsd-238258,1.008501556,RSC Advances,2046-2069,2016
3868,CaWO4Tb0.04,CaWO4,Tb,3 ,0.04,,,,298,546,,,,,,264,,,,5.793650718,621800,546,https://doi.org/10.1039/C6RA01862A,RSC,"mp-19426,mp-1190383", icsd-60550 icsd-193491 icsd-60548 icsd-60551 icsd-15869 icsd-155423 icsd-193047 icsd-15586 icsd-60549 icsd-18135 icsd-77335 icsd-157428 icsd-291535 icsd-60547 icsd-155791 icsd-238259 icsd-238258,1.003414927,RSC Advances,2046-2069,2016
3869,CaWO4Tb0.06,CaWO4,Tb,3 ,0.06,,,,298,546,0.236,0.407,,,,264,,,,,,,https://doi.org/10.1039/C6RA01862A,RSC,"mp-19426,mp-1190383", icsd-60550 icsd-193491 icsd-60548 icsd-60551 icsd-15869 icsd-155423 icsd-193047 icsd-15586 icsd-60549 icsd-18135 icsd-77335 icsd-157428 icsd-291535 icsd-60547 icsd-155791 icsd-238259 icsd-238258,1.006804968,RSC Advances,2046-2069,2016
3870,CaWO4Tb0.08,CaWO4,Tb,3 ,0.08,,,,298,546,0.251,0.542,,,,264,,,,,,,https://doi.org/10.1039/C6RA01862A,RSC,"mp-19426,mp-1190383", icsd-60550 icsd-193491 icsd-60548 icsd-60551 icsd-15869 icsd-155423 icsd-193047 icsd-15586 icsd-60549 icsd-18135 icsd-77335 icsd-157428 icsd-291535 icsd-60547 icsd-155791 icsd-238259 icsd-238258,1.007039625,RSC Advances,2046-2069,2016
3871,CaWO4Tb0.1,CaWO4,Tb,3 ,0.1,,,,298,546,0.255,0.56,24.6,,,264,,,,,,,https://doi.org/10.1039/C6RA01862A,RSC,"mp-19426,mp-1190383", icsd-60550 icsd-193491 icsd-60548 icsd-60551 icsd-15869 icsd-155423 icsd-193047 icsd-15586 icsd-60549 icsd-18135 icsd-77335 icsd-157428 icsd-291535 icsd-60547 icsd-155791 icsd-238259 icsd-238258,1.008868718,RSC Advances,2046-2069,2016
3872,CaWO4Tb0.04Eu0.01,CaWO4,Tb,3 ,0.04,Eu,3 ,0.01,298,546,0.229,0.337,,,,264,,,,5.782329269,605800,546,https://doi.org/10.1039/C6RA01862A,RSC,"mp-19426,mp-1190383", icsd-60550 icsd-193491 icsd-60548 icsd-60551 icsd-15869 icsd-155423 icsd-193047 icsd-15586 icsd-60549 icsd-18135 icsd-77335 icsd-157428 icsd-291535 icsd-60547 icsd-155791 icsd-238259 icsd-238258,1.017971164,RSC Advances,2046-2069,2016
3873,CaWO4Tb0.04Eu0.02,CaWO4,Tb,3 ,0.04,Eu,3 ,0.02,298,546,0.245,0.367,,,,264,,,,5.76529593,582500,546,https://doi.org/10.1039/C6RA01862A,RSC,"mp-19426,mp-1190383", icsd-60550 icsd-193491 icsd-60548 icsd-60551 icsd-15869 icsd-155423 icsd-193047 icsd-15586 icsd-60549 icsd-18135 icsd-77335 icsd-157428 icsd-291535 icsd-60547 icsd-155791 icsd-238259 icsd-238258,1.017592759,RSC Advances,2046-2069,2016
3874,CaWO4Tb0.04Eu0.04,CaWO4,Tb,3 ,0.04,Eu,3 ,0.04,298,546,0.257,0.346,,,,264,,,,5.741466762,551400,546,https://doi.org/10.1039/C6RA01862A,RSC,"mp-19426,mp-1190383", icsd-60550 icsd-193491 icsd-60548 icsd-60551 icsd-15869 icsd-155423 icsd-193047 icsd-15586 icsd-60549 icsd-18135 icsd-77335 icsd-157428 icsd-291535 icsd-60547 icsd-155791 icsd-238259 icsd-238258,1.003714504,RSC Advances,2046-2069,2016
3875,CaWO4Tb0.04Eu0.06,CaWO4,Tb,3 ,0.04,Eu,3 ,0.06,298,546,0.294,0.329,,,,264,,,,5.717254313,521500,546,https://doi.org/10.1039/C6RA01862A,RSC,"mp-19426,mp-1190383", icsd-60550 icsd-193491 icsd-60548 icsd-60551 icsd-15869 icsd-155423 icsd-193047 icsd-15586 icsd-60549 icsd-18135 icsd-77335 icsd-157428 icsd-291535 icsd-60547 icsd-155791 icsd-238259 icsd-238258,1.063887397,RSC Advances,2046-2069,2016
3876,CaWO4Tb0.04Eu0.08,CaWO4,Tb,3 ,0.04,Eu,3 ,0.08,298,617,0.32,0.324,17.2,,,264,,,,5.681783766,480600,546,https://doi.org/10.1039/C6RA01862A,RSC,"mp-19426,mp-1190383", icsd-60550 icsd-193491 icsd-60548 icsd-60551 icsd-15869 icsd-155423 icsd-193047 icsd-15586 icsd-60549 icsd-18135 icsd-77335 icsd-157428 icsd-291535 icsd-60547 icsd-155791 icsd-238259 icsd-238258,1.014522592,RSC Advances,2046-2069,2016
3877,CaWO4Tb0.04Eu0.1,CaWO4,Tb,3 ,0.04,Eu,3 ,0.1,298,617,0.434,0.383,,,,264,,,,,,,https://doi.org/10.1039/C6RA01862A,RSC,"mp-19426,mp-1190383", icsd-60550 icsd-193491 icsd-60548 icsd-60551 icsd-15869 icsd-155423 icsd-193047 icsd-15586 icsd-60549 icsd-18135 icsd-77335 icsd-157428 icsd-291535 icsd-60547 icsd-155791 icsd-238259 icsd-238258,1.082402732,RSC Advances,2046-2069,2016
3878,CaWO4Eu0.01Tb0.01,CaWO4,Eu,3 ,0.01,Tb,3 ,0.01,298,546,0.23,0.232,,,,264,,,,,,,https://doi.org/10.1039/C6RA01862A,RSC,"mp-19426,mp-1190383", icsd-60550 icsd-193491 icsd-60548 icsd-60551 icsd-15869 icsd-155423 icsd-193047 icsd-15586 icsd-60549 icsd-18135 icsd-77335 icsd-157428 icsd-291535 icsd-60547 icsd-155791 icsd-238259 icsd-238258,1.070118286,RSC Advances,2046-2069,2016
3879,CaWO4Eu0.01Tb0.02,CaWO4,Eu,3 ,0.01,Tb,3 ,0.02,298,546,0.251,0.303,,,,264,,,,,,,https://doi.org/10.1039/C6RA01862A,RSC,"mp-19426,mp-1190383", icsd-60550 icsd-193491 icsd-60548 icsd-60551 icsd-15869 icsd-155423 icsd-193047 icsd-15586 icsd-60549 icsd-18135 icsd-77335 icsd-157428 icsd-291535 icsd-60547 icsd-155791 icsd-238259 icsd-238258,1.070948726,RSC Advances,2046-2069,2016
3880,CaWO4Eu0.01Tb0.04,CaWO4,Eu,3 ,0.01,Tb,3 ,0.04,298,546,0.269,0.401,,,,264,,,,,,,https://doi.org/10.1039/C6RA01862A,RSC,"mp-19426,mp-1190383", icsd-60550 icsd-193491 icsd-60548 icsd-60551 icsd-15869 icsd-155423 icsd-193047 icsd-15586 icsd-60549 icsd-18135 icsd-77335 icsd-157428 icsd-291535 icsd-60547 icsd-155791 icsd-238259 icsd-238258,1.072812413,RSC Advances,2046-2069,2016
3881,CaWO4Eu0.01Tb0.06,CaWO4,Eu,3 ,0.01,Tb,3 ,0.06,298,546,0.277,0.462,,,,264,,,,,,,https://doi.org/10.1039/C6RA01862A,RSC,"mp-19426,mp-1190383", icsd-60550 icsd-193491 icsd-60548 icsd-60551 icsd-15869 icsd-155423 icsd-193047 icsd-15586 icsd-60549 icsd-18135 icsd-77335 icsd-157428 icsd-291535 icsd-60547 icsd-155791 icsd-238259 icsd-238258,1.074927291,RSC Advances,2046-2069,2016
3882,Li6Lu0.97B3O9Ce0.03,Li6Lu0.97B3O9,Ce,3 ,0.03,,,,298,400,0.162,0.015,,,,350,350,,,,,400,https://doi.org/10.1039/C4RA12538J,RSC,,,1.17147008,RSC Advances,2046-2069,2015
3883,Li6Lu0.77B3O9Ce0.03Tb0.2,Li6Lu0.77B3O9,Ce,3 ,0.03,Tb,3 ,0.2,298,543,0.317,0.519,,,,350,,,,,,,https://doi.org/10.1039/C4RA12538J,RSC,,,1.204317716,RSC Advances,2046-2069,2015
3884,Li6Lu0.57B3O9Ce0.03Tb0.4,Li6Lu0.57B3O9,Ce,3 ,0.03,Tb,3 ,0.4,298,543,0.334,0.57,,,,350,,,,,,,https://doi.org/10.1039/C4RA12538J,RSC,,,1.208754671,RSC Advances,2046-2069,2015
3885,Li6Lu0.37B3O9Ce0.03Tb0.6,Li6Lu0.37B3O9,Ce,3 ,0.03,Tb,3 ,0.6,298,543,0.34,0.586,,,,350,,,,,,,https://doi.org/10.1039/C4RA12538J,RSC,,,1.213186139,RSC Advances,2046-2069,2015
3886,Li6Lu0.32B3O9Ce0.03Tb0.65,Li6Lu0.32B3O9,Ce,3 ,0.03,Tb,3 ,0.65,298,543,0.34,0.588,,,473,350,,,,,,,https://doi.org/10.1039/C4RA12538J,RSC,,,1.214829992,RSC Advances,2046-2069,2015
3887,Li6Lu0.27B3O9Ce0.03Tb0.7,Li6Lu0.27B3O9,Ce,3 ,0.03,Tb,3 ,0.7,298,543,0.342,0.589,,,,350,,,,,,,https://doi.org/10.1039/C4RA12538J,RSC,,,1.21540672,RSC Advances,2046-2069,2015
3888,Li6Lu0.22B3O9Ce0.03Tb0.75,Li6Lu0.22B3O9,Ce,3 ,0.03,Tb,3 ,0.75,298,543,0.342,0.593,,,,350,,,,,,,https://doi.org/10.1039/C4RA12538J,RSC,,,1.216525069,RSC Advances,2046-2069,2015
3889,Ca9Bi0.92P7O28Ce0.08,Ca9Bi0.92P7O28,Ce,3 ,0.08,,,,298,370,0.166,0.011,52,,,292,,,,1.556302501,36,370,https://doi.org/10.1039/C5TC00927H,RSC,,,1.006352277,Journal of Materials Chemistry C,2050-7526,2015
3890,Ca9Bi0.78P7O28Ce0.08Tb0.14,Ca9Bi0.78P7O28,Ce,3 ,0.08,Tb,3 ,0.14,298,370,0.205,0.201,55,,,292,,,,1.457881897,28.7,370,https://doi.org/10.1039/C5TC00927H,RSC,,,0.989089296,Journal of Materials Chemistry C,2050-7526,2015
3891,Ca9Bi0.62P7O28Ce0.08Tb0.3,Ca9Bi0.62P7O28,Ce,3 ,0.08,Tb,3 ,0.3,298,370,0.223,0.341,61,,,292,,,,1.424881637,26.6,370,https://doi.org/10.1039/C5TC00927H,RSC,,,0.988426211,Journal of Materials Chemistry C,2050-7526,2015
3892,Ca9Bi0.47P7O28Ce0.08Tb0.45,Ca9Bi0.47P7O28,Ce,3 ,0.08,Tb,3 ,0.45,298,370,0.24,0.395,65,,,292,,,,,,,https://doi.org/10.1039/C5TC00927H,RSC,,,1.788910581,Journal of Materials Chemistry C,2050-7526,2015
3893,Ca9Bi0.32P7O28Ce0.08Tb0.6,Ca9Bi0.32P7O28,Ce,3 ,0.08,Tb,3 ,0.6,298,370,0.248,0.457,73,,,292,,,,1.344392274,22.1,370,https://doi.org/10.1039/C5TC00927H,RSC,,,0.98804656,Journal of Materials Chemistry C,2050-7526,2015
3894,Ca9Bi0.17P7O28Ce0.08Tb0.75,Ca9Bi0.17P7O28,Ce,3 ,0.08,Tb,3 ,0.75,298,548,0.255,0.507,77,,,292,,,,,,,https://doi.org/10.1039/C5TC00927H,RSC,,,1.454087319,Journal of Materials Chemistry C,2050-7526,2015
3895,Ca9Bi0.02P7O28Ce0.08Tb0.9,Ca9Bi0.02P7O28,Ce,3 ,0.08,Tb,3 ,0.9,298,548,0.26,0.569,84,,,292,,,,1.252853031,17.9,370,https://doi.org/10.1039/C5TC00927H,RSC,,,0.984987315,Journal of Materials Chemistry C,2050-7526,2015
3896,Ca8.89Bi0.92P7O28Ce0.08Mn0.11,Ca8.89Bi0.92P7O28,Ce,3 ,0.08,Mn,2,0.11,298,370,0.288,0.096,47,,,292,,,,1.509202522,32.3,370,https://doi.org/10.1039/C5TC00927H,RSC,,,0.967439059,Journal of Materials Chemistry C,2050-7526,2015
3897,Ca8.8Bi0.92P7O28Ce0.08Mn0.2,Ca8.8Bi0.92P7O28,Ce,3 ,0.08,Mn,2,0.2,298,370,0.347,0.175,38,,,292,,,,1.442479769,27.7,370,https://doi.org/10.1039/C5TC00927H,RSC,,,0.967896946,Journal of Materials Chemistry C,2050-7526,2015
3898,Ca8.7Bi0.92P7O28Ce0.08Mn0.3,Ca8.7Bi0.92P7O28,Ce,3 ,0.08,Mn,2,0.3,298,370,0.438,0.219,31,,,292,,,,1.324282455,21.1,370,https://doi.org/10.1039/C5TC00927H,RSC,,,0.970771186,Journal of Materials Chemistry C,2050-7526,2015
3899,Ca8.6Bi0.92P7O28Ce0.08Mn0.4,Ca8.6Bi0.92P7O28,Ce,3 ,0.08,Mn,2,0.4,298,370,0.529,0.26,28,,,292,,,,,,,https://doi.org/10.1039/C5TC00927H,RSC,,,1.472266791,Journal of Materials Chemistry C,2050-7526,2015
3900,Ca8.5Bi0.92P7O28Ce0.08Mn0.5,Ca8.5Bi0.92P7O28,Ce,3 ,0.08,Mn,2,0.5,298,370,0.582,0.287,24,,,292,,,,1.283301229,19.2,370,https://doi.org/10.1039/C5TC00927H,RSC,,,0.973361585,Journal of Materials Chemistry C,2050-7526,2015
3901,Ca3Y0.5Ga3B4O15Tb0.5,Ca3Y0.5Ga3B4O15,Tb,3 ,0.5,,,,298,542,0.35,0.58,,,,369,356,369,380,6.167317335,1470000,542,https://doi.org/10.1039/C6DT04304F,RSC,mp-695475,,1.027184148,Dalton Transactions,1477-9226,2017
3902,Ca3Y0.48Ga3B4O15Tb0.5Eu0.02,Ca3Y0.48Ga3B4O15,Tb,3 ,0.5,Eu,3 ,0.02,298,542,0.4,0.53,,,,369,,,,6.068185862,1170000,542,https://doi.org/10.1039/C6DT04304F,RSC,mp-695475,,1.066783045,Dalton Transactions,1477-9226,2017
3903,Ca3Y0.46Ga3B4O15Tb0.5Eu0.04,Ca3Y0.46Ga3B4O15,Tb,3 ,0.5,Eu,3 ,0.04,298,542,0.44,0.5,,,,369,,,,5.991226076,980000,542,https://doi.org/10.1039/C6DT04304F,RSC,mp-695475,,0.959173146,Dalton Transactions,1477-9226,2017
3904,Ca3Y0.44Ga3B4O15Tb0.5Eu0.06,Ca3Y0.44Ga3B4O15,Tb,3 ,0.5,Eu,3 ,0.06,298,619,0.48,0.47,,,,369,,,,5.903089987,800000,542,https://doi.org/10.1039/C6DT04304F,RSC,mp-695475,,0.989552637,Dalton Transactions,1477-9226,2017
3905,Ca3Y0.42Ga3B4O15Tb0.5Eu0.08,Ca3Y0.42Ga3B4O15,Tb,3 ,0.5,Eu,3 ,0.08,298,619,0.52,0.46,,,,369,,,,5.826074803,670000,542,https://doi.org/10.1039/C6DT04304F,RSC,mp-695475,,0.987661275,Dalton Transactions,1477-9226,2017
3906,Ca3Y0.4Ga3B4O15Tb0.5Eu0.1,Ca3Y0.4Ga3B4O15,Tb,3 ,0.5,Eu,3 ,0.1,298,619,0.52,0.44,65,,510,369,,,,5.77815125,600000,542,https://doi.org/10.1039/C6DT04304F,RSC,mp-695475,,0.980655432,Dalton Transactions,1477-9226,2017
3907,Ca3Y0.2Ga3B4O15Tb0.5Eu0.3,Ca3Y0.2Ga3B4O15,Tb,3 ,0.5,Eu,3 ,0.3,298,619,0.61,0.38,,,,369,,,,,,,https://doi.org/10.1039/C6DT04304F,RSC,mp-695475,,1.258149312,Dalton Transactions,1477-9226,2017
3908,Ca3Y0.7Ga3B4O15Eu0.3,Ca3Y0.7Ga3B4O15,Eu,3 ,0.3,,,,298,619,0.65,0.35,,,,369,,,,,,,https://doi.org/10.1039/C6DT04304F,RSC,mp-695475,,1.060432188,Dalton Transactions,1477-9226,2017
3909,GdF3Dy0.02,GdF3,Dy,3 ,0.02,,,,298,475,0.246,0.283,,,,272,272,348,362,,,475,https://doi.org/10.1039/C6CP03989H,RSC,mp-972965,,2.616953168,Physical Chemistry Chemical Physics,1463-9076,2016
3910,GdF3Dy0.02,GdF3,Dy,3 ,0.02,,,,298,475,0.257,0.276,,,,386,,,,,,,https://doi.org/10.1039/C6CP03989H,RSC,mp-972965,,1.557345148,Physical Chemistry Chemical Physics,1463-9076,2016
3911,GdF3Dy0.02Tb0.01,GdF3,Dy,3 ,0.02,Tb,3 ,0.01,298,542,0.27,0.415,,,,272,,,,,,,https://doi.org/10.1039/C6CP03989H,RSC,mp-972965,,0.989237727,Physical Chemistry Chemical Physics,1463-9076,2016
3912,GdF3Dy0.02Tb0.01,GdF3,Dy,3 ,0.02,Tb,3 ,0.01,298,475,0.265,0.314,,,,386,,,,,,,https://doi.org/10.1039/C6CP03989H,RSC,mp-972965,,1.101835327,Physical Chemistry Chemical Physics,1463-9076,2016
3913,GdF3Dy0.02Tb0.02,GdF3,Dy,3 ,0.02,Tb,3 ,0.02,298,542,0.271,0.347,,,,272,,,,,,,https://doi.org/10.1039/C6CP03989H,RSC,mp-972965,,0.989265659,Physical Chemistry Chemical Physics,1463-9076,2016
3914,GdF3Dy0.02Tb0.02,GdF3,Dy,3 ,0.02,Tb,3 ,0.02,298,475,0.253,0.278,,,,386,,,,,,,https://doi.org/10.1039/C6CP03989H,RSC,mp-972965,,1.10034103,Physical Chemistry Chemical Physics,1463-9076,2016
3915,GdF3Dy0.02Tb0.03,GdF3,Dy,3 ,0.02,Tb,3 ,0.03,298,542,0.281,0.484,,,,272,,,,,,,https://doi.org/10.1039/C6CP03989H,RSC,mp-972965,,0.989273788,Physical Chemistry Chemical Physics,1463-9076,2016
3916,GdF3Dy0.02Tb0.03,GdF3,Dy,3 ,0.02,Tb,3 ,0.03,298,542,0.273,0.369,,,,386,,,,,,,https://doi.org/10.1039/C6CP03989H,RSC,mp-972965,,1.033589422,Physical Chemistry Chemical Physics,1463-9076,2016
3917,GdF3Dy0.02Tb0.04,GdF3,Dy,3 ,0.02,Tb,3 ,0.04,298,542,0.283,0.503,,,,272,,,,,,,https://doi.org/10.1039/C6CP03989H,RSC,mp-972965,,0.989324234,Physical Chemistry Chemical Physics,1463-9076,2016
3918,GdF3Dy0.02Tb0.04,GdF3,Dy,3 ,0.02,Tb,3 ,0.04,298,542,0.274,0.391,,,,386,,,,,,,https://doi.org/10.1039/C6CP03989H,RSC,mp-972965,,1.03259005,Physical Chemistry Chemical Physics,1463-9076,2016
3919,GdF3Dy0.02Tb0.06,GdF3,Dy,3 ,0.02,Tb,3 ,0.06,298,542,0.286,0.515,,,,272,,,,,,,https://doi.org/10.1039/C6CP03989H,RSC,mp-972965,,0.994723587,Physical Chemistry Chemical Physics,1463-9076,2016
3920,GdF3Dy0.02Tb0.06,GdF3,Dy,3 ,0.02,Tb,3 ,0.06,298,542,0.278,0.411,,,,386,,,,,,,https://doi.org/10.1039/C6CP03989H,RSC,mp-972965,,1.03215266,Physical Chemistry Chemical Physics,1463-9076,2016
3921,GdF3Dy0.02Tb0.07,GdF3,Dy,3 ,0.02,Tb,3 ,0.07,298,542,0.276,0.42,,,,386,,,,,,,https://doi.org/10.1039/C6CP03989H,RSC,mp-972965,,1.031854582,Physical Chemistry Chemical Physics,1463-9076,2016
3922,GdF3Dy0.02Tb0.08,GdF3,Dy,3 ,0.02,Tb,3 ,0.08,298,542,0.281,0.441,,,,386,,,,,,,https://doi.org/10.1039/C6CP03989H,RSC,mp-972965,,1.031504973,Physical Chemistry Chemical Physics,1463-9076,2016
3923,GdF3Tb0.03,GdF3,Tb,3 ,0.03,,,,298,542,0.291,0.547,,,,272,272,,,,,542,https://doi.org/10.1039/C6CP03989H,RSC,mp-972965,,2.097206717,Physical Chemistry Chemical Physics,1463-9076,2016
3924,GdF3Tb0.03,GdF3,Tb,3 ,0.03,,,,298,542,0.287,0.522,,,,349,,,,,,,https://doi.org/10.1039/C6CP03989H,RSC,mp-972965,,1.350321953,Physical Chemistry Chemical Physics,1463-9076,2016
3925,GdF3Tb0.03Eu0.01,GdF3,Tb,3 ,0.03,Eu,3 ,0.01,298,542,0.375,0.489,,,,272,,,,,,,https://doi.org/10.1039/C6CP03989H,RSC,mp-972965,,0.989738601,Physical Chemistry Chemical Physics,1463-9076,2016
3926,GdF3Tb0.03Eu0.01,GdF3,Tb,3 ,0.03,Eu,3 ,0.01,298,542,0.313,0.492,,,,349,,,,,,,https://doi.org/10.1039/C6CP03989H,RSC,mp-972965,,1.006827383,Physical Chemistry Chemical Physics,1463-9076,2016
3927,GdF3Tb0.03Eu0.02,GdF3,Tb,3 ,0.03,Eu,3 ,0.02,298,591,0.425,0.453,,,,272,,,,,,,https://doi.org/10.1039/C6CP03989H,RSC,mp-972965,,1.004689669,Physical Chemistry Chemical Physics,1463-9076,2016
3928,GdF3Tb0.03Eu0.02,GdF3,Tb,3 ,0.03,Eu,3 ,0.02,298,542,0.335,0.473,,,,349,,,,,,,https://doi.org/10.1039/C6CP03989H,RSC,mp-972965,,1.006292999,Physical Chemistry Chemical Physics,1463-9076,2016
3929,GdF3Tb0.03Eu0.03,GdF3,Tb,3 ,0.03,Eu,3 ,0.03,298,591,0.463,0.437,,,,272,,,,,,,https://doi.org/10.1039/C6CP03989H,RSC,mp-972965,,1.004216289,Physical Chemistry Chemical Physics,1463-9076,2016
3930,GdF3Tb0.03Eu0.03,GdF3,Tb,3 ,0.03,Eu,3 ,0.03,298,542,0.358,0.461,,,,349,,,,,,,https://doi.org/10.1039/C6CP03989H,RSC,mp-972965,,1.005629766,Physical Chemistry Chemical Physics,1463-9076,2016
3931,GdF3Tb0.03Eu0.04,GdF3,Tb,3 ,0.03,Eu,3 ,0.04,298,591,0.485,0.421,,,,272,,,,,,,https://doi.org/10.1039/C6CP03989H,RSC,mp-972965,,1.0040359,Physical Chemistry Chemical Physics,1463-9076,2016
3932,GdF3Tb0.03Eu0.05,GdF3,Tb,3 ,0.03,Eu,3 ,0.05,298,591,0.504,0.411,,,,272,,,,,,,https://doi.org/10.1039/C6CP03989H,RSC,mp-972965,,1.004222407,Physical Chemistry Chemical Physics,1463-9076,2016
3933,GdF3Tb0.03Eu0.05,GdF3,Tb,3 ,0.03,Eu,3 ,0.05,298,591,0.383,0.421,,,,349,,,,,,,https://doi.org/10.1039/C6CP03989H,RSC,mp-972965,,0.92420094,Physical Chemistry Chemical Physics,1463-9076,2016
3934,GdF3Tb0.03Eu0.06,GdF3,Tb,3 ,0.03,Eu,3 ,0.06,298,591,0.517,0.404,,,,272,,,,,,,https://doi.org/10.1039/C6CP03989H,RSC,mp-972965,,1.004356038,Physical Chemistry Chemical Physics,1463-9076,2016
3935,GdF3Tb0.03Eu0.07,GdF3,Tb,3 ,0.03,Eu,3 ,0.07,298,591,0.409,0.403,,,,349,,,,,,,https://doi.org/10.1039/C6CP03989H,RSC,mp-972965,,0.923423272,Physical Chemistry Chemical Physics,1463-9076,2016
3936,GdF3Tb0.03Eu0.08,GdF3,Tb,3 ,0.03,Eu,3 ,0.08,298,591,0.526,0.392,,,,272,,,,,,,https://doi.org/10.1039/C6CP03989H,RSC,mp-972965,,1.005019608,Physical Chemistry Chemical Physics,1463-9076,2016
3937,GdF3Tb0.03Eu0.08,GdF3,Tb,3 ,0.03,Eu,3 ,0.08,298,591,0.411,0.386,,,,349,,,,,,,https://doi.org/10.1039/C6CP03989H,RSC,mp-972965,,0.923244416,Physical Chemistry Chemical Physics,1463-9076,2016
3938,GdF3Tb0.03Eu0.09,GdF3,Tb,3 ,0.03,Eu,3 ,0.09,298,591,0.418,0.377,,,,349,,,,,,,https://doi.org/10.1039/C6CP03989H,RSC,mp-972965,,0.923778824,Physical Chemistry Chemical Physics,1463-9076,2016
3939,GdF3Tb0.02,GdF3,Tb,3 ,0.02,,,,298,542,0.282,0.515,,,,272,272,366,,,,542,https://doi.org/10.1039/C6CP03989H,RSC,mp-972965,,2.121560734,Physical Chemistry Chemical Physics,1463-9076,2016
3940,GdF3Tb0.02Dy0.01,GdF3,Tb,3 ,0.02,Dy,3 ,0.01,298,475,0.268,0.335,,,,386,,,,,,,https://doi.org/10.1039/C6CP03989H,RSC,mp-972965,,1.101844462,Physical Chemistry Chemical Physics,1463-9076,2016
3941,GdF3Tb0.02Dy0.02,GdF3,Tb,3 ,0.02,Dy,3 ,0.02,298,475,0.271,0.347,,,,386,,,,,,,https://doi.org/10.1039/C6CP03989H,RSC,mp-972965,,1.100340748,Physical Chemistry Chemical Physics,1463-9076,2016
3942,GdF3Tb0.02Dy0.03,GdF3,Tb,3 ,0.02,Dy,3 ,0.03,298,542,0.277,0.454,,,,272,,,,,,,https://doi.org/10.1039/C6CP03989H,RSC,mp-972965,,0.989273674,Physical Chemistry Chemical Physics,1463-9076,2016
3943,GdF3Tb0.02Dy0.03,GdF3,Tb,3 ,0.02,Dy,3 ,0.03,298,475,0.271,0.347,,,,386,,,,,,,https://doi.org/10.1039/C6CP03989H,RSC,mp-972965,,1.099809508,Physical Chemistry Chemical Physics,1463-9076,2016
3944,GdF3Tb0.02Dy0.04,GdF3,Tb,3 ,0.02,Dy,3 ,0.04,298,542,0.275,0.45,,,,272,,,,,,,https://doi.org/10.1039/C6CP03989H,RSC,mp-972965,,0.989326464,Physical Chemistry Chemical Physics,1463-9076,2016
3945,GdF3Tb0.02Dy0.06,GdF3,Tb,3 ,0.02,Dy,3 ,0.06,298,542,0.265,0.415,,,,272,,,,,,,https://doi.org/10.1039/C6CP03989H,RSC,mp-972965,,0.994723587,Physical Chemistry Chemical Physics,1463-9076,2016
3946,GdF3Tb0.02Dy0.06,GdF3,Tb,3 ,0.02,Dy,3 ,0.06,298,475,0.261,0.319,,,,386,,,,,,,https://doi.org/10.1039/C6CP03989H,RSC,mp-972965,,1.100310029,Physical Chemistry Chemical Physics,1463-9076,2016
3947,GdF3Eu0.03,GdF3,Eu,3 ,0.03,,,,298,591,0.524,0.398,,,,272,272,393,373,,,591,https://doi.org/10.1039/C6CP03989H,RSC,mp-972965,,1.756421787,Physical Chemistry Chemical Physics,1463-9076,2016
3948,GdF3Eu0.03Tb0.01,GdF3,Eu,3 ,0.03,Tb,3 ,0.01,298,591,0.478,0.402,,,,272,,,,,,,https://doi.org/10.1039/C6CP03989H,RSC,mp-972965,,1.005468513,Physical Chemistry Chemical Physics,1463-9076,2016
3949,GdF3Eu0.03Tb0.01,GdF3,Eu,3 ,0.03,Tb,3 ,0.01,298,542,0.292,0.353,,,,349,,,,,,,https://doi.org/10.1039/C6CP03989H,RSC,mp-972965,,1.006826285,Physical Chemistry Chemical Physics,1463-9076,2016
3950,GdF3Eu0.03Tb0.02,GdF3,Eu,3 ,0.03,Tb,3 ,0.02,298,591,0.469,0.424,,,,272,,,,,,,https://doi.org/10.1039/C6CP03989H,RSC,mp-972965,,1.004687711,Physical Chemistry Chemical Physics,1463-9076,2016
3951,GdF3Eu0.03Tb0.02,GdF3,Eu,3 ,0.03,Tb,3 ,0.02,298,542,0.34,0.439,,,,349,,,,,,,https://doi.org/10.1039/C6CP03989H,RSC,mp-972965,,1.006293804,Physical Chemistry Chemical Physics,1463-9076,2016
3952,GdF3Eu0.03Tb0.04,GdF3,Eu,3 ,0.03,Tb,3 ,0.04,298,591,0.451,0.438,,,,272,,,,,,,https://doi.org/10.1039/C6CP03989H,RSC,mp-972965,,1.00403235,Physical Chemistry Chemical Physics,1463-9076,2016
3953,GdF3Eu0.03Tb0.05,GdF3,Eu,3 ,0.03,Tb,3 ,0.05,298,542,0.375,0.462,,,,349,,,,,,,https://doi.org/10.1039/C6CP03989H,RSC,mp-972965,,0.966827949,Physical Chemistry Chemical Physics,1463-9076,2016
3954,GdF3Eu0.03Tb0.06,GdF3,Eu,3 ,0.03,Tb,3 ,0.06,298,542,0.386,0.464,,,,349,,,,,,,https://doi.org/10.1039/C6CP03989H,RSC,mp-972965,,0.966948561,Physical Chemistry Chemical Physics,1463-9076,2016
3955,Ba2YB2O6ClEu0.04Bi0.0005,Ba2YB2O6Cl,Eu,3 ,0.04,Bi,3 ,0.0005,298,612,0.265,0.291,,,,336,,,,,,,https://doi.org/10.1021/acs.jpcc.7b00019,ACS,mp-866310, icsd-262072,1.008572866,Journal of Physical Chemistry C,1932-7447,2017
3956,Ba2YB2O6ClEu0.04Bi0.001,Ba2YB2O6Cl,Eu,3 ,0.04,Bi,3 ,0.001,298,612,0.253,0.3049,,,,336,,,,,,,https://doi.org/10.1021/acs.jpcc.7b00019,ACS,mp-866310, icsd-262072,1.008450793,Journal of Physical Chemistry C,1932-7447,2017
3957,Ba2YB2O6ClEu0.04Bi0.002,Ba2YB2O6Cl,Eu,3 ,0.04,Bi,3 ,0.002,298,612,0.2984,0.3098,,,,336,,,,,,,https://doi.org/10.1021/acs.jpcc.7b00019,ACS,mp-866310, icsd-262072,1.008207774,Journal of Physical Chemistry C,1932-7447,2017
3958,Ba2YB2O6ClEu0.04Bi0.005,Ba2YB2O6Cl,Eu,3 ,0.04,Bi,3 ,0.005,298,612,0.3175,0.3192,,,,336,,,,,,,https://doi.org/10.1021/acs.jpcc.7b00019,ACS,mp-866310, icsd-262072,1.007488575,Journal of Physical Chemistry C,1932-7447,2017
3959,Ba2YB2O6ClEu0.04Bi0.01,Ba2YB2O6Cl,Eu,3 ,0.04,Bi,3 ,0.01,298,612,0.3723,0.3241,,,,336,,,,,,,https://doi.org/10.1021/acs.jpcc.7b00019,ACS,mp-866310, icsd-262072,1.006322383,Journal of Physical Chemistry C,1932-7447,2017
3960,Ba2YB2O6ClEu0.04Bi0.02,Ba2YB2O6Cl,Eu,3 ,0.04,Bi,3 ,0.02,298,612,0.4083,0.3283,,,,336,,,,,,,https://doi.org/10.1021/acs.jpcc.7b00019,ACS,mp-866310, icsd-262072,1.006202527,Journal of Physical Chemistry C,1932-7447,2017
3961,Ba2YB2O6ClEu0.04Bi0.0005,Ba2YB2O6Cl,Eu,3 ,0.04,Bi,3 ,0.0005,298,410,0.251,0.1196,,,,372,,,,,,,https://doi.org/10.1021/acs.jpcc.7b00019,ACS,mp-866310, icsd-262072,1.099482375,Journal of Physical Chemistry C,1932-7447,2017
3962,Ba2YB2O6ClEu0.04Bi0.001,Ba2YB2O6Cl,Eu,3 ,0.04,Bi,3 ,0.001,298,410,0.2438,0.1198,,,,372,,,,,,,https://doi.org/10.1021/acs.jpcc.7b00019,ACS,mp-866310, icsd-262072,1.099378898,Journal of Physical Chemistry C,1932-7447,2017
3963,Ba2YB2O6ClEu0.04Bi0.002,Ba2YB2O6Cl,Eu,3 ,0.04,Bi,3 ,0.002,298,410,0.2827,0.1372,,,,372,,,,,,,https://doi.org/10.1021/acs.jpcc.7b00019,ACS,mp-866310, icsd-262072,1.099172905,Journal of Physical Chemistry C,1932-7447,2017
3964,Ba2YB2O6ClEu0.04Bi0.005,Ba2YB2O6Cl,Eu,3 ,0.04,Bi,3 ,0.005,298,410,0.2952,0.1476,,,,372,,,,,,,https://doi.org/10.1021/acs.jpcc.7b00019,ACS,mp-866310, icsd-262072,1.098563246,Journal of Physical Chemistry C,1932-7447,2017
3965,Ba2YB2O6ClEu0.04Bi0.01,Ba2YB2O6Cl,Eu,3 ,0.04,Bi,3 ,0.01,298,612,0.3476,0.1783,,,,372,,,,,,,https://doi.org/10.1021/acs.jpcc.7b00019,ACS,mp-866310, icsd-262072,1.008262586,Journal of Physical Chemistry C,1932-7447,2017
3966,Ba2YB2O6ClEu0.04Bi0.02,Ba2YB2O6Cl,Eu,3 ,0.04,Bi,3 ,0.02,298,612,0.3865,0.2053,,,,372,,,,,,,https://doi.org/10.1021/acs.jpcc.7b00019,ACS,mp-866310, icsd-262072,1.008547158,Journal of Physical Chemistry C,1932-7447,2017
3967,Ba2YB2O6ClBi0.002Eu0.002,Ba2YB2O6Cl,Bi,3 ,0.002,Eu,3 ,0.002,298,612,0.1982,0.292,,,,336,336,393,467,5.999565488,999000,612,https://doi.org/10.1021/acs.jpcc.7b00019,ACS,mp-866310, icsd-262072,0.9852729,Journal of Physical Chemistry C,1932-7447,2017
3968,Ba2YB2O6ClBi0.002Eu0.005,Ba2YB2O6Cl,Bi,3 ,0.002,Eu,3 ,0.005,298,612,0.2147,0.3,,,,336,336,393,467,6.015359755,1036000,612,https://doi.org/10.1021/acs.jpcc.7b00019,ACS,mp-866310, icsd-262072,0.989125702,Journal of Physical Chemistry C,1932-7447,2017
3969,Ba2YB2O6ClBi0.002Eu0.01,Ba2YB2O6Cl,Bi,3 ,0.002,Eu,3 ,0.01,298,612,0.2312,0.2974,,,,336,336,393,467,6.039414119,1095000,612,https://doi.org/10.1021/acs.jpcc.7b00019,ACS,mp-866310, icsd-262072,1.032574504,Journal of Physical Chemistry C,1932-7447,2017
3970,Ba2YB2O6ClBi0.002Eu0.02,Ba2YB2O6Cl,Bi,3 ,0.002,Eu,3 ,0.02,298,612,0.2525,0.3062,,,,336,336,393,467,6.046495164,1113000,612,https://doi.org/10.1021/acs.jpcc.7b00019,ACS,mp-866310, icsd-262072,0.983439423,Journal of Physical Chemistry C,1932-7447,2017
3971,Ba2YB2O6ClBi0.002Eu0.04,Ba2YB2O6Cl,Bi,3 ,0.002,Eu,3 ,0.04,298,612,0.2941,0.3047,,,,336,336,393,467,6.080265627,1203000,612,https://doi.org/10.1021/acs.jpcc.7b00019,ACS,mp-866310, icsd-262072,0.986814166,Journal of Physical Chemistry C,1932-7447,2017
3972,Ba2YB2O6ClBi0.002Eu0.06,Ba2YB2O6Cl,Bi,3 ,0.002,Eu,3 ,0.06,298,612,0.3068,0.3084,,,,336,336,393,467,6.061452479,1152000,612,https://doi.org/10.1021/acs.jpcc.7b00019,ACS,mp-866310, icsd-262072,1.062767603,Journal of Physical Chemistry C,1932-7447,2017
3973,Ba2YB2O6ClBi0.002Eu0.08,Ba2YB2O6Cl,Bi,3 ,0.002,Eu,3 ,0.08,298,612,0.2911,0.3071,,,,336,336,393,467,6.017867719,1042000,612,https://doi.org/10.1021/acs.jpcc.7b00019,ACS,mp-866310, icsd-262072,0.964690174,Journal of Physical Chemistry C,1932-7447,2017
3974,Ba2YB2O6ClBi0.002Eu0.002,Ba2YB2O6Cl,Bi,3 ,0.002,Eu,3 ,0.002,298,410,0.184,0.0695,,,,372,,,,2.290034611,195,410,https://doi.org/10.1021/acs.jpcc.7b00019,ACS,mp-866310, icsd-262072,1.039853875,Journal of Physical Chemistry C,1932-7447,2017
3975,Ba2YB2O6ClBi0.002Eu0.005,Ba2YB2O6Cl,Bi,3 ,0.002,Eu,3 ,0.005,298,410,0.1893,0.0681,,,,372,,,,2.271841607,187,410,https://doi.org/10.1021/acs.jpcc.7b00019,ACS,mp-866310, icsd-262072,1.039497271,Journal of Physical Chemistry C,1932-7447,2017
3976,Ba2YB2O6ClBi0.002Eu0.01,Ba2YB2O6Cl,Bi,3 ,0.002,Eu,3 ,0.01,298,410,0.2155,0.093,,,,372,,,,2.255272505,180,410,https://doi.org/10.1021/acs.jpcc.7b00019,ACS,mp-866310, icsd-262072,1.034028596,Journal of Physical Chemistry C,1932-7447,2017
3977,Ba2YB2O6ClBi0.002Eu0.02,Ba2YB2O6Cl,Bi,3 ,0.002,Eu,3 ,0.02,298,410,0.2389,0.1136,,,,372,,,,2.230448921,170,410,https://doi.org/10.1021/acs.jpcc.7b00019,ACS,mp-866310, icsd-262072,1.029756585,Journal of Physical Chemistry C,1932-7447,2017
3978,Ba2YB2O6ClBi0.002Eu0.04,Ba2YB2O6Cl,Bi,3 ,0.002,Eu,3 ,0.04,298,410,0.2775,0.1314,,,,372,,,,2.222716471,167,410,https://doi.org/10.1021/acs.jpcc.7b00019,ACS,mp-866310, icsd-262072,1.028330995,Journal of Physical Chemistry C,1932-7447,2017
3979,Ba2YB2O6ClBi0.002Eu0.06,Ba2YB2O6Cl,Bi,3 ,0.002,Eu,3 ,0.06,298,410,0.2948,0.1424,,,,372,,,,2.212187604,163,410,https://doi.org/10.1021/acs.jpcc.7b00019,ACS,mp-866310, icsd-262072,1.027486215,Journal of Physical Chemistry C,1932-7447,2017
3980,Ba2YB2O6ClBi0.002Eu0.08,Ba2YB2O6Cl,Bi,3 ,0.002,Eu,3 ,0.08,298,410,0.2622,0.1222,,,,372,,,,2.222716471,167,410,https://doi.org/10.1021/acs.jpcc.7b00019,ACS,mp-866310, icsd-262072,1.027965375,Journal of Physical Chemistry C,1932-7447,2017
3981,Ba2YB2O6ClBi0.0005,Ba2YB2O6Cl,Bi,3 ,0.0005,,,,298,490,,,,,,336,,,,0.816903839,6.56,366,https://doi.org/10.1021/acs.jpcc.7b00019,ACS,mp-866310, icsd-262072,1.056400515,Journal of Physical Chemistry C,1932-7447,2017
3982,Ba2YB2O6ClBi0.001,Ba2YB2O6Cl,Bi,3 ,0.001,,,,298,490,,,,,,336,,,,0.770852012,5.9,366,https://doi.org/10.1021/acs.jpcc.7b00019,ACS,mp-866310, icsd-262072,1.056546349,Journal of Physical Chemistry C,1932-7447,2017
3983,Ba2YB2O6ClBi0.002,Ba2YB2O6Cl,Bi,3 ,0.002,,,,298,490,0.1857,0.2978,,,,336,,,,0.670245853,4.68,366,https://doi.org/10.1021/acs.jpcc.7b00019,ACS,mp-866310, icsd-262072,1.056820703,Journal of Physical Chemistry C,1932-7447,2017
3984,Ba2YB2O6ClBi0.005,Ba2YB2O6Cl,Bi,3 ,0.005,,,,298,490,,,,,,336,,,,0.522444234,3.33,366,https://doi.org/10.1021/acs.jpcc.7b00019,ACS,mp-866310, icsd-262072,1.057095984,Journal of Physical Chemistry C,1932-7447,2017
3985,NaGdF4Tb0.04,NaGdF4,Tb,3 ,0.04,,,,298,542,0.256,0.345,,,,380,380,371,360,3.358479279,2282.86,542,https://doi.org/10.1039/C5CE01118C,RSC,mp-1221034,,1.660031394,CrystEngComm,1466-8033,2015
3986,NaGdF4Tb0.04Eu0.01,NaGdF4,Tb,3 ,0.04,Eu,3 ,0.01,298,542,0.274,0.338,,,,380,380,371,360,3.321208903,2095.12,542,https://doi.org/10.1039/C5CE01118C,RSC,mp-1221034,,1.627561952,CrystEngComm,1466-8033,2015
3987,NaGdF4Tb0.04Eu0.03,NaGdF4,Tb,3 ,0.04,Eu,3 ,0.03,298,542,0.286,0.323,,,,380,380,371,360,3.271665066,1869.24,542,https://doi.org/10.1039/C5CE01118C,RSC,mp-1221034,,1.499355274,CrystEngComm,1466-8033,2015
3988,NaGdF4Tb0.04Eu0.05,NaGdF4,Tb,3 ,0.04,Eu,3 ,0.05,298,542,0.304,0.317,,,,380,380,371,360,3.216630309,1646.76,542,https://doi.org/10.1039/C5CE01118C,RSC,mp-1221034,,1.376484674,CrystEngComm,1466-8033,2015
3989,NaGdF4Tb0.04Eu0.07,NaGdF4,Tb,3 ,0.04,Eu,3 ,0.07,298,615,0.316,0.31,,,,380,380,371,360,3.156088567,1432.48,542,https://doi.org/10.1039/C5CE01118C,RSC,mp-1221034,,1.242748139,CrystEngComm,1466-8033,2015
3990,NaGdF4Eu0.07,NaGdF4,Eu,3 ,0.07,,,,298,615,0.409,0.31,,,,396,396,,,3.669928368,4676.58,615,https://doi.org/10.1039/C5CE01118C,RSC,mp-1221034,,0.99375104,CrystEngComm,1466-8033,2015
3991,NaBa0.95BO3Dy0.05,NaBa0.95BO3,Dy,3 ,0.05,,,,298,576,,,6,,,348,348,363,386,5.871572936,744000,576,https://doi.org/10.1016/j.materresbull.2015.08.007,ESV,mp-6660, icsd-192562 icsd-250086 icsd-80110,1.057118073,Materials Research Bulletin,0025-5408,2016
3992,NaBa0.93BO3Dy0.07,NaBa0.93BO3,Dy,3 ,0.07,,,,298,576,,,,,,348,348,363,386,5.842047289,695100,576,https://doi.org/10.1016/j.materresbull.2015.08.007,ESV,mp-6660, icsd-192562 icsd-250086 icsd-80110,1.179348993,Materials Research Bulletin,0025-5408,2016
3993,NaBa0.98BO3K0.01Dy0.01,NaBa0.98BO3K0.01,Dy,3 ,0.01,,,,298,576,0.29,0.289,,,,348,348,363,386,,,576,https://doi.org/10.1016/j.materresbull.2015.08.007,ESV,mp-6660, icsd-192562 icsd-250086 icsd-80110,1.178079901,Materials Research Bulletin,0025-5408,2016
3994,NaBa0.94BO3K0.03Dy0.03,NaBa0.94BO3K0.03,Dy,3 ,0.03,,,,298,576,0.29,0.286,,,,348,348,363,386,,,576,https://doi.org/10.1016/j.materresbull.2015.08.007,ESV,mp-6660, icsd-192562 icsd-250086 icsd-80110,1.158392652,Materials Research Bulletin,0025-5408,2016
3995,NaBa0.9BO3K0.05Dy0.05,NaBa0.9BO3K0.05,Dy,3 ,0.05,,,,298,576,0.301,0.308,10,,573,348,348,363,386,5.894980291,785200,576,https://doi.org/10.1016/j.materresbull.2015.08.007,ESV,mp-6660, icsd-192562 icsd-250086 icsd-80110,1.005200033,Materials Research Bulletin,0025-5408,2016
3996,NaBa0.86BO3K0.07Dy0.07,NaBa0.86BO3K0.07,Dy,3 ,0.07,,,,298,576,0.296,0.297,,,,348,348,363,386,5.873494982,747300,576,https://doi.org/10.1016/j.materresbull.2015.08.007,ESV,mp-6660, icsd-192562 icsd-250086 icsd-80110,1.059382175,Materials Research Bulletin,0025-5408,2016
3997,NaBa0.82BO3K0.09Dy0.09,NaBa0.82BO3K0.09,Dy,3 ,0.09,,,,298,576,0.291,0.29,,,,348,348,363,386,,,576,https://doi.org/10.1016/j.materresbull.2015.08.007,ESV,mp-6660, icsd-192562 icsd-250086 icsd-80110,1.152575998,Materials Research Bulletin,0025-5408,2016
3998,Sr3Gd0.995P3O12Dy0.005,Sr3Gd0.995P3O12,Dy,3 ,0.005,,,,298,483,0.2418,0.2653,,,,387,387,350,364,,,483,https://doi.org/10.1016/j.jlumin.2014.10.034,ESV,,,1.137630714,Journal of Luminescence,0022-2313,2015
3999,Sr3Gd0.99P3O12Dy0.01,Sr3Gd0.99P3O12,Dy,3 ,0.01,,,,298,483,0.2409,0.2708,,,,387,387,350,364,,,483,https://doi.org/10.1016/j.jlumin.2014.10.034,ESV,,,1.137342312,Journal of Luminescence,0022-2313,2015
4000,Sr3Gd0.98P3O12Dy0.02,Sr3Gd0.98P3O12,Dy,3 ,0.02,,,,298,483,0.2522,0.2921,,,,387,387,350,364,,,483,https://doi.org/10.1016/j.jlumin.2014.10.034,ESV,,,1.136872543,Journal of Luminescence,0022-2313,2015
4001,Sr3Gd0.97P3O12Dy0.03,Sr3Gd0.97P3O12,Dy,3 ,0.03,,,,298,483,0.2525,0.2948,,,,387,387,350,364,,,483,https://doi.org/10.1016/j.jlumin.2014.10.034,ESV,,,1.136545731,Journal of Luminescence,0022-2313,2015
4002,Sr3Gd0.95P3O12Dy0.05,Sr3Gd0.95P3O12,Dy,3 ,0.05,,,,298,483,0.2535,0.2953,,,,387,387,350,364,5.755874856,570000,483,https://doi.org/10.1016/j.jlumin.2014.10.034,ESV,,,0.989919239,Journal of Luminescence,0022-2313,2015
4003,Sr3Gd0.92P3O12Dy0.08,Sr3Gd0.92P3O12,Dy,3 ,0.08,,,,298,483,0.2461,0.2784,,,,387,387,350,364,,,483,https://doi.org/10.1016/j.jlumin.2014.10.034,ESV,,,1.13705967,Journal of Luminescence,0022-2313,2015
4004,Ba3BiP3O12Dy0.005,Ba3BiP3O12,Dy,3 ,0.005,,,,298,575,0.318,0.383,,,,348,,,,,,,https://doi.org/10.1016/j.jallcom.2011.11.114,ESV,,,0.993269443,Journal of Alloys and Compounds,0925-8388,2012
4005,Ba3BiP3O12Dy0.01,Ba3BiP3O12,Dy,3 ,0.01,,,,298,575,0.32,0.382,,,,348,,,,,,,https://doi.org/10.1016/j.jallcom.2011.11.114,ESV,,,0.993340667,Journal of Alloys and Compounds,0925-8388,2012
4006,Ba3BiP3O12Dy0.03,Ba3BiP3O12,Dy,3 ,0.03,,,,298,575,0.323,0.379,,,,348,,,,,,,https://doi.org/10.1016/j.jallcom.2011.11.114,ESV,,,0.993589899,Journal of Alloys and Compounds,0925-8388,2012
4007,Ba3BiP3O12Dy0.05,Ba3BiP3O12,Dy,3 ,0.05,,,,298,575,0.325,0.381,,,,348,,,,,,,https://doi.org/10.1016/j.jallcom.2011.11.114,ESV,,,0.993781488,Journal of Alloys and Compounds,0925-8388,2012
4008,Ba3BiP3O12Dy0.08,Ba3BiP3O12,Dy,3 ,0.08,,,,298,575,0.322,0.381,,,,348,,,,,,,https://doi.org/10.1016/j.jallcom.2011.11.114,ESV,,,0.993959452,Journal of Alloys and Compounds,0925-8388,2012
4009,Ba3BiP3O12Dy0.1,Ba3BiP3O12,Dy,3 ,0.1,,,,298,575,0.324,0.379,,,,348,,,,,,,https://doi.org/10.1016/j.jallcom.2011.11.114,ESV,,,0.994004566,Journal of Alloys and Compounds,0925-8388,2012
4010,Ba3BiP3O12Dy0.15,Ba3BiP3O12,Dy,3 ,0.15,,,,298,575,0.326,0.378,,,,348,,,,,,,https://doi.org/10.1016/j.jallcom.2011.11.114,ESV,,,0.993859252,Journal of Alloys and Compounds,0925-8388,2012
4011,Ba3BiP3O12Dy0.005,Ba3BiP3O12,Dy,3 ,0.005,,,,298,575,0.317,0.379,,,,387,,,,,,,https://doi.org/10.1016/j.jallcom.2011.11.114,ESV,,,0.995254124,Journal of Alloys and Compounds,0925-8388,2012
4012,Ba3BiP3O12Dy0.01,Ba3BiP3O12,Dy,3 ,0.01,,,,298,575,0.319,0.381,,,,387,,,,,,,https://doi.org/10.1016/j.jallcom.2011.11.114,ESV,,,0.994959525,Journal of Alloys and Compounds,0925-8388,2012
4013,Ba3BiP3O12Dy0.03,Ba3BiP3O12,Dy,3 ,0.03,,,,298,575,0.321,0.38,,,,387,,,,,,,https://doi.org/10.1016/j.jallcom.2011.11.114,ESV,,,0.993928407,Journal of Alloys and Compounds,0925-8388,2012
4014,Ba3BiP3O12Dy0.05,Ba3BiP3O12,Dy,3 ,0.05,,,,298,575,0.321,0.379,,,,387,,,,,,,https://doi.org/10.1016/j.jallcom.2011.11.114,ESV,,,0.993301503,Journal of Alloys and Compounds,0925-8388,2012
4015,Ba3BiP3O12Dy0.08,Ba3BiP3O12,Dy,3 ,0.08,,,,298,575,0.321,0.38,,,,387,,,,,,,https://doi.org/10.1016/j.jallcom.2011.11.114,ESV,,,0.993477841,Journal of Alloys and Compounds,0925-8388,2012
4016,Ba3BiP3O12Dy0.1,Ba3BiP3O12,Dy,3 ,0.1,,,,298,575,0.324,0.383,,,,387,,,,,,,https://doi.org/10.1016/j.jallcom.2011.11.114,ESV,,,0.993522542,Journal of Alloys and Compounds,0925-8388,2012
4017,Ba3BiP3O12Dy0.15,Ba3BiP3O12,Dy,3 ,0.15,,,,298,575,0.327,0.382,,,,387,,,,,,,https://doi.org/10.1016/j.jallcom.2011.11.114,ESV,,,0.993378559,Journal of Alloys and Compounds,0925-8388,2012
4018,CaLa0.98NbMoO8Dy0.02,CaLa0.98NbMoO8,Dy,3 ,0.02,,,,298,575,0.392,0.424,,,,351,351,386,366,,,575,https://doi.org/10.1016/j.matlet.2016.02.022,ESV,,,1.016592961,Materials Letters,0167-577X,2016
4019,CaLa0.975NbMoO8Dy0.025,CaLa0.975NbMoO8,Dy,3 ,0.025,,,,298,575,0.393,0.425,,,,351,351,386,366,,,575,https://doi.org/10.1016/j.matlet.2016.02.022,ESV,,,1.016763221,Materials Letters,0167-577X,2016
4020,CaLa0.97NbMoO8Dy0.03,CaLa0.97NbMoO8,Dy,3 ,0.03,,,,298,575,0.391,0.422,,,,351,351,386,366,,,575,https://doi.org/10.1016/j.matlet.2016.02.022,ESV,,,1.016947341,Materials Letters,0167-577X,2016
4021,CaLa0.965NbMoO8Dy0.035,CaLa0.965NbMoO8,Dy,3 ,0.035,,,,298,575,0.391,0.422,,,,351,351,386,366,,,575,https://doi.org/10.1016/j.matlet.2016.02.022,ESV,,,1.019417798,Materials Letters,0167-577X,2016
4022,CaLa0.95NbMoO8Dy0.05,CaLa0.95NbMoO8,Dy,3 ,0.05,,,,298,575,0.392,0.424,,,,351,351,386,366,,,575,https://doi.org/10.1016/j.matlet.2016.02.022,ESV,,,1.019722773,Materials Letters,0167-577X,2016
4023,CaLa0.925NbMoO8Dy0.075,CaLa0.925NbMoO8,Dy,3 ,0.075,,,,298,575,0.393,0.425,,,,351,351,386,366,,,575,https://doi.org/10.1016/j.matlet.2016.02.022,ESV,,,1.02022054,Materials Letters,0167-577X,2016
4024,Ca5P3O12ClEu0.02,Ca5P3O12Cl,Eu,2 ,0.02,,,,298,458,0.152,0.095,56.2,,,400,400,,,2.385606274,243,458,https://doi.org/10.1039/C5TC03482E,RSC,"mp-555164,mp-39460,mp-554236", icsd-2789 icsd-24237 icsd-184825 icsd-184824,1.047781173,Journal of Materials Chemistry C,2050-7526,2016
4025,Ca5P3O12ClEu0.02Tb0.01,Ca5P3O12Cl,Eu,2 ,0.02,Tb,3 ,0.01,298,458,0.169,0.161,44.8,,,400,400,,,2.23299611,171,458,https://doi.org/10.1039/C5TC03482E,RSC,"mp-555164,mp-39460,mp-554236", icsd-2789 icsd-24237 icsd-184825 icsd-184824,1.012261948,Journal of Materials Chemistry C,2050-7526,2016
4026,Ca5P3O12ClEu0.02Tb0.02,Ca5P3O12Cl,Eu,2 ,0.02,Tb,3 ,0.02,298,458,0.174,0.176,35.2,,,400,400,,,2.195899652,157,458,https://doi.org/10.1039/C5TC03482E,RSC,"mp-555164,mp-39460,mp-554236", icsd-2789 icsd-24237 icsd-184825 icsd-184824,1.007839043,Journal of Materials Chemistry C,2050-7526,2016
4027,Ca5P3O12ClEu0.02Tb0.03,Ca5P3O12Cl,Eu,2 ,0.02,Tb,3 ,0.03,298,458,0.189,0.22,27,,,400,400,,,2.158362492,144,458,https://doi.org/10.1039/C5TC03482E,RSC,"mp-555164,mp-39460,mp-554236", icsd-2789 icsd-24237 icsd-184825 icsd-184824,1.006220769,Journal of Materials Chemistry C,2050-7526,2016
4028,Ca5P3O12ClEu0.02Tb0.04,Ca5P3O12Cl,Eu,2 ,0.02,Tb,3 ,0.04,298,458,0.198,0.243,21,,,400,400,,,2.133538908,136,458,https://doi.org/10.1039/C5TC03482E,RSC,"mp-555164,mp-39460,mp-554236", icsd-2789 icsd-24237 icsd-184825 icsd-184824,1.005585407,Journal of Materials Chemistry C,2050-7526,2016
4029,Ca5P3O12ClEu0.02Tb0.05,Ca5P3O12Cl,Eu,2 ,0.02,Tb,3 ,0.05,298,458,0.215,0.291,18.5,,,400,400,,,2.089905111,123,458,https://doi.org/10.1039/C5TC03482E,RSC,"mp-555164,mp-39460,mp-554236", icsd-2789 icsd-24237 icsd-184825 icsd-184824,1.005055059,Journal of Materials Chemistry C,2050-7526,2016
4030,Ca5P3O12ClEu0.02Tb0.08,Ca5P3O12Cl,Eu,2 ,0.02,Tb,3 ,0.08,298,542,0.241,0.344,29.3,,,400,400,,,2.033423755,108,458,https://doi.org/10.1039/C5TC03482E,RSC,"mp-555164,mp-39460,mp-554236", icsd-2789 icsd-24237 icsd-184825 icsd-184824,1.006972047,Journal of Materials Chemistry C,2050-7526,2016
4031,Ca5P3O12ClEu0.02Tb0.1,Ca5P3O12Cl,Eu,2 ,0.02,Tb,3 ,0.1,298,542,0.284,0.484,32.5,,,400,400,,,1.991226076,98,458,https://doi.org/10.1039/C5TC03482E,RSC,"mp-555164,mp-39460,mp-554236", icsd-2789 icsd-24237 icsd-184825 icsd-184824,1.013057819,Journal of Materials Chemistry C,2050-7526,2016
4032,Ca5P3O12ClCe0.08,Ca5P3O12Cl,Ce,3 ,0.08,,,,298,428,0.164,0.161,78.6,,,340,,,,,,,https://doi.org/10.1039/C5TC03482E,RSC,"mp-555164,mp-39460,mp-554236", icsd-2789 icsd-24237 icsd-184825 icsd-184824,1.06132603,Journal of Materials Chemistry C,2050-7526,2016
4033,Ca5P3O12ClCe0.08Tb0.005,Ca5P3O12Cl,Ce,3 ,0.08,Tb,3 ,0.005,298,428,0.195,0.241,31.4,,,340,,,,,,,https://doi.org/10.1039/C5TC03482E,RSC,"mp-555164,mp-39460,mp-554236", icsd-2789 icsd-24237 icsd-184825 icsd-184824,1.000108516,Journal of Materials Chemistry C,2050-7526,2016
4034,Ca5P3O12ClCe0.08Tb0.01,Ca5P3O12Cl,Ce,3 ,0.08,Tb,3 ,0.01,298,428,0.226,0.293,40,,,340,,,,,,,https://doi.org/10.1039/C5TC03482E,RSC,"mp-555164,mp-39460,mp-554236", icsd-2789 icsd-24237 icsd-184825 icsd-184824,0.999594041,Journal of Materials Chemistry C,2050-7526,2016
4035,Ca5P3O12ClCe0.08Tb0.02,Ca5P3O12Cl,Ce,3 ,0.08,Tb,3 ,0.02,298,542,0.244,0.349,56.1,,,340,,,,,,,https://doi.org/10.1039/C5TC03482E,RSC,"mp-555164,mp-39460,mp-554236", icsd-2789 icsd-24237 icsd-184825 icsd-184824,0.990426681,Journal of Materials Chemistry C,2050-7526,2016
4036,Ca5P3O12ClCe0.08Tb0.03,Ca5P3O12Cl,Ce,3 ,0.08,Tb,3 ,0.03,298,542,0.264,0.364,60.8,,,340,,,,,,,https://doi.org/10.1039/C5TC03482E,RSC,"mp-555164,mp-39460,mp-554236", icsd-2789 icsd-24237 icsd-184825 icsd-184824,0.989739152,Journal of Materials Chemistry C,2050-7526,2016
4037,Ca5P3O12ClCe0.08Tb0.05,Ca5P3O12Cl,Ce,3 ,0.08,Tb,3 ,0.05,298,542,0.275,0.391,74.4,,,340,,,,,,,https://doi.org/10.1039/C5TC03482E,RSC,"mp-555164,mp-39460,mp-554236", icsd-2789 icsd-24237 icsd-184825 icsd-184824,0.990307306,Journal of Materials Chemistry C,2050-7526,2016
4038,Ca5P3O12ClCe0.08Tb0.08,Ca5P3O12Cl,Ce,3 ,0.08,Tb,3 ,0.08,298,542,0.305,0.428,87.6,,,340,,,,,,,https://doi.org/10.1039/C5TC03482E,RSC,"mp-555164,mp-39460,mp-554236", icsd-2789 icsd-24237 icsd-184825 icsd-184824,0.989943473,Journal of Materials Chemistry C,2050-7526,2016
4039,Ca5P3O12ClCe0.08Tb0.1,Ca5P3O12Cl,Ce,3 ,0.08,Tb,3 ,0.1,298,542,0.344,0.487,85.3,,,340,,,,,,,https://doi.org/10.1039/C5TC03482E,RSC,"mp-555164,mp-39460,mp-554236", icsd-2789 icsd-24237 icsd-184825 icsd-184824,0.989755077,Journal of Materials Chemistry C,2050-7526,2016
4040,Ca5P3O12ClCe0.08Mn0.01,Ca5P3O12Cl,Ce,3 ,0.08,Mn,2 ,0.01,298,428,0.212,0.198,49.8,,,340,,,,,,,https://doi.org/10.1039/C5TC03482E,RSC,"mp-555164,mp-39460,mp-554236", icsd-2789 icsd-24237 icsd-184825 icsd-184824,1.009854233,Journal of Materials Chemistry C,2050-7526,2016
4041,Ca5P3O12ClCe0.08Mn0.03,Ca5P3O12Cl,Ce,3 ,0.08,Mn,2 ,0.03,298,428,0.289,0.261,68.6,,,340,,,,,,,https://doi.org/10.1039/C5TC03482E,RSC,"mp-555164,mp-39460,mp-554236", icsd-2789 icsd-24237 icsd-184825 icsd-184824,1.004362943,Journal of Materials Chemistry C,2050-7526,2016
4042,Ca5P3O12ClCe0.08Mn0.05,Ca5P3O12Cl,Ce,3 ,0.08,Mn,2 ,0.05,298,428,0.267,0.242,67.6,,,340,,,,,,,https://doi.org/10.1039/C5TC03482E,RSC,"mp-555164,mp-39460,mp-554236", icsd-2789 icsd-24237 icsd-184825 icsd-184824,0.99302592,Journal of Materials Chemistry C,2050-7526,2016
4043,Ca5P3O12ClCe0.08Mn0.08,Ca5P3O12Cl,Ce,3 ,0.08,Mn,2 ,0.08,298,428,0.24,0.219,68,,,340,,,,,,,https://doi.org/10.1039/C5TC03482E,RSC,"mp-555164,mp-39460,mp-554236", icsd-2789 icsd-24237 icsd-184825 icsd-184824,0.992430963,Journal of Materials Chemistry C,2050-7526,2016
4044,Ca5P3O12ClCe0.08Mn0.1,Ca5P3O12Cl,Ce,3 ,0.08,Mn,2 ,0.1,298,585,0.331,0.292,58.6,,,340,,,,,,,https://doi.org/10.1039/C5TC03482E,RSC,"mp-555164,mp-39460,mp-554236", icsd-2789 icsd-24237 icsd-184825 icsd-184824,0.981676945,Journal of Materials Chemistry C,2050-7526,2016
4047,KMg4P3O12Eu0.02,KMg4P3O12,Eu,2 ,0.02,,,,298,450,0.1479,0.0663,,,,365,,,,3.102080226,1264.97,450,https://doi.org/10.1039/C5TC00636H,RSC,mp-557844, icsd-154111,1.026349916,Journal of Materials Chemistry C,2050-7526,2015
4048,KMg4P3O12Eu0.02Mn0.02,KMg4P3O12,Eu,2 ,0.02,Mn,2 ,0.02,298,450,,,,,,365,,,,3.075565209,1190.05,450,https://doi.org/10.1039/C5TC00636H,RSC,mp-557844, icsd-154111,1.020362213,Journal of Materials Chemistry C,2050-7526,2015
4049,KMg4P3O12Eu0.02Mn0.04,KMg4P3O12,Eu,2 ,0.02,Mn,2 ,0.04,298,450,0.1712,0.0742,,,,365,,,,2.974419574,942.8,450,https://doi.org/10.1039/C5TC00636H,RSC,mp-557844, icsd-154111,1.299667775,Journal of Materials Chemistry C,2050-7526,2015
4050,KMg4P3O12Eu0.02Mn0.08,KMg4P3O12,Eu,2 ,0.02,Mn,2 ,0.08,298,450,0.1951,0.0911,,,,365,,,,2.900410829,795.08,450,https://doi.org/10.1039/C5TC00636H,RSC,mp-557844, icsd-154111,1.217572388,Journal of Materials Chemistry C,2050-7526,2015
4051,KMg4P3O12Eu0.02Mn0.12,KMg4P3O12,Eu,2 ,0.02,Mn,2 ,0.12,298,450,,,,,,365,,,,2.825951627,669.81,450,https://doi.org/10.1039/C5TC00636H,RSC,mp-557844, icsd-154111,1.108401525,Journal of Materials Chemistry C,2050-7526,2015
4052,KMg4P3O12Eu0.02Mn0.16,KMg4P3O12,Eu,2 ,0.02,Mn,2 ,0.16,298,450,0.2104,0.1072,,,,365,,,,2.725045445,530.94,450,https://doi.org/10.1039/C5TC00636H,RSC,mp-557844, icsd-154111,1.035742717,Journal of Materials Chemistry C,2050-7526,2015
4053,KMg4P3O12Eu0.02Mn0.25,KMg4P3O12,Eu,2 ,0.02,Mn,2 ,0.25,298,450,0.2343,0.1298,,,,365,,,,,,450,https://doi.org/10.1039/C5TC00636H,RSC,mp-557844, icsd-154111,1.059150017,Journal of Materials Chemistry C,2050-7526,2015
4054,KMg4P3O12Eu0.02Mn0.35,KMg4P3O12,Eu,2 ,0.02,Mn,2 ,0.35,298,450,0.2683,0.1496,,,623,365,,,,,,450,https://doi.org/10.1039/C5TC00636H,RSC,mp-557844, icsd-154111,1.140715057,Journal of Materials Chemistry C,2050-7526,2015
4055,Ca3Hf2SiAl2O12Ce0.01,Ca3Hf2SiAl2O12,Ce,3 ,0.01,,,,298,486,0.2303,0.3265,,,,400,,,,1.666517981,46.4,486,https://doi.org/10.1039/C5RA20631F,RSC,,,0.980747992,RSC Advances,2046-2069,2015
4056,Ca3Hf2SiAl2O12Ce0.01Mn0.01,Ca3Hf2SiAl2O12,Ce,3 ,0.01,Mn,2 ,0.01,298,486,0.2593,0.3302,,,,400,,,,1.639486489,43.6,486,https://doi.org/10.1039/C5RA20631F,RSC,,,0.998436677,RSC Advances,2046-2069,2015
4057,Ca3Hf2SiAl2O12Ce0.01Mn0.03,Ca3Hf2SiAl2O12,Ce,3 ,0.01,Mn,2 ,0.03,298,486,0.2735,0.3431,,,,400,,,,1.610660163,40.8,486,https://doi.org/10.1039/C5RA20631F,RSC,,,0.998709095,RSC Advances,2046-2069,2015
4058,Ca3Hf2SiAl2O12Ce0.01Mn0.05,Ca3Hf2SiAl2O12,Ce,3 ,0.01,Mn,2 ,0.05,298,486,0.2882,0.3413,,,,400,,,,1.561101384,36.4,486,https://doi.org/10.1039/C5RA20631F,RSC,,,0.998930033,RSC Advances,2046-2069,2015
4059,Ca3Hf2SiAl2O12Ce0.01Mn0.07,Ca3Hf2SiAl2O12,Ce,3 ,0.01,Mn,2 ,0.07,298,486,0.2994,0.3332,,,,400,,,,1.546542663,35.2,486,https://doi.org/10.1039/C5RA20631F,RSC,,,0.999096165,RSC Advances,2046-2069,2015
4060,Ca3Hf2SiAl2O12Ce0.01Mn0.1,Ca3Hf2SiAl2O12,Ce,3 ,0.01,Mn,2 ,0.1,298,486,0.3148,0.3381,,,,400,,,,1.491361694,31,486,https://doi.org/10.1039/C5RA20631F,RSC,,,0.999359488,RSC Advances,2046-2069,2015
4061,Ca3Hf2SiAl2O12Ce0.01Mn0.14,Ca3Hf2SiAl2O12,Ce,3 ,0.01,Mn,2 ,0.14,298,486,0.335,0.3388,,,,400,,,,1.44870632,28.1,486,https://doi.org/10.1039/C5RA20631F,RSC,,,0.998869554,RSC Advances,2046-2069,2015
4062,Sr3NaYP3O12FEu0.03,Sr3NaYP3O12F,Eu,2 ,0.03,,,,298,467,0.133,0.148,37.2,,480,365,293,400,,1.412796429,25.87,467,https://doi.org/10.1039/C6RA20699A,RSC,,,0.992084604,RSC Advances,2046-2069,2016
4063,Sr3NaYP3O12FEu0.03Mn0.03,Sr3NaYP3O12F,Eu,2 ,0.03,Mn,2 ,0.03,298,467,0.194,0.212,30.2,,,365,,,,1.380753771,24.03,467,https://doi.org/10.1039/C6RA20699A,RSC,,,1.003932403,RSC Advances,2046-2069,2016
4064,Sr3NaYP3O12FEu0.03Mn0.06,Sr3NaYP3O12F,Eu,2 ,0.03,Mn,2 ,0.06,298,467,0.241,0.265,27.8,,,365,,,,1.330819466,21.42,467,https://doi.org/10.1039/C6RA20699A,RSC,,,1.005779612,RSC Advances,2046-2069,2016
4065,Sr3NaYP3O12FEu0.03Mn0.09,Sr3NaYP3O12F,Eu,2 ,0.03,Mn,2 ,0.09,298,467,0.286,0.311,26.5,,,365,,,,1.297979244,19.86,467,https://doi.org/10.1039/C6RA20699A,RSC,,,1.007545576,RSC Advances,2046-2069,2016
4066,Sr3NaYP3O12FEu0.03Mn0.12,Sr3NaYP3O12F,Eu,2 ,0.03,Mn,2 ,0.12,298,467,0.327,0.351,24.4,,570,365,,,,1.18723862,15.39,467,https://doi.org/10.1039/C6RA20699A,RSC,,,1.022160943,RSC Advances,2046-2069,2016
4067,Sr3NaYP3O12FEu0.03Mn0.15,Sr3NaYP3O12F,Eu,2 ,0.03,Mn,2 ,0.15,298,467,0.352,0.374,18.3,,,365,,,,0.975431809,9.45,467,https://doi.org/10.1039/C6RA20699A,RSC,,,1.01169999,RSC Advances,2046-2069,2016
4068,Ca3.95Y6Si6O25Eu0.05,Ca3.95Y6Si6O25,Eu,2 ,0.05,,,,298,527,0.306,0.502,37.1,,,432,,,,,,,https://doi.org/10.1039/C4RA08283D,RSC,,,0.997748923,RSC Advances,2046-2069,2015
4069,Ca3.94Y6Si6O25Eu0.05Mn0.01,Ca3.94Y6Si6O25,Eu,2 ,0.05,Mn,2 ,0.01,298,527,0.319,0.436,38.3,,,432,,,,,,,https://doi.org/10.1039/C4RA08283D,RSC,,,1.006711925,RSC Advances,2046-2069,2015
4070,Ca3.92Y6Si6O25Eu0.05Mn0.03,Ca3.92Y6Si6O25,Eu,2 ,0.05,Mn,2 ,0.03,298,527,0.336,0.319,39.6,,,432,,,,,,,https://doi.org/10.1039/C4RA08283D,RSC,,,1.006801574,RSC Advances,2046-2069,2015
4071,Ca3.9Y6Si6O25Eu0.05Mn0.05,Ca3.9Y6Si6O25,Eu,2 ,0.05,Mn,2 ,0.05,298,615,0.356,0.313,39.1,,,432,,,,,,,https://doi.org/10.1039/C4RA08283D,RSC,,,1.019130303,RSC Advances,2046-2069,2015
4072,Ca3.88Y6Si6O25Eu0.05Mn0.07,Ca3.88Y6Si6O25,Eu,2 ,0.05,Mn,2 ,0.07,298,615,0.438,0.335,38.3,,,432,,,,,,,https://doi.org/10.1039/C4RA08283D,RSC,,,1.019171669,RSC Advances,2046-2069,2015
4073,Ca3.85Y6Si6O25Eu0.05Mn0.1,Ca3.85Y6Si6O25,Eu,2 ,0.05,Mn,2 ,0.1,298,615,0.581,0.366,38.1,,,432,,,,,,,https://doi.org/10.1039/C4RA08283D,RSC,,,1.018998407,RSC Advances,2046-2069,2015
4074,Ba3Gd0.95KP3O12FTb0.05,Ba3Gd0.95KP3O12F,Tb,3 ,0.05,,,,298,546,0.238,0.311,19.3,,,276,276,,,,,546,https://doi.org/10.1039/C5RA11844A,RSC,,,1.053028661,RSC Advances,2046-2069,2015
4075,Ba3Gd0.95KP3O12FTb0.05,Ba3Gd0.95KP3O12F,Tb,3 ,0.05,,,,298,,,,,,,368,,,,6.075546961,1190000,543,https://doi.org/10.1039/C5RA11844A,RSC,,,1.073235513,RSC Advances,2046-2069,2015
4076,Ba3Gd0.925KP3O12FTb0.05Eu0.025,Ba3Gd0.925KP3O12F,Tb,3 ,0.05,Eu,3 ,0.025,298,546,0.341,0.318,10.4,,523,276,276,,,,,546,https://doi.org/10.1039/C5RA11844A,RSC,,,1.050796252,RSC Advances,2046-2069,2015
4077,Ba3Gd0.9KP3O12FTb0.05Eu0.05,Ba3Gd0.9KP3O12F,Tb,3 ,0.05,Eu,3 ,0.05,298,620,0.401,0.339,6.45,,,276,276,,,,,620,https://doi.org/10.1039/C5RA11844A,RSC,,,1.047363717,RSC Advances,2046-2069,2015
4078,Ba3Gd0.9KP3O12FTb0.05Eu0.05,Ba3Gd0.9KP3O12F,Tb,3 ,0.05,Eu,3 ,0.05,298,,,,,,,368,,,,5.975431809,945000,543,https://doi.org/10.1039/C5RA11844A,RSC,,,1.191909775,RSC Advances,2046-2069,2015
4079,Ba3Gd0.85KP3O12FTb0.05Eu0.1,Ba3Gd0.85KP3O12F,Tb,3 ,0.05,Eu,3 ,0.1,298,620,0.465,0.345,5.18,,,276,276,,,,,620,https://doi.org/10.1039/C5RA11844A,RSC,,,1.047460861,RSC Advances,2046-2069,2015
4080,Ba3Gd0.75KP3O12FTb0.05Eu0.2,Ba3Gd0.75KP3O12F,Tb,3 ,0.05,Eu,3 ,0.2,298,620,0.511,0.341,4.32,,,276,276,,,,,620,https://doi.org/10.1039/C5RA11844A,RSC,,,1.047674144,RSC Advances,2046-2069,2015
4081,Ba3Gd0.75KP3O12FTb0.05Eu0.2,Ba3Gd0.75KP3O12F,Tb,3 ,0.05,Eu,3 ,0.2,298,,,,,,,368,,,,5.855519156,717000,543,https://doi.org/10.1039/C5RA11844A,RSC,,,1.045081403,RSC Advances,2046-2069,2015
4082,Ba3Gd0.65KP3O12FTb0.05Eu0.3,Ba3Gd0.65KP3O12F,Tb,3 ,0.05,Eu,3 ,0.3,298,620,0.529,0.339,3.29,,,276,276,,,,,620,https://doi.org/10.1039/C5RA11844A,RSC,,,1.047937523,RSC Advances,2046-2069,2015
4083,Ba3Gd0.55KP3O12FTb0.05Eu0.4,Ba3Gd0.55KP3O12F,Tb,3 ,0.05,Eu,3 ,0.4,298,620,0.521,0.335,2.17,,,276,276,,,,,620,https://doi.org/10.1039/C5RA11844A,RSC,,,1.048249638,RSC Advances,2046-2069,2015
4084,Ba3Gd0.55KP3O12FTb0.05Eu0.4,Ba3Gd0.55KP3O12F,Tb,3 ,0.05,Eu,3 ,0.4,298,,,,,,,368,,,,5.798650645,629000,543,https://doi.org/10.1039/C5RA11844A,RSC,,,0.968931432,RSC Advances,2046-2069,2015
4085,Ba9Lu1.9Si6O24Ce0.1,Ba9Lu1.9Si6O24,Ce,3 ,0.1,,,,298,426,0.219,0.241,,,,333,,,,1.414973348,26,380,https://doi.org/10.1021/acs.jpcc.5b07566,ACS,,,1.156561291,Journal of Physical Chemistry C,1932-7447,2015
4086,Ba8.98Lu1.9Si6O24Ce0.1Mn0.02,Ba8.98Lu1.9Si6O24,Ce,3 ,0.1,Mn,2 ,0.02,298,426,0.282,0.265,,,,333,,,,,,,https://doi.org/10.1021/acs.jpcc.5b07566,ACS,,,1.179552863,Journal of Physical Chemistry C,1932-7447,2015
4087,Ba8.96Lu1.9Si6O24Ce0.1Mn0.04,Ba8.96Lu1.9Si6O24,Ce,3 ,0.1,Mn,2 ,0.04,298,610,0.358,0.289,,,,333,,,,1.322219295,21,380,https://doi.org/10.1021/acs.jpcc.5b07566,ACS,,,1.153404491,Journal of Physical Chemistry C,1932-7447,2015
4088,Ba8.94Lu1.9Si6O24Ce0.1Mn0.06,Ba8.94Lu1.9Si6O24,Ce,3 ,0.1,Mn,2 ,0.06,298,610,0.413,0.304,,,,333,,,,,,,https://doi.org/10.1021/acs.jpcc.5b07566,ACS,,,1.190577948,Journal of Physical Chemistry C,1932-7447,2015
4089,Ba8.92Lu1.9Si6O24Ce0.1Mn0.08,Ba8.92Lu1.9Si6O24,Ce,3 ,0.1,Mn,2 ,0.08,298,610,0.435,0.287,,,580,333,,,,,,,https://doi.org/10.1021/acs.jpcc.5b07566,ACS,,,1.190433441,Journal of Physical Chemistry C,1932-7447,2015
4090,Ba8.9Lu1.9Si6O24Ce0.1Mn0.1,Ba8.9Lu1.9Si6O24,Ce,3 ,0.1,Mn,2 ,0.1,298,610,0.471,0.293,,,,333,,,,,,,https://doi.org/10.1021/acs.jpcc.5b07566,ACS,,,1.302577931,Journal of Physical Chemistry C,1932-7447,2015
4091,Ba8.88Lu1.9Si6O24Ce0.1Mn0.12,Ba8.88Lu1.9Si6O24,Ce,3 ,0.1,Mn,2 ,0.12,298,610,0.487,0.297,,,,333,,,,1.255272505,18,380,https://doi.org/10.1021/acs.jpcc.5b07566,ACS,,,1.148229401,Journal of Physical Chemistry C,1932-7447,2015
4092,Ba8.85Lu1.9Si6O24Ce0.1Mn0.15,Ba8.85Lu1.9Si6O24,Ce,3 ,0.1,Mn,2 ,0.15,298,610,0.521,0.307,,,,333,,,,,,,https://doi.org/10.1021/acs.jpcc.5b07566,ACS,,,1.457471943,Journal of Physical Chemistry C,1932-7447,2015
4093,Ba8.8Lu1.9Si6O24Ce0.1Mn0.2,Ba8.8Lu1.9Si6O24,Ce,3 ,0.1,Mn,2 ,0.2,298,610,0.521,0.311,,,,333,,,,1.204119983,16,380,https://doi.org/10.1021/acs.jpcc.5b07566,ACS,,,1.156597443,Journal of Physical Chemistry C,1932-7447,2015
4094,Mg1.96Al4Si5O18Eu0.02,Mg1.96Al4Si5O18,Eu,2 ,0.02,,,,298,469,0.17,0.17,,,448,365,,,,2.808777955,643.84,469,https://doi.org/10.1021/ic501057r,ACS,"mp-6174,mp-684265", icsd-158750 icsd-165866 icsd-190522 icsd-190521 icsd-86347 icsd-261438 icsd-158748 icsd-158747 icsd-156362 icsd-190520 icsd-158749 icsd-86346 icsd-158751 icsd-190523 icsd-261437 icsd-158752,1.169117434,Inorganic Chemistry,0020-1669,2014
4095,Mg1.92Al4Si5O18Eu0.02Mn0.02,Mg1.92Al4Si5O18,Eu,2 ,0.02,Mn,2 ,0.02,298,469,0.22,0.29,,,,365,,,,2.590329025,389.34,469,https://doi.org/10.1021/ic501057r,ACS,"mp-6174,mp-684265", icsd-158750 icsd-165866 icsd-190522 icsd-190521 icsd-86347 icsd-261438 icsd-158748 icsd-158747 icsd-156362 icsd-190520 icsd-158749 icsd-86346 icsd-158751 icsd-190523 icsd-261437 icsd-158752,1.070097922,Inorganic Chemistry,0020-1669,2014
4096,Mg1.88Al4Si5O18Eu0.02Mn0.04,Mg1.88Al4Si5O18,Eu,2 ,0.02,Mn,2 ,0.04,298,469,0.25,0.33,,,438,365,,,,2.428928115,268.49,469,https://doi.org/10.1021/ic501057r,ACS,"mp-6174,mp-684265", icsd-158750 icsd-165866 icsd-190522 icsd-190521 icsd-86347 icsd-261438 icsd-158748 icsd-158747 icsd-156362 icsd-190520 icsd-158749 icsd-86346 icsd-158751 icsd-190523 icsd-261437 icsd-158752,1.068260381,Inorganic Chemistry,0020-1669,2014
4097,Mg1.84Al4Si5O18Eu0.02Mn0.06,Mg1.84Al4Si5O18,Eu,2 ,0.02,Mn,2 ,0.06,298,469,,,,,,365,,,,2.139532772,137.89,469,https://doi.org/10.1021/ic501057r,ACS,"mp-6174,mp-684265", icsd-158750 icsd-165866 icsd-190522 icsd-190521 icsd-86347 icsd-261438 icsd-158748 icsd-158747 icsd-156362 icsd-190520 icsd-158749 icsd-86346 icsd-158751 icsd-190523 icsd-261437 icsd-158752,0.997693055,Inorganic Chemistry,0020-1669,2014
4098,Mg1.8Al4Si5O18Eu0.02Mn0.08,Mg1.8Al4Si5O18,Eu,2 ,0.02,Mn,2 ,0.08,298,469,0.28,0.33,,,,365,,,,1.857633985,72.05,469,https://doi.org/10.1021/ic501057r,ACS,"mp-6174,mp-684265", icsd-158750 icsd-165866 icsd-190522 icsd-190521 icsd-86347 icsd-261438 icsd-158748 icsd-158747 icsd-156362 icsd-190520 icsd-158749 icsd-86346 icsd-158751 icsd-190523 icsd-261437 icsd-158752,1.001335703,Inorganic Chemistry,0020-1669,2014
4099,Mg1.76Al4Si5O18Eu0.02Mn0.1,Mg1.76Al4Si5O18,Eu,2 ,0.02,Mn,2 ,0.1,298,469,0.31,0.33,,,,365,,,,1.780749231,60.36,469,https://doi.org/10.1021/ic501057r,ACS,"mp-6174,mp-684265", icsd-158750 icsd-165866 icsd-190522 icsd-190521 icsd-86347 icsd-261438 icsd-158748 icsd-158747 icsd-156362 icsd-190520 icsd-158749 icsd-86346 icsd-158751 icsd-190523 icsd-261437 icsd-158752,1.000220553,Inorganic Chemistry,0020-1669,2014
4100,Mg1.72Al4Si5O18Eu0.02Mn0.12,Mg1.72Al4Si5O18,Eu,2 ,0.02,Mn,2 ,0.12,298,469,,,,,,365,,,,1.647285145,44.39,469,https://doi.org/10.1021/ic501057r,ACS,"mp-6174,mp-684265", icsd-158750 icsd-165866 icsd-190522 icsd-190521 icsd-86347 icsd-261438 icsd-158748 icsd-158747 icsd-156362 icsd-190520 icsd-158749 icsd-86346 icsd-158751 icsd-190523 icsd-261437 icsd-158752,1.007137888,Inorganic Chemistry,0020-1669,2014
4101,Y5.95WO12Dy0.05,Y5.95WO12,Dy,3 ,0.05,,,,298,568,0.575,0.401,,,361,345,345,355,390,5.08278537,121000,568,https://doi.org/10.1111/jace.12937,Wiley,mp-19005, icsd-92037 icsd-100196,1.127087462,Journal of the American Ceramic Society,0002-7820,2014
4115,Ca10.78Si4O22B2Eu0.005,Ca10.78Si4O22B2,Eu,2 ,0.005,,,,298,611,0.624,0.375,9.7,,,394,394,,,,,611,https://doi.org/10.1039/C3TC30933A,ACS,,,2.029979476,Journal of Materials Chemistry C,2050-7526,2013
4116,Ca10.78Si4O22B2Ce0.02,Ca10.78Si4O22B2,Ce,3 ,0.02,,,,298,430,0.154,0.082,15.9,,,353,353,,,,,430,https://doi.org/10.1039/C3TC30933A,ACS,,,2.124051701,Journal of Materials Chemistry C,2050-7526,2013
4117,Ca10.945Si4O22B2Eu0.005,Ca10.945Si4O22B2,Eu,2 ,0.005,,,,298,505,0.247,0.478,5.3,,,365,365,,,,,505,https://doi.org/10.1039/C3TC30933A,ACS,,,2.13667581,Journal of Materials Chemistry C,2050-7526,2013
4118,CaSr2Al2O6Li0.03Ce0.03,CaSr2Al2O6Li0.03,Ce,3 ,0.03,,,,298,460,0.216,0.256,,,,358,358,,,1.34084055,21.92,460,https://doi.org/10.1021/ic500963q,ACS,,,0.985193281,Inorganic Chemistry,0020-1669,2014
4119,MgY2Si3O10Eu0.14,MgY2Si3O10,Eu,3 ,0.14,,,,298,613,0.579,0.349,,,,230,230,,,,,613,https://doi.org/10.1039/C4DT02114B,RSC,,,1.123645017,Dalton Transactions,1477-9226,2015
4120,MgY2Si3O10Bi0.02,MgY2Si3O10,Bi,3 ,0.02,,,,298,490,0.181,0.287,,,,344,344,,,2.713566139,517.09,490,https://doi.org/10.1039/C4DT02114B,RSC,,,1.233152988,Dalton Transactions,1477-9226,2015
4121,MgY2Si3O10Bi0.02Eu0.06,MgY2Si3O10,Bi,3 ,0.02,Eu,3 ,0.06,298,613,0.27,0.299,,,,344,,,,,,,https://doi.org/10.1039/C4DT02114B,RSC,,,2.018690712,Dalton Transactions,1477-9226,2015
4122,MgY2Si3O10Bi0.02Eu0.14,MgY2Si3O10,Bi,3 ,0.02,Eu,3 ,0.14,298,613,0.326,0.304,,,,344,,,,,,,https://doi.org/10.1039/C4DT02114B,RSC,,,2.098961323,Dalton Transactions,1477-9226,2015
4123,MgY2Si3O10Bi0.02Eu0.16,MgY2Si3O10,Bi,3 ,0.02,Eu,3 ,0.16,298,613,0.333,0.306,,,,344,,,,,,,https://doi.org/10.1039/C4DT02114B,RSC,,,2.122012338,Dalton Transactions,1477-9226,2015
4124,MgY2Si3O10Bi0.02Eu0.2,MgY2Si3O10,Bi,3 ,0.02,Eu,3 ,0.2,298,613,0.38,0.317,,,,344,,,,,,,https://doi.org/10.1039/C4DT02114B,RSC,,,2.171375249,Dalton Transactions,1477-9226,2015
4125,MgY2Si3O10Bi0.02Eu0.22,MgY2Si3O10,Bi,3 ,0.02,Eu,3 ,0.22,298,613,0.426,0.323,29.01,,,344,,,,6.01779269,1041820,613,https://doi.org/10.1039/C4DT02114B,RSC,,,0.964187863,Dalton Transactions,1477-9226,2015
4126,NaCa0.99BO3Ce0.01,NaCa0.99BO3,Ce,3 ,0.01,,,,298,400,0.162,0.031,,,,360,,,,1.740204736,54.98,400,https://doi.org/10.1039/C3RA42554A,RSC,,,0.990103893,RSC Advances,2046-2069,2013
4127,NaCa0.985BO3Ce0.01Mn0.005,NaCa0.985BO3,Ce,3 ,0.01,Mn,2 ,0.005,298,400,0.197,0.078,,,,360,,,,1.688686724,48.83,400,https://doi.org/10.1039/C3RA42554A,RSC,,,1.009055807,RSC Advances,2046-2069,2013
4128,NaCa0.98BO3Ce0.01Mn0.01,NaCa0.98BO3,Ce,3 ,0.01,Mn,2 ,0.01,298,400,0.246,0.143,,,,360,,,,1.640978057,43.75,400,https://doi.org/10.1039/C3RA42554A,RSC,,,1.009128295,RSC Advances,2046-2069,2013
4129,NaCa0.97BO3Ce0.01Mn0.02,NaCa0.97BO3,Ce,3 ,0.01,Mn,2 ,0.02,298,400,0.301,0.232,,,,360,,,,1.554852434,35.88,400,https://doi.org/10.1039/C3RA42554A,RSC,,,1.009191389,RSC Advances,2046-2069,2013
4130,NaCa0.96BO3Ce0.01Mn0.03,NaCa0.96BO3,Ce,3 ,0.01,Mn,2 ,0.03,298,400,0.335,0.259,,,465,360,,,,1.476106717,29.93,400,https://doi.org/10.1039/C3RA42554A,RSC,,,1.009100115,RSC Advances,2046-2069,2013
4131,NaCa0.94BO3Ce0.01Mn0.05,NaCa0.94BO3,Ce,3 ,0.01,Mn,2 ,0.05,298,400,0.401,0.271,,,,360,,,,1.306425028,20.25,400,https://doi.org/10.1039/C3RA42554A,RSC,,,1.009173491,RSC Advances,2046-2069,2013
4132,NaCa0.92BO3Ce0.01Mn0.07,NaCa0.92BO3,Ce,3 ,0.01,Mn,2 ,0.07,298,400,0.441,0.254,,,,360,,,,1.12904506,13.46,400,https://doi.org/10.1039/C3RA42554A,RSC,,,1.009087183,RSC Advances,2046-2069,2013
4133,NaCa0.89BO3Ce0.01Mn0.1,NaCa0.89BO3,Ce,3 ,0.01,Mn,2 ,0.1,298,400,0.489,0.246,,,,360,,,,0.962369336,9.17,400,https://doi.org/10.1039/C3RA42554A,RSC,,,1.008997578,RSC Advances,2046-2069,2013
4134,Ba5Ca0.995Al4O12Dy0.005,Ba5Ca0.995Al4O12,Dy,3 ,0.005,,,,298,574,0.306,0.338,,,,348,348,361,385,,,574,https://doi.org/10.1016/j.ceramint.2014.02.068,ESV,,,1.202951667,Ceramics International,0272-8842,2014
4135,Ba5Ca0.99Al4O12Dy0.01,Ba5Ca0.99Al4O12,Dy,3 ,0.01,,,,298,574,0.309,0.342,,,,348,348,361,385,,,574,https://doi.org/10.1016/j.ceramint.2014.02.068,ESV,,,1.202511465,Ceramics International,0272-8842,2014
4136,Ba5Ca0.98Al4O12Dy0.02,Ba5Ca0.98Al4O12,Dy,3 ,0.02,,,,298,574,0.314,0.344,,,,348,348,361,385,,,574,https://doi.org/10.1016/j.ceramint.2014.02.068,ESV,,,1.201619304,Ceramics International,0272-8842,2014
4137,Ba5Ca0.96Al4O12Dy0.04,Ba5Ca0.96Al4O12,Dy,3 ,0.04,,,,298,574,0.322,0.349,,,,348,348,361,385,,,574,https://doi.org/10.1016/j.ceramint.2014.02.068,ESV,,,1.199466989,Ceramics International,0272-8842,2014
4138,Ba5Ca0.93Al4O12Dy0.07,Ba5Ca0.93Al4O12,Dy,3 ,0.07,,,,298,574,0.328,0.355,,,,348,348,361,385,,,574,https://doi.org/10.1016/j.ceramint.2014.02.068,ESV,,,1.196378677,Ceramics International,0272-8842,2014
4139,Ba5Ca0.9Al4O12Dy0.1,Ba5Ca0.9Al4O12,Dy,3 ,0.1,,,,298,574,0.333,0.361,,,,348,348,361,385,,,574,https://doi.org/10.1016/j.ceramint.2014.02.068,ESV,,,1.193461719,Ceramics International,0272-8842,2014
4140,La4.7Si3O12NCe0.06,La4.7Si3O12N,Ce,3 ,0.06,,,,298,460,0.1594,0.2029,,,,365,,,,1.992686039,98.33,460,https://doi.org/10.1016/j.jlumin.2015.08.030,ESV,,,1.057379236,Journal of Luminescence,0022-2313,2016
4141,La4.65Si3O12NCe0.06Tb0.01,La4.65Si3O12N,Ce,3 ,0.06,Tb,3 ,0.01,298,503,0.1697,0.2277,,,,365,,,,,,,https://doi.org/10.1016/j.jlumin.2015.08.030,ESV,,,1.142565115,Journal of Luminescence,0022-2313,2016
4142,La4.6Si3O12NCe0.06Tb0.02,La4.6Si3O12N,Ce,3 ,0.06,Tb,3 ,0.02,298,503,0.1782,0.2504,,,,365,,,,1.963929422,92.03,460,https://doi.org/10.1016/j.jlumin.2015.08.030,ESV,,,1.499630091,Journal of Luminescence,0022-2313,2016
4143,La4.55Si3O12NCe0.06Tb0.03,La4.55Si3O12N,Ce,3 ,0.06,Tb,3 ,0.03,298,503,0.1873,0.2731,,,,365,,,,,,,https://doi.org/10.1016/j.jlumin.2015.08.030,ESV,,,1.249479189,Journal of Luminescence,0022-2313,2016
4144,La4.5Si3O12NCe0.06Tb0.04,La4.5Si3O12N,Ce,3 ,0.06,Tb,3 ,0.04,298,549,0.1952,0.2936,,,,365,,,,1.913654935,81.97,460,https://doi.org/10.1016/j.jlumin.2015.08.030,ESV,,,1.543259313,Journal of Luminescence,0022-2313,2016
4145,La4.45Si3O12NCe0.06Tb0.05,La4.45Si3O12N,Ce,3 ,0.06,Tb,3 ,0.05,298,549,0.2028,0.3144,,,,365,,,,,,,https://doi.org/10.1016/j.jlumin.2015.08.030,ESV,,,1.256142947,Journal of Luminescence,0022-2313,2016
4146,La4.4Si3O12NCe0.06Tb0.06,La4.4Si3O12N,Ce,3 ,0.06,Tb,3 ,0.06,298,549,0.2116,0.339,,,,365,,,,1.788168371,61.4,460,https://doi.org/10.1016/j.jlumin.2015.08.030,ESV,,,1.478248959,Journal of Luminescence,0022-2313,2016
4147,La4.35Si3O12NCe0.06Tb0.07,La4.35Si3O12N,Ce,3 ,0.06,Tb,3 ,0.07,298,549,0.2189,0.357,,,,365,,,,,,,https://doi.org/10.1016/j.jlumin.2015.08.030,ESV,,,1.275359413,Journal of Luminescence,0022-2313,2016
4148,La4.3Si3O12NCe0.06Tb0.08,La4.3Si3O12N,Ce,3 ,0.06,Tb,3 ,0.08,298,549,0.225,0.3734,,,,365,,,,1.608526034,40.6,460,https://doi.org/10.1016/j.jlumin.2015.08.030,ESV,,,1.420683479,Journal of Luminescence,0022-2313,2016
4149,NaCa0.96PO4Tb0.04,NaCa0.96PO4,Tb,3 ,0.04,,,,298,544,0.315,0.671,,,,369,,,,6.790988475,6180000,544,https://doi.org/10.1016/j.ceramint.2013.12.101,ESV,mp-14401, icsd-35629,1.113573575,Ceramics International,0272-8842,2014
4150,NaCa0.94PO4Tb0.04Eu0.02,NaCa0.94PO4,Tb,3 ,0.04,Eu,3 ,0.02,298,544,0.361,0.623,,,,369,,,,6.771587481,5910000,544,https://doi.org/10.1016/j.ceramint.2013.12.101,ESV,mp-14401, icsd-35629,1.043836842,Ceramics International,0272-8842,2014
4151,NaCa0.92PO4Tb0.04Eu0.04,NaCa0.92PO4,Tb,3 ,0.04,Eu,3 ,0.04,298,544,0.401,0.583,,,,369,,,,,,,https://doi.org/10.1016/j.ceramint.2013.12.101,ESV,mp-14401, icsd-35629,0.987452926,Ceramics International,0272-8842,2014
4152,NaCa0.9PO4Tb0.04Eu0.06,NaCa0.9PO4,Tb,3 ,0.04,Eu,3 ,0.06,298,544,0.432,0.551,,,,369,,,,6.494154594,3120000,544,https://doi.org/10.1016/j.ceramint.2013.12.101,ESV,mp-14401, icsd-35629,101.8117946,Ceramics International,0272-8842,2014
4153,NaCa0.88PO4Tb0.04Eu0.08,NaCa0.88PO4,Tb,3 ,0.04,Eu,3 ,0.08,298,544,0.474,0.512,,,,369,,,,,,,https://doi.org/10.1016/j.ceramint.2013.12.101,ESV,mp-14401, icsd-35629,0.98790468,Ceramics International,0272-8842,2014
4154,NaCa0.86PO4Tb0.04Eu0.1,NaCa0.86PO4,Tb,3 ,0.04,Eu,3 ,0.1,298,620,0.482,0.501,,,,369,,,,6.383815366,2420000,544,https://doi.org/10.1016/j.ceramint.2013.12.101,ESV,mp-14401, icsd-35629,1.019728303,Ceramics International,0272-8842,2014
4155,Sr7ZrP6O24Tb0.01,Sr7ZrP6O24,Tb,3 ,0.01,,,,298,544,0.265,0.32,,,,374,,,,6.598790507,3970000,544,https://doi.org/10.1016/j.jallcom.2017.02.199,ESV,,,1.923312412,Journal of Alloys and Compounds,0925-8388,2017
4156,Sr7ZrP6O24Tb0.01Eu0.005,Sr7ZrP6O24,Tb,3 ,0.01,Eu,3 ,0.005,298,544,0.309,0.322,,,,374,,,,6.45484486,2850000,544,https://doi.org/10.1016/j.jallcom.2017.02.199,ESV,,,1.025006305,Journal of Alloys and Compounds,0925-8388,2017
4157,Sr7ZrP6O24Tb0.01Eu0.01,Sr7ZrP6O24,Tb,3 ,0.01,Eu,3 ,0.01,298,544,0.337,0.322,,,,374,,,,6.361727836,2300000,544,https://doi.org/10.1016/j.jallcom.2017.02.199,ESV,,,1.016624998,Journal of Alloys and Compounds,0925-8388,2017
4158,Sr7ZrP6O24Tb0.01Eu0.015,Sr7ZrP6O24,Tb,3 ,0.01,Eu,3 ,0.015,298,613,0.359,0.327,,,,374,,,,6.292256071,1960000,544,https://doi.org/10.1016/j.jallcom.2017.02.199,ESV,,,1.00728971,Journal of Alloys and Compounds,0925-8388,2017
4159,Sr7ZrP6O24Tb0.01Eu0.02,Sr7ZrP6O24,Tb,3 ,0.01,Eu,3 ,0.02,298,613,0.386,0.33,,,,374,,,,6.235528447,1720000,544,https://doi.org/10.1016/j.jallcom.2017.02.199,ESV,,,1.062013056,Journal of Alloys and Compounds,0925-8388,2017
4160,MgY1.94Al4SiO12Ce0.06,MgY1.94Al4SiO12,Ce,3 ,0.06,,,,298,565,0.443,0.534,89,,,460,,,,1.651278014,44.8,550,https://doi.org/10.1016/j.optmat.2017.06.012,ESV,,,1.010176663,Optical Materials,0925-3467,2017
4161,Mg0.97Y1.94Al4SiO12Ce0.06Mn0.03,Mg0.97Y1.94Al4SiO12,Ce,3 ,0.06,Mn,2 ,0.03,298,575,0.462,0.509,75.9,,,460,,,,1.546542663,35.2,550,https://doi.org/10.1016/j.optmat.2017.06.012,ESV,,,1.02597734,Optical Materials,0925-3467,2017
4162,Mg0.94Y1.94Al4SiO12Ce0.06Mn0.06,Mg0.94Y1.94Al4SiO12,Ce,3 ,0.06,Mn,2 ,0.06,298,590,0.473,0.5,63.8,,,460,,,,1.519827994,33.1,550,https://doi.org/10.1016/j.optmat.2017.06.012,ESV,,,1.031589641,Optical Materials,0925-3467,2017
4163,Mg0.91Y1.94Al4SiO12Ce0.06Mn0.09,Mg0.91Y1.94Al4SiO12,Ce,3 ,0.06,Mn,2 ,0.09,298,600,0.484,0.491,63.1,,,460,,,,1.344392274,22.1,550,https://doi.org/10.1016/j.optmat.2017.06.012,ESV,,,1.035757778,Optical Materials,0925-3467,2017
4164,Mg0.88Y1.94Al4SiO12Ce0.06Mn0.12,Mg0.88Y1.94Al4SiO12,Ce,3 ,0.06,Mn,2 ,0.12,298,610,0.493,0.484,54.3,,,460,,,,1.127104798,13.4,550,https://doi.org/10.1016/j.optmat.2017.06.012,ESV,,,1.026387368,Optical Materials,0925-3467,2017
4165,Mg0.85Y1.94Al4SiO12Ce0.06Mn0.15,Mg0.85Y1.94Al4SiO12,Ce,3 ,0.06,Mn,2 ,0.15,298,620,0.506,0.473,49.3,,,460,,,,0.959041392,9.1,550,https://doi.org/10.1016/j.optmat.2017.06.012,ESV,,,1.028360947,Optical Materials,0925-3467,2017
4166,MgY3.9Si3O13Eu0.01,MgY3.9Si3O13,Eu,3 ,0.01,,,,298,615,,,,,,393,393,,,6.169674434,1478000,615,https://doi.org/10.1111/jace.13628,Wiley,,,1.024634459,Journal of the American Ceramic Society,0002-7820,2015
4167,MgY3.8Si3O13Eu0.02,MgY3.8Si3O13,Eu,3 ,0.02,,,,298,615,,,,,,393,393,,,6.183839037,1527000,615,https://doi.org/10.1111/jace.13628,Wiley,,,1.133916831,Journal of the American Ceramic Society,0002-7820,2015
4168,MgY3.7Si3O13Eu0.03,MgY3.7Si3O13,Eu,3 ,0.03,,,,298,615,,,,,,393,393,,,6.305136319,2019000,615,https://doi.org/10.1111/jace.13628,Wiley,,,1.003525273,Journal of the American Ceramic Society,0002-7820,2015
4169,MgY3.6Si3O13Eu0.04,MgY3.6Si3O13,Eu,3 ,0.04,,,,298,615,,,,,,393,393,,,6.301897717,2004000,615,https://doi.org/10.1111/jace.13628,Wiley,,,1.029313852,Journal of the American Ceramic Society,0002-7820,2015
4170,MgY3.5Si3O13Eu0.05,MgY3.5Si3O13,Eu,3 ,0.05,,,,298,615,0.66,0.34,,,418,393,393,,,6.295347148,1974000,615,https://doi.org/10.1111/jace.13628,Wiley,,,1.015573486,Journal of the American Ceramic Society,0002-7820,2015
4171,MgY3.4Si3O13Eu0.06,MgY3.4Si3O13,Eu,3 ,0.06,,,,298,615,,,,,,393,393,,,6.265289626,1842000,615,https://doi.org/10.1111/jace.13628,Wiley,,,0.970761544,Journal of the American Ceramic Society,0002-7820,2015
4172,MgY3.3Si3O13Eu0.07,MgY3.3Si3O13,Eu,3 ,0.07,,,,298,615,,,,,,393,393,,,6.247482261,1768000,615,https://doi.org/10.1111/jace.13628,Wiley,,,0.997122695,Journal of the American Ceramic Society,0002-7820,2015
4173,Lu2Ca0.97Mg2Si3O12Eu0.03,Lu2Ca0.97Mg2Si3O12,Eu,2 ,0.03,,,,298,450,,,,,393,365,365,,,,,450,https://doi.org/10.1016/j.matlet.2015.10.144,ESV,,,1.132447552,Materials Letters,0167-577X,2016
4174,K2Y0.5WPO8Tb0.5,K2Y0.5WPO8,Tb,3 ,0.5,,,,298,545,0.338,0.585,,,,377,377,370,352,7.332034277,21480000,545,https://doi.org/10.1016/j.materresbull.2014.08.051,ESV,,,1.640134672,Materials Research Bulletin,0025-5408,2014
4175,K2Y0.499WPO8Tb0.5Eu0.001,K2Y0.499WPO8,Tb,3 ,0.5,Eu,3 ,0.001,298,545,0.4,0.539,,,,377,377,,,7.231724383,17050000,545,https://doi.org/10.1016/j.materresbull.2014.08.051,ESV,,,1.285000975,Materials Research Bulletin,0025-5408,2014
4176,K2Y0.498WPO8Tb0.5Eu0.002,K2Y0.498WPO8,Tb,3 ,0.5,Eu,3 ,0.002,298,545,0.434,0.512,,,,377,377,,,7.18920949,15460000,545,https://doi.org/10.1016/j.materresbull.2014.08.051,ESV,,,1.227899358,Materials Research Bulletin,0025-5408,2014
4177,K2Y0.496WPO8Tb0.5Eu0.004,K2Y0.496WPO8,Tb,3 ,0.5,Eu,3 ,0.004,298,545,0.459,0.493,,,,377,377,,,7.155336037,14300000,545,https://doi.org/10.1016/j.materresbull.2014.08.051,ESV,,,1.178626267,Materials Research Bulletin,0025-5408,2014
4178,K2Y0.494WPO8Tb0.5Eu0.006,K2Y0.494WPO8,Tb,3 ,0.5,Eu,3 ,0.006,298,545,0.468,0.486,,,,377,377,,,7.146748014,14020000,545,https://doi.org/10.1016/j.materresbull.2014.08.051,ESV,,,1.17663141,Materials Research Bulletin,0025-5408,2014
4179,K2Y0.492WPO8Tb0.5Eu0.008,K2Y0.492WPO8,Tb,3 ,0.5,Eu,3 ,0.008,298,613,0.485,0.471,,,,377,377,,,7.137037455,13710000,545,https://doi.org/10.1016/j.materresbull.2014.08.051,ESV,,,1.166308753,Materials Research Bulletin,0025-5408,2014
4180,K2Y0.49WPO8Tb0.5Eu0.01,K2Y0.49WPO8,Tb,3 ,0.5,Eu,3 ,0.01,298,613,0.518,0.446,,,,377,377,370,352,7.071882007,11800000,545,https://doi.org/10.1016/j.materresbull.2014.08.051,ESV,,,1.194557573,Materials Research Bulletin,0025-5408,2014
4181,K2Y0.48WPO8Tb0.5Eu0.02,K2Y0.48WPO8,Tb,3 ,0.5,Eu,3 ,0.02,298,613,0.571,0.404,,,,377,377,,,7.007320953,10170000,545,https://doi.org/10.1016/j.materresbull.2014.08.051,ESV,,,1.274050936,Materials Research Bulletin,0025-5408,2014
4182,K2Y0.47WPO8Tb0.5Eu0.03,K2Y0.47WPO8,Tb,3 ,0.5,Eu,3 ,0.03,298,613,0.585,0.392,,,,377,377,,,6.934498451,8600000,545,https://doi.org/10.1016/j.materresbull.2014.08.051,ESV,,,1.524228119,Materials Research Bulletin,0025-5408,2014
4183,K2Y0.45WPO8Tb0.5Eu0.05,K2Y0.45WPO8,Tb,3 ,0.5,Eu,3 ,0.05,298,613,0.609,0.371,,,,377,377,,,6.614897216,4120000,545,https://doi.org/10.1016/j.materresbull.2014.08.051,ESV,,,1.796999942,Materials Research Bulletin,0025-5408,2014
4184,K2Y0.4WPO8Tb0.5Eu0.1,K2Y0.4WPO8,Tb,3 ,0.5,Eu,3 ,0.1,298,613,0.629,0.357,,,,377,377,,,6.534026106,3420000,545,https://doi.org/10.1016/j.materresbull.2014.08.051,ESV,,,1.997247684,Materials Research Bulletin,0025-5408,2014
4185,K2Y0.3WPO8Tb0.5Eu0.2,K2Y0.3WPO8,Tb,3 ,0.5,Eu,3 ,0.2,298,613,0.641,0.346,,,,377,377,,,6.338456494,2180000,545,https://doi.org/10.1016/j.materresbull.2014.08.051,ESV,,,1.01126056,Materials Research Bulletin,0025-5408,2014
4186,Ba5P2SiO12Eu0.001,Ba5P2SiO12,Eu,2 ,0.001,,,,298,515,,,,,,405,405,,,2.853850249,714.25,515,https://doi.org/10.1039/C6CP08300E,RSC,,,1.032819471,Physical Chemistry Chemical Physics,1463-9076,2017
4187,Ba5P2SiO12Eu0.005,Ba5P2SiO12,Eu,2 ,0.005,,,,298,515,,,,,,405,405,,,2.846603052,702.43,515,https://doi.org/10.1039/C6CP08300E,RSC,,,1.031023215,Physical Chemistry Chemical Physics,1463-9076,2017
4188,Ba5P2SiO12Eu0.01,Ba5P2SiO12,Eu,2 ,0.01,,,,298,515,,,31.89,,403,405,405,,,2.839955446,691.76,515,https://doi.org/10.1039/C6CP08300E,RSC,,,1.030148485,Physical Chemistry Chemical Physics,1463-9076,2017
4189,Ba5P2SiO12Eu0.02,Ba5P2SiO12,Eu,2 ,0.02,,,,298,515,,,,,,405,405,,,2.824093277,666.95,515,https://doi.org/10.1039/C6CP08300E,RSC,,,1.025657213,Physical Chemistry Chemical Physics,1463-9076,2017
4190,Ba5P2SiO12Eu0.03,Ba5P2SiO12,Eu,2 ,0.03,,,,298,515,,,,,,405,405,,,2.812057287,648.72,515,https://doi.org/10.1039/C6CP08300E,RSC,,,1.022915905,Physical Chemistry Chemical Physics,1463-9076,2017
4191,Ba5P2SiO12Eu0.04,Ba5P2SiO12,Eu,2 ,0.04,,,,298,515,,,,,,405,405,,,2.796934939,626.52,515,https://doi.org/10.1039/C6CP08300E,RSC,,,1.020917672,Physical Chemistry Chemical Physics,1463-9076,2017
4192,GdVO4Dy0.02,GdVO4,Dy,3 ,0.02,,,,298,574,0.313,0.365,,,,283,,,,5.477526407,300280,574,https://doi.org/10.1039/C5CP04373E,RSC,mp-22024, icsd-15607 icsd-238224 icsd-238223 icsd-152692 icsd-81703 icsd-186232 icsd-186231,1.0807463,Physical Chemistry Chemical Physics,1463-9076,2015
4193,GdVO4Dy0.02Eu0.01,GdVO4,Dy,3 ,0.02,Eu,3 ,0.01,298,574,0.366,0.37,,,,283,,,,5.469203258,294580,574,https://doi.org/10.1039/C5CP04373E,RSC,mp-22024, icsd-15607 icsd-238224 icsd-238223 icsd-152692 icsd-81703 icsd-186232 icsd-186231,1.092733706,Physical Chemistry Chemical Physics,1463-9076,2015
4194,GdVO4Dy0.02Eu0.02,GdVO4,Dy,3 ,0.02,Eu,3 ,0.02,298,574,0.399,0.364,,,,283,,,,5.421373558,263860,574,https://doi.org/10.1039/C5CP04373E,RSC,mp-22024, icsd-15607 icsd-238224 icsd-238223 icsd-152692 icsd-81703 icsd-186232 icsd-186231,1.053593104,Physical Chemistry Chemical Physics,1463-9076,2015
4195,GdVO4Dy0.02Eu0.03,GdVO4,Dy,3 ,0.02,Eu,3 ,0.03,298,620,0.41,0.353,,,,283,,,,,,,https://doi.org/10.1039/C5CP04373E,RSC,mp-22024, icsd-15607 icsd-238224 icsd-238223 icsd-152692 icsd-81703 icsd-186232 icsd-186231,1.023234291,Physical Chemistry Chemical Physics,1463-9076,2015
4196,GdVO4Dy0.02Eu0.06,GdVO4,Dy,3 ,0.02,Eu,3 ,0.06,298,620,0.443,0.347,,,,283,,,,,,,https://doi.org/10.1039/C5CP04373E,RSC,mp-22024, icsd-15607 icsd-238224 icsd-238223 icsd-152692 icsd-81703 icsd-186232 icsd-186231,1.026758182,Physical Chemistry Chemical Physics,1463-9076,2015
4197,GdVO4Eu0.02,GdVO4,Eu,3 ,0.02,,,,298,620,0.505,0.322,,,,283,,,,5.456047028,285790,620,https://doi.org/10.1039/C5CP04373E,RSC,mp-22024, icsd-15607 icsd-238224 icsd-238223 icsd-152692 icsd-81703 icsd-186232 icsd-186231,0.996466525,Physical Chemistry Chemical Physics,1463-9076,2015
4198,GdVO4Eu0.02Dy0.01,GdVO4,Eu,3 ,0.02,Dy,3 ,0.01,298,620,,,,,,283,,,,5.416790238,261090,620,https://doi.org/10.1039/C5CP04373E,RSC,mp-22024, icsd-15607 icsd-238224 icsd-238223 icsd-152692 icsd-81703 icsd-186232 icsd-186231,1.032407847,Physical Chemistry Chemical Physics,1463-9076,2015
4199,GdVO4Eu0.02Dy0.02,GdVO4,Eu,3 ,0.02,Dy,3 ,0.02,298,574,,,,,,283,,,,5.392732117,247020,620,https://doi.org/10.1039/C5CP04373E,RSC,mp-22024, icsd-15607 icsd-238224 icsd-238223 icsd-152692 icsd-81703 icsd-186232 icsd-186231,1.070222078,Physical Chemistry Chemical Physics,1463-9076,2015
4200,GdVO4Eu0.02Dy0.03,GdVO4,Eu,3 ,0.02,Dy,3 ,0.03,298,574,0.356,0.345,,,,283,,,,,,,https://doi.org/10.1039/C5CP04373E,RSC,mp-22024, icsd-15607 icsd-238224 icsd-238223 icsd-152692 icsd-81703 icsd-186232 icsd-186231,1.028769563,Physical Chemistry Chemical Physics,1463-9076,2015
4201,GdVO4Eu0.02Dy0.05,GdVO4,Eu,3 ,0.02,Dy,3 ,0.05,298,574,0.351,0.295,,,,283,,,,,,,https://doi.org/10.1039/C5CP04373E,RSC,mp-22024, icsd-15607 icsd-238224 icsd-238223 icsd-152692 icsd-81703 icsd-186232 icsd-186231,1.029075537,Physical Chemistry Chemical Physics,1463-9076,2015
4202,MgY3.8Si3O13Ce0.2,MgY3.8Si3O13,Ce,3 ,0.2,,,,298,455,0.26,0.25,,,,328,,,,,,,https://doi.org/10.1149/2.077205jes,IOP,,,1.059785142,Journal of The Electrochemical Society,0013-4651,2012
4203,Mg0.95Y3.8Si3O13Ce0.2Mn0.05,Mg0.95Y3.8Si3O13,Ce,3 ,0.2,Mn,2 ,0.05,298,455,0.36,0.26,,37,,328,,,,,,,https://doi.org/10.1149/2.077205jes,IOP,,,0.994379208,Journal of The Electrochemical Society,0013-4651,2012
4204,Mg0.9Y3.8Si3O13Ce0.2Mn0.1,Mg0.9Y3.8Si3O13,Ce,3 ,0.2,Mn,2 ,0.1,298,587,0.4,0.3,,,,328,,,,,,,https://doi.org/10.1149/2.077205jes,IOP,,,0.994024212,Journal of The Electrochemical Society,0013-4651,2012
4205,Mg0.8Y3.8Si3O13Ce0.2Mn0.2,Mg0.8Y3.8Si3O13,Ce,3 ,0.2,Mn,2 ,0.2,298,587,0.47,0.33,,,,328,,,,,,,https://doi.org/10.1149/2.077205jes,IOP,,,0.99323556,Journal of The Electrochemical Society,0013-4651,2012
4206,Mg0.7Y3.8Si3O13Ce0.2Mn0.3,Mg0.7Y3.8Si3O13,Ce,3 ,0.2,Mn,2 ,0.3,298,587,0.51,0.34,,,,328,,,,,,,https://doi.org/10.1149/2.077205jes,IOP,,,0.993729394,Journal of The Electrochemical Society,0013-4651,2012
4207,Mg0.6Y3.8Si3O13Ce0.2Mn0.4,Mg0.6Y3.8Si3O13,Ce,3 ,0.2,Mn,2 ,0.4,298,587,0.53,0.35,,,,328,,,,,,,https://doi.org/10.1149/2.077205jes,IOP,,,0.993729394,Journal of The Electrochemical Society,0013-4651,2012
4208,NaBaLa1.99P3O12Sm0.01,NaBaLa1.99P3O12,Sm,3 ,0.01,,,,298,601,0.5782,0.4171,,,,403,403,,,6.329133357,2133700,601,https://doi.org/10.1016/j.jallcom.2017.01.171,ESV,,,1.011584026,Journal of Alloys and Compounds,0925-8388,2017
4209,NaBaLa1.96P3O12Sm0.04,NaBaLa1.96P3O12,Sm,3 ,0.04,,,,298,601,,,,,,403,403,,,6.277677963,1895300,601,https://doi.org/10.1016/j.jallcom.2017.01.171,ESV,,,1.002090825,Journal of Alloys and Compounds,0925-8388,2017
4210,NaBaLa1.93P3O12Sm0.07,NaBaLa1.93P3O12,Sm,3 ,0.07,,,,298,601,,,,,,403,403,,,6.247727833,1769000,601,https://doi.org/10.1016/j.jallcom.2017.01.171,ESV,,,0.994662025,Journal of Alloys and Compounds,0925-8388,2017
4211,NaBaLa1.89P3O12Sm0.11,NaBaLa1.89P3O12,Sm,3 ,0.11,,,,298,601,,,62.3,,573,403,403,377,364,5.881840968,761800,601,https://doi.org/10.1016/j.jallcom.2017.01.171,ESV,,,1.037470155,Journal of Alloys and Compounds,0925-8388,2017
4212,NaBaLa1.86P3O12Sm0.14,NaBaLa1.86P3O12,Sm,3 ,0.14,,,,298,601,,,,,,403,403,,,5.833147112,681000,601,https://doi.org/10.1016/j.jallcom.2017.01.171,ESV,,,0.997343712,Journal of Alloys and Compounds,0925-8388,2017
4213,NaBaLa1.83P3O12Sm0.17,NaBaLa1.83P3O12,Sm,3 ,0.17,,,,298,601,0.5605,0.4312,,,,403,403,,,5.761251074,577100,601,https://doi.org/10.1016/j.jallcom.2017.01.171,ESV,,,1.004016199,Journal of Alloys and Compounds,0925-8388,2017
4214,Y1.99WO6Sm0.01,Y1.99WO6,Sm,3 ,0.01,,,,298,450,0.226,0.19,,,,308,,,,,,,https://doi.org/10.1016/j.jlumin.2013.09.043,ESV,"mp-559510,mp-30539,mp-559085,mp-1216117", icsd-20955 icsd-65811 icsd-26532,1.007196511,Journal of Luminescence,0022-2313,2014
4215,Y1.97WO6Sm0.03,Y1.97WO6,Sm,3 ,0.03,,,,298,450,0.253,0.203,,,,308,,,,,,,https://doi.org/10.1016/j.jlumin.2013.09.043,ESV,"mp-559510,mp-30539,mp-559085,mp-1216117", icsd-20955 icsd-65811 icsd-26532,1.007670014,Journal of Luminescence,0022-2313,2014
4216,Y1.95WO6Sm0.05,Y1.95WO6,Sm,3 ,0.05,,,,298,613,0.277,0.227,,,,308,,,,,,,https://doi.org/10.1016/j.jlumin.2013.09.043,ESV,"mp-559510,mp-30539,mp-559085,mp-1216117", icsd-20955 icsd-65811 icsd-26532,0.985816898,Journal of Luminescence,0022-2313,2014
4217,Y1.93WO6Sm0.07,Y1.93WO6,Sm,3 ,0.07,,,,298,613,0.304,0.251,,,,308,,,,,,,https://doi.org/10.1016/j.jlumin.2013.09.043,ESV,"mp-559510,mp-30539,mp-559085,mp-1216117", icsd-20955 icsd-65811 icsd-26532,0.985896053,Journal of Luminescence,0022-2313,2014
4218,Y1.91WO6Sm0.09,Y1.91WO6,Sm,3 ,0.09,,,,298,613,0.318,0.267,,,,308,,,,,,,https://doi.org/10.1016/j.jlumin.2013.09.043,ESV,"mp-559510,mp-30539,mp-559085,mp-1216117", icsd-20955 icsd-65811 icsd-26532,0.986313061,Journal of Luminescence,0022-2313,2014
4219,BaLa1.91WO7Eu0.09,BaLa1.91WO7,Eu,3 ,0.09,,,,298,616,0.648,0.349,,,,394,394,466,534,5.691965103,492000,616,https://doi.org/10.1016/j.jlumin.2016.11.003,ESV,"mp-1203123,mp-1201679", icsd-166617 icsd-247840,1.049862594,Journal of Luminescence,0022-2313,2017
4220,BaLa1.905WO7Eu0.09Bi0.005,BaLa1.905WO7,Eu,3 ,0.09,Bi,3,0.005,298,616,,,,,,394,394,466,534,5.699837726,501000,616,https://doi.org/10.1016/j.jlumin.2016.11.003,ESV,"mp-1203123,mp-1201679", icsd-166617 icsd-247840,0.980803758,Journal of Luminescence,0022-2313,2017
4221,BaLa1.9WO7Eu0.09Bi0.01,BaLa1.9WO7,Eu,3 ,0.09,Bi,3,0.01,298,616,0.655,0.344,29,,,394,394,466,534,5.705863712,508000,616,https://doi.org/10.1016/j.jlumin.2016.11.003,ESV,"mp-1203123,mp-1201679", icsd-166617 icsd-247840,0.99486297,Journal of Luminescence,0022-2313,2017
4222,BaLa1.89WO7Eu0.09Bi0.02,BaLa1.89WO7,Eu,3 ,0.09,Bi,3,0.02,298,616,,,,,,394,394,466,534,5.698970004,500000,616,https://doi.org/10.1016/j.jlumin.2016.11.003,ESV,"mp-1203123,mp-1201679", icsd-166617 icsd-247840,0.985901621,Journal of Luminescence,0022-2313,2017
4223,BaLa1.88WO7Eu0.09Bi0.03,BaLa1.88WO7,Eu,3 ,0.09,Bi,3,0.03,298,616,,,,,,394,394,466,534,5.691081492,491000,616,https://doi.org/10.1016/j.jlumin.2016.11.003,ESV,"mp-1203123,mp-1201679", icsd-166617 icsd-247840,1.0305209,Journal of Luminescence,0022-2313,2017
4224,BaLa1.87WO7Eu0.09Bi0.04,BaLa1.87WO7,Eu,3 ,0.09,Bi,3,0.04,298,616,,,,,,394,394,466,534,5.686636269,486000,616,https://doi.org/10.1016/j.jlumin.2016.11.003,ESV,"mp-1203123,mp-1201679", icsd-166617 icsd-247840,1.019761428,Journal of Luminescence,0022-2313,2017
4225,KLa0.97Mo2O8Eu0.03,KLa0.97Mo2O8,Eu,3 ,0.03,,,,298,618,0.646,0.351,,,,465,465,,,,,618,https://doi.org/10.1016/j.spmi.2015.06.041,ESV,mp-1211443,,1.027617508,Superlattices and Microstructures,0749-6036,2015
4226,KLa0.93Mo2O8Eu0.07,KLa0.93Mo2O8,Eu,3 ,0.07,,,,298,618,0.648,0.348,,,,465,465,,,,,618,https://doi.org/10.1016/j.spmi.2015.06.041,ESV,mp-1211443,,1.02548838,Superlattices and Microstructures,0749-6036,2015
4227,KLa0.89Mo2O8Eu0.11,KLa0.89Mo2O8,Eu,3 ,0.11,,,,298,618,0.645,0.352,,,,465,465,,,,,618,https://doi.org/10.1016/j.spmi.2015.06.041,ESV,mp-1211443,,1.029969356,Superlattices and Microstructures,0749-6036,2015
4228,KLa0.85Mo2O8Eu0.15,KLa0.85Mo2O8,Eu,3 ,0.15,,,,298,618,0.651,0.353,,,,465,465,394,,,,618,https://doi.org/10.1016/j.spmi.2015.06.041,ESV,mp-1211443,,1.033496955,Superlattices and Microstructures,0749-6036,2015
4229,KLa0.81Mo2O8Eu0.19,KLa0.81Mo2O8,Eu,3 ,0.19,,,,298,618,0.653,0.347,,,,465,465,,,,,618,https://doi.org/10.1016/j.spmi.2015.06.041,ESV,mp-1211443,,1.034087297,Superlattices and Microstructures,0749-6036,2015
4230,KLa0.77Mo2O8Eu0.23,KLa0.77Mo2O8,Eu,3 ,0.23,,,,298,618,0.649,0.351,,,,465,465,,,,,618,https://doi.org/10.1016/j.spmi.2015.06.041,ESV,mp-1211443,,1.037821579,Superlattices and Microstructures,0749-6036,2015
4231,BaLa0.95MgSbO6Eu0.05,BaLa0.95MgSbO6,Eu,3 ,0.05,,,,298,615,0.6413,0.3583,,,440,465,465,,,,,615,https://doi.org/10.1016/j.ceramint.2019.01.065,ESV,mp-1211443,,1.13259937,Ceramics International,0272-8842,2019
4232,BaLa0.95MgSb0.9Nb0.1O6Eu0.05,BaLa0.95MgSb0.9Nb0.1O6,Eu,3 ,0.05,,,,298,615,0.6458,0.3538,,,,465,465,,,,,615,https://doi.org/10.1016/j.ceramint.2019.01.065,ESV,,,1.212445948,Ceramics International,0272-8842,2019
4233,BaLa0.95MgSb0.7Nb0.3O6Eu0.05,BaLa0.95MgSb0.7Nb0.3O6,Eu,3 ,0.05,,,,298,615,0.6484,0.3512,,,,465,465,,,,,615,https://doi.org/10.1016/j.ceramint.2019.01.065,ESV,,,1.210594616,Ceramics International,0272-8842,2019
4234,BaLa0.95MgSb0.5Nb0.5O6Eu0.05,BaLa0.95MgSb0.5Nb0.5O6,Eu,3 ,0.05,,,,298,615,0.6505,0.3492,,,,465,465,,,,,615,https://doi.org/10.1016/j.ceramint.2019.01.065,ESV,,,1.225769513,Ceramics International,0272-8842,2019
4235,BaLa0.95MgSb0.3Nb0.7O6Eu0.05,BaLa0.95MgSb0.3Nb0.7O6,Eu,3 ,0.05,,,,298,615,0.6512,0.3485,,,,465,465,,,,,615,https://doi.org/10.1016/j.ceramint.2019.01.065,ESV,,,1.240035686,Ceramics International,0272-8842,2019
4236,BaLa0.95MgSb0.1Nb0.9O6Eu0.05,BaLa0.95MgSb0.1Nb0.9O6,Eu,3 ,0.05,,,,298,615,0.6524,0.3473,,,,465,465,,,,,615,https://doi.org/10.1016/j.ceramint.2019.01.065,ESV,,,1.238648441,Ceramics International,0272-8842,2019
4237,BaLa0.95MgNbO6Eu0.05,BaLa0.95MgNbO6,Eu,3 ,0.05,,,,298,615,0.6549,0.3448,,,423,465,465,,,,,615,https://doi.org/10.1016/j.ceramint.2019.01.065,ESV,mp-39288,,1.11193807,Ceramics International,0272-8842,2019
4238,BaLaMgNb0.9995O6Mn0.0005,BaLaMgNb0.9995O6,Mn,4 ,0.0005,,,,298,700,,,,,,360,360,,,5.893761762,783000,700,https://doi.org/10.1039/C8RA06048G,RSC,mp-39288,,0.995983558,RSC Advances,2046-2069,2018
4239,BaLaMgNb0.999O6Mn0.001,BaLaMgNb0.999O6,Mn,4 ,0.001,,,,298,700,,,,,,360,360,,,5.880813592,760000,700,https://doi.org/10.1039/C8RA06048G,RSC,mp-39288,,1.029493851,RSC Advances,2046-2069,2018
4240,BaLaMgNb0.998O6Mn0.002,BaLaMgNb0.998O6,Mn,4 ,0.002,,,,298,700,,,,,,360,360,,,5.876794976,753000,700,https://doi.org/10.1039/C8RA06048G,RSC,mp-39288,,1.063437706,RSC Advances,2046-2069,2018
4241,BaLaMgNb0.996O6Mn0.004,BaLaMgNb0.996O6,Mn,4 ,0.004,,,,298,700,0.7222,0.2777,52,,355,360,360,500,,5.865103975,733000,700,https://doi.org/10.1039/C8RA06048G,RSC,mp-39288,,1.008724089,RSC Advances,2046-2069,2018
4242,BaLaMgNb0.992O6Mn0.008,BaLaMgNb0.992O6,Mn,4 ,0.008,,,,298,700,,,,,,360,360,,,5.830588669,677000,700,https://doi.org/10.1039/C8RA06048G,RSC,mp-39288,,0.983285119,RSC Advances,2046-2069,2018
4243,BaLaMgNb0.99O6Mn0.01,BaLaMgNb0.99O6,Mn,4 ,0.01,,,,298,700,,,,,,360,360,,,5.814247596,652000,700,https://doi.org/10.1039/C8RA06048G,RSC,mp-39288,,1.204998286,RSC Advances,2046-2069,2018
4244,SrMg2La2W1.998O12Mn0.001,SrMg2La2W1.998O12,Mn,4 ,0.001,,,,298,708,,,,,,344,344,,,6.25358029,1793000,708,https://doi.org/10.1039/C8RA06134C,RSC,,,1.002828434,RSC Advances,2046-2069,2018
4245,SrMg2La2W1.996O12Mn0.002,SrMg2La2W1.996O12,Mn,4 ,0.002,,,,298,708,0.7322,0.2678,88,,435,344,344,478,,6.245018871,1758000,708,https://doi.org/10.1039/C8RA06134C,RSC,,,1.025985935,RSC Advances,2046-2069,2018
4246,SrMg2La2W1.992O12Mn0.004,SrMg2La2W1.992O12,Mn,4 ,0.004,,,,298,708,,,,,,344,344,,,6.23146959,1704000,708,https://doi.org/10.1039/C8RA06134C,RSC,,,1.006630027,RSC Advances,2046-2069,2018
4247,SrMg2La2W1.988O12Mn0.006,SrMg2La2W1.988O12,Mn,4 ,0.006,,,,298,708,,,,,,344,344,,,6.221414238,1665000,708,https://doi.org/10.1039/C8RA06134C,RSC,,,1.027506284,RSC Advances,2046-2069,2018
4248,SrMg2La2W1.984O12Mn0.008,SrMg2La2W1.984O12,Mn,4 ,0.008,,,,298,708,,,,,,344,344,,,6.196728723,1573000,708,https://doi.org/10.1039/C8RA06134C,RSC,,,1.066729726,RSC Advances,2046-2069,2018
4249,SrMg2La2W1.98O12Mn0.01,SrMg2La2W1.98O12,Mn,4 ,0.01,,,,298,708,,,,,,344,344,,,6.169674434,1478000,708,https://doi.org/10.1039/C8RA06134C,RSC,,,1.024639989,RSC Advances,2046-2069,2018
4250,LiLaMgW0.999O6Mn0.001,LiLaMgW0.999O6,Mn,4 ,0.001,,,,298,713,0.723,0.2769,,,,344,344,,,6.253095586,1791000,713,https://doi.org/10.1039/C8RA05669B,RSC,,,1.00035447,RSC Advances,2046-2069,2018
4251,LiLaMgW0.998O6Mn0.002,LiLaMgW0.998O6,Mn,4 ,0.002,,,,298,713,0.7239,0.276,,,,344,344,,,6.251151343,1783000,713,https://doi.org/10.1039/C8RA05669B,RSC,,,0.970551689,RSC Advances,2046-2069,2018
4252,LiLaMgW0.996O6Mn0.004,LiLaMgW0.996O6,Mn,4 ,0.004,,,,298,713,0.7251,0.2749,,,,344,344,,,6.246498581,1764000,713,https://doi.org/10.1039/C8RA05669B,RSC,,,1.033946396,RSC Advances,2046-2069,2018
4253,LiLaMgW0.993O6Mn0.007,LiLaMgW0.993O6,Mn,4 ,0.007,,,,298,713,0.7253,0.2746,69.1,,420,344,344,478,,6.237292338,1727000,713,https://doi.org/10.1039/C8RA05669B,RSC,,,1.06362001,RSC Advances,2046-2069,2018
4254,LiLaMgW0.99O6Mn0.01,LiLaMgW0.99O6,Mn,4 ,0.01,,,,298,713,0.7249,0.2751,,,,344,344,,,6.227886705,1690000,713,https://doi.org/10.1039/C8RA05669B,RSC,,,1.005014318,RSC Advances,2046-2069,2018
4255,LiLaMgW0.985O6Mn0.015,LiLaMgW0.985O6,Mn,4 ,0.015,,,,298,713,0.724,0.276,,,,344,344,,,6.211654401,1628000,713,https://doi.org/10.1039/C8RA05669B,RSC,,,1.036865399,RSC Advances,2046-2069,2018
4256,LiLaMgW0.98O6Mn0.02,LiLaMgW0.98O6,Mn,4 ,0.02,,,,298,713,0.7222,0.2778,,,,344,344,,,6.19838213,1579000,713,https://doi.org/10.1039/C8RA05669B,RSC,,,1.027844974,RSC Advances,2046-2069,2018
4257,Ba2Lu4.88La0.02B5O17Eu0.1,Ba2Lu4.88La0.02B5O17,Eu,3 ,0.1,,,,298,616,,,,,,396,396,,,6.122215878,1325000,616,https://doi.org/10.1039/C8RA06457A,RSC,,,1.079528677,RSC Advances,2046-2069,2018
4258,Ba2Lu4.68La0.02B5O17Eu0.3,Ba2Lu4.68La0.02B5O17,Eu,3 ,0.3,,,,298,616,,,,,,396,396,,,6.137354111,1372000,616,https://doi.org/10.1039/C8RA06457A,RSC,,,1.06699354,RSC Advances,2046-2069,2018
4259,Ba2Lu4.48La0.02B5O17Eu0.5,Ba2Lu4.48La0.02B5O17,Eu,3 ,0.5,,,,298,616,0.643,0.356,27.1,,385,396,396,,,6.148910993,1409000,616,https://doi.org/10.1039/C8RA06457A,RSC,,,0.99273836,RSC Advances,2046-2069,2018
4260,Ba2Lu4.38La0.02B5O17Eu0.6,Ba2Lu4.38La0.02B5O17,Eu,3 ,0.6,,,,298,616,,,,,,396,396,,,6.162862993,1455000,616,https://doi.org/10.1039/C8RA06457A,RSC,,,0.970482035,RSC Advances,2046-2069,2018
4261,Ba2Lu4.28La0.02B5O17Eu0.7,Ba2Lu4.28La0.02B5O17,Eu,3 ,0.7,,,,298,616,,,,,,396,396,,,6.182984967,1524000,616,https://doi.org/10.1039/C8RA06457A,RSC,,,1.115637296,RSC Advances,2046-2069,2018
4262,Ba2Lu4.08La0.02B5O17Eu0.9,Ba2Lu4.08La0.02B5O17,Eu,3 ,0.9,,,,298,616,,,,,,396,396,,,6.218797998,1655000,616,https://doi.org/10.1039/C8RA06457A,RSC,,,1.055460541,RSC Advances,2046-2069,2018
4263,Ba2Lu3.98La0.02B5O17Eu1,Ba2Lu3.98La0.02B5O17,Eu,3 ,1,,,,298,616,,,,,,396,396,,,6.238798563,1733000,616,https://doi.org/10.1039/C8RA06457A,RSC,,,1.075830672,RSC Advances,2046-2069,2018
4264,Ba2Y1.86P2O12SiCe0.14,Ba2Y1.86P2O12Si,Ce,3 ,0.14,,,,298,409,0.157,0.08,69.7,,,365,,,,1.678518379,47.7,409,https://doi.org/10.1021/acs.inorgchem.6b01040,ACS,,,0.98068641,Inorganic Chemistry,0020-1669,2016
4265,Ba2Y1.84P2O12SiCe0.14Tb0.02,Ba2Y1.84P2O12Si,Ce,3 ,0.14,Tb,3 ,0.02,298,409,0.164,0.107,83.2,,,365,,,,,,,https://doi.org/10.1021/acs.inorgchem.6b01040,ACS,,,1.079022992,Inorganic Chemistry,0020-1669,2016
4266,Ba2Y1.8P2O12SiCe0.14Tb0.06,Ba2Y1.8P2O12Si,Ce,3 ,0.14,Tb,3 ,0.06,298,409,0.175,0.154,84.3,,,365,,,,1.626340367,42.3,409,https://doi.org/10.1021/acs.inorgchem.6b01040,ACS,,,0.989895105,Inorganic Chemistry,0020-1669,2016
4267,Ba2Y1.76P2O12SiCe0.14Tb0.1,Ba2Y1.76P2O12Si,Ce,3 ,0.14,Tb,3 ,0.1,298,549,0.186,0.204,75.3,,,365,,,,1.57863921,37.9,409,https://doi.org/10.1021/acs.inorgchem.6b01040,ACS,,,0.983448937,Inorganic Chemistry,0020-1669,2016
4268,Ba2Y1.72P2O12SiCe0.14Tb0.14,Ba2Y1.72P2O12Si,Ce,3 ,0.14,Tb,3 ,0.14,298,549,0.192,0.223,89.2,,,365,,,,,,,https://doi.org/10.1021/acs.inorgchem.6b01040,ACS,,,1.030324765,Inorganic Chemistry,0020-1669,2016
4269,Ba2Y1.68P2O12SiCe0.14Tb0.18,Ba2Y1.68P2O12Si,Ce,3 ,0.14,Tb,3 ,0.18,298,549,0.201,0.262,85,,,365,,,,,,,https://doi.org/10.1021/acs.inorgchem.6b01040,ACS,,,1.031854858,Inorganic Chemistry,0020-1669,2016
4270,Ba2Y1.62P2O12SiCe0.14Tb0.24,Ba2Y1.62P2O12Si,Ce,3 ,0.14,Tb,3 ,0.24,298,549,0.207,0.285,75.3,,,365,,,,,,,https://doi.org/10.1021/acs.inorgchem.6b01040,ACS,,,1.033891982,Inorganic Chemistry,0020-1669,2016
4271,Ba2Y1.56P2O12SiCe0.14Tb0.3,Ba2Y1.56P2O12Si,Ce,3 ,0.14,Tb,3 ,0.3,298,549,0.225,0.357,58.9,,570,365,,,,1.46686762,29.3,409,https://doi.org/10.1021/acs.inorgchem.6b01040,ACS,,,0.994006229,Inorganic Chemistry,0020-1669,2016
4272,Ba2Y1.44P2O12SiCe0.14Tb0.42,Ba2Y1.44P2O12Si,Ce,3 ,0.14,Tb,3 ,0.42,298,549,0.227,0.367,59.8,,,365,,,,,,,https://doi.org/10.1021/acs.inorgchem.6b01040,ACS,,,1.049517484,Inorganic Chemistry,0020-1669,2016
4273,Ba2Y1.7P2O12SiTb0.3,Ba2Y1.7P2O12Si,Tb,3 ,0.3,,,,298,550,0.272,0.527,57.3,,,377,,,,6.046495164,1113000,550,https://doi.org/10.1021/acs.inorgchem.6b01040,ACS,,,0.983313341,Inorganic Chemistry,0020-1669,2016
4274,Ba2Y1.68P2O12SiTb0.3Eu0.02,Ba2Y1.68P2O12Si,Tb,3 ,0.3,Eu,3 ,0.02,298,550,0.356,0.476,77.5,,,377,,,,5.990338855,978000,550,https://doi.org/10.1021/acs.inorgchem.6b01040,ACS,,,0.953566592,Inorganic Chemistry,0020-1669,2016
4275,Ba2Y1.66P2O12SiTb0.3Eu0.04,Ba2Y1.66P2O12Si,Tb,3 ,0.3,Eu,3 ,0.04,298,550,0.387,0.456,65.3,,,377,,,,,,,https://doi.org/10.1021/acs.inorgchem.6b01040,ACS,,,1.045447062,Inorganic Chemistry,0020-1669,2016
4276,Ba2Y1.62P2O12SiTb0.3Eu0.08,Ba2Y1.62P2O12Si,Tb,3 ,0.3,Eu,3 ,0.08,298,550,0.434,0.419,60.2,,560,377,,,,5.950364854,892000,550,https://doi.org/10.1021/acs.inorgchem.6b01040,ACS,,,1.008387494,Inorganic Chemistry,0020-1669,2016
4277,Ba2Y1.58P2O12SiTb0.3Eu0.12,Ba2Y1.58P2O12Si,Tb,3 ,0.3,Eu,3 ,0.12,298,616,0.472,0.393,61,,,377,,,,,,,https://doi.org/10.1021/acs.inorgchem.6b01040,ACS,,,1.090372793,Inorganic Chemistry,0020-1669,2016
4278,Ba2Y1.54P2O12SiTb0.3Eu0.16,Ba2Y1.54P2O12Si,Tb,3 ,0.3,Eu,3 ,0.16,298,616,0.5,0.382,64.5,,,377,,,,,,,https://doi.org/10.1021/acs.inorgchem.6b01040,ACS,,,1.099047288,Inorganic Chemistry,0020-1669,2016
4279,Ba2Y1.46P2O12SiTb0.3Eu0.24,Ba2Y1.46P2O12Si,Tb,3 ,0.3,Eu,3 ,0.24,298,616,0.532,0.362,60.3,,,377,,,,5.813580989,651000,550,https://doi.org/10.1021/acs.inorgchem.6b01040,ACS,,,1.212380958,Inorganic Chemistry,0020-1669,2016
4280,Ba2Y1.4P2O12SiTb0.3Eu0.3,Ba2Y1.4P2O12Si,Tb,3 ,0.3,Eu,3 ,0.3,298,616,0.545,0.357,58,,,377,,,,,,,https://doi.org/10.1021/acs.inorgchem.6b01040,ACS,,,1.131463078,Inorganic Chemistry,0020-1669,2016
4281,Ba2ScO3FEu0.06,Ba2ScO3F,Eu,3,0.06,,,,,,,,,,433,,,,,,,,https://doi.org/10.1021/acsami.9b16065,ACS,,,1.073654347,ACS Applied Materials & Interfaces,1944-8244,2019
4282,Ba3GdP3O12Eu0.75,Ba3GdP3O12,Eu,3,0.75,,,,,,,,,,600,,,,,,,,https://doi.org/10.1021/acsami.9b16065,ACS,,,1.288045966,ACS Applied Materials & Interfaces,1944-8244,2019
4283,Ba3TbB3O9Eu0.02,Ba3TbB3O9,Eu,3,0.02,,,,,,,,,,503,,,,,,,,https://doi.org/10.1021/acsami.9b16065,ACS,,,1.122201049,ACS Applied Materials & Interfaces,1944-8244,2019
4284,Ba4La6Si6O25Eu0.06,Ba4La6Si6O25,Eu,3,0.06,,,,,,,,,,420,,,,,,,,https://doi.org/10.1021/acsami.9b16065,ACS,,,1.531097159,ACS Applied Materials & Interfaces,1944-8244,2019
4285,BaB8O13Eu0.05,BaB8O13,Eu,3,0.05,,,,,,,,,,650,,,,,,,,https://doi.org/10.1021/acsami.9b16065,ACS,,,1.252261725,ACS Applied Materials & Interfaces,1944-8244,2019
4286,BaCa2MgSi2O8Eu0.12,BaCa2MgSi2O8,Eu,3,0.12,,,,,,,,,,450,,,,,,,,https://doi.org/10.1021/acsami.9b16065,ACS,,,1.747792798,ACS Applied Materials & Interfaces,1944-8244,2019
4287,BaGd2Mo4O16Eu0.35,BaGd2Mo4O16,Eu,3,0.35,,,,,,,,,,600,,,,,,,,https://doi.org/10.1021/acsami.9b16065,ACS,,,1.008036427,ACS Applied Materials & Interfaces,1944-8244,2019
4288,BaLa2Mo4O16Eu0.5,BaLa2Mo4O16,Eu,3,0.5,,,,,,,,,,430,,,,,,,,https://doi.org/10.1021/acsami.9b16065,ACS,,,0.987057762,ACS Applied Materials & Interfaces,1944-8244,2019
4289,BaLaMgNbO6Eu0.3,BaLaMgNbO6,Eu,3,0.3,,,,,,,,,,413,,,,,,,,https://doi.org/10.1021/acsami.9b16065,ACS,,,1.130318915,ACS Applied Materials & Interfaces,1944-8244,2019
4290,BaY2Mo4O16Eu0.5,BaY2Mo4O16,Eu,3,0.5,,,,,,,,,,440,,,,,,,,https://doi.org/10.1021/acsami.9b16065,ACS,,,0.992235075,ACS Applied Materials & Interfaces,1944-8244,2019
4291,Bi2SrTa2O9Eu0.12,Bi2SrTa2O9,Eu,3,0.12,,,,,,,,,,423,,,,,,,,https://doi.org/10.1021/acsami.9b16065,ACS,,,1.246065635,ACS Applied Materials & Interfaces,1944-8244,2019
4292,Bi4Ge3O12Eu0.09,Bi4Ge3O12,Eu,3,0.09,,,,,,,,,,498,,,,,,,,https://doi.org/10.1021/acsami.9b16065,ACS,,,1.234128796,ACS Applied Materials & Interfaces,1944-8244,2019
4293,Bi4Si3O12Eu0.02,Bi4Si3O12,Eu,3,0.02,,,,,,,,,,400,,,,,,,,https://doi.org/10.1021/acsami.9b16065,ACS,,,1.245862126,ACS Applied Materials & Interfaces,1944-8244,2019
4294,BiBa2V3O11Eu0.08,BiBa2V3O11,Eu,3,0.08,,,,,,,,,,413,,,,,,,,https://doi.org/10.1021/acsami.9b16065,ACS,,,1.376701643,ACS Applied Materials & Interfaces,1944-8244,2019
4295,Ca0.8Zn0.2TiO3Eu0.075,Ca0.8Zn0.2TiO3,Eu,3,0.075,,,,,,,,,,473,,,,,,,,https://doi.org/10.1021/acsami.9b16065,ACS,,,1.011280218,ACS Applied Materials & Interfaces,1944-8244,2019
4296,Ca12Al14O32Cl2Eu0.0217,Ca12Al14O32Cl2,Eu,3,0.0217,,,,,,,,,,490,,,,,,,,https://doi.org/10.1021/acsami.9b16065,ACS,,,2.047702392,ACS Applied Materials & Interfaces,1944-8244,2019
4297,Ca2P2O7Eu0.04,Ca2P2O7,Eu,3,0.04,,,,,,,,,,570,,,,,,,,https://doi.org/10.1021/acsami.9b16065,ACS,,,1.072241766,ACS Applied Materials & Interfaces,1944-8244,2019
4298,Ca2P2O7Eu0.01,Ca2P2O7,Eu,3,0.01,,,,,,,,,,540,,,,,,,,https://doi.org/10.1021/acsami.9b16065,ACS,,,1.055099007,ACS Applied Materials & Interfaces,1944-8244,2019
4299,Ca2SiO4Eu0.03,Ca2SiO4,Eu,3,0.03,,,,,,,,,,575,,,,,,,,https://doi.org/10.1021/acsami.9b16065,ACS,,,1.254207807,ACS Applied Materials & Interfaces,1944-8244,2019
4300,Ca3B2N4Eu0.02,Ca3B2N4,Eu,3,0.02,,,,,,,,,,330,,,,,,,,https://doi.org/10.1021/acsami.9b16065,ACS,,,1.331188076,ACS Applied Materials & Interfaces,1944-8244,2019
4301,Ca3Gd7Si5PO26Eu0.15,Ca3Gd7Si5PO26,Eu,3,0.15,,,,,,,,,,473,,,,,,,,https://doi.org/10.1021/acsami.9b16065,ACS,,,4.154764633,ACS Applied Materials & Interfaces,1944-8244,2019
4302,Ca3LuAl3B4O15Eu0.3,Ca3LuAl3B4O15,Eu,3,0.3,,,,,,,,,,475,,,,,,,,https://doi.org/10.1021/acsami.9b16065,ACS,,,1.111530329,ACS Applied Materials & Interfaces,1944-8244,2019
4303,Ca3Sr3V4O16Eu0.2667,Ca3Sr3V4O16,Eu,3,0.2667,,,,,,,,,,473,,,,,,,,https://doi.org/10.1021/acsami.9b16065,ACS,,,1.318616529,ACS Applied Materials & Interfaces,1944-8244,2019
4304,Ca4LaV3O13Eu0.2,Ca4LaV3O13,Eu,3,0.2,,,,,,,,,,423,,,,,,,,https://doi.org/10.1021/acsami.9b16065,ACS,,,1.014779387,ACS Applied Materials & Interfaces,1944-8244,2019
4305,Ca9AlP7O28Eu0.01,Ca9AlP7O28,Eu,3,0.01,,,,,,,,,,440,,,,,,,,https://doi.org/10.1021/acsami.9b16065,ACS,,,1.325064203,ACS Applied Materials & Interfaces,1944-8244,2019
4306,Ca9LaP7O28Eu0.6,Ca9LaP7O28,Eu,3,0.6,,,,,,,,,,470,,,,,,,,https://doi.org/10.1021/acsami.9b16065,ACS,,,1.661210859,ACS Applied Materials & Interfaces,1944-8244,2019
4307,Ca9LaV7O28Eu1,Ca9LaV7O28,Eu,3,1,,,,,,,,,,540,,,,,,,,https://doi.org/10.1021/acsami.9b16065,ACS,,,2.441926118,ACS Applied Materials & Interfaces,1944-8244,2019
4308,Ca9LaV7O28Eu0.45,Ca9LaV7O28,Eu,3,0.45,,,,,,,,,,540,,,,,,,,https://doi.org/10.1021/acsami.9b16065,ACS,,,1.872774333,ACS Applied Materials & Interfaces,1944-8244,2019
4309,Ca9LaV7O28Eu0.85,Ca9LaV7O28,Eu,3,0.85,,,,,,,,,,540,,,,,,,,https://doi.org/10.1021/acsami.9b16065,ACS,,,2.282475525,ACS Applied Materials & Interfaces,1944-8244,2019
4310,Ca9LaV7O28Eu0.25,Ca9LaV7O28,Eu,3,0.25,,,,,,,,,,540,,,,,,,,https://doi.org/10.1021/acsami.9b16065,ACS,,,1.764582832,ACS Applied Materials & Interfaces,1944-8244,2019
4311,Ca9LaV7O28Eu0.75,Ca9LaV7O28,Eu,3,0.75,,,,,,,,,,540,,,,,,,,https://doi.org/10.1021/acsami.9b16065,ACS,,,2.198356556,ACS Applied Materials & Interfaces,1944-8244,2019
4312,CaAl2Si2O8Eu0.05,CaAl2Si2O8,Eu,3,0.05,,,,,,,,,,465,,,,,,,,https://doi.org/10.1021/acsami.9b16065,ACS,,,1.009411063,ACS Applied Materials & Interfaces,1944-8244,2019
4313,LaBO3Eu0.03,LaBO3,Eu,3,0.03,,,,,,,,,,750,,,,,,,,https://doi.org/10.1021/acsami.9b16065,ACS,,,1.473328312,ACS Applied Materials & Interfaces,1944-8244,2019
4314,LaNa2Mg2V3O12Eu0.7,LaNa2Mg2V3O12,Eu,3,0.7,,,,,,,,,,450,,,,,,,,https://doi.org/10.1021/acsami.9b16065,ACS,,,1.240572948,ACS Applied Materials & Interfaces,1944-8244,2019
4315,LaNa2Mg2V3O12Eu1,LaNa2Mg2V3O12,Eu,3,1,,,,,,,,,,420,,,,,,,,https://doi.org/10.1021/acsami.9b16065,ACS,,,1.439546969,ACS Applied Materials & Interfaces,1944-8244,2019
4316,LaOClEu0.05,LaOCl,Eu,3,0.05,,,,,,,,,,540,,,,,,,,https://doi.org/10.1021/acsami.9b16065,ACS,,,1.828513445,ACS Applied Materials & Interfaces,1944-8244,2019
4317,LaYO3Eu0.02,LaYO3,Eu,3,0.02,,,,,,,,,,560,,,,,,,,https://doi.org/10.1021/acsami.9b16065,ACS,,,1.00295306,ACS Applied Materials & Interfaces,1944-8244,2019
4318,Li2Mg2W3O12Eu0.06,Li2Mg2W3O12,Eu,3,0.06,,,,,,,,,,525,,,,,,,,https://doi.org/10.1021/acsami.9b16065,ACS,,,1.189864754,ACS Applied Materials & Interfaces,1944-8244,2019
4319,Li2SiN2Eu0.01,Li2SiN2,Eu,3,0.01,,,,,,,,,,335,,,,,,,,https://doi.org/10.1021/acsami.9b16065,ACS,,,1.452526644,ACS Applied Materials & Interfaces,1944-8244,2019
4320,Li3Ba2Gd3Mo8O32Eu0.8,Li3Ba2Gd3Mo8O32,Eu,3,0.8,,,,,,,,,,493,,,,,,,,https://doi.org/10.1021/acsami.9b16065,ACS,,,1.334253374,ACS Applied Materials & Interfaces,1944-8244,2019
4321,Li3Ba2La3Mo8O32Eu0.2,Li3Ba2La3Mo8O32,Eu,3,0.2,,,,,,,,,,520,,,,,,,,https://doi.org/10.1021/acsami.9b16065,ACS,,,1.311623557,ACS Applied Materials & Interfaces,1944-8244,2019
4322,Li3Ba2Y3W8O32Eu0.5,Li3Ba2Y3W8O32,Eu,3,0.5,,,,,,,,,,575,,,,,,,,https://doi.org/10.1021/acsami.9b16065,ACS,,,1.132624652,ACS Applied Materials & Interfaces,1944-8244,2019
4323,Li3Gd3Te2O12Eu0.15,Li3Gd3Te2O12,Eu,3,0.15,,,,,,,,,,555,,,,,,,,https://doi.org/10.1021/acsami.9b16065,ACS,,,1.039442961,ACS Applied Materials & Interfaces,1944-8244,2019
4324,LiGdW2O8Eu0.8,LiGdW2O8,Eu,3,0.8,,,,,,,,,,490,,,,,,,,https://doi.org/10.1021/acsami.9b16065,ACS,,,1.085799842,ACS Applied Materials & Interfaces,1944-8244,2019
4325,Lu2MoO6Eu0.005,Lu2MoO6,Eu,3,0.005,,,,,,,,,,353,,,,,,,,https://doi.org/10.1021/acsami.9b16065,ACS,,,1.134680741,ACS Applied Materials & Interfaces,1944-8244,2019
4326,Lu2O3Eu0.05,Lu2O3,Eu,3,0.05,,,,,,,,,,575,,,,,,,,https://doi.org/10.1021/acsami.9b16065,ACS,,,1.500358732,ACS Applied Materials & Interfaces,1944-8244,2019
4327,Lu2WO6Eu0.15,Lu2WO6,Eu,3,0.15,,,,,,,,,,475,,,,,,,,https://doi.org/10.1021/acsami.9b16065,ACS,,,1.118243888,ACS Applied Materials & Interfaces,1944-8244,2019
4328,Mg0.1Zn0.9MoO4Eu0.0555,Mg0.1Zn0.9MoO4,Eu,3,0.0555,,,,,,,,,,387,,,,,,,,https://doi.org/10.1021/acsami.9b16065,ACS,,,0.998182335,ACS Applied Materials & Interfaces,1944-8244,2019
4329,Mg2Al4Si5O18Eu0.035,Mg2Al4Si5O18,Eu,3,0.035,,,,,,,,,,473,,,,,,,,https://doi.org/10.1021/acsami.9b16065,ACS,,,1.285167237,ACS Applied Materials & Interfaces,1944-8244,2019
4330,Mg2Y8Si6O26Eu0.01,Mg2Y8Si6O26,Eu,3,0.01,,,,,,,,,,473,,,,,,,,https://doi.org/10.1021/acsami.9b16065,ACS,,,2.803880257,ACS Applied Materials & Interfaces,1944-8244,2019
4331,MgY4Si3O13Eu0.05,MgY4Si3O13,Eu,3,0.05,,,,,,,,,,403,,,,,,,,https://doi.org/10.1021/acsami.9b16065,ACS,,,1.046866662,ACS Applied Materials & Interfaces,1944-8244,2019
4332,Na2GdPMoO8Eu0.5,Na2GdPMoO8,Eu,3,0.5,,,,,,,,,,460,,,,,,,,https://doi.org/10.1021/acsami.9b16065,ACS,,,1.582592404,ACS Applied Materials & Interfaces,1944-8244,2019
4333,Na2La2Ti3O10Eu0.5,Na2La2Ti3O10,Eu,3,0.5,,,,,,,,,,423,,,,,,,,https://doi.org/10.1021/acsami.9b16065,ACS,,,1.450600587,ACS Applied Materials & Interfaces,1944-8244,2019
4334,Na2MgSiO4Eu0.05,Na2MgSiO4,Eu,3,0.05,,,,,,,,,,360,,,,,,,,https://doi.org/10.1021/acsami.9b16065,ACS,,,1.084252613,ACS Applied Materials & Interfaces,1944-8244,2019
4335,Na3Sc2P3O12Eu0.35,Na3Sc2P3O12,Eu,3,0.35,,,,,,,,,,546,,,,,,,,https://doi.org/10.1021/acsami.9b16065,ACS,,,1.14294556,ACS Applied Materials & Interfaces,1944-8244,2019
4336,Na4Ca4Si6O18Eu0.025,Na4Ca4Si6O18,Eu,3,0.025,,,,,,,,,,663,,,,,,,,https://doi.org/10.1021/acsami.9b16065,ACS,,,1.240296556,ACS Applied Materials & Interfaces,1944-8244,2019
4337,NaBaYB2O6Eu0.7,NaBaYB2O6,Eu,3,0.7,,,,,,,,,,473,,,,,,,,https://doi.org/10.1021/acsami.9b16065,ACS,,,1.169929032,ACS Applied Materials & Interfaces,1944-8244,2019
4338,NaBiF4Eu0.4,NaBiF4,Eu,3,0.4,,,,,,,,,,470,,,,,,,,https://doi.org/10.1021/acsami.9b16065,ACS,,,1.09763507,ACS Applied Materials & Interfaces,1944-8244,2019
4339,NaCaGaSi2O7Eu0.1,NaCaGaSi2O7,Eu,3,0.1,,,,,,,,,,550,,,,,,,,https://doi.org/10.1021/acsami.9b16065,ACS,,,0.990811732,ACS Applied Materials & Interfaces,1944-8244,2019
4340,NaLa9Ge6O26Eu0.07,NaLa9Ge6O26,Eu,3,0.07,,,,,,,,,,375,,,,,,,,https://doi.org/10.1021/acsami.9b16065,ACS,,,3.908865831,ACS Applied Materials & Interfaces,1944-8244,2019
4341,NaLaMo2O8Eu0.05,NaLaMo2O8,Eu,3,0.05,,,,,,,,,,481,,,,,,,,https://doi.org/10.1021/acsami.9b16065,ACS,,,1.034672333,ACS Applied Materials & Interfaces,1944-8244,2019
4342,NaLaW2O8Eu0.05,NaLaW2O8,Eu,3,0.05,,,,,,,,,,428,,,,,,,,https://doi.org/10.1021/acsami.9b16065,ACS,,,1.007195328,ACS Applied Materials & Interfaces,1944-8244,2019
4343,NaYW2O8Eu0.15,NaYW2O8,Eu,3,0.15,,,,,,,,,,420,,,,,,,,https://doi.org/10.1021/acsami.9b16065,ACS,,,1.003815047,ACS Applied Materials & Interfaces,1944-8244,2019
4344,NaYW2O8Eu0.01,NaYW2O8,Eu,3,0.01,,,,,,,,,,450,,,,,,,,https://doi.org/10.1021/acsami.9b16065,ACS,,,1.003471972,ACS Applied Materials & Interfaces,1944-8244,2019
4345,RbZnPO4Eu0.05,RbZnPO4,Eu,3,0.05,,,,,,,,,,380,,,,,,,,https://doi.org/10.1021/acsami.9b16065,ACS,,,1.132312773,ACS Applied Materials & Interfaces,1944-8244,2019
4346,CaLa4Si3O13Eu0.0625,CaLa4Si3O13,Eu,3,0.0625,,,,,,,,,,514,,,,,,,,https://doi.org/10.1021/acsami.9b16065,ACS,,,1.209095154,ACS Applied Materials & Interfaces,1944-8244,2019
4347,CaLaB7O13Eu0.35,CaLaB7O13,Eu,3,0.35,,,,,,,,,,640,,,,,,,,https://doi.org/10.1021/acsami.9b16065,ACS,,,1.107744396,ACS Applied Materials & Interfaces,1944-8244,2019
4348,CaTiO3Eu0.12,CaTiO3,Eu,3,0.12,,,,,,,,,,473,,,,,,,,https://doi.org/10.1021/acsami.9b16065,ACS,,,0.999351958,ACS Applied Materials & Interfaces,1944-8244,2019
4349,CaY2Mo4O16Eu1,CaY2Mo4O16,Eu,3,1,,,,,,,,,,510,,,,,,,,https://doi.org/10.1021/acsami.9b16065,ACS,,,1.106323532,ACS Applied Materials & Interfaces,1944-8244,2019
4350,Gd2MoO6Eu0.2,Gd2MoO6,Eu,3,0.2,,,,,,,,,,438,,,,,,,,https://doi.org/10.1021/acsami.9b16065,ACS,,,1.075248062,ACS Applied Materials & Interfaces,1944-8244,2019
4351,Gd2O3Eu0.03,Gd2O3,Eu,3,0.03,,,,,,,,,,650,,,,,,,,https://doi.org/10.1021/acsami.9b16065,ACS,,,1.386214904,ACS Applied Materials & Interfaces,1944-8244,2019
4352,GdAlO3Eu0.04,GdAlO3,Eu,3,0.04,,,,,,,,,,470,,,,,,,,https://doi.org/10.1021/acsami.9b16065,ACS,,,0.98786619,ACS Applied Materials & Interfaces,1944-8244,2019
4353,GdAlO3Eu0.02,GdAlO3,Eu,3,0.02,,,,,,,,,,600,,,,,,,,https://doi.org/10.1021/acsami.9b16065,ACS,,,1.055799377,ACS Applied Materials & Interfaces,1944-8244,2019
4354,GdBiW2O9Eu0.4,GdBiW2O9,Eu,3,0.4,,,,,,,,,,453,,,,,,,,https://doi.org/10.1021/acsami.9b16065,ACS,,,1.208683309,ACS Applied Materials & Interfaces,1944-8244,2019
4355,K2BaW2O8Eu0.18,K2BaW2O8,Eu,3,0.18,,,,,,,,,,470,,,,,,,,https://doi.org/10.1021/acsami.9b16065,ACS,,,1.249966073,ACS Applied Materials & Interfaces,1944-8244,2019
4356,K2BiPMoO8Eu0.5,K2BiPMoO8,Eu,3,0.5,,,,,,,,,,525,,,,,,,,https://doi.org/10.1021/acsami.9b16065,ACS,,,1.9075506,ACS Applied Materials & Interfaces,1944-8244,2019
4357,K2BiPMoO8Eu0.01,K2BiPMoO8,Eu,3,0.01,,,,,,,,,,500,,,,,,,,https://doi.org/10.1021/acsami.9b16065,ACS,,,1.760647841,ACS Applied Materials & Interfaces,1944-8244,2019
4358,K4CaSi3O9Eu0.3,K4CaSi3O9,Eu,3,0.3,,,,,,,,,,520,,,,,,,,https://doi.org/10.1021/acsami.9b16065,ACS,,,1.06916108,ACS Applied Materials & Interfaces,1944-8244,2019
4359,KCaYP2O8Eu0.07,KCaYP2O8,Eu,3,0.07,,,,,,,,,,495,,,,,,,,https://doi.org/10.1021/acsami.9b16065,ACS,,,1.037712719,ACS Applied Materials & Interfaces,1944-8244,2019
4360,KGdTiO4Eu0.3,KGdTiO4,Eu,3,0.3,,,,,,,,,,550,,,,,,,,https://doi.org/10.1021/acsami.9b16065,ACS,,,1.00916116,ACS Applied Materials & Interfaces,1944-8244,2019
4361,KYP2O7Eu0.03,KYP2O7,Eu,3,0.03,,,,,,,,,,673,,,,,,,,https://doi.org/10.1021/acsami.9b16065,ACS,,,1.257844102,ACS Applied Materials & Interfaces,1944-8244,2019
4362,KYW2O8Eu0.2,KYW2O8,Eu,3,0.2,,,,,,,,,,633,,,,,,,,https://doi.org/10.1021/acsami.9b16065,ACS,,,1.019651433,ACS Applied Materials & Interfaces,1944-8244,2019
4363,La2CaB10O19Eu0.01,La2CaB10O19,Eu,3,0.01,,,,,,,,,,550,,,,,,,,https://doi.org/10.1021/acsami.9b16065,ACS,,,1.229629762,ACS Applied Materials & Interfaces,1944-8244,2019
4364,La2Zr3Mo9O36Eu0.4,La2Zr3Mo9O36,Eu,3,0.4,,,,,,,,,,560,,,,,,,,https://doi.org/10.1021/acsami.9b16065,ACS,,,1.251890342,ACS Applied Materials & Interfaces,1944-8244,2019
4365,La3GaGe5O16Eu0.0167,La3GaGe5O16,Eu,3,0.0167,,,,,,,,,,550,,,,,,,,https://doi.org/10.1021/acsami.9b16065,ACS,,,1.032238559,ACS Applied Materials & Interfaces,1944-8244,2019
4366,LaAlO3Eu0.02,LaAlO3,Eu,3,0.02,,,,,,,,,,420,,,,,,,,https://doi.org/10.1021/acsami.9b16065,ACS,,,0.966743556,ACS Applied Materials & Interfaces,1944-8244,2019
4367,Sr2LaSbO6Eu0.2,Sr2LaSbO6,Eu,3,0.2,,,,,,,,,,500,,,,,,,,https://doi.org/10.1021/acsami.9b16065,ACS,,,1.046922977,ACS Applied Materials & Interfaces,1944-8244,2019
4368,Sr2Mg3P4O15Eu0.2,Sr2Mg3P4O15,Eu,3,0.2,,,,,,,,,,475,,,,,,,,https://doi.org/10.1021/acsami.9b16065,ACS,,,1.000570382,ACS Applied Materials & Interfaces,1944-8244,2019
4369,Sr2SnO4Eu0.02,Sr2SnO4,Eu,3,0.02,,,,,,,,,,430,,,,,,,,https://doi.org/10.1021/acsami.9b16065,ACS,,,0.995622427,ACS Applied Materials & Interfaces,1944-8244,2019
4370,Sr3B2N4Eu0.02,Sr3B2N4,Eu,3,0.02,,,,,,,,,,358,,,,,,,,https://doi.org/10.1021/acsami.9b16065,ACS,,,1.24088083,ACS Applied Materials & Interfaces,1944-8244,2019
4371,Sr3Sn2O7Eu0.0667,Sr3Sn2O7,Eu,3,0.0667,,,,,,,,,,434,,,,,,,,https://doi.org/10.1021/acsami.9b16065,ACS,,,1.12947122,ACS Applied Materials & Interfaces,1944-8244,2019
4372,Sr3TbB3O9Eu0.02,Sr3TbB3O9,Eu,3,0.02,,,,,,,,,,473,,,,,,,,https://doi.org/10.1021/acsami.9b16065,ACS,,,1.28081162,ACS Applied Materials & Interfaces,1944-8244,2019
4373,Sr3YP3O12Eu0.02,Sr3YP3O12,Eu,3,0.02,,,,,,,,,,550,,,,,,,,https://doi.org/10.1021/acsami.9b16065,ACS,,,1.059375707,ACS Applied Materials & Interfaces,1944-8244,2019
4374,Sr7ZrP6O24Eu0.02,Sr7ZrP6O24,Eu,3,0.02,,,,,,,,,,525,,,,,,,,https://doi.org/10.1021/acsami.9b16065,ACS,,,2.59188346,ACS Applied Materials & Interfaces,1944-8244,2019
4375,SrBi2TeO7Eu0.3,SrBi2TeO7,Eu,3,0.3,,,,,,,,,,403,,,,,,,,https://doi.org/10.1021/acsami.9b16065,ACS,,,1.023035888,ACS Applied Materials & Interfaces,1944-8244,2019
4376,Tb2Mo3O12Eu0.4,Tb2Mo3O12,Eu,3,0.4,,,,,,,,,,625,,,,,,,,https://doi.org/10.1021/acsami.9b16065,ACS,,,1.429147658,ACS Applied Materials & Interfaces,1944-8244,2019
4377,Y10W2O21Eu0.05,Y10W2O21,Eu,3,0.05,,,,,,,,,,403,,,,,,,,https://doi.org/10.1021/acsami.9b16065,ACS,,,5.241802881,ACS Applied Materials & Interfaces,1944-8244,2019
4378,Y2GeO5Eu0.02,Y2GeO5,Eu,3,0.02,,,,,,,,,,630,,,,,,,,https://doi.org/10.1021/acsami.9b16065,ACS,,,1.103491173,ACS Applied Materials & Interfaces,1944-8244,2019
4379,Y2Mo4O15Eu0.75,Y2Mo4O15,Eu,3,0.75,,,,,,,,,,515,,,,,,,,https://doi.org/10.1021/acsami.9b16065,ACS,,,1.241756995,ACS Applied Materials & Interfaces,1944-8244,2019
4380,Y2Mo4O15Eu0.1,Y2Mo4O15,Eu,3,0.1,,,,,,,,,,470,,,,,,,,https://doi.org/10.1021/acsami.9b16065,ACS,,,1.080180828,ACS Applied Materials & Interfaces,1944-8244,2019
4381,Y2Mo4O15Eu0.01,Y2Mo4O15,Eu,3,0.01,,,,,,,,,,440,,,,,,,,https://doi.org/10.1021/acsami.9b16065,ACS,,,1.085961514,ACS Applied Materials & Interfaces,1944-8244,2019
4382,Y2MoO6Eu0.2,Y2MoO6,Eu,3,0.2,,,,,,,,,,380,,,,,,,,https://doi.org/10.1021/acsami.9b16065,ACS,,,1.000479972,ACS Applied Materials & Interfaces,1944-8244,2019
4383,Y2O3Eu0.04,Y2O3,Eu,3,0.04,,,,,,,,,,660,,,,,,,,https://doi.org/10.1021/acsami.9b16065,ACS,,,1.195319257,ACS Applied Materials & Interfaces,1944-8244,2019
4384,Y2O3Eu0.005,Y2O3,Eu,3,0.005,,,,,,,,,,810,,,,,,,,https://doi.org/10.1021/acsami.9b16065,ACS,,,1.414040288,ACS Applied Materials & Interfaces,1944-8244,2019
4385,Y2Ti2O7Eu0.225,Y2Ti2O7,Eu,3,0.225,,,,,,,,,,650,,,,,,,,https://doi.org/10.1021/acsami.9b16065,ACS,,,1.125358399,ACS Applied Materials & Interfaces,1944-8244,2019
4386,Y6WO12Eu0.03,Y6WO12,Eu,3,0.03,,,,,,,,,,375,,,,,,,,https://doi.org/10.1021/acsami.9b16065,ACS,,,1.111833144,ACS Applied Materials & Interfaces,1944-8244,2019
4387,YNbO4Eu0.01,YNbO4,Eu,3,0.01,,,,,,,,,,550,,,,,,,,https://doi.org/10.1021/acsami.9b16065,ACS,,,0.969773965,ACS Applied Materials & Interfaces,1944-8244,2019
4388,NaIn0.99P2O7Cr0.01,NaIn0.99P2O7,Cr,3,0.01,,,,298,870,,,,,,460,,,,4.685920792,48520,870,https://doi.org/10.1016/j.jlumin.2022.118909,ESV,,,1.033485006,Journal of Luminescence,0022-2313,2022
4389,NaIn0.98P2O7Cr0.02,NaIn0.98P2O7,Cr,3,0.02,,,,298,870,,,,,,460,,,,4.666143427,46360,870,https://doi.org/10.1016/j.jlumin.2022.118909,ESV,,,1.022055401,Journal of Luminescence,0022-2313,2022
4390,NaIn0.96P2O7Cr0.04,NaIn0.96P2O7,Cr,3,0.04,,,,298,870,,,,,362,460,710,480,,4.619510721,41640,870,https://doi.org/10.1016/j.jlumin.2022.118909,ESV,,,1.03425002,Journal of Luminescence,0022-2313,2022
4391,NaIn0.94P2O7Cr0.06,NaIn0.94P2O7,Cr,3,0.06,,,,298,870,,,,,,460,,,,4.58591171,38540,870,https://doi.org/10.1016/j.jlumin.2022.118909,ESV,,,1.0204558,Journal of Luminescence,0022-2313,2022
4392,NaIn0.92P2O7Cr0.08,NaIn0.92P2O7,Cr,3,0.08,,,,298,870,,,,,,460,,,,4.558588583,36190,870,https://doi.org/10.1016/j.jlumin.2022.118909,ESV,,,1.022301068,Journal of Luminescence,0022-2313,2022
4393,NaIn0.9P2O7Cr0.1,NaIn0.9P2O7,Cr,3,0.1,,,,298,870,,,,,,460,,,,4.536810866,34420,870,https://doi.org/10.1016/j.jlumin.2022.118909,ESV,,,1.069926738,Journal of Luminescence,0022-2313,2022
,,,,,,,,,,,,,,,,,,,,,,,,,,,,,,
,,,,,,,,,,,,,,,,,,,,,,,,,,,,,,
,,,,,,,,,,,,,,,,,,,,,,,,,,,,,,
,,,,,,,,,,,,,,,,,,,,,,,,,,,,,,
,,,,,,,,,,,,,,,,,,,,,,,,,,,,,,
,,,,,,,,,,,,,,,,,,,,,,,,,,,,,,
,,,,,,,,,,,,,,,,,,,,,,,,,,,,,,
,,,,,,,,,,,,,,,,,,,,,,,,,,,,,,
,,,,,,,,,,,,,,,,,,,,,,,,,,,,,,
,,,,,,,,,,,,,,,,,,,,,,,,,,,,,,
,,,,,,,,,,,,,,,,,,,,,,,,,,,,,,
,,,,,,,,,,,,,,,,,,,,,,,,,,,,,,
,,,,,,,,,,,,,,,,,,,,,,,,,,,,,,
,,,,,,,,,,,,,,,,,,,,,,,,,,,,,,
,,,,,,,,,,,,,,,,,,,,,,,,,,,,,,
,,,,,,,,,,,,,,,,,,,,,,,,,,,,,,
,,,,,,,,,,,,,,,,,,,,,,,,,,,,,,
,,,,,,,,,,,,,,,,,,,,,,,,,,,,,,
,,,,,,,,,,,,,,,,,,,,,,,,,,,,,,
,,,,,,,,,,,,,,,,,,,,,,,,,,,,,,
,,,,,,,,,,,,,,,,,,,,,,,,,,,,,,
,,,,,,,,,,,,,,,,,,,,,,,,,,,,,,
,,,,,,,,,,,,,,,,,,,,,,,,,,,,,,
,,,,,,,,,,,,,,,,,,,,,,,,,,,,,,
,,,,,,,,,,,,,,,,,,,,,,,,,,,,,,
,,,,,,,,,,,,,,,,,,,,,,,,,,,,,,
,,,,,,,,,,,,,,,,,,,,,,,,,,,,,,
,,,,,,,,,,,,,,,,,,,,,,,,,,,,,,
,,,,,,,,,,,,,,,,,,,,,,,,,,,,,,
,,,,,,,,,,,,,,,,,,,,,,,,,,,,,,
,,,,,,,,,,,,,,,,,,,,,,,,,,,,,,
,,,,,,,,,,,,,,,,,,,,,,,,,,,,,,
,,,,,,,,,,,,,,,,,,,,,,,,,,,,,,
,,,,,,,,,,,,,,,,,,,,,,,,,,,,,,
,,,,,,,,,,,,,,,,,,,,,,,,,,,,,,
,,,,,,,,,,,,,,,,,,,,,,,,,,,,,,
,,,,,,,,,,,,,,,,,,,,,,,,,,,,,,
,,,,,,,,,,,,,,,,,,,,,,,,,,,,,,
,,,,,,,,,,,,,,,,,,,,,,,,,,,,,,
,,,,,,,,,,,,,,,,,,,,,,,,,,,,,,
,,,,,,,,,,,,,,,,,,,,,,,,,,,,,,
,,,,,,,,,,,,,,,,,,,,,,,,,,,,,,
,,,,,,,,,,,,,,,,,,,,,,,,,,,,,,
,,,,,,,,,,,,,,,,,,,,,,,,,,,,,,
,,,,,,,,,,,,,,,,,,,,,,,,,,,,,,
,,,,,,,,,,,,,,,,,,,,,,,,,,,,,,
,,,,,,,,,,,,,,,,,,,,,,,,,,,,,,
,,,,,,,,,,,,,,,,,,,,,,,,,,,,,,
,,,,,,,,,,,,,,,,,,,,,,,,,,,,,,
,,,,,,,,,,,,,,,,,,,,,,,,,,,,,,
,,,,,,,,,,,,,,,,,,,,,,,,,,,,,,
,,,,,,,,,,,,,,,,,,,,,,,,,,,,,,
,,,,,,,,,,,,,,,,,,,,,,,,,,,,,,
,,,,,,,,,,,,,,,,,,,,,,,,,,,,,,
,,,,,,,,,,,,,,,,,,,,,,,,,,,,,,
,,,,,,,,,,,,,,,,,,,,,,,,,,,,,,
,,,,,,,,,,,,,,,,,,,,,,,,,,,,,,
,,,,,,,,,,,,,,,,,,,,,,,,,,,,,,
,,,,,,,,,,,,,,,,,,,,,,,,,,,,,,
,,,,,,,,,,,,,,,,,,,,,,,,,,,,,,
,,,,,,,,,,,,,,,,,,,,,,,,,,,,,,
,,,,,,,,,,,,,,,,,,,,,,,,,,,,,,
,,,,,,,,,,,,,,,,,,,,,,,,,,,,,,
,,,,,,,,,,,,,,,,,,,,,,,,,,,,,,
,,,,,,,,,,,,,,,,,,,,,,,,,,,,,,
,,,,,,,,,,,,,,,,,,,,,,,,,,,,,,
,,,,,,,,,,,,,,,,,,,,,,,,,,,,,,
,,,,,,,,,,,,,,,,,,,,,,,,,,,,,,
,,,,,,,,,,,,,,,,,,,,,,,,,,,,,,
,,,,,,,,,,,,,,,,,,,,,,,,,,,,,,
,,,,,,,,,,,,,,,,,,,,,,,,,,,,,,
,,,,,,,,,,,,,,,,,,,,,,,,,,,,,,
,,,,,,,,,,,,,,,,,,,,,,,,,,,,,,
,,,,,,,,,,,,,,,,,,,,,,,,,,,,,,
,,,,,,,,,,,,,,,,,,,,,,,,,,,,,,
,,,,,,,,,,,,,,,,,,,,,,,,,,,,,,
,,,,,,,,,,,,,,,,,,,,,,,,,,,,,,
,,,,,,,,,,,,,,,,,,,,,,,,,,,,,,
,,,,,,,,,,,,,,,,,,,,,,,,,,,,,,
,,,,,,,,,,,,,,,,,,,,,,,,,,,,,,
,,,,,,,,,,,,,,,,,,,,,,,,,,,,,,
,,,,,,,,,,,,,,,,,,,,,,,,,,,,,,
,,,,,,,,,,,,,,,,,,,,,,,,,,,,,,
,,,,,,,,,,,,,,,,,,,,,,,,,,,,,,
,,,,,,,,,,,,,,,,,,,,,,,,,,,,,,
,,,,,,,,,,,,,,,,,,,,,,,,,,,,,,
,,,,,,,,,,,,,,,,,,,,,,,,,,,,,,
,,,,,,,,,,,,,,,,,,,,,,,,,,,,,,
,,,,,,,,,,,,,,,,,,,,,,,,,,,,,,
,,,,,,,,,,,,,,,,,,,,,,,,,,,,,,
,,,,,,,,,,,,,,,,,,,,,,,,,,,,,,
,,,,,,,,,,,,,,,,,,,,,,,,,,,,,,
,,,,,,,,,,,,,,,,,,,,,,,,,,,,,,
,,,,,,,,,,,,,,,,,,,,,,,,,,,,,,
,,,,,,,,,,,,,,,,,,,,,,,,,,,,,,
,,,,,,,,,,,,,,,,,,,,,,,,,,,,,,
,,,,,,,,,,,,,,,,,,,,,,,,,,,,,,
,,,,,,,,,,,,,,,,,,,,,,,,,,,,,,
,,,,,,,,,,,,,,,,,,,,,,,,,,,,,,
,,,,,,,,,,,,,,,,,,,,,,,,,,,,,,
,,,,,,,,,,,,,,,,,,,,,,,,,,,,,,
,,,,,,,,,,,,,,,,,,,,,,,,,,,,,,
,,,,,,,,,,,,,,,,,,,,,,,,,,,,,,
,,,,,,,,,,,,,,,,,,,,,,,,,,,,,,
,,,,,,,,,,,,,,,,,,,,,,,,,,,,,,
,,,,,,,,,,,,,,,,,,,,,,,,,,,,,,
,,,,,,,,,,,,,,,,,,,,,,,,,,,,,,
,,,,,,,,,,,,,,,,,,,,,,,,,,,,,,
,,,,,,,,,,,,,,,,,,,,,,,,,,,,,,
,,,,,,,,,,,,,,,,,,,,,,,,,,,,,,
,,,,,,,,,,,,,,,,,,,,,,,,,,,,,,
,,,,,,,,,,,,,,,,,,,,,,,,,,,,,,
,,,,,,,,,,,,,,,,,,,,,,,,,,,,,,
,,,,,,,,,,,,,,,,,,,,,,,,,,,,,,
,,,,,,,,,,,,,,,,,,,,,,,,,,,,,,
,,,,,,,,,,,,,,,,,,,,,,,,,,,,,,
,,,,,,,,,,,,,,,,,,,,,,,,,,,,,,
,,,,,,,,,,,,,,,,,,,,,,,,,,,,,,
,,,,,,,,,,,,,,,,,,,,,,,,,,,,,,
,,,,,,,,,,,,,,,,,,,,,,,,,,,,,,
,,,,,,,,,,,,,,,,,,,,,,,,,,,,,,
,,,,,,,,,,,,,,,,,,,,,,,,,,,,,,
,,,,,,,,,,,,,,,,,,,,,,,,,,,,,,
,,,,,,,,,,,,,,,,,,,,,,,,,,,,,,
,,,,,,,,,,,,,,,,,,,,,,,,,,,,,,
,,,,,,,,,,,,,,,,,,,,,,,,,,,,,,
,,,,,,,,,,,,,,,,,,,,,,,,,,,,,,
,,,,,,,,,,,,,,,,,,,,,,,,,,,,,,
,,,,,,,,,,,,,,,,,,,,,,,,,,,,,,
,,,,,,,,,,,,,,,,,,,,,,,,,,,,,,
,,,,,,,,,,,,,,,,,,,,,,,,,,,,,,
,,,,,,,,,,,,,,,,,,,,,,,,,,,,,,
,,,,,,,,,,,,,,,,,,,,,,,,,,,,,,
,,,,,,,,,,,,,,,,,,,,,,,,,,,,,,
,,,,,,,,,,,,,,,,,,,,,,,,,,,,,,
,,,,,,,,,,,,,,,,,,,,,,,,,,,,,,
,,,,,,,,,,,,,,,,,,,,,,,,,,,,,,
,,,,,,,,,,,,,,,,,,,,,,,,,,,,,,
,,,,,,,,,,,,,,,,,,,,,,,,,,,,,,
,,,,,,,,,,,,,,,,,,,,,,,,,,,,,,
,,,,,,,,,,,,,,,,,,,,,,,,,,,,,,
,,,,,,,,,,,,,,,,,,,,,,,,,,,,,,
,,,,,,,,,,,,,,,,,,,,,,,,,,,,,,
,,,,,,,,,,,,,,,,,,,,,,,,,,,,,,
,,,,,,,,,,,,,,,,,,,,,,,,,,,,,,
,,,,,,,,,,,,,,,,,,,,,,,,,,,,,,
,,,,,,,,,,,,,,,,,,,,,,,,,,,,,,
,,,,,,,,,,,,,,,,,,,,,,,,,,,,,,
,,,,,,,,,,,,,,,,,,,,,,,,,,,,,,
,,,,,,,,,,,,,,,,,,,,,,,,,,,,,,
,,,,,,,,,,,,,,,,,,,,,,,,,,,,,,
,,,,,,,,,,,,,,,,,,,,,,,,,,,,,,
,,,,,,,,,,,,,,,,,,,,,,,,,,,,,,
,,,,,,,,,,,,,,,,,,,,,,,,,,,,,,
,,,,,,,,,,,,,,,,,,,,,,,,,,,,,,
,,,,,,,,,,,,,,,,,,,,,,,,,,,,,,
,,,,,,,,,,,,,,,,,,,,,,,,,,,,,,
,,,,,,,,,,,,,,,,,,,,,,,,,,,,,,
,,,,,,,,,,,,,,,,,,,,,,,,,,,,,,
,,,,,,,,,,,,,,,,,,,,,,,,,,,,,,
,,,,,,,,,,,,,,,,,,,,,,,,,,,,,,
,,,,,,,,,,,,,,,,,,,,,,,,,,,,,,
,,,,,,,,,,,,,,,,,,,,,,,,,,,,,,
,,,,,,,,,,,,,,,,,,,,,,,,,,,,,,
,,,,,,,,,,,,,,,,,,,,,,,,,,,,,,
,,,,,,,,,,,,,,,,,,,,,,,,,,,,,,
,,,,,,,,,,,,,,,,,,,,,,,,,,,,,,
,,,,,,,,,,,,,,,,,,,,,,,,,,,,,,
,,,,,,,,,,,,,,,,,,,,,,,,,,,,,,
,,,,,,,,,,,,,,,,,,,,,,,,,,,,,,
,,,,,,,,,,,,,,,,,,,,,,,,,,,,,,
,,,,,,,,,,,,,,,,,,,,,,,,,,,,,,
,,,,,,,,,,,,,,,,,,,,,,,,,,,,,,
,,,,,,,,,,,,,,,,,,,,,,,,,,,,,,
,,,,,,,,,,,,,,,,,,,,,,,,,,,,,,
,,,,,,,,,,,,,,,,,,,,,,,,,,,,,,
,,,,,,,,,,,,,,,,,,,,,,,,,,,,,,
,,,,,,,,,,,,,,,,,,,,,,,,,,,,,,
,,,,,,,,,,,,,,,,,,,,,,,,,,,,,,
,,,,,,,,,,,,,,,,,,,,,,,,,,,,,,
,,,,,,,,,,,,,,,,,,,,,,,,,,,,,,
,,,,,,,,,,,,,,,,,,,,,,,,,,,,,,
,,,,,,,,,,,,,,,,,,,,,,,,,,,,,,
,,,,,,,,,,,,,,,,,,,,,,,,,,,,,,
,,,,,,,,,,,,,,,,,,,,,,,,,,,,,,
,,,,,,,,,,,,,,,,,,,,,,,,,,,,,,
,,,,,,,,,,,,,,,,,,,,,,,,,,,,,,
,,,,,,,,,,,,,,,,,,,,,,,,,,,,,,
,,,,,,,,,,,,,,,,,,,,,,,,,,,,,,
,,,,,,,,,,,,,,,,,,,,,,,,,,,,,,
,,,,,,,,,,,,,,,,,,,,,,,,,,,,,,
,,,,,,,,,,,,,,,,,,,,,,,,,,,,,,
,,,,,,,,,,,,,,,,,,,,,,,,,,,,,,
,,,,,,,,,,,,,,,,,,,,,,,,,,,,,,
,,,,,,,,,,,,,,,,,,,,,,,,,,,,,,
,,,,,,,,,,,,,,,,,,,,,,,,,,,,,,
,,,,,,,,,,,,,,,,,,,,,,,,,,,,,,
,,,,,,,,,,,,,,,,,,,,,,,,,,,,,,
,,,,,,,,,,,,,,,,,,,,,,,,,,,,,,
,,,,,,,,,,,,,,,,,,,,,,,,,,,,,,
,,,,,,,,,,,,,,,,,,,,,,,,,,,,,,
,,,,,,,,,,,,,,,,,,,,,,,,,,,,,,
,,,,,,,,,,,,,,,,,,,,,,,,,,,,,,
,,,,,,,,,,,,,,,,,,,,,,,,,,,,,,
,,,,,,,,,,,,,,,,,,,,,,,,,,,,,,
,,,,,,,,,,,,,,,,,,,,,,,,,,,,,,
,,,,,,,,,,,,,,,,,,,,,,,,,,,,,,
,,,,,,,,,,,,,,,,,,,,,,,,,,,,,,
,,,,,,,,,,,,,,,,,,,,,,,,,,,,,,
,,,,,,,,,,,,,,,,,,,,,,,,,,,,,,
,,,,,,,,,,,,,,,,,,,,,,,,,,,,,,
,,,,,,,,,,,,,,,,,,,,,,,,,,,,,,
,,,,,,,,,,,,,,,,,,,,,,,,,,,,,,
,,,,,,,,,,,,,,,,,,,,,,,,,,,,,,
,,,,,,,,,,,,,,,,,,,,,,,,,,,,,,
,,,,,,,,,,,,,,,,,,,,,,,,,,,,,,
,,,,,,,,,,,,,,,,,,,,,,,,,,,,,,
,,,,,,,,,,,,,,,,,,,,,,,,,,,,,,
,,,,,,,,,,,,,,,,,,,,,,,,,,,,,,
,,,,,,,,,,,,,,,,,,,,,,,,,,,,,,
,,,,,,,,,,,,,,,,,,,,,,,,,,,,,,
,,,,,,,,,,,,,,,,,,,,,,,,,,,,,,
,,,,,,,,,,,,,,,,,,,,,,,,,,,,,,
,,,,,,,,,,,,,,,,,,,,,,,,,,,,,,
,,,,,,,,,,,,,,,,,,,,,,,,,,,,,,
,,,,,,,,,,,,,,,,,,,,,,,,,,,,,,
,,,,,,,,,,,,,,,,,,,,,,,,,,,,,,
,,,,,,,,,,,,,,,,,,,,,,,,,,,,,,
,,,,,,,,,,,,,,,,,,,,,,,,,,,,,,
,,,,,,,,,,,,,,,,,,,,,,,,,,,,,,
,,,,,,,,,,,,,,,,,,,,,,,,,,,,,,
,,,,,,,,,,,,,,,,,,,,,,,,,,,,,,
,,,,,,,,,,,,,,,,,,,,,,,,,,,,,,
,,,,,,,,,,,,,,,,,,,,,,,,,,,,,,
,,,,,,,,,,,,,,,,,,,,,,,,,,,,,,
,,,,,,,,,,,,,,,,,,,,,,,,,,,,,,
,,,,,,,,,,,,,,,,,,,,,,,,,,,,,,
,,,,,,,,,,,,,,,,,,,,,,,,,,,,,,
,,,,,,,,,,,,,,,,,,,,,,,,,,,,,,
,,,,,,,,,,,,,,,,,,,,,,,,,,,,,,
,,,,,,,,,,,,,,,,,,,,,,,,,,,,,,
,,,,,,,,,,,,,,,,,,,,,,,,,,,,,,
,,,,,,,,,,,,,,,,,,,,,,,,,,,,,,
,,,,,,,,,,,,,,,,,,,,,,,,,,,,,,
,,,,,,,,,,,,,,,,,,,,,,,,,,,,,,
,,,,,,,,,,,,,,,,,,,,,,,,,,,,,,
,,,,,,,,,,,,,,,,,,,,,,,,,,,,,,
,,,,,,,,,,,,,,,,,,,,,,,,,,,,,,
,,,,,,,,,,,,,,,,,,,,,,,,,,,,,,
,,,,,,,,,,,,,,,,,,,,,,,,,,,,,,
,,,,,,,,,,,,,,,,,,,,,,,,,,,,,,
,,,,,,,,,,,,,,,,,,,,,,,,,,,,,,
,,,,,,,,,,,,,,,,,,,,,,,,,,,,,,
,,,,,,,,,,,,,,,,,,,,,,,,,,,,,,
,,,,,,,,,,,,,,,,,,,,,,,,,,,,,,
,,,,,,,,,,,,,,,,,,,,,,,,,,,,,,
,,,,,,,,,,,,,,,,,,,,,,,,,,,,,,
,,,,,,,,,,,,,,,,,,,,,,,,,,,,,,
,,,,,,,,,,,,,,,,,,,,,,,,,,,,,,
,,,,,,,,,,,,,,,,,,,,,,,,,,,,,,
,,,,,,,,,,,,,,,,,,,,,,,,,,,,,,
,,,,,,,,,,,,,,,,,,,,,,,,,,,,,,
,,,,,,,,,,,,,,,,,,,,,,,,,,,,,,
,,,,,,,,,,,,,,,,,,,,,,,,,,,,,,
,,,,,,,,,,,,,,,,,,,,,,,,,,,,,,
,,,,,,,,,,,,,,,,,,,,,,,,,,,,,,
,,,,,,,,,,,,,,,,,,,,,,,,,,,,,,
,,,,,,,,,,,,,,,,,,,,,,,,,,,,,,
,,,,,,,,,,,,,,,,,,,,,,,,,,,,,,
,,,,,,,,,,,,,,,,,,,,,,,,,,,,,,
,,,,,,,,,,,,,,,,,,,,,,,,,,,,,,
,,,,,,,,,,,,,,,,,,,,,,,,,,,,,,
,,,,,,,,,,,,,,,,,,,,,,,,,,,,,,
,,,,,,,,,,,,,,,,,,,,,,,,,,,,,,
,,,,,,,,,,,,,,,,,,,,,,,,,,,,,,
,,,,,,,,,,,,,,,,,,,,,,,,,,,,,,
,,,,,,,,,,,,,,,,,,,,,,,,,,,,,,
,,,,,,,,,,,,,,,,,,,,,,,,,,,,,,
,,,,,,,,,,,,,,,,,,,,,,,,,,,,,,
,,,,,,,,,,,,,,,,,,,,,,,,,,,,,,
,,,,,,,,,,,,,,,,,,,,,,,,,,,,,,
,,,,,,,,,,,,,,,,,,,,,,,,,,,,,,
,,,,,,,,,,,,,,,,,,,,,,,,,,,,,,
,,,,,,,,,,,,,,,,,,,,,,,,,,,,,,
,,,,,,,,,,,,,,,,,,,,,,,,,,,,,,
,,,,,,,,,,,,,,,,,,,,,,,,,,,,,,
,,,,,,,,,,,,,,,,,,,,,,,,,,,,,,
,,,,,,,,,,,,,,,,,,,,,,,,,,,,,,
,,,,,,,,,,,,,,,,,,,,,,,,,,,,,,
,,,,,,,,,,,,,,,,,,,,,,,,,,,,,,
,,,,,,,,,,,,,,,,,,,,,,,,,,,,,,
,,,,,,,,,,,,,,,,,,,,,,,,,,,,,,
,,,,,,,,,,,,,,,,,,,,,,,,,,,,,,
,,,,,,,,,,,,,,,,,,,,,,,,,,,,,,
,,,,,,,,,,,,,,,,,,,,,,,,,,,,,,
,,,,,,,,,,,,,,,,,,,,,,,,,,,,,,
,,,,,,,,,,,,,,,,,,,,,,,,,,,,,,
,,,,,,,,,,,,,,,,,,,,,,,,,,,,,,
,,,,,,,,,,,,,,,,,,,,,,,,,,,,,,
,,,,,,,,,,,,,,,,,,,,,,,,,,,,,,
,,,,,,,,,,,,,,,,,,,,,,,,,,,,,,
,,,,,,,,,,,,,,,,,,,,,,,,,,,,,,
,,,,,,,,,,,,,,,,,,,,,,,,,,,,,,
,,,,,,,,,,,,,,,,,,,,,,,,,,,,,,
,,,,,,,,,,,,,,,,,,,,,,,,,,,,,,
,,,,,,,,,,,,,,,,,,,,,,,,,,,,,,
,,,,,,,,,,,,,,,,,,,,,,,,,,,,,,
,,,,,,,,,,,,,,,,,,,,,,,,,,,,,,
,,,,,,,,,,,,,,,,,,,,,,,,,,,,,,
,,,,,,,,,,,,,,,,,,,,,,,,,,,,,,
,,,,,,,,,,,,,,,,,,,,,,,,,,,,,,
,,,,,,,,,,,,,,,,,,,,,,,,,,,,,,
,,,,,,,,,,,,,,,,,,,,,,,,,,,,,,
,,,,,,,,,,,,,,,,,,,,,,,,,,,,,,
,,,,,,,,,,,,,,,,,,,,,,,,,,,,,,
,,,,,,,,,,,,,,,,,,,,,,,,,,,,,,
,,,,,,,,,,,,,,,,,,,,,,,,,,,,,,
,,,,,,,,,,,,,,,,,,,,,,,,,,,,,,
,,,,,,,,,,,,,,,,,,,,,,,,,,,,,,
,,,,,,,,,,,,,,,,,,,,,,,,,,,,,,
,,,,,,,,,,,,,,,,,,,,,,,,,,,,,,
,,,,,,,,,,,,,,,,,,,,,,,,,,,,,,
,,,,,,,,,,,,,,,,,,,,,,,,,,,,,,
,,,,,,,,,,,,,,,,,,,,,,,,,,,,,,
,,,,,,,,,,,,,,,,,,,,,,,,,,,,,,
,,,,,,,,,,,,,,,,,,,,,,,,,,,,,,
,,,,,,,,,,,,,,,,,,,,,,,,,,,,,,
,,,,,,,,,,,,,,,,,,,,,,,,,,,,,,
,,,,,,,,,,,,,,,,,,,,,,,,,,,,,,
,,,,,,,,,,,,,,,,,,,,,,,,,,,,,,
,,,,,,,,,,,,,,,,,,,,,,,,,,,,,,
,,,,,,,,,,,,,,,,,,,,,,,,,,,,,,
,,,,,,,,,,,,,,,,,,,,,,,,,,,,,,
,,,,,,,,,,,,,,,,,,,,,,,,,,,,,,
,,,,,,,,,,,,,,,,,,,,,,,,,,,,,,
,,,,,,,,,,,,,,,,,,,,,,,,,,,,,,
,,,,,,,,,,,,,,,,,,,,,,,,,,,,,,
,,,,,,,,,,,,,,,,,,,,,,,,,,,,,,
,,,,,,,,,,,,,,,,,,,,,,,,,,,,,,
,,,,,,,,,,,,,,,,,,,,,,,,,,,,,,
,,,,,,,,,,,,,,,,,,,,,,,,,,,,,,
,,,,,,,,,,,,,,,,,,,,,,,,,,,,,,
,,,,,,,,,,,,,,,,,,,,,,,,,,,,,,
,,,,,,,,,,,,,,,,,,,,,,,,,,,,,,
,,,,,,,,,,,,,,,,,,,,,,,,,,,,,,
,,,,,,,,,,,,,,,,,,,,,,,,,,,,,,
,,,,,,,,,,,,,,,,,,,,,,,,,,,,,,
,,,,,,,,,,,,,,,,,,,,,,,,,,,,,,
,,,,,,,,,,,,,,,,,,,,,,,,,,,,,,
,,,,,,,,,,,,,,,,,,,,,,,,,,,,,,
,,,,,,,,,,,,,,,,,,,,,,,,,,,,,,
,,,,,,,,,,,,,,,,,,,,,,,,,,,,,,
,,,,,,,,,,,,,,,,,,,,,,,,,,,,,,
,,,,,,,,,,,,,,,,,,,,,,,,,,,,,,
,,,,,,,,,,,,,,,,,,,,,,,,,,,,,,
,,,,,,,,,,,,,,,,,,,,,,,,,,,,,,
,,,,,,,,,,,,,,,,,,,,,,,,,,,,,,
,,,,,,,,,,,,,,,,,,,,,,,,,,,,,,
,,,,,,,,,,,,,,,,,,,,,,,,,,,,,,
,,,,,,,,,,,,,,,,,,,,,,,,,,,,,,
,,,,,,,,,,,,,,,,,,,,,,,,,,,,,,
,,,,,,,,,,,,,,,,,,,,,,,,,,,,,,
,,,,,,,,,,,,,,,,,,,,,,,,,,,,,,
,,,,,,,,,,,,,,,,,,,,,,,,,,,,,,
,,,,,,,,,,,,,,,,,,,,,,,,,,,,,,
,,,,,,,,,,,,,,,,,,,,,,,,,,,,,,
,,,,,,,,,,,,,,,,,,,,,,,,,,,,,,
,,,,,,,,,,,,,,,,,,,,,,,,,,,,,,
,,,,,,,,,,,,,,,,,,,,,,,,,,,,,,
,,,,,,,,,,,,,,,,,,,,,,,,,,,,,,
,,,,,,,,,,,,,,,,,,,,,,,,,,,,,,
,,,,,,,,,,,,,,,,,,,,,,,,,,,,,,
,,,,,,,,,,,,,,,,,,,,,,,,,,,,,,
,,,,,,,,,,,,,,,,,,,,,,,,,,,,,,
,,,,,,,,,,,,,,,,,,,,,,,,,,,,,,
,,,,,,,,,,,,,,,,,,,,,,,,,,,,,,
,,,,,,,,,,,,,,,,,,,,,,,,,,,,,,
,,,,,,,,,,,,,,,,,,,,,,,,,,,,,,
,,,,,,,,,,,,,,,,,,,,,,,,,,,,,,
,,,,,,,,,,,,,,,,,,,,,,,,,,,,,,
,,,,,,,,,,,,,,,,,,,,,,,,,,,,,,
,,,,,,,,,,,,,,,,,,,,,,,,,,,,,,
,,,,,,,,,,,,,,,,,,,,,,,,,,,,,,
,,,,,,,,,,,,,,,,,,,,,,,,,,,,,,
,,,,,,,,,,,,,,,,,,,,,,,,,,,,,,
,,,,,,,,,,,,,,,,,,,,,,,,,,,,,,
,,,,,,,,,,,,,,,,,,,,,,,,,,,,,,
,,,,,,,,,,,,,,,,,,,,,,,,,,,,,,
,,,,,,,,,,,,,,,,,,,,,,,,,,,,,,
,,,,,,,,,,,,,,,,,,,,,,,,,,,,,,
,,,,,,,,,,,,,,,,,,,,,,,,,,,,,,
,,,,,,,,,,,,,,,,,,,,,,,,,,,,,,
,,,,,,,,,,,,,,,,,,,,,,,,,,,,,,
,,,,,,,,,,,,,,,,,,,,,,,,,,,,,,
,,,,,,,,,,,,,,,,,,,,,,,,,,,,,,
,,,,,,,,,,,,,,,,,,,,,,,,,,,,,,
,,,,,,,,,,,,,,,,,,,,,,,,,,,,,,
,,,,,,,,,,,,,,,,,,,,,,,,,,,,,,
,,,,,,,,,,,,,,,,,,,,,,,,,,,,,,
,,,,,,,,,,,,,,,,,,,,,,,,,,,,,,
,,,,,,,,,,,,,,,,,,,,,,,,,,,,,,
,,,,,,,,,,,,,,,,,,,,,,,,,,,,,,
,,,,,,,,,,,,,,,,,,,,,,,,,,,,,,
,,,,,,,,,,,,,,,,,,,,,,,,,,,,,,
,,,,,,,,,,,,,,,,,,,,,,,,,,,,,,
,,,,,,,,,,,,,,,,,,,,,,,,,,,,,,
,,,,,,,,,,,,,,,,,,,,,,,,,,,,,,
,,,,,,,,,,,,,,,,,,,,,,,,,,,,,,
,,,,,,,,,,,,,,,,,,,,,,,,,,,,,,
,,,,,,,,,,,,,,,,,,,,,,,,,,,,,,
,,,,,,,,,,,,,,,,,,,,,,,,,,,,,,
,,,,,,,,,,,,,,,,,,,,,,,,,,,,,,
,,,,,,,,,,,,,,,,,,,,,,,,,,,,,,
,,,,,,,,,,,,,,,,,,,,,,,,,,,,,,
,,,,,,,,,,,,,,,,,,,,,,,,,,,,,,
,,,,,,,,,,,,,,,,,,,,,,,,,,,,,,
,,,,,,,,,,,,,,,,,,,,,,,,,,,,,,
,,,,,,,,,,,,,,,,,,,,,,,,,,,,,,
,,,,,,,,,,,,,,,,,,,,,,,,,,,,,,
,,,,,,,,,,,,,,,,,,,,,,,,,,,,,,
,,,,,,,,,,,,,,,,,,,,,,,,,,,,,,
,,,,,,,,,,,,,,,,,,,,,,,,,,,,,,
,,,,,,,,,,,,,,,,,,,,,,,,,,,,,,
,,,,,,,,,,,,,,,,,,,,,,,,,,,,,,
,,,,,,,,,,,,,,,,,,,,,,,,,,,,,,
,,,,,,,,,,,,,,,,,,,,,,,,,,,,,,
,,,,,,,,,,,,,,,,,,,,,,,,,,,,,,
,,,,,,,,,,,,,,,,,,,,,,,,,,,,,,
,,,,,,,,,,,,,,,,,,,,,,,,,,,,,,
,,,,,,,,,,,,,,,,,,,,,,,,,,,,,,
,,,,,,,,,,,,,,,,,,,,,,,,,,,,,,
,,,,,,,,,,,,,,,,,,,,,,,,,,,,,,
,,,,,,,,,,,,,,,,,,,,,,,,,,,,,,
,,,,,,,,,,,,,,,,,,,,,,,,,,,,,,
,,,,,,,,,,,,,,,,,,,,,,,,,,,,,,
,,,,,,,,,,,,,,,,,,,,,,,,,,,,,,
,,,,,,,,,,,,,,,,,,,,,,,,,,,,,,
