Atomic Ratio_sum,Atomic Ratio_max,Atomic Ratio_min,Atomic Ratio_diff,Atomic Number_sum,Atomic Number_max,Atomic Number_min,Atomic Number_diff,Atomic Weight_sum,Atomic Weight_max,Atomic Weight_min,Atomic Weight_diff,Atomic Radius_sum,Atomic Radius_max,Atomic Radius_min,Atomic Radius_diff,EN pauling_sum,EN pauling_max,EN pauling_min,EN pauling_diff,Valence Electron_sum,Valence Electron_max,Valence Electron_min,Valence Electron_diff,Ionization Energy_sum,Ionization Energy_max,Ionization Energy_min,Ionization Energy_diff,ARW_Atomic Number_sum,ARW_Atomic Number_max,ARW_Atomic Number_min,ARW_Atomic Number_diff,ARW_Atomic Weight_sum,ARW_Atomic Weight_max,ARW_Atomic Weight_min,ARW_Atomic Weight_diff,ARW_Atomic Radius_sum,ARW_Atomic Radius_max,ARW_Atomic Radius_min,ARW_Atomic Radius_diff,ARW_EN pauling_sum,ARW_EN pauling_max,ARW_EN pauling_min,ARW_EN pauling_diff,ARW_Valence Electron_sum,ARW_Valence Electron_max,ARW_Valence Electron_min,ARW_Valence Electron_diff,ARW_Ionization Energy_sum,ARW_Ionization Energy_max,ARW_Ionization Energy_min,ARW_Ionization Energy_diff,Temp. (K),Excitation source (nm),Emission max. (nm),Formula
45,28,0.01,27.99,164,63,8,55,379.130762,151.964,15.999,135.965,710,185,60,125,7.75,3.44,0,3.44,17,6,2,4,41.4268802,13.618054,5.5386,8.079454,567.43,224,0.63,223.37,1166.725194,447.972,1.51964,446.45236,4185.05,1680,1.85,1678.15,121.76,96.32,0,96.32,223,168,0.02,167.98,515.2648831,381.305512,0.05670385,381.2488082,298,320,377,Ca8.99CeP7O28Eu0.01
45,28,0.02,27.98,164,63,8,55,379.130762,151.964,15.999,135.965,710,185,60,125,7.75,3.44,0,3.44,17,6,2,4,41.4268802,13.618054,5.5386,8.079454,567.86,224,1.26,222.74,1167.844054,447.972,3.03928,444.93272,4185.1,1680,3.7,1676.3,121.75,96.32,0,96.32,223,168,0.04,167.96,515.2604554,381.305512,0.1134077,381.1921043,298,320,377,Ca8.98CeP7O28Eu0.02
45,28,0.04,27.96,164,63,8,55,379.130762,151.964,15.999,135.965,710,185,60,125,7.75,3.44,0,3.44,17,6,2,4,41.4268802,13.618054,5.5386,8.079454,568.72,224,2.52,221.48,1170.081774,447.972,6.07856,441.89344,4185.2,1680,7.4,1672.6,121.73,96.32,0,96.32,223,168,0.08,167.92,515.2516,381.305512,0.2268154,381.0786966,298,320,377,Ca8.96CeP7O28Eu0.04
45,28,0.06,27.94,164,63,8,55,379.130762,151.964,15.999,135.965,710,185,60,125,7.75,3.44,0,3.44,17,6,2,4,41.4268802,13.618054,5.5386,8.079454,569.58,224,3.78,220.22,1172.319494,447.972,9.11784,438.85416,4185.3,1680,11.1,1668.9,121.71,96.32,0,96.32,223,168,0.12,167.88,515.2427446,381.305512,0.3402231,380.9652889,298,320,377,Ca8.94CeP7O28Eu0.06
45,28,0.08,27.92,164,63,8,55,379.130762,151.964,15.999,135.965,710,185,60,125,7.75,3.44,0,3.44,17,6,2,4,41.4268802,13.618054,5.5386,8.079454,570.44,224,5.04,218.96,1174.557214,447.972,12.15712,435.81488,4185.4,1680,14.8,1665.2,121.69,96.32,0,96.32,223,168,0.16,167.84,515.2338892,381.305512,0.4536308,380.8518812,298,320,377,Ca8.92CeP7O28Eu0.08
45,28,0.01,27.99,189,63,8,55,434.068806,151.964,15.999,135.965,850,185,60,125,9.3,3.44,0,3.44,24,7,2,5,48.8608982,13.618054,5.5386,8.079454,568.77,224,0.25,223.75,1170.230374,447.972,0.54938044,447.4226196,4184.8,1680,1.4,1678.6,121.7355,96.32,0,96.32,223.05,168,0.07,167.93,515.2648086,381.305512,0.07434018,381.2311718,298,320,377,Ca8.95CeP7O28Eu0.04Mn0.01
45,28,0.04,27.96,189,63,8,55,434.068806,151.964,15.999,135.965,850,185,60,125,9.3,3.44,0,3.44,24,7,2,5,48.8608982,13.618054,5.5386,8.079454,568.92,224,1,223,1170.676176,447.972,2.19752176,445.7744782,4183.6,1680,5.6,1674.4,121.752,96.32,0,96.32,223.2,168,0.08,167.92,515.3044345,381.305512,0.2268154,381.0786966,298,320,377,Ca8.92CeP7O28Eu0.04Mn0.04
45,28,0.04,27.96,189,63,8,55,434.068806,151.964,15.999,135.965,850,185,60,125,9.3,3.44,0,3.44,24,7,2,5,48.8608982,13.618054,5.5386,8.079454,569.12,224,2,222,1171.270578,447.972,4.39504352,443.5769565,4182,1680,7.4,1672.6,121.774,96.32,0,96.32,223.4,168,0.08,167.92,515.357269,381.305512,0.2268154,381.0786966,298,320,377,Ca8.88CeP7O28Eu0.04Mn0.08
45,28,0.04,27.96,189,63,8,55,434.068806,151.964,15.999,135.965,850,185,60,125,9.3,3.44,0,3.44,24,7,2,5,48.8608982,13.618054,5.5386,8.079454,569.52,224,2.52,221.48,1172.459381,447.972,6.07856,441.89344,4178.8,1680,7.4,1672.6,121.818,96.32,0,96.32,223.8,168,0.08,167.92,515.462938,381.305512,0.2268154,381.0786966,298,320,377,Ca8.8CeP7O28Eu0.04Mn0.16
45,28,0.04,27.96,189,63,8,55,434.068806,151.964,15.999,135.965,850,185,60,125,9.3,3.44,0,3.44,24,7,2,5,48.8608982,13.618054,5.5386,8.079454,569.97,224,2.52,221.48,1173.796785,447.972,6.07856,441.89344,4175.2,1680,7.4,1672.6,121.8675,96.32,0,96.32,224.25,168,0.08,167.92,515.5818157,381.305512,0.2268154,381.0786966,298,320,377,Ca8.71CeP7O28Eu0.04Mn0.25
5.019,3,0.009,2.991,214,83,8,75,508.2454,208.9804,15.999,192.9814,740,185,60,125,7.67,3.44,0,3.44,19,6,2,4,39.3210102,13.618054,5.670385,7.947669,85.377,40,0.63,39.37,182.6994636,91.224,1.51964,89.70436,518.29,180,1.44,178.56,12.6671,10.32,0,10.32,24.065,18,0.02,17.98,53.72349069,40.854162,0.05670385,40.79745815,298,310,390,CaZrO3Eu0.01Bi0.009
5.029,3,0.009,2.991,214,83,8,75,508.2454,208.9804,15.999,192.9814,740,185,60,125,7.67,3.44,0,3.44,19,6,2,4,39.3210102,13.618054,5.670385,7.947669,86.007,40,0.747,39.253,184.2191036,91.224,1.8808236,89.3431764,520.14,180,1.44,178.56,12.6671,10.32,0,10.32,24.085,18,0.04,17.96,53.78019454,40.854162,0.065569644,40.78859236,298,310,390,CaZrO3Eu0.02Bi0.009
21.03,13,0.03,12.97,136,63,8,55,309.25884,151.964,15.999,135.965,685,185,60,125,7.87,3.44,0,3.44,17,6,2,4,41.303617,13.618054,5.670385,7.947669,315.89,156,1.89,154.11,676.72928,355.62336,4.55892,351.06444,1985.55,780,5.55,774.45,56.61,44.72,0,44.72,104.06,78,0.06,77.94,234.1751376,177.034702,0.17011155,176.8645905,298,355,395,MgY4Si3O13Eu0.03
12.01,7,0.01,6.99,153,63,8,55,357.68,151.964,15.999,135.965,720,215,60,155,7.54,3.44,0,3.44,16,6,2,4,40.298021,13.618054,5.211664,8.40639,164.63,56,0.63,55.37,355.61964,137.327,1.51964,135.80736,1156.85,420,1.85,418.15,31.39,24.08,0,24.08,56.02,42,0.02,41.98,132.1905819,95.326378,0.05670385,95.26967415,298,320,396,BaMg2Si2O7Eu0.01
12.02,7,0.02,6.98,153,63,8,55,357.68,151.964,15.999,135.965,720,215,60,155,7.54,3.44,0,3.44,16,6,2,4,40.298021,13.618054,5.211664,8.40639,165.26,56,1.26,54.74,357.13928,137.327,3.03928,134.28772,1158.7,420,3.7,416.3,31.39,24.08,0,24.08,56.04,42,0.04,41.96,132.2472857,95.326378,0.1134077,95.2129703,298,320,396,BaMg2Si2O7Eu0.02
12.02,7,0.02,6.98,153,63,8,55,357.68,151.964,15.999,135.965,720,215,60,155,7.54,3.44,0,3.44,16,6,2,4,40.298021,13.618054,5.211664,8.40639,165.26,56,1.26,54.74,357.13928,137.327,3.03928,134.28772,1158.7,420,3.7,416.3,31.39,24.08,0,24.08,56.04,42,0.04,41.96,132.2472857,95.326378,0.1134077,95.2129703,420,320,396,BaMg2Si2O7Eu0.02
12.03,7,0.03,6.97,153,63,8,55,357.68,151.964,15.999,135.965,720,215,60,155,7.54,3.44,0,3.44,16,6,2,4,40.298021,13.618054,5.211664,8.40639,165.89,56,1.89,54.11,358.65892,137.327,4.55892,132.76808,1160.55,420,5.55,414.45,31.39,24.08,0,24.08,56.06,42,0.06,41.94,132.3039896,95.326378,0.17011155,95.15626645,298,320,396,BaMg2Si2O7Eu0.03
12.05,7,0.05,6.95,153,63,8,55,357.68,151.964,15.999,135.965,720,215,60,155,7.54,3.44,0,3.44,16,6,2,4,40.298021,13.618054,5.211664,8.40639,167.15,56,3.15,52.85,361.6982,137.327,7.5982,129.7288,1164.25,420,9.25,410.75,31.39,24.08,0,24.08,56.1,42,0.1,41.9,132.4173973,95.326378,0.28351925,95.04285875,298,320,396,BaMg2Si2O7Eu0.05
12.0405,6,0.0005,5.9995,271,83,5,78,649.43624,208.9804,10.81,198.1704,985,215,60,155,12.65,3.44,0,3.44,28,7,2,5,59.268528,13.618054,5.211664,8.40639,228.5615,112,0.0415,111.9585,522.8068902,274.654,0.1044902,274.5495098,1247.48,430,0.08,429.92,30.88095,20.64,0,20.64,56.0825,36,0.0025,35.9975,128.1430382,81.708324,0.003642758,81.70468124,298,372,410,Ba2YB2O6ClEu0.04Bi0.0005
12.041,6,0.001,5.999,271,83,5,78,649.43624,208.9804,10.81,198.1704,985,215,60,155,12.65,3.44,0,3.44,28,7,2,5,59.268528,13.618054,5.211664,8.40639,228.603,112,0.083,111.917,522.9113804,274.654,0.2089804,274.4450196,1247.56,430,0.16,429.84,30.8819,20.64,0,20.64,56.085,36,0.005,35.995,128.1466809,81.708324,0.007285516,81.70103848,298,372,410,Ba2YB2O6ClEu0.04Bi0.001
12.042,6,0.002,5.998,271,83,5,78,649.43624,208.9804,10.81,198.1704,985,215,60,155,12.65,3.44,0,3.44,28,7,2,5,59.268528,13.618054,5.211664,8.40639,228.686,112,0.166,111.834,523.1203608,274.654,0.4179608,274.2360392,1247.72,430,0.32,429.68,30.8838,20.64,0,20.64,56.09,36,0.01,35.99,128.1539664,81.708324,0.014571032,81.69375297,298,372,410,Ba2YB2O6ClEu0.04Bi0.002
12.045,6,0.005,5.995,271,83,5,78,649.43624,208.9804,10.81,198.1704,985,215,60,155,12.65,3.44,0,3.44,28,7,2,5,59.268528,13.618054,5.211664,8.40639,228.935,112,0.415,111.585,523.747302,274.654,1.044902,273.609098,1248.2,430,0.8,429.2,30.8895,20.64,0,20.64,56.105,36,0.025,35.975,128.175823,81.708324,0.03642758,81.67189642,298,372,410,Ba2YB2O6ClEu0.04Bi0.005
8.0125,4,0.0025,3.9975,184,63,3,60,430.724,151.964,6.94,145.024,885,200,60,140,8.39,3.44,0,3.44,17,6,1,5,44.06530396,13.618054,5.391714761,8.226339239,90.775,38,0.145,37.855,195.45093,87.62,0.35029,87.26971,842.3125,290,0.4625,289.5375,18.5728,13.76,0,13.76,32.025,24,0.005,23.995,79.17274607,54.472216,0.0138465,54.4583695,298,361,413,Li2SrSiO4Eu0.01Ce0.0025
8.015,4,0.005,3.995,184,63,3,60,430.724,151.964,6.94,145.024,885,200,60,140,8.39,3.44,0,3.44,17,6,1,5,44.06530396,13.618054,5.391714761,8.226339239,90.92,38,0.29,37.71,195.80122,87.62,0.70058,86.91942,842.775,290,0.925,289.075,18.5756,13.76,0,13.76,32.03,24,0.01,23.99,79.18659257,54.472216,0.027693,54.444523,298,361,413,Li2SrSiO4Eu0.01Ce0.005
8.0175,4,0.0075,3.9925,184,63,3,60,430.724,151.964,6.94,145.024,885,200,60,140,8.39,3.44,0,3.44,17,6,1,5,44.06530396,13.618054,5.391714761,8.226339239,91.065,38,0.435,37.565,196.15151,87.62,1.05087,86.56913,843.2375,290,1.3875,288.6125,18.5784,13.76,0,13.76,32.035,24,0.015,23.985,79.20043907,54.472216,0.0415395,54.4306765,298,361,413,Li2SrSiO4Eu0.01Ce0.0075
8.02,4,0.01,3.99,184,63,3,60,430.724,151.964,6.94,145.024,885,200,60,140,8.39,3.44,0,3.44,17,6,1,5,44.06530396,13.618054,5.391714761,8.226339239,91.21,38,0.58,37.42,196.5018,87.62,1.40116,86.21884,843.7,290,1.85,288.15,18.5812,13.76,0,13.76,32.04,24,0.02,23.98,79.21428557,54.472216,0.055386,54.41683,298,361,413,Li2SrSiO4Eu0.01Ce0.01
6.01,4,0.01,3.99,165,74,8,66,391.881,183.84,15.999,167.841,560,185,60,125,6.14,3.44,0,3.44,16,6,2,4,33.2656242,13.618054,5.670385,7.947669,126.63,74,0.63,73.37,289.43364,183.84,1.51964,182.32036,556.85,240,1.85,238.15,16.46,13.76,0,13.76,32.02,24,0.02,23.98,68.50610505,54.472216,0.05670385,54.41551215,298,276,415,CaWO4Eu0.01
6.02,4,0.02,3.98,165,74,8,66,391.881,183.84,15.999,167.841,560,185,60,125,6.14,3.44,0,3.44,16,6,2,4,33.2656242,13.618054,5.670385,7.947669,127.26,74,1.26,72.74,290.95328,183.84,3.03928,180.80072,558.7,240,3.7,236.3,16.46,13.76,0,13.76,32.04,24,0.04,23.96,68.5628089,54.472216,0.1134077,54.3588083,298,276,415,CaWO4Eu0.02
21.005,12,0.005,11.995,189,63,8,55,441.2792432,151.964,15.999,135.965,800,215,50,165,11.43,3.98,0,3.98,24,7,2,5,56.291866,17.42282,5.211664,12.211156,376.315,117,0.315,116.685,837.3727432,274.654,0.75982,273.89418,2070.925,720,0.925,719.075,56.4,41.28,0,41.28,104.01,72,0.01,71.99,234.3979769,163.416648,0.028351925,163.3882961,298,350,415,Ba2Y3Si3O12FEu0.005
13,8,0.01,7.99,154,63,8,55,351.936762,151.964,15.999,135.965,680,200,60,140,8.23,3.44,0,3.44,27,12,2,10,44.8641912,13.618054,5.670385,7.947669,192.25,64,0.63,63.37,408.962964,130.76,1.51964,129.24036,1149.85,480,1.85,478.15,36.1405,27.52,0,27.52,84,48,0.02,47.98,154.4008244,108.944432,0.05670385,108.8877282,298,365,416,Sr0.99Zn2P2O8Eu0.01
13,8,0.006,7.994,179,63,8,55,406.874806,151.964,15.999,135.965,820,200,60,140,9.78,3.44,0,3.44,34,12,2,10,52.2982092,13.618054,5.670385,7.947669,192.22,64,0.15,63.85,408.9003123,130.36772,0.329628264,130.0380917,1149.88,480,0.84,479.16,36.1399,27.52,0,27.52,83.97,48,0.02,47.98,154.3890633,108.944432,0.044604108,108.8998279,298,365,416,Sr0.99Zn1.994P2O8Eu0.01Mn0.006
13,8,0.01,7.99,179,63,8,55,406.874806,151.964,15.999,135.965,820,200,60,140,9.78,3.44,0,3.44,34,12,2,10,52.2982092,13.618054,5.670385,7.947669,192.2,64,0.25,63.75,408.8585444,130.1062,0.54938044,129.5568196,1149.9,480,1.4,478.6,36.1395,27.52,0,27.52,83.95,48,0.02,47.98,154.3812226,108.944432,0.05670385,108.8877282,298,365,416,Sr0.99Zn1.99P2O8Eu0.01Mn0.01
12.874,8,0.01,7.99,179,63,8,55,406.874806,151.964,15.999,135.965,820,200,60,140,9.78,3.44,0,3.44,34,12,2,10,52.2982092,13.618054,5.670385,7.947669,188.4,64,0.35,63.65,400.5788966,127.992,0.769132616,127.2228674,1132.91,480,1.85,478.15,35.9312,27.52,0,27.52,82.418,48,0.02,47.98,153.1897128,108.944432,0.05670385,108.8877282,298,365,416,Sr0.99Zn1.86P2O8Eu0.01Mn0.014
19.04,12,0.04,11.96,182,63,8,55,420.31797,151.964,15.999,135.965,940,220,60,160,8.7,3.44,0,3.44,19,6,1,5,45.88894254,13.618054,4.34066354,9.27739046,260.52,96,2.52,93.48,557.324962,191.988,6.07856,185.90944,1782.4,720,7.4,712.6,52.28,41.28,0,41.28,96.08,72,0.08,71.92,217.7788289,163.416648,0.2268154,163.1898326,298,300,420,KBaSc2P3O12Eu0.04
13.07,8,0.07,7.93,129,63,8,55,286.0973078,151.964,15.999,135.965,840,185,60,125,8.88,3.44,0,3.44,18,6,1,5,44.6781223,13.618054,5.1390767,8.4789773,139.69,64,3.74,60.26,283.4057355,127.992,7.816521555,120.1754784,1137.85,480,12.95,467.05,35.6148,27.52,0,27.52,64.14,48,0.14,47.86,144.1346412,108.944432,0.39692695,108.5475051,298,365,420,Na0.34Ca0.66Al1.66Si2.34O8Eu0.07
13,8,0.01,7.99,118,63,8,55,263.1075385,151.964,15.999,135.965,660,185,60,125,7.95,3.44,0,3.44,17,6,2,4,39.5390456,13.618054,5.670385,7.947669,138.43,64,0.63,63.37,279.321937,127.992,1.51964,126.47236,1130.05,480,1.85,478.15,35.53,27.52,0,27.52,64,48,0.02,47.98,143.3280623,108.944432,0.05670385,108.8877282,298,354,425,Ca0.99Al2Si2O8Eu0.01
13,8,0.01,7.99,143,63,8,55,318.0455825,151.964,15.999,135.965,800,185,60,125,9.5,3.44,0,3.44,24,7,2,5,46.9730636,13.618054,5.670385,7.947669,138.68,64,0.63,63.37,280.0649392,127.992,1.51964,126.47236,1128.05,480,1.85,478.15,35.5575,27.52,0,27.52,64.25,48,0.02,47.98,143.3941054,108.944432,0.05670385,108.8877282,298,354,425,Ca0.94Al2Si2O8Eu0.01Mn0.05
13,8,0.01,7.99,143,63,8,55,318.0455825,151.964,15.999,135.965,800,185,60,125,9.5,3.44,0,3.44,24,7,2,5,46.9730636,13.618054,5.670385,7.947669,138.93,64,0.63,63.37,280.8079414,127.992,1.51964,126.47236,1126.05,480,1.85,478.15,35.585,27.52,0,27.52,64.5,48,0.02,47.98,143.4601486,108.944432,0.05670385,108.8877282,298,354,425,Ca0.89Al2Si2O8Eu0.01Mn0.1
13,8,0.01,7.99,143,63,8,55,318.0455825,151.964,15.999,135.965,800,185,60,125,9.5,3.44,0,3.44,24,7,2,5,46.9730636,13.618054,5.670385,7.947669,139.18,64,0.63,63.37,281.5509436,127.992,1.51964,126.47236,1124.05,480,1.85,478.15,35.6125,27.52,0,27.52,64.75,48,0.02,47.98,143.5261917,108.944432,0.05670385,108.8877282,298,354,425,Ca0.84Al2Si2O8Eu0.01Mn0.15
13,8,0.01,7.99,143,63,8,55,318.0455825,151.964,15.999,135.965,800,185,60,125,9.5,3.44,0,3.44,24,7,2,5,46.9730636,13.618054,5.670385,7.947669,139.43,64,0.63,63.37,282.2939458,127.992,1.51964,126.47236,1122.05,480,1.85,478.15,35.64,27.52,0,27.52,65,48,0.02,47.98,143.5922349,108.944432,0.05670385,108.8877282,298,354,425,Ca0.79Al2Si2O8Eu0.01Mn0.2
13,8,0.01,7.99,143,63,8,55,318.0455825,151.964,15.999,135.965,800,185,60,125,9.5,3.44,0,3.44,24,7,2,5,46.9730636,13.618054,5.670385,7.947669,139.68,64,0.63,63.37,283.036948,127.992,1.51964,126.47236,1120.05,480,1.85,478.15,35.6675,27.52,0,27.52,65.25,48,0.02,47.98,143.658278,108.944432,0.05670385,108.8877282,298,354,425,Ca0.74Al2Si2O8Eu0.01Mn0.25
12.95,8,0.01,7.99,118,63,8,55,263.1075385,151.964,15.999,135.965,660,185,60,125,7.95,3.44,0,3.44,17,6,2,4,39.5390456,13.618054,5.670385,7.947669,137.43,64,0.63,63.37,277.318037,127.992,1.51964,126.47236,1121.05,480,1.85,478.15,35.48,27.52,0,27.52,63.9,48,0.02,47.98,143.0224045,108.944432,0.05670385,108.8877282,298,354,425,Ca0.94Al2Si2O8Eu0.01
13.04,8,0.04,7.96,98,63,8,55,223.241762,151.964,15.999,135.965,495,185,60,125,6.94,3.44,0,3.44,15,6,2,4,37.42136,13.618054,5.670385,7.947669,132.52,64,2.52,61.48,268.933084,127.992,6.07856,121.91344,1137.4,480,7.4,472.6,35.83,27.52,0,27.52,64.08,48,0.08,47.92,153.0833244,108.944432,0.2268154,108.7176166,298,378,427,Mg3P2O8Eu0.04
13.055,8,0.015,7.985,123,63,8,55,278.179806,151.964,15.999,135.965,635,185,60,125,8.49,3.44,0,3.44,22,7,2,5,44.855378,13.618054,5.670385,7.947669,132.895,64,0.375,63.625,269.7571547,127.992,0.82407066,127.1679293,1139.5,480,2.1,477.9,35.85325,27.52,0,27.52,64.185,48,0.08,47.92,153.1948347,108.944432,0.11151027,108.8329217,298,378,427,Mg3P2O8Eu0.04Mn0.015
13.07,8,0.03,7.97,123,63,8,55,278.179806,151.964,15.999,135.965,635,185,60,125,8.49,3.44,0,3.44,22,7,2,5,44.855378,13.618054,5.670385,7.947669,133.27,64,0.75,63.25,270.5812253,127.992,1.64814132,126.3438587,1141.6,480,4.2,475.8,35.8765,27.52,0,27.52,64.29,48,0.08,47.92,153.3063449,108.944432,0.22302054,108.7214115,298,378,427,Mg3P2O8Eu0.04Mn0.03
13.1,8,0.04,7.96,123,63,8,55,278.179806,151.964,15.999,135.965,635,185,60,125,8.49,3.44,0,3.44,22,7,2,5,44.855378,13.618054,5.670385,7.947669,134.02,64,1.5,62.5,272.2293666,127.992,3.29628264,124.6957174,1145.8,480,7.4,472.6,35.923,27.52,0,27.52,64.5,48,0.08,47.92,153.5293655,108.944432,0.2268154,108.7176166,298,378,427,Mg3P2O8Eu0.04Mn0.06
2,1,0.005,0.995,120,63,19,44,278.6823,151.964,39.0983,112.8657,605,220,185,35,1.77,0.95,0,0.95,5,2,1,1,15.70591574,5.6948672,4.34066354,1.35420366,57.125,37.81,0.315,37.495,127.04002,87.1819,0.75982,86.42208,419.925,220,0.925,219.075,1.76525,0.94525,0,0.94525,3,1.99,0.01,1.98,10.03540833,5.666392864,0.028351925,5.638040939,298,365,430,KSr0.995Eu0.005
2,0.995,0.005,0.99,131,63,11,52,301.6720693,151.964,22.98976928,128.9742307,785,220,180,40,2.7,0.95,0,0.95,6,2,1,1,20.84499244,5.6948672,4.34066354,1.35420366,56.325,37.81,0.315,37.495,125.4291669,87.1819,0.75982,86.42208,415.925,199,0.925,198.075,1.77625,0.94525,0,0.94525,3,1.99,0.01,1.98,10.11524965,5.666392864,0.028351925,5.638040939,298,365,434,K0.9Na0.1Sr0.995Eu0.005
44.944,28,0.007,27.993,183,63,8,55,415.540602,151.964,15.999,135.965,905,200,60,140,8.8,3.44,0,3.44,20,6,2,4,47.8004074,13.618054,5.670385,7.947669,628.181,224,0.441,223.559,1326.874008,447.972,1.063748,446.908252,4259.955,1680,1.295,1678.705,121.582,96.32,0,96.32,223.888,168,0.014,167.986,513.7202387,381.305512,0.039692695,381.2658193,298,380,435,Ca4.437Sr4.5YP7O28Eu0.007
20,12,0.001,11.999,149,63,8,55,336.2403785,151.964,15.999,135.965,810,185,60,125,9.48,3.44,0,3.44,20,6,2,4,47.2893854,13.618054,5.670385,7.947669,252.051,96,0.063,95.937,528.670416,191.988,0.151964,191.836036,1850.035,720,0.185,719.815,53.35869,41.28,0,41.28,96,72,0.002,71.998,219.416565,163.416648,0.005670385,163.4109776,298,370,436,Y2Mg1.999Al2Si2O12Eu0.001
2,0.995,0.005,0.99,131,63,11,52,301.6720693,151.964,22.98976928,128.9742307,785,220,180,40,2.7,0.95,0,0.95,6,2,1,1,20.84499244,5.6948672,4.34066354,1.35420366,55.525,37.81,0.315,37.495,123.8183139,87.1819,0.75982,86.42208,411.925,199,0.925,198.075,1.78725,0.94525,0,0.94525,3,1.99,0.01,1.98,10.19509096,5.666392864,0.028351925,5.638040939,298,365,437,K0.8Na0.2Sr0.995Eu0.005
32,19,0.03,18.97,140,63,8,55,332.2715385,151.964,15.999,135.965,585,215,60,155,5.94,3.44,0,3.44,13,6,2,4,30.4858714,13.618054,5.211664,8.40639,364.21,156,1.89,154.11,765.525572,323.778462,4.55892,319.219542,2854.1,1500,5.55,1494.45,85.5433,65.36,0,65.36,152,114,0.06,113.94,335.7976724,258.743026,0.17011155,258.5729145,298,350,442,Ba0.97Al12O19Eu0.03
44.944,28,0.007,27.993,183,63,8,55,415.540602,151.964,15.999,135.965,905,200,60,140,8.8,3.44,0,3.44,20,6,2,4,47.8004074,13.618054,5.670385,7.947669,595.781,224,0.441,223.559,1241.298408,447.972,1.063748,446.908252,4223.955,1680,1.295,1678.705,121.672,96.32,0,96.32,223.888,168,0.014,167.986,514.4731571,381.305512,0.039692695,381.2658193,298,380,442,Ca6.237Sr2.7YP7O28Eu0.007
32,19,0.01,18.99,140,63,8,55,332.2715385,151.964,15.999,135.965,585,215,60,155,5.94,3.44,0,3.44,13,6,2,4,30.4858714,13.618054,5.211664,8.40639,364.07,156,0.63,155.37,765.232832,323.778462,1.51964,322.258822,2854.7,1500,1.85,1498.15,85.5611,65.36,0,65.36,152,114,0.02,113.98,335.788498,258.743026,0.05670385,258.6863221,298,350,443,Ba0.99Al12O19Eu0.01
32,19,0.05,18.95,140,63,8,55,332.2715385,151.964,15.999,135.965,585,215,60,155,5.94,3.44,0,3.44,13,6,2,4,30.4858714,13.618054,5.211664,8.40639,364.35,156,3.15,152.85,765.818312,323.778462,7.5982,316.180262,2853.5,1500,9.25,1490.75,85.5255,65.36,0,65.36,152,114,0.1,113.9,335.8068469,258.743026,0.28351925,258.4595068,298,350,443,Ba0.95Al12O19Eu0.05
32,19,0.07,18.93,140,63,8,55,332.2715385,151.964,15.999,135.965,585,215,60,155,5.94,3.44,0,3.44,13,6,2,4,30.4858714,13.618054,5.211664,8.40639,364.49,156,4.41,151.59,766.111052,323.778462,10.63748,313.140982,2852.9,1500,12.95,1487.05,85.5077,65.36,0,65.36,152,114,0.14,113.86,335.8160213,258.743026,0.39692695,258.346099,298,350,443,Ba0.93Al12O19Eu0.07
21,12,0.005,11.995,141,63,8,55,322.006762,151.964,15.999,135.965,645,200,60,140,9.74,3.44,0,3.44,22,7,2,5,48.4376222,13.618054,5.670385,7.947669,348.125,189.81,0.315,189.495,758.781006,437.6619,0.75982,436.90208,2119.925,999,0.925,998.075,55.75525,41.28,0,41.28,104,72,0.01,71.99,236.3185496,163.416648,0.028351925,163.3882961,298,277,444,Sr4.995P3O12ClEu0.005
21,12,0.01,11.99,141,63,8,55,322.006762,151.964,15.999,135.965,645,200,60,140,9.74,3.44,0,3.44,22,7,2,5,48.4376222,13.618054,5.670385,7.947669,348.25,189.62,0.63,188.99,759.102726,437.2238,1.51964,435.70416,2119.85,998,1.85,996.15,55.7505,41.28,0,41.28,104,72,0.02,71.98,236.3184272,163.416648,0.05670385,163.3599442,298,277,444,Sr4.99P3O12ClEu0.01
21,12,0.02,11.98,141,63,8,55,322.006762,151.964,15.999,135.965,645,200,60,140,9.74,3.44,0,3.44,22,7,2,5,48.4376222,13.618054,5.670385,7.947669,348.5,189.24,1.26,187.98,759.746166,436.3476,3.03928,433.30832,2119.7,996,3.7,992.3,55.741,41.28,0,41.28,104,72,0.04,71.96,236.3181824,163.416648,0.1134077,163.3032403,298,277,444,Sr4.98P3O12ClEu0.02
21,12,0.03,11.97,141,63,8,55,322.006762,151.964,15.999,135.965,645,200,60,140,9.74,3.44,0,3.44,22,7,2,5,48.4376222,13.618054,5.670385,7.947669,348.75,188.86,1.89,186.97,760.389606,435.4714,4.55892,430.91248,2119.55,994,5.55,988.45,55.7315,41.28,0,41.28,104,72,0.06,71.94,236.3179375,163.416648,0.17011155,163.2465365,298,277,444,Sr4.97P3O12ClEu0.03
21,12,0.05,11.95,141,63,8,55,322.006762,151.964,15.999,135.965,645,200,60,140,9.74,3.44,0,3.44,22,7,2,5,48.4376222,13.618054,5.670385,7.947669,349.25,188.1,3.15,184.95,761.676486,433.719,7.5982,426.1208,2119.25,990,9.25,980.75,55.7125,41.28,0,41.28,104,72,0.1,71.9,236.3174479,163.416648,0.28351925,163.1331288,298,277,444,Sr4.95P3O12ClEu0.05
21,12,0.01,11.99,141,63,8,55,322.006762,151.964,15.999,135.965,645,200,60,140,9.74,3.44,0,3.44,22,7,2,5,48.4376222,13.618054,5.670385,7.947669,348.25,189.62,0.63,188.99,759.102726,437.2238,1.51964,435.70416,2119.85,998,1.85,996.15,55.7505,41.28,0,41.28,104,72,0.02,71.98,236.3184272,163.416648,0.05670385,163.3599442,298,395,444,Sr4.99P3O12ClEu0.01
19.03,12,0.03,11.97,164,63,8,55,370.61097,151.964,15.999,135.965,925,220,60,160,8.76,3.44,0,3.44,19,6,1,5,46.37214574,13.618054,4.34066354,9.27739046,241.89,96,1.89,94.11,506.098322,191.988,4.55892,187.42908,1765.55,720,5.55,714.45,52.34,41.28,0,41.28,96.06,72,0.06,71.94,218.2053283,163.416648,0.17011155,163.2465365,298,300,445,KSrSc2P3O12Eu0.03
19.05,12,0.02,11.98,229,65,8,57,529.53632,158.92535,15.999,142.92635,1100,220,60,160,8.76,3.44,0,3.44,21,6,1,5,52.23594574,13.618054,4.34066354,9.27739046,243.19,96,1.3,94.7,509.276829,191.988,3.178507,188.809493,1769.05,720,3.5,716.5,52.34,41.28,0,41.28,96.1,72,0.04,71.96,218.3226043,163.416648,0.117276,163.299372,298,300,445,KSrSc2P3O12Eu0.03Tb0.02
19.08,12,0.03,11.97,229,65,8,57,529.53632,158.92535,15.999,142.92635,1100,220,60,160,8.76,3.44,0,3.44,21,6,1,5,52.23594574,13.618054,4.34066354,9.27739046,245.14,96,1.89,94.11,514.0445895,191.988,4.55892,187.42908,1774.3,720,5.55,714.45,52.34,41.28,0,41.28,96.16,72,0.06,71.94,218.4985183,163.416648,0.17011155,163.2465365,298,300,445,KSrSc2P3O12Eu0.03Tb0.05
12.012,7,0.002,6.998,170,66,8,58,397.5225385,162.5,15.999,146.501,725,185,60,125,7.27,3.44,0,3.44,15,6,2,4,37.3264126,13.618054,5.670385,7.947669,128.762,56,0.132,55.868,261.841794,111.993,0.325,111.668,1102.2,500,0.35,499.65,31.52244,24.08,0,24.08,56.024,42,0.004,41.996,125.4511888,95.326378,0.0118781,95.3144999,298,341,445,CaAl4O7Eu0.01Dy0.002
32,19,0.1,18.9,140,63,8,55,332.2715385,151.964,15.999,135.965,585,215,60,155,5.94,3.44,0,3.44,13,6,2,4,30.4858714,13.618054,5.211664,8.40639,364.7,156,6.3,149.7,766.550162,323.778462,15.1964,308.582062,2852,1500,18.5,1481.5,85.481,65.36,0,65.36,152,114,0.2,113.8,335.8297829,258.743026,0.5670385,258.1759875,298,350,445,Ba0.9Al12O19Eu0.1
32,19,0.2,18.8,140,63,8,55,332.2715385,151.964,15.999,135.965,585,215,60,155,5.94,3.44,0,3.44,13,6,2,4,30.4858714,13.618054,5.211664,8.40639,365.4,156,12.6,143.4,768.013862,323.778462,30.3928,293.385662,2849,1500,37,1463,85.392,65.36,0,65.36,152,114,0.4,113.6,335.875655,258.743026,1.134077,257.608949,298,350,446,Ba0.8Al12O19Eu0.2
20,12,0.005,11.995,149,63,8,55,336.2403785,151.964,15.999,135.965,810,185,60,125,9.48,3.44,0,3.44,20,6,2,4,47.2893854,13.618054,5.670385,7.947669,252.255,96,0.315,95.685,529.181052,191.988,0.75982,191.22818,1850.175,720,0.925,719.075,53.35345,41.28,0,41.28,96,72,0.01,71.99,219.4086616,163.416648,0.028351925,163.3882961,298,370,446,Y2Mg1.995Al2Si2O12Eu0.005
44.944,28,0.007,27.993,183,63,8,55,415.540602,151.964,15.999,135.965,905,200,60,140,8.8,3.44,0,3.44,20,6,2,4,47.8004074,13.618054,5.670385,7.947669,587.681,224,0.441,223.559,1219.904508,447.972,1.063748,446.908252,4214.955,1680,1.295,1678.705,121.6945,96.32,0,96.32,223.888,168,0.014,167.986,514.6613867,381.305512,0.039692695,381.2658193,298,380,446,Ca6.687Sr2.25YP7O28Eu0.007
32,19,0.25,18.75,140,63,8,55,332.2715385,151.964,15.999,135.965,585,215,60,155,5.94,3.44,0,3.44,13,6,2,4,30.4858714,13.618054,5.211664,8.40639,365.75,156,15.75,140.25,768.745712,323.778462,37.991,285.787462,2847.5,1500,46.25,1453.75,85.3475,65.36,0,65.36,152,114,0.5,113.5,335.898591,258.743026,1.41759625,257.3254298,298,350,447,Ba0.75Al12O19Eu0.25
21.025,12,0.025,11.975,115,63,8,55,258.0131652,151.964,15.999,135.965,575,185,50,135,10.61,3.98,0,3.98,22,7,2,5,53.3111002,17.42282,5.670385,11.752435,251.575,100,1.575,98.425,508.0967892,200.39,3.7991,196.5909,1974.625,900,4.625,895.375,56.83,41.28,0,41.28,104.05,72,0.05,71.95,243.0070616,163.416648,0.141759625,163.2748884,298,335,449,Ca5P3O12FEu0.025
21.035,12,0.01,11.99,140,63,8,55,312.9512092,151.964,15.999,135.965,715,185,50,135,12.16,3.98,0,3.98,29,7,2,5,60.7451182,17.42282,5.670385,11.752435,251.825,100,0.25,99.75,508.6461696,200.39,0.54938044,199.8406196,1976.025,900,1.4,898.6,56.8455,41.28,0,41.28,104.12,72,0.05,71.95,243.0814018,163.416648,0.07434018,163.3423078,298,335,449,Ca5P3O12FEu0.025Mn0.01
29.116,17,0.116,16.884,152,63,8,55,356.5765385,151.964,15.999,135.965,735,215,60,155,7.25,3.44,0,3.44,15,6,2,4,38.1321064,13.618054,5.211664,8.40639,341.308,136,7.308,128.692,721.058209,271.983,17.627824,254.355176,2656.46,1250,21.46,1228.54,76.78,58.48,0,58.48,136.232,102,0.232,101.768,304.8802657,231.506918,0.65776466,230.8491533,298,254,450,BaMgAl10O17Eu0.116
20.005,12,0.005,11.995,117,63,8,55,262.340062,151.964,15.999,135.965,715,220,60,160,7.76,3.44,0,3.44,16,6,1,5,41.76202354,13.618054,4.34066354,9.27739046,208.315,96,0.315,95.685,421.987406,191.988,0.75982,191.22818,1840.925,720,0.925,719.075,53.91,41.28,0,41.28,96.01,72,0.01,71.99,229.8306615,163.416648,0.028351925,163.3882961,298,365,450,KMg4P3O12Eu0.005
20.01,12,0.01,11.99,117,63,8,55,262.340062,151.964,15.999,135.965,715,220,60,160,7.76,3.44,0,3.44,16,6,1,5,41.76202354,13.618054,4.34066354,9.27739046,208.63,96,0.63,95.37,422.747226,191.988,1.51964,190.46836,1841.85,720,1.85,718.15,53.91,41.28,0,41.28,96.02,72,0.02,71.98,229.8590134,163.416648,0.05670385,163.3599442,298,365,450,KMg4P3O12Eu0.01
20.02,12,0.02,11.98,117,63,8,55,262.340062,151.964,15.999,135.965,715,220,60,160,7.76,3.44,0,3.44,16,6,1,5,41.76202354,13.618054,4.34066354,9.27739046,209.26,96,1.26,94.74,424.266866,191.988,3.03928,188.94872,1843.7,720,3.7,716.3,53.91,41.28,0,41.28,96.04,72,0.04,71.96,229.9157172,163.416648,0.1134077,163.3032403,298,365,450,KMg4P3O12Eu0.02
20.04,12,0.04,11.96,117,63,8,55,262.340062,151.964,15.999,135.965,715,220,60,160,7.76,3.44,0,3.44,16,6,1,5,41.76202354,13.618054,4.34066354,9.27739046,210.52,96,2.52,93.48,427.306146,191.988,6.07856,185.90944,1847.4,720,7.4,712.6,53.91,41.28,0,41.28,96.08,72,0.08,71.92,230.0291249,163.416648,0.2268154,163.1898326,298,365,450,KMg4P3O12Eu0.04
20.06,12,0.06,11.94,117,63,8,55,262.340062,151.964,15.999,135.965,715,220,60,160,7.76,3.44,0,3.44,16,6,1,5,41.76202354,13.618054,4.34066354,9.27739046,211.78,96,3.78,92.22,430.345426,191.988,9.11784,182.87016,1851.1,720,11.1,708.9,53.91,41.28,0,41.28,96.12,72,0.12,71.88,230.1425326,163.416648,0.3402231,163.0764249,298,365,450,KMg4P3O12Eu0.06
20.08,12,0.08,11.92,117,63,8,55,262.340062,151.964,15.999,135.965,715,220,60,160,7.76,3.44,0,3.44,16,6,1,5,41.76202354,13.618054,4.34066354,9.27739046,213.04,96,5.04,90.96,433.384706,191.988,12.15712,179.83088,1854.8,720,14.8,705.2,53.91,41.28,0,41.28,96.16,72,0.16,71.84,230.2559403,163.416648,0.4536308,162.9630172,298,365,450,KMg4P3O12Eu0.08
20.025,12,0.005,11.995,120,63,3,60,269.280062,151.964,6.94,145.024,860,220,60,160,8.74,3.44,0,3.44,17,6,1,5,47.1537383,13.618054,4.34066354,9.27739046,209.275,96,0.015,95.985,424.301566,191.988,0.0347,191.9533,1844.425,720,0.725,719.275,53.9149,41.28,0,41.28,96.045,72,0.005,71.995,229.9426758,163.416648,0.026958574,163.3896894,298,365,450,KMg4P3O12Li0.005Eu0.02
20.03,12,0.01,11.99,120,63,3,60,269.280062,151.964,6.94,145.024,860,220,60,160,8.74,3.44,0,3.44,17,6,1,5,47.1537383,13.618054,4.34066354,9.27739046,209.29,96,0.03,95.97,424.336266,191.988,0.0694,191.9186,1845.15,720,1.45,718.55,53.9198,41.28,0,41.28,96.05,72,0.01,71.99,229.9696344,163.416648,0.053917148,163.3627309,298,365,450,KMg4P3O12Li0.01Eu0.02
20.04,12,0.02,11.98,120,63,3,60,269.280062,151.964,6.94,145.024,860,220,60,160,8.74,3.44,0,3.44,17,6,1,5,47.1537383,13.618054,4.34066354,9.27739046,209.32,96,0.06,95.94,424.405666,191.988,0.1388,191.8492,1846.6,720,2.9,717.1,53.9296,41.28,0,41.28,96.06,72,0.02,71.98,230.0235515,163.416648,0.107834295,163.3088137,298,365,450,KMg4P3O12Li0.02Eu0.02
20.045,12,0.02,11.98,120,63,3,60,269.280062,151.964,6.94,145.024,860,220,60,160,8.74,3.44,0,3.44,17,6,1,5,47.1537383,13.618054,4.34066354,9.27739046,209.335,96,0.075,95.925,424.440366,191.988,0.1735,191.8145,1847.325,720,3.625,716.375,53.9345,41.28,0,41.28,96.065,72,0.025,71.975,230.0505101,163.416648,0.1134077,163.3032403,298,365,450,KMg4P3O12Li0.025Eu0.02
20.05,12,0.02,11.98,120,63,3,60,269.280062,151.964,6.94,145.024,860,220,60,160,8.74,3.44,0,3.44,17,6,1,5,47.1537383,13.618054,4.34066354,9.27739046,209.35,96,0.09,95.91,424.475066,191.988,0.2082,191.7798,1848.05,720,3.7,716.3,53.9394,41.28,0,41.28,96.07,72,0.03,71.97,230.0774687,163.416648,0.1134077,163.3032403,298,365,450,KMg4P3O12Li0.03Eu0.02
20.04,12,0.02,11.98,142,63,8,55,317.278106,151.964,15.999,135.965,855,220,60,160,9.31,3.44,0,3.44,23,7,1,6,49.19604154,13.618054,4.34066354,9.27739046,209.76,96,0.5,95.5,425.3656269,191.988,1.09876088,190.8892391,1846.5,720,2.8,717.2,53.941,41.28,0,41.28,96.18,72,0.04,71.96,230.0643976,163.416648,0.1134077,163.3032403,298,365,450,KMg4P3O12Eu0.02Mn0.02
20.06,12,0.02,11.98,142,63,8,55,317.278106,151.964,15.999,135.965,855,220,60,160,9.31,3.44,0,3.44,23,7,1,6,49.19604154,13.618054,4.34066354,9.27739046,210.26,96,1,95,426.4643878,191.988,2.19752176,189.7904782,1849.3,720,3.7,716.3,53.972,41.28,0,41.28,96.32,72,0.04,71.96,230.213078,163.416648,0.1134077,163.3032403,298,365,450,KMg4P3O12Eu0.02Mn0.04
20.1,12,0.02,11.98,142,63,8,55,317.278106,151.964,15.999,135.965,855,220,60,160,9.31,3.44,0,3.44,23,7,1,6,49.19604154,13.618054,4.34066354,9.27739046,211.26,96,1.26,94.74,428.6619095,191.988,3.03928,188.94872,1854.9,720,3.7,716.3,54.034,41.28,0,41.28,96.6,72,0.04,71.96,230.5104387,163.416648,0.1134077,163.3032403,298,365,450,KMg4P3O12Eu0.02Mn0.08
20.14,12,0.02,11.98,142,63,8,55,317.278106,151.964,15.999,135.965,855,220,60,160,9.31,3.44,0,3.44,23,7,1,6,49.19604154,13.618054,4.34066354,9.27739046,212.26,96,1.26,94.74,430.8594313,191.988,3.03928,188.94872,1860.5,720,3.7,716.3,54.096,41.28,0,41.28,96.88,72,0.04,71.96,230.8077994,163.416648,0.1134077,163.3032403,298,365,450,KMg4P3O12Eu0.02Mn0.12
20.18,12,0.02,11.98,142,63,8,55,317.278106,151.964,15.999,135.965,855,220,60,160,9.31,3.44,0,3.44,23,7,1,6,49.19604154,13.618054,4.34066354,9.27739046,213.26,96,1.26,94.74,433.056953,191.988,3.03928,188.94872,1866.1,720,3.7,716.3,54.158,41.28,0,41.28,97.16,72,0.04,71.96,231.1051601,163.416648,0.1134077,163.3032403,298,365,450,KMg4P3O12Eu0.02Mn0.16
20.27,12,0.02,11.98,142,63,8,55,317.278106,151.964,15.999,135.965,855,220,60,160,9.31,3.44,0,3.44,23,7,1,6,49.19604154,13.618054,4.34066354,9.27739046,215.51,96,1.26,94.74,438.001377,191.988,3.03928,188.94872,1878.7,720,3.7,716.3,54.2975,41.28,0,41.28,97.79,72,0.04,71.96,231.7742217,163.416648,0.1134077,163.3032403,298,365,450,KMg4P3O12Eu0.02Mn0.25
20.37,12,0.02,11.98,142,63,8,55,317.278106,151.964,15.999,135.965,855,220,60,160,9.31,3.44,0,3.44,23,7,1,6,49.19604154,13.618054,4.34066354,9.27739046,218.01,96,1.26,94.74,443.4951814,191.988,3.03928,188.94872,1892.7,720,3.7,716.3,54.4525,41.28,0,41.28,98.49,72,0.04,71.96,232.5176235,163.416648,0.1134077,163.3032403,298,365,450,KMg4P3O12Eu0.02Mn0.35
20,12,0.03,11.97,188,71,8,63,435.3978,174.9668,15.999,158.9678,860,185,60,125,8.65,3.44,0,3.44,18,6,2,4,46.6253832,13.618054,5.425871,8.192183,325.29,142,1.89,140.11,718.22118,349.9336,4.55892,345.37468,1880.15,720,5.55,714.45,52.57,41.28,0,41.28,94,72,0.06,71.94,220.1157811,163.416648,0.17011155,163.2465365,298,365,450,Lu2Ca0.97Mg2Si3O12Eu0.03
42.01,24,0.01,23.99,153,63,8,55,345.6331652,151.964,15.999,135.965,775,200,50,150,11.56,3.98,0,3.98,24,7,2,5,59.0059674,17.42282,5.670385,11.752435,608.63,228,0.63,227.37,1295.367018,525.72,1.51964,524.20036,4061.85,1440,1.85,1438.15,113.36,82.56,0,82.56,208.02,144,0.02,143.98,483.2775799,326.833296,0.05670385,326.7765922,298,368,452,Sr6Ca4P6O24F2Eu0.01
42.05,24,0.05,23.95,153,63,8,55,345.6331652,151.964,15.999,135.965,775,200,50,150,11.56,3.98,0,3.98,24,7,2,5,59.0059674,17.42282,5.670385,11.752435,611.15,228,3.15,224.85,1301.445578,525.72,7.5982,518.1218,4069.25,1440,9.25,1430.75,113.36,82.56,0,82.56,208.1,144,0.1,143.9,483.5043953,326.833296,0.28351925,326.5497768,298,368,452,Sr6Ca4P6O24F2Eu0.05
42.09,24,0.09,23.91,153,63,8,55,345.6331652,151.964,15.999,135.965,775,200,50,150,11.56,3.98,0,3.98,24,7,2,5,59.0059674,17.42282,5.670385,11.752435,613.67,228,5.67,222.33,1307.524138,525.72,13.67676,512.04324,4076.65,1440,16.65,1423.35,113.36,82.56,0,82.56,208.18,144,0.18,143.82,483.7312107,326.833296,0.51033465,326.3229614,298,368,452,Sr6Ca4P6O24F2Eu0.09
42.13,24,0.13,23.87,153,63,8,55,345.6331652,151.964,15.999,135.965,775,200,50,150,11.56,3.98,0,3.98,24,7,2,5,59.0059674,17.42282,5.670385,11.752435,616.19,228,8.19,219.81,1313.602698,525.72,19.75532,505.96468,4084.05,1440,24.05,1415.95,113.36,82.56,0,82.56,208.26,144,0.26,143.74,483.9580261,326.833296,0.73715005,326.096146,298,368,452,Sr6Ca4P6O24F2Eu0.13
42.17,24,0.17,23.83,153,63,8,55,345.6331652,151.964,15.999,135.965,775,200,50,150,11.56,3.98,0,3.98,24,7,2,5,59.0059674,17.42282,5.670385,11.752435,618.71,228,10.71,217.29,1319.681258,525.72,25.83388,499.88612,4091.45,1440,31.45,1408.55,113.36,82.56,0,82.56,208.34,144,0.34,143.66,484.1848415,326.833296,0.96396545,325.8693306,298,368,452,Sr6Ca4P6O24F2Eu0.17
42.25,24,0.25,23.75,153,63,8,55,345.6331652,151.964,15.999,135.965,775,200,50,150,11.56,3.98,0,3.98,24,7,2,5,59.0059674,17.42282,5.670385,11.752435,623.75,228,15.75,212.25,1331.838378,525.72,37.991,487.729,4106.25,1440,46.25,1393.75,113.36,82.56,0,82.56,208.5,144,0.5,143.5,484.6384723,326.833296,1.41759625,325.4156998,298,368,452,Sr6Ca4P6O24F2Eu0.25
42.4,24,0.4,23.6,153,63,8,55,345.6331652,151.964,15.999,135.965,775,200,50,150,11.56,3.98,0,3.98,24,7,2,5,59.0059674,17.42282,5.670385,11.752435,633.2,228,18,210,1354.632978,525.72,37.99680633,487.7231937,4134,1440,74,1366,113.36,82.56,0,82.56,208.8,144,0.8,143.2,485.48903,326.833296,2.268154,324.565142,298,368,452,Sr6Ca4P6O24F2Eu0.4
42.5,24,0.5,23.5,153,63,8,55,345.6331652,151.964,15.999,135.965,775,200,50,150,11.56,3.98,0,3.98,24,7,2,5,59.0059674,17.42282,5.670385,11.752435,639.5,228,18,210,1369.829378,525.72,37.99680633,487.7231937,4152.5,1440,92.5,1347.5,113.36,82.56,0,82.56,209,144,1,143,486.0560685,326.833296,2.8351925,323.9981035,298,368,452,Sr6Ca4P6O24F2Eu0.5
42,26,0.02,25.98,163,63,8,55,377.920232,151.964,15.999,135.965,720,195,60,135,7.73,3.44,0,3.44,18,6,2,4,41.4651802,13.618054,5.5769,8.041154,572.86,208,1.26,206.74,1202.489232,415.974,3.03928,412.93472,3990.1,1560,3.7,1556.3,112.76,89.44,0,89.44,208,156,0.04,155.96,477.0397062,354.069404,0.1134077,353.9559963,298,318,453,Ca7.98La2P6O26Eu0.02
42,26,0.05,25.95,163,63,8,55,377.920232,151.964,15.999,135.965,720,195,60,135,7.73,3.44,0,3.44,18,6,2,4,41.4651802,13.618054,5.5769,8.041154,574.15,208,3.15,204.85,1205.845812,415.974,7.5982,408.3758,3990.25,1560,9.25,1550.75,112.73,89.44,0,89.44,208,156,0.1,155.9,477.0264231,354.069404,0.28351925,353.7858848,298,318,453,Ca7.95La2P6O26Eu0.05
42,26,0.06,25.94,163,63,8,55,377.920232,151.964,15.999,135.965,720,195,60,135,7.73,3.44,0,3.44,18,6,2,4,41.4651802,13.618054,5.5769,8.041154,574.58,208,3.78,204.22,1206.964672,415.974,9.11784,406.85616,3990.3,1560,11.1,1548.9,112.72,89.44,0,89.44,208,156,0.12,155.88,477.0219954,354.069404,0.3402231,353.7291809,298,318,453,Ca7.94La2P6O26Eu0.06
42,26,0.08,25.92,163,63,8,55,377.920232,151.964,15.999,135.965,720,195,60,135,7.73,3.44,0,3.44,18,6,2,4,41.4651802,13.618054,5.5769,8.041154,575.44,208,5.04,202.96,1209.202392,415.974,12.15712,403.81688,3990.4,1560,14.8,1545.2,112.7,89.44,0,89.44,208,156,0.16,155.84,477.01314,354.069404,0.4536308,353.6157732,298,318,453,Ca7.92La2P6O26Eu0.08
19.99,12,0.01,11.99,118,63,8,55,266.8824393,151.964,15.999,135.965,685,185,60,125,7.92,3.44,0,3.44,17,6,1,5,41.4756917,13.618054,5.1390767,8.4789773,216.41,96,0.63,95.37,444.8502544,191.988,1.51964,190.46836,1878.25,720,1.85,718.15,53.3414,41.28,0,41.28,96,72,0.02,71.98,223.3708384,163.416648,0.05670385,163.3599442,298,370,453,Na2.98Sc2P3O12Eu0.01
19.99,12,0.01,11.99,118,63,8,55,266.8824393,151.964,15.999,135.965,685,185,60,125,7.92,3.44,0,3.44,17,6,1,5,41.4756917,13.618054,5.1390767,8.4789773,216.41,96,0.63,95.37,444.8502544,191.988,1.51964,190.46836,1878.25,720,1.85,718.15,53.3414,41.28,0,41.28,96,72,0.02,71.98,223.3708384,163.416648,0.05670385,163.3599442,323,370,453,Na2.98Sc2P3O12Eu0.01
19.99,12,0.01,11.99,118,63,8,55,266.8824393,151.964,15.999,135.965,685,185,60,125,7.92,3.44,0,3.44,17,6,1,5,41.4756917,13.618054,5.1390767,8.4789773,216.41,96,0.63,95.37,444.8502544,191.988,1.51964,190.46836,1878.25,720,1.85,718.15,53.3414,41.28,0,41.28,96,72,0.02,71.98,223.3708384,163.416648,0.05670385,163.3599442,373,370,453,Na2.98Sc2P3O12Eu0.01
19.97,12,0.03,11.97,118,63,8,55,266.8824393,151.964,15.999,135.965,685,185,60,125,7.92,3.44,0,3.44,17,6,1,5,41.4756917,13.618054,5.1390767,8.4789773,217.23,96,1.89,94.11,446.9699437,191.988,4.55892,187.42908,1874.75,720,5.55,714.45,53.3042,41.28,0,41.28,96,72,0.06,71.94,223.278683,163.416648,0.17011155,163.2465365,373,370,453,Na2.94Sc2P3O12Eu0.03
19.97,12,0.03,11.97,118,63,8,55,266.8824393,151.964,15.999,135.965,685,185,60,125,7.92,3.44,0,3.44,17,6,1,5,41.4756917,13.618054,5.1390767,8.4789773,217.23,96,1.89,94.11,446.9699437,191.988,4.55892,187.42908,1874.75,720,5.55,714.45,53.3042,41.28,0,41.28,96,72,0.06,71.94,223.278683,163.416648,0.17011155,163.2465365,423,370,453,Na2.94Sc2P3O12Eu0.03
19.97,12,0.03,11.97,118,63,8,55,266.8824393,151.964,15.999,135.965,685,185,60,125,7.92,3.44,0,3.44,17,6,1,5,41.4756917,13.618054,5.1390767,8.4789773,217.23,96,1.89,94.11,446.9699437,191.988,4.55892,187.42908,1874.75,720,5.55,714.45,53.3042,41.28,0,41.28,96,72,0.06,71.94,223.278683,163.416648,0.17011155,163.2465365,473,370,453,Na2.94Sc2P3O12Eu0.03
19.93,12,0.07,11.93,118,63,8,55,266.8824393,151.964,15.999,135.965,685,185,60,125,7.92,3.44,0,3.44,17,6,1,5,41.4756917,13.618054,5.1390767,8.4789773,218.87,96,4.41,91.59,451.2093221,191.988,10.63748,181.35052,1867.75,720,12.95,707.05,53.2298,41.28,0,41.28,96,72,0.14,71.86,223.0943723,163.416648,0.39692695,163.0197211,298,370,453,Na2.86Sc2P3O12Eu0.07
19.93,12,0.07,11.93,118,63,8,55,266.8824393,151.964,15.999,135.965,685,185,60,125,7.92,3.44,0,3.44,17,6,1,5,41.4756917,13.618054,5.1390767,8.4789773,218.87,96,4.41,91.59,451.2093221,191.988,10.63748,181.35052,1867.75,720,12.95,707.05,53.2298,41.28,0,41.28,96,72,0.14,71.86,223.0943723,163.416648,0.39692695,163.0197211,323,370,453,Na2.86Sc2P3O12Eu0.07
19.93,12,0.07,11.93,118,63,8,55,266.8824393,151.964,15.999,135.965,685,185,60,125,7.92,3.44,0,3.44,17,6,1,5,41.4756917,13.618054,5.1390767,8.4789773,218.87,96,4.41,91.59,451.2093221,191.988,10.63748,181.35052,1867.75,720,12.95,707.05,53.2298,41.28,0,41.28,96,72,0.14,71.86,223.0943723,163.416648,0.39692695,163.0197211,373,370,453,Na2.86Sc2P3O12Eu0.07
19.93,12,0.07,11.93,118,63,8,55,266.8824393,151.964,15.999,135.965,685,185,60,125,7.92,3.44,0,3.44,17,6,1,5,41.4756917,13.618054,5.1390767,8.4789773,218.87,96,4.41,91.59,451.2093221,191.988,10.63748,181.35052,1867.75,720,12.95,707.05,53.2298,41.28,0,41.28,96,72,0.14,71.86,223.0943723,163.416648,0.39692695,163.0197211,423,370,453,Na2.86Sc2P3O12Eu0.07
19.93,12,0.07,11.93,118,63,8,55,266.8824393,151.964,15.999,135.965,685,185,60,125,7.92,3.44,0,3.44,17,6,1,5,41.4756917,13.618054,5.1390767,8.4789773,218.87,96,4.41,91.59,451.2093221,191.988,10.63748,181.35052,1867.75,720,12.95,707.05,53.2298,41.28,0,41.28,96,72,0.14,71.86,223.0943723,163.416648,0.39692695,163.0197211,473,370,453,Na2.86Sc2P3O12Eu0.07
20,12,0.01,11.99,149,63,8,55,336.2403785,151.964,15.999,135.965,810,185,60,125,9.48,3.44,0,3.44,20,6,2,4,47.2893854,13.618054,5.670385,7.947669,252.51,96,0.63,95.37,529.819347,191.988,1.51964,190.46836,1850.35,720,1.85,718.15,53.3469,41.28,0,41.28,96,72,0.02,71.98,219.3987823,163.416648,0.05670385,163.3599442,298,370,453,Y2Mg1.99Al2Si2O12Eu0.01
13,8,0.01,7.99,162,63,8,55,376.341762,151.964,15.999,135.965,740,215,60,155,7.52,3.44,0,3.44,17,6,2,4,41.0999442,13.618054,5.211664,8.40639,226.43,112,0.63,111.37,505.790384,274.654,1.51964,273.13436,1290.05,480,1.85,478.15,34.67,27.52,0,27.52,64,48,0.02,47.98,146.4498595,108.944432,0.05670385,108.8877282,298,365,454,Ba2Ca0.99P2O8Eu0.01
44.944,28,0.007,27.993,183,63,8,55,415.540602,151.964,15.999,135.965,905,200,60,140,8.8,3.44,0,3.44,20,6,2,4,47.8004074,13.618054,5.670385,7.947669,579.581,224,0.441,223.559,1198.510608,447.972,1.063748,446.908252,4205.955,1680,1.295,1678.705,121.717,96.32,0,96.32,223.888,168,0.014,167.986,514.8496163,381.305512,0.039692695,381.2658193,298,380,454,Ca7.137Sr1.8YP7O28Eu0.007
8.11,4,0.11,3.89,123,63,8,55,274.464762,151.964,15.999,135.965,625,185,60,125,9.79,3.44,0,3.44,22,7,2,5,48.8559102,13.618054,5.670385,7.947669,110.93,40,6.93,33.07,227.291802,80.156,16.71604,63.43996,820.35,360,20.35,339.65,21.11,13.76,0,13.76,40.22,24,0.22,23.78,90.77658475,54.472216,0.62374235,53.84847365,298,400,454,Ca2PO4ClEu0.11
44.944,28,0.007,27.993,183,63,8,55,415.540602,151.964,15.999,135.965,905,200,60,140,8.8,3.44,0,3.44,20,6,2,4,47.8004074,13.618054,5.670385,7.947669,571.481,224,0.441,223.559,1177.116708,447.972,1.063748,446.908252,4196.955,1680,1.295,1678.705,121.7395,96.32,0,96.32,223.888,168,0.014,167.986,515.0378459,381.305512,0.039692695,381.2658193,298,380,458,Ca7.587Sr1.35YP7O28Eu0.007
21.02,12,0.02,11.98,123,63,8,55,274.464762,151.964,15.999,135.965,625,185,60,125,9.79,3.44,0,3.44,22,7,2,5,48.8559102,13.618054,5.670385,7.947669,259.26,100,1.26,98.74,523.788566,200.39,3.03928,197.35072,2023.7,900,3.7,896.3,56.01,41.28,0,41.28,104.04,72,0.04,71.96,238.5235197,163.416648,0.1134077,163.3032403,298,400,458,Ca5P3O12ClEu0.02
21.03,12,0.01,11.99,188,65,8,57,433.390112,158.92535,15.999,142.92635,800,185,60,125,9.79,3.44,0,3.44,24,7,2,5,54.7197102,13.618054,5.670385,7.947669,259.91,100,0.65,99.35,525.3778195,200.39,1.5892535,198.8007465,2025.45,900,1.75,898.25,56.01,41.28,0,41.28,104.06,72,0.02,71.98,238.5821577,163.416648,0.058638,163.35801,298,400,458,Ca5P3O12ClEu0.02Tb0.01
21.04,12,0.02,11.98,188,65,8,57,433.390112,158.92535,15.999,142.92635,800,185,60,125,9.79,3.44,0,3.44,24,7,2,5,54.7197102,13.618054,5.670385,7.947669,260.56,100,1.26,98.74,526.967073,200.39,3.03928,197.35072,2027.2,900,3.5,896.5,56.01,41.28,0,41.28,104.08,72,0.04,71.96,238.6407957,163.416648,0.1134077,163.3032403,298,400,458,Ca5P3O12ClEu0.02Tb0.02
21.05,12,0.02,11.98,188,65,8,57,433.390112,158.92535,15.999,142.92635,800,185,60,125,9.79,3.44,0,3.44,24,7,2,5,54.7197102,13.618054,5.670385,7.947669,261.21,100,1.26,98.74,528.5563265,200.39,3.03928,197.35072,2028.95,900,3.7,896.3,56.01,41.28,0,41.28,104.1,72,0.04,71.96,238.6994337,163.416648,0.1134077,163.3032403,298,400,458,Ca5P3O12ClEu0.02Tb0.03
21.06,12,0.02,11.98,188,65,8,57,433.390112,158.92535,15.999,142.92635,800,185,60,125,9.79,3.44,0,3.44,24,7,2,5,54.7197102,13.618054,5.670385,7.947669,261.86,100,1.26,98.74,530.14558,200.39,3.03928,197.35072,2030.7,900,3.7,896.3,56.01,41.28,0,41.28,104.12,72,0.04,71.96,238.7580717,163.416648,0.1134077,163.3032403,298,400,458,Ca5P3O12ClEu0.02Tb0.04
21.07,12,0.02,11.98,188,65,8,57,433.390112,158.92535,15.999,142.92635,800,185,60,125,9.79,3.44,0,3.44,24,7,2,5,54.7197102,13.618054,5.670385,7.947669,262.51,100,1.26,98.74,531.7348335,200.39,3.03928,197.35072,2032.45,900,3.7,896.3,56.01,41.28,0,41.28,104.14,72,0.04,71.96,238.8167097,163.416648,0.1134077,163.3032403,298,400,458,Ca5P3O12ClEu0.02Tb0.05
7.01,4,0.01,3.99,145,63,4,59,342.3871831,151.964,9.0121831,142.9518169,675,215,60,155,7.8,3.44,0,3.44,16,6,2,4,41.974485,13.618054,5.211664,8.40639,106.63,56,0.63,55.37,239.9398231,137.327,1.51964,135.80736,671.85,240,1.85,238.15,18.12,13.76,0,13.76,32.02,24,0.02,23.98,77.21496585,54.472216,0.05670385,54.41551215,298,337,460,BaBeSiO4Eu0.01
7.02,4,0.02,3.98,145,63,4,59,342.3871831,151.964,9.0121831,142.9518169,675,215,60,155,7.8,3.44,0,3.44,16,6,2,4,41.974485,13.618054,5.211664,8.40639,107.26,56,1.26,54.74,241.4594631,137.327,3.03928,134.28772,673.7,240,3.7,236.3,18.12,13.76,0,13.76,32.04,24,0.04,23.96,77.2716697,54.472216,0.1134077,54.3588083,298,337,460,BaBeSiO4Eu0.02
7.03,4,0.03,3.97,145,63,4,59,342.3871831,151.964,9.0121831,142.9518169,675,215,60,155,7.8,3.44,0,3.44,16,6,2,4,41.974485,13.618054,5.211664,8.40639,107.89,56,1.89,54.11,242.9791031,137.327,4.55892,132.76808,675.55,240,5.55,234.45,18.12,13.76,0,13.76,32.06,24,0.06,23.94,77.32837355,54.472216,0.17011155,54.30210445,298,337,460,BaBeSiO4Eu0.03
7.05,4,0.05,3.95,145,63,4,59,342.3871831,151.964,9.0121831,142.9518169,675,215,60,155,7.8,3.44,0,3.44,16,6,2,4,41.974485,13.618054,5.211664,8.40639,109.15,56,3.15,52.85,246.0183831,137.327,7.5982,129.7288,679.25,240,9.25,230.75,18.12,13.76,0,13.76,32.1,24,0.1,23.9,77.44178125,54.472216,0.28351925,54.18869675,298,337,460,BaBeSiO4Eu0.05
7.07,4,0.07,3.93,145,63,4,59,342.3871831,151.964,9.0121831,142.9518169,675,215,60,155,7.8,3.44,0,3.44,16,6,2,4,41.974485,13.618054,5.211664,8.40639,110.41,56,4,52,249.0576631,137.327,9.0121831,128.3148169,682.95,240,12.95,227.05,18.12,13.76,0,13.76,32.14,24,0.14,23.86,77.55518895,54.472216,0.39692695,54.07528905,298,337,460,BaBeSiO4Eu0.07
7.1,4,0.1,3.9,145,63,4,59,342.3871831,151.964,9.0121831,142.9518169,675,215,60,155,7.8,3.44,0,3.44,16,6,2,4,41.974485,13.618054,5.211664,8.40639,112.3,56,4,52,253.6165831,137.327,9.0121831,128.3148169,688.5,240,18.5,221.5,18.12,13.76,0,13.76,32.2,24,0.2,23.8,77.7253005,54.472216,0.5670385,53.9051775,298,337,460,BaBeSiO4Eu0.1
45.91,28,0.01,27.99,125,63,8,55,278.113062,151.964,15.999,135.965,745,220,60,160,7.45,3.44,0,3.44,16,6,1,5,40.22894374,13.618054,4.34066354,9.27739046,546.63,224,0.63,223.37,1102.178474,447.972,1.51964,446.45236,4383.85,1782,1.85,1780.15,122.37,96.32,0,96.32,223.82,168,0.02,167.98,519.6299179,381.305512,0.05670385,381.2488082,298,347,460,Ca9.9KP7O28Eu0.01
45.64,28,0.01,27.99,150,63,8,55,333.051106,151.964,15.999,135.965,885,220,60,160,9,3.44,0,3.44,23,7,1,6,47.66296174,13.618054,4.34066354,9.27739046,541.38,224,0.63,223.37,1091.803215,447.972,1.51964,446.45236,4334.05,1728,1.85,1726.15,122.1165,96.32,0,96.32,223.43,168,0.02,167.98,518.0189919,381.305512,0.05670385,381.2488082,298,347,460,Ca9.6KP7O28Eu0.01Mn0.03
45.55,28,0.01,27.99,150,63,8,55,333.051106,151.964,15.999,135.965,885,220,60,160,9,3.44,0,3.44,23,7,1,6,47.66296174,13.618054,4.34066354,9.27739046,539.63,224,0.63,223.37,1088.344796,447.972,1.51964,446.45236,4317.45,1710,1.85,1708.15,122.032,96.32,0,96.32,223.3,168,0.02,167.98,517.4820165,381.305512,0.05670385,381.2488082,298,347,460,Ca9.5KP7O28Eu0.01Mn0.04
45.28,28,0.01,27.99,150,63,8,55,333.051106,151.964,15.999,135.965,885,220,60,160,9,3.44,0,3.44,23,7,1,6,47.66296174,13.618054,4.34066354,9.27739046,534.38,224,0.63,223.37,1077.969537,447.972,1.51964,446.45236,4267.65,1680,1.85,1678.15,121.7785,96.32,0,96.32,222.91,168,0.02,167.98,515.8710905,381.305512,0.05670385,381.2488082,298,347,460,Ca9.2KP7O28Eu0.01Mn0.07
45.01,28,0.01,27.99,150,63,8,55,333.051106,151.964,15.999,135.965,885,220,60,160,9,3.44,0,3.44,23,7,1,6,47.66296174,13.618054,4.34066354,9.27739046,529.13,224,0.63,223.37,1067.594278,447.972,1.51964,446.45236,4217.85,1680,1.85,1678.15,121.525,96.32,0,96.32,222.52,168,0.02,167.98,514.2601645,381.305512,0.05670385,381.2488082,298,347,460,Ca8.9KP7O28Eu0.01Mn0.1
14.03,8,0.03,7.97,181,63,8,55,415.440062,151.964,15.999,135.965,960,220,60,160,8.34,3.44,0,3.44,18,6,1,5,45.44060774,13.618054,4.34066354,9.27739046,209.89,64,1.89,62.11,450.100044,137.327,4.55892,132.76808,1520.55,480,5.55,474.45,35.43,27.52,0,27.52,64.06,48,0.06,47.94,150.0940618,108.944432,0.17011155,108.7743205,298,350,460,K2BaCaP2O8Eu0.03
20,12,0.01,11.99,181,63,8,55,415.440062,151.964,15.999,135.965,960,220,60,160,8.34,3.44,0,3.44,18,6,1,5,45.44060774,13.618054,4.34066354,9.27739046,348.07,167.44,0.63,166.81,776.212956,410.60773,1.51964,409.08809,2064.7,720,1.85,718.15,52.3311,41.28,0,41.28,96,72,0.02,71.98,220.970104,163.416648,0.05670385,163.3599442,298,365,460,Ba2.99CaKP3O12Eu0.01
20,12,0.01,11.99,206,63,8,55,470.378106,151.964,15.999,135.965,1100,220,60,160,9.89,3.44,0,3.44,25,7,1,6,52.87462574,13.618054,4.34066354,9.27739046,348.32,167.44,0.63,166.81,776.9559582,410.60773,1.51964,409.08809,2062.7,720,1.85,718.15,52.3586,41.28,0,41.28,96.25,72,0.02,71.98,221.0361471,163.416648,0.05670385,163.3599442,298,365,460,Ba2.99Ca0.95KP3O12Eu0.01Mn0.05
15,7,0.02,6.98,139,63,8,55,310.0624472,151.964,15.999,135.965,725,185,50,135,11.87,3.98,0,3.98,28,7,2,5,58.4101152,17.42282,5.670385,11.752435,183.82,78.8,0.5,78.3,371.2444472,157.90732,1.09876088,156.8085591,1459.4,709.2,2.8,706.4,39.811,24.08,0,24.08,72.1,42,0.08,41.92,170.9367112,95.326378,0.14868036,95.17769764,298,400,460,Ca3.94Si2O7F2Eu0.04Mn0.02
15,7,0.04,6.96,139,63,8,55,310.0624472,151.964,15.999,135.965,725,185,50,135,11.87,3.98,0,3.98,28,7,2,5,58.4101152,17.42282,5.670385,11.752435,183.92,78.4,1,77.4,371.5416481,157.10576,2.19752176,154.9082382,1458.6,705.6,5.6,700,39.822,24.08,0,24.08,72.2,42,0.08,41.92,170.9631285,95.326378,0.2268154,95.0995626,298,400,460,Ca3.92Si2O7F2Eu0.04Mn0.04
42.01,24,0.01,23.99,194,63,8,55,441.455232,151.964,15.999,135.965,930,195,60,135,12.79,3.44,0,3.44,29,7,2,5,62.5844932,13.618054,5.5769,8.041154,552.63,192,0.63,191.37,1138.95692,383.976,1.51964,382.45636,4066.85,1620,1.85,1618.15,111.83,82.56,0,82.56,208.02,144,0.02,143.98,474.0056697,326.833296,0.05670385,326.7765922,298,345,461,Ca9LaP5SiO24Cl2Eu0.01
42.03,24,0.03,23.97,194,63,8,55,441.455232,151.964,15.999,135.965,930,195,60,135,12.79,3.44,0,3.44,29,7,2,5,62.5844932,13.618054,5.5769,8.041154,553.89,192,1.89,190.11,1141.9962,383.976,4.55892,379.41708,4070.55,1620,5.55,1614.45,111.83,82.56,0,82.56,208.06,144,0.06,143.94,474.1190774,326.833296,0.17011155,326.6631845,298,345,461,Ca9LaP5SiO24Cl2Eu0.03
42.05,24,0.05,23.95,194,63,8,55,441.455232,151.964,15.999,135.965,930,195,60,135,12.79,3.44,0,3.44,29,7,2,5,62.5844932,13.618054,5.5769,8.041154,555.15,192,3.15,188.85,1145.03548,383.976,7.5982,376.3778,4074.25,1620,9.25,1610.75,111.83,82.56,0,82.56,208.1,144,0.1,143.9,474.2324851,326.833296,0.28351925,326.5497768,298,345,461,Ca9LaP5SiO24Cl2Eu0.05
42.08,24,0.08,23.92,194,63,8,55,441.455232,151.964,15.999,135.965,930,195,60,135,12.79,3.44,0,3.44,29,7,2,5,62.5844932,13.618054,5.5769,8.041154,557.04,192,5.04,186.96,1149.5944,383.976,12.15712,371.81888,4079.8,1620,14.8,1605.2,111.83,82.56,0,82.56,208.16,144,0.16,143.84,474.4025966,326.833296,0.4536308,326.3796652,298,345,461,Ca9LaP5SiO24Cl2Eu0.08
42.1,24,0.1,23.9,194,63,8,55,441.455232,151.964,15.999,135.965,930,195,60,135,12.79,3.44,0,3.44,29,7,2,5,62.5844932,13.618054,5.5769,8.041154,558.3,192,6.3,185.7,1152.63368,383.976,15.1964,368.7796,4083.5,1620,18.5,1601.5,111.83,82.56,0,82.56,208.2,144,0.2,143.8,474.5160043,326.833296,0.5670385,326.2662575,298,345,461,Ca9LaP5SiO24Cl2Eu0.1
42.15,24,0.15,23.85,194,63,8,55,441.455232,151.964,15.999,135.965,930,195,60,135,12.79,3.44,0,3.44,29,7,2,5,62.5844932,13.618054,5.5769,8.041154,561.45,192,9.45,182.55,1160.23188,383.976,22.7946,361.1814,4092.75,1620,27.75,1592.25,111.83,82.56,0,82.56,208.3,144,0.3,143.7,474.7995236,326.833296,0.85055775,325.9827383,298,345,461,Ca9LaP5SiO24Cl2Eu0.15
42.2,24,0.2,23.8,194,63,8,55,441.455232,151.964,15.999,135.965,930,195,60,135,12.79,3.44,0,3.44,29,7,2,5,62.5844932,13.618054,5.5769,8.041154,564.6,192,12.6,179.4,1167.83008,383.976,28.085,355.891,4102,1620,37,1583,111.83,82.56,0,82.56,208.4,144,0.4,143.6,475.0830428,326.833296,1.134077,325.699219,298,345,461,Ca9LaP5SiO24Cl2Eu0.2
42.3,24,0.3,23.7,194,63,8,55,441.455232,151.964,15.999,135.965,930,195,60,135,12.79,3.44,0,3.44,29,7,2,5,62.5844932,13.618054,5.5769,8.041154,570.9,192,14,178,1183.02648,383.976,28.085,355.891,4120.5,1620,55.5,1564.5,111.83,82.56,0,82.56,208.6,144,0.6,143.4,475.6500813,326.833296,1.7011155,325.1321805,298,345,461,Ca9LaP5SiO24Cl2Eu0.3
42.5,24,0.5,23.5,194,63,8,55,441.455232,151.964,15.999,135.965,930,195,60,135,12.79,3.44,0,3.44,29,7,2,5,62.5844932,13.618054,5.5769,8.041154,583.5,192,14,178,1213.41928,383.976,28.085,355.891,4157.5,1620,92.5,1527.5,111.83,82.56,0,82.56,209,144,1,143,476.7841583,326.833296,2.8351925,323.9981035,298,345,461,Ca9LaP5SiO24Cl2Eu0.5
26,16,0.06,15.94,118,63,8,55,263.319762,151.964,15.999,135.965,675,185,60,125,7.94,3.44,0,3.44,17,6,2,4,43.5345152,13.618054,5.670385,7.947669,286.58,128,3.78,124.22,579.741208,255.984,9.11784,246.86616,2350.3,960,11.1,948.9,70.67,55.04,0,55.04,128,96,0.12,95.88,301.0872124,217.888864,0.3402231,217.5486409,298,365,461,Ca2.94Mg3P4O16Eu0.06
26,16,0.05,15.95,143,63,8,55,318.257806,151.964,15.999,135.965,815,185,60,125,9.49,3.44,0,3.44,24,7,2,5,50.9685332,13.618054,5.670385,7.947669,287.23,128,1.25,126.75,581.2728602,255.984,2.7469022,253.2370978,2349.8,960,7,953,70.682,55.04,0,55.04,128.25,96,0.12,95.88,301.0766015,217.888864,0.3402231,217.5486409,298,365,461,Ca2.94Mg2.95P4O16Eu0.06Mn0.05
26,16,0.06,15.94,143,63,8,55,318.257806,151.964,15.999,135.965,815,185,60,125,9.49,3.44,0,3.44,24,7,2,5,50.9685332,13.618054,5.670385,7.947669,287.88,128,2.5,125.5,582.8045124,255.984,5.4938044,250.4901956,2349.3,960,11.1,948.9,70.694,55.04,0,55.04,128.5,96,0.12,95.88,301.0659907,217.888864,0.3402231,217.5486409,298,365,461,Ca2.94Mg2.9P4O16Eu0.06Mn0.1
26,16,0.06,15.94,143,63,8,55,318.257806,151.964,15.999,135.965,815,185,60,125,9.49,3.44,0,3.44,24,7,2,5,50.9685332,13.618054,5.670385,7.947669,289.18,128,3.78,124.22,585.8678168,255.984,9.11784,246.86616,2348.3,960,11.1,948.9,70.718,55.04,0,55.04,129,96,0.12,95.88,301.044769,217.888864,0.3402231,217.5486409,298,365,461,Ca2.94Mg2.8P4O16Eu0.06Mn0.2
26,16,0.06,15.94,143,63,8,55,318.257806,151.964,15.999,135.965,815,185,60,125,9.49,3.44,0,3.44,24,7,2,5,50.9685332,13.618054,5.670385,7.947669,290.48,128,3.78,124.22,588.9311212,255.984,9.11784,246.86616,2347.3,960,11.1,948.9,70.742,55.04,0,55.04,129.5,96,0.12,95.88,301.0235473,217.888864,0.3402231,217.5486409,298,365,461,Ca2.94Mg2.7P4O16Eu0.06Mn0.3
13,8,0.01,7.99,189,64,8,56,435.363062,157.25,15.999,141.251,925,220,60,160,8.65,3.44,0,3.44,18,6,1,5,46.37873974,13.618054,4.34066354,9.27739046,197.43,64,0.63,63.37,427.484684,157.25,1.51964,155.73036,1260.05,480,1.85,478.15,34.91,27.52,0,27.52,63,48,0.02,47.98,146.516991,108.944432,0.05670385,108.8877282,298,365,462,KCa0.99GdP2O8Eu0.01
13,8,0.03,7.97,189,64,8,56,435.363062,157.25,15.999,141.251,925,220,60,160,8.65,3.44,0,3.44,18,6,1,5,46.37873974,13.618054,4.34066354,9.27739046,198.29,64,1.89,62.11,429.722404,157.25,4.55892,152.69108,1260.15,480,5.55,474.45,34.89,27.52,0,27.52,63,48,0.06,47.94,146.5081356,108.944432,0.17011155,108.7743205,298,365,462,KCa0.97GdP2O8Eu0.03
13,8,0.05,7.95,189,64,8,56,435.363062,157.25,15.999,141.251,925,220,60,160,8.65,3.44,0,3.44,18,6,1,5,46.37873974,13.618054,4.34066354,9.27739046,199.15,64,3.15,60.85,431.960124,157.25,7.5982,149.6518,1260.25,480,9.25,470.75,34.87,27.52,0,27.52,63,48,0.1,47.9,146.4992802,108.944432,0.28351925,108.6609128,298,365,462,KCa0.95GdP2O8Eu0.05
13,8,0.07,7.93,189,64,8,56,435.363062,157.25,15.999,141.251,925,220,60,160,8.65,3.44,0,3.44,18,6,1,5,46.37873974,13.618054,4.34066354,9.27739046,200.01,64,4.41,59.59,434.197844,157.25,10.63748,146.61252,1260.35,480,12.95,467.05,34.85,27.52,0,27.52,63,48,0.14,47.86,146.4904248,108.944432,0.39692695,108.5475051,298,365,462,KCa0.93GdP2O8Eu0.07
13,8,0.1,7.9,189,64,8,56,435.363062,157.25,15.999,141.251,925,220,60,160,8.65,3.44,0,3.44,18,6,1,5,46.37873974,13.618054,4.34066354,9.27739046,201.3,64,6.3,57.7,437.554424,157.25,15.1964,142.0536,1260.5,480,18.5,461.5,34.82,27.52,0,27.52,63,48,0.2,47.8,146.4771417,108.944432,0.5670385,108.3773935,298,365,462,KCa0.9GdP2O8Eu0.1
13,8,0.01,7.99,214,64,8,56,490.301106,157.25,15.999,141.251,1065,220,60,160,10.2,3.44,0,3.44,25,7,1,6,53.81275774,13.618054,4.34066354,9.27739046,197.48,64,0.25,63.75,427.6332844,157.25,0.54938044,156.7006196,1259.65,480,1.4,478.6,34.9155,27.52,0,27.52,63.05,48,0.02,47.98,146.5301997,108.944432,0.05670385,108.8877282,298,365,462,KCa0.98GdP2O8Eu0.01Mn0.01
13,8,0.01,7.99,214,64,8,56,490.301106,157.25,15.999,141.251,1065,220,60,160,10.2,3.44,0,3.44,25,7,1,6,53.81275774,13.618054,4.34066354,9.27739046,197.58,64,0.63,63.37,427.9304853,157.25,1.51964,155.73036,1258.85,480,1.85,478.15,34.9265,27.52,0,27.52,63.15,48,0.02,47.98,146.5566169,108.944432,0.05670385,108.8877282,298,365,462,KCa0.96GdP2O8Eu0.01Mn0.03
13,8,0.01,7.99,214,64,8,56,490.301106,157.25,15.999,141.251,1065,220,60,160,10.2,3.44,0,3.44,25,7,1,6,53.81275774,13.618054,4.34066354,9.27739046,197.68,64,0.63,63.37,428.2276862,157.25,1.51964,155.73036,1258.05,480,1.85,478.15,34.9375,27.52,0,27.52,63.25,48,0.02,47.98,146.5830342,108.944432,0.05670385,108.8877282,298,365,462,KCa0.94GdP2O8Eu0.01Mn0.05
13,8,0.01,7.99,214,64,8,56,490.301106,157.25,15.999,141.251,1065,220,60,160,10.2,3.44,0,3.44,25,7,1,6,53.81275774,13.618054,4.34066354,9.27739046,197.78,64,0.63,63.37,428.5248871,157.25,1.51964,155.73036,1257.25,480,1.85,478.15,34.9485,27.52,0,27.52,63.35,48,0.02,47.98,146.6094514,108.944432,0.05670385,108.8877282,298,365,462,KCa0.92GdP2O8Eu0.01Mn0.07
13,8,0.01,7.99,214,64,8,56,490.301106,157.25,15.999,141.251,1065,220,60,160,10.2,3.44,0,3.44,25,7,1,6,53.81275774,13.618054,4.34066354,9.27739046,197.93,64,0.63,63.37,428.9706884,157.25,1.51964,155.73036,1256.05,480,1.85,478.15,34.965,27.52,0,27.52,63.5,48,0.02,47.98,146.6490773,108.944432,0.05670385,108.8877282,298,365,462,KCa0.89GdP2O8Eu0.01Mn0.1
20,12,0.02,11.98,149,63,8,55,336.2403785,151.964,15.999,135.965,810,185,60,125,9.48,3.44,0,3.44,20,6,2,4,47.2893854,13.618054,5.670385,7.947669,253.02,96,1.26,94.74,531.095937,191.988,3.03928,188.94872,1850.7,720,3.7,716.3,53.3338,41.28,0,41.28,96,72,0.04,71.96,219.3790238,163.416648,0.1134077,163.3032403,298,370,462,Y2Mg1.98Al2Si2O12Eu0.02
16.04,10,0.04,9.96,153,63,8,55,357.68,151.964,15.999,135.965,720,215,60,155,7.54,3.44,0,3.44,16,6,2,4,40.298021,13.618054,5.211664,8.40639,206.52,80,2.52,77.48,440.04056,159.99,6.07856,153.91144,1412.4,600,7.4,592.6,44.2,34.4,0,34.4,80.08,60,0.08,59.92,181.8719864,136.18054,0.2268154,135.9537246,298,360,464,BaMgSi4O10Eu0.04
16.06,10,0.02,9.98,178,63,8,55,412.618044,151.964,15.999,135.965,860,215,60,155,9.09,3.44,0,3.44,23,7,2,5,47.732039,13.618054,5.211664,8.40639,207.02,80,0.5,79.5,441.1393209,159.99,1.09876088,158.8912391,1415.2,600,2.8,597.2,44.231,34.4,0,34.4,80.22,60,0.08,59.92,182.0206668,136.18054,0.14868036,136.0318596,298,360,464,BaMgSi4O10Eu0.04Mn0.02
16.08,10,0.04,9.96,178,63,8,55,412.618044,151.964,15.999,135.965,860,215,60,155,9.09,3.44,0,3.44,23,7,2,5,47.732039,13.618054,5.211664,8.40639,207.52,80,1,79,442.2380818,159.99,2.19752176,157.7924782,1418,600,5.6,594.4,44.262,34.4,0,34.4,80.36,60,0.08,59.92,182.1693471,136.18054,0.2268154,135.9537246,298,360,464,BaMgSi4O10Eu0.04Mn0.04
20,12,0.01,11.99,149,63,8,55,336.2403785,151.964,15.999,135.965,810,185,60,125,9.48,3.44,0,3.44,20,6,2,4,47.2893854,13.618054,5.670385,7.947669,252.51,96,0.63,95.37,529.819347,191.988,1.51964,190.46836,1850.35,720,1.85,718.15,53.3469,41.28,0,41.28,96,72,0.02,71.98,219.3987823,163.416648,0.05670385,163.3599442,298,365,464,Y2Mg1.99Al2Si2O12Eu0.01
20.98,12,0.01,11.99,219,63,8,55,517.1574044,151.964,15.999,135.965,985,215,50,165,12.53,3.98,0,3.98,26,7,1,6,63.1255857,17.42282,5.1390767,12.2837433,384.95,166.32,0.63,165.69,875.1837584,407.86119,1.51964,406.34155,2085.4,720,1.85,718.15,56.5033,41.28,0,41.28,103.96,72,0.02,71.98,238.5508486,163.416648,0.05670385,163.3599442,298,355,465,Ba2.97LaNaP3O12FEu0.01
20,12,0.001,11.999,207,63,8,55,476.3563785,151.964,15.999,135.965,995,185,60,125,10.6,3.44,0,3.44,22,6,2,4,52.8279854,13.618054,5.5386,8.079454,252.529,96,0.058,95.942,529.8705572,191.988,0.140116,191.847884,1850.355,720,0.185,719.815,53.3468,41.28,0,41.28,95.999,72,0.002,71.998,219.3981036,163.416648,0.0055386,163.4111094,298,365,465,Y1.999Mg1.99Al2Si2O12Eu0.01Ce0.001
44.944,28,0.007,27.993,183,63,8,55,415.540602,151.964,15.999,135.965,905,200,60,140,8.8,3.44,0,3.44,20,6,2,4,47.8004074,13.618054,5.670385,7.947669,563.381,224,0.441,223.559,1155.722808,447.972,1.063748,446.908252,4187.955,1680,1.295,1678.705,121.762,96.32,0,96.32,223.888,168,0.014,167.986,515.2260755,381.305512,0.039692695,381.2658193,298,380,465,Ca8.037Sr0.9YP7O28Eu0.007
20,12,0.005,11.995,207,63,8,55,476.3563785,151.964,15.999,135.965,995,185,60,125,10.6,3.44,0,3.44,22,6,2,4,52.8279854,13.618054,5.5386,8.079454,252.605,96,0.29,95.71,530.0753978,191.988,0.70058,191.28742,1850.375,720,0.925,719.075,53.3464,41.28,0,41.28,95.995,72,0.01,71.99,219.395389,163.416648,0.027693,163.388955,298,365,466,Y1.995Mg1.99Al2Si2O12Eu0.01Ce0.005
21.03,12,0.03,11.97,183,63,8,55,417.4507744,151.964,15.999,135.965,955,200,50,150,12.71,3.98,0,3.98,26,7,1,6,64.2491489,17.42282,5.1390767,12.2837433,315.89,114,1.89,112.11,683.2222184,262.86,4.55892,258.30108,2035.55,720,5.55,714.45,56.83,41.28,0,41.28,104.06,72,0.06,71.94,240.9105759,163.416648,0.17011155,163.2465365,298,365,467,Sr3NaYP3O12FEu0.03
21.06,12,0.03,11.97,208,63,8,55,472.3888184,151.964,15.999,135.965,1095,200,50,150,14.26,3.98,0,3.98,33,7,1,6,71.6831669,17.42282,5.1390767,12.2837433,316.64,114,0.75,113.25,684.8703598,262.86,1.64814132,261.2118587,2039.75,720,4.2,715.8,56.8765,41.28,0,41.28,104.27,72,0.06,71.94,241.1335964,163.416648,0.17011155,163.2465365,298,365,467,Sr3NaYP3O12FEu0.03Mn0.03
21.09,12,0.03,11.97,208,63,8,55,472.3888184,151.964,15.999,135.965,1095,200,50,150,14.26,3.98,0,3.98,33,7,1,6,71.6831669,17.42282,5.1390767,12.2837433,317.39,114,1.5,112.5,686.5185011,262.86,3.29628264,259.5637174,2043.95,720,5.55,714.45,56.923,41.28,0,41.28,104.48,72,0.06,71.94,241.3566169,163.416648,0.17011155,163.2465365,298,365,467,Sr3NaYP3O12FEu0.03Mn0.06
21.12,12,0.03,11.97,208,63,8,55,472.3888184,151.964,15.999,135.965,1095,200,50,150,14.26,3.98,0,3.98,33,7,1,6,71.6831669,17.42282,5.1390767,12.2837433,318.14,114,1.89,112.11,688.1666424,262.86,4.55892,258.30108,2048.15,720,5.55,714.45,56.9695,41.28,0,41.28,104.69,72,0.06,71.94,241.5796375,163.416648,0.17011155,163.2465365,298,365,467,Sr3NaYP3O12FEu0.03Mn0.09
21.15,12,0.03,11.97,208,63,8,55,472.3888184,151.964,15.999,135.965,1095,200,50,150,14.26,3.98,0,3.98,33,7,1,6,71.6831669,17.42282,5.1390767,12.2837433,318.89,114,1.89,112.11,689.8147837,262.86,4.55892,258.30108,2052.35,720,5.55,714.45,57.016,41.28,0,41.28,104.9,72,0.06,71.94,241.802658,163.416648,0.17011155,163.2465365,298,365,467,Sr3NaYP3O12FEu0.03Mn0.12
21.18,12,0.03,11.97,208,63,8,55,472.3888184,151.964,15.999,135.965,1095,200,50,150,14.26,3.98,0,3.98,33,7,1,6,71.6831669,17.42282,5.1390767,12.2837433,319.64,114,1.89,112.11,691.462925,262.86,4.55892,258.30108,2056.55,720,5.55,714.45,57.0625,41.28,0,41.28,105.11,72,0.06,71.94,242.0256786,163.416648,0.17011155,163.2465365,298,365,467,Sr3NaYP3O12FEu0.03Mn0.15
28.98,18,0.02,17.98,110,63,8,55,247.3345385,151.964,15.999,135.965,630,185,60,125,8.26,3.44,0,3.44,17,6,2,4,41.0721254,13.618054,5.670385,7.947669,290.78,144,1.26,142.74,587.010234,287.982,3.03928,284.94272,2427.7,1080,3.7,1076.3,80.4276,61.92,0,61.92,143.96,108,0.04,107.96,324.9264889,245.124972,0.1134077,245.0115643,298,365,469,Mg1.96Al4Si5O18Eu0.02
28.96,18,0.02,17.98,135,63,8,55,302.2725825,151.964,15.999,135.965,770,185,60,125,9.81,3.44,0,3.44,24,7,2,5,48.5061434,13.618054,5.670385,7.947669,290.8,144,0.5,143.5,587.1367949,287.982,1.09876088,286.8832391,2424.5,1080,2.8,1077.2,80.4062,61.92,0,61.92,144.02,108,0.04,107.96,324.7693199,245.124972,0.1134077,245.0115643,298,365,469,Mg1.92Al4Si5O18Eu0.02Mn0.02
28.94,18,0.02,17.98,135,63,8,55,302.2725825,151.964,15.999,135.965,770,185,60,125,9.81,3.44,0,3.44,24,7,2,5,48.5061434,13.618054,5.670385,7.947669,290.82,144,1,143,587.2633558,287.982,2.19752176,285.7844782,2421.3,1080,3.7,1076.3,80.3848,61.92,0,61.92,144.08,108,0.04,107.96,324.6121508,245.124972,0.1134077,245.0115643,298,365,469,Mg1.88Al4Si5O18Eu0.02Mn0.04
28.92,18,0.02,17.98,135,63,8,55,302.2725825,151.964,15.999,135.965,770,185,60,125,9.81,3.44,0,3.44,24,7,2,5,48.5061434,13.618054,5.670385,7.947669,290.84,144,1.26,142.74,587.3899166,287.982,3.03928,284.94272,2418.1,1080,3.7,1076.3,80.3634,61.92,0,61.92,144.14,108,0.04,107.96,324.4549818,245.124972,0.1134077,245.0115643,298,365,469,Mg1.84Al4Si5O18Eu0.02Mn0.06
28.9,18,0.02,17.98,135,63,8,55,302.2725825,151.964,15.999,135.965,770,185,60,125,9.81,3.44,0,3.44,24,7,2,5,48.5061434,13.618054,5.670385,7.947669,290.86,144,1.26,142.74,587.5164775,287.982,3.03928,284.94272,2414.9,1080,3.7,1076.3,80.342,61.92,0,61.92,144.2,108,0.04,107.96,324.2978127,245.124972,0.1134077,245.0115643,298,365,469,Mg1.8Al4Si5O18Eu0.02Mn0.08
28.88,18,0.02,17.98,135,63,8,55,302.2725825,151.964,15.999,135.965,770,185,60,125,9.81,3.44,0,3.44,24,7,2,5,48.5061434,13.618054,5.670385,7.947669,290.88,144,1.26,142.74,587.6430384,287.982,3.03928,284.94272,2411.7,1080,3.7,1076.3,80.3206,61.92,0,61.92,144.26,108,0.04,107.96,324.1406437,245.124972,0.1134077,245.0115643,298,365,469,Mg1.76Al4Si5O18Eu0.02Mn0.1
28.86,18,0.02,17.98,135,63,8,55,302.2725825,151.964,15.999,135.965,770,185,60,125,9.81,3.44,0,3.44,24,7,2,5,48.5061434,13.618054,5.670385,7.947669,290.9,144,1.26,142.74,587.7695993,287.982,3.03928,284.94272,2408.5,1080,3.7,1076.3,80.2992,61.92,0,61.92,144.32,108,0.04,107.96,323.9834747,245.124972,0.1134077,245.0115643,298,365,469,Mg1.72Al4Si5O18Eu0.02Mn0.12
20,12,0.03,11.97,149,63,8,55,336.2403785,151.964,15.999,135.965,810,185,60,125,9.48,3.44,0,3.44,20,6,2,4,47.2893854,13.618054,5.670385,7.947669,253.53,96,1.89,94.11,532.372527,191.988,4.55892,187.42908,1851.05,720,5.55,714.45,53.3207,41.28,0,41.28,96,72,0.06,71.94,219.3592653,163.416648,0.17011155,163.2465365,298,370,469,Y2Mg1.97Al2Si2O12Eu0.03
13.01,8,0.01,7.99,164,63,8,55,367.018902,151.964,15.999,135.965,925,220,60,160,8.67,3.44,0,3.44,19,6,1,5,46.44620374,13.618054,4.34066354,9.27739046,172.63,64,0.63,63.37,359.541304,127.992,1.51964,126.47236,1261.85,480,1.85,478.15,34.94,27.52,0,27.52,64.02,48,0.02,47.98,146.6455866,108.944432,0.05670385,108.8877282,298,380,469,KCaYP2O8Eu0.01
13.02,8,0.01,7.99,189,63,8,55,421.956946,151.964,15.999,135.965,1065,220,60,160,10.22,3.44,0,3.44,26,7,1,6,53.88022174,13.618054,4.34066354,9.27739046,172.88,64,0.25,63.75,360.0906844,127.992,0.54938044,127.4426196,1263.25,480,1.4,478.6,34.9555,27.52,0,27.52,64.09,48,0.02,47.98,146.7199268,108.944432,0.05670385,108.8877282,298,380,469,KCaYP2O8Eu0.01Mn0.01
13.03,8,0.01,7.99,189,63,8,55,421.956946,151.964,15.999,135.965,1065,220,60,160,10.22,3.44,0,3.44,26,7,1,6,53.88022174,13.618054,4.34066354,9.27739046,173.13,64,0.5,63.5,360.6400649,127.992,1.09876088,126.8932391,1264.65,480,1.85,478.15,34.971,27.52,0,27.52,64.16,48,0.02,47.98,146.7942669,108.944432,0.05670385,108.8877282,298,380,469,KCaYP2O8Eu0.01Mn0.02
13.05,8,0.01,7.99,189,63,8,55,421.956946,151.964,15.999,135.965,1065,220,60,160,10.22,3.44,0,3.44,26,7,1,6,53.88022174,13.618054,4.34066354,9.27739046,173.63,64,0.63,63.37,361.7388258,127.992,1.51964,126.47236,1267.45,480,1.85,478.15,35.002,27.52,0,27.52,64.3,48,0.02,47.98,146.9429473,108.944432,0.05670385,108.8877282,298,380,469,KCaYP2O8Eu0.01Mn0.04
13.06,8,0.01,7.99,189,63,8,55,421.956946,151.964,15.999,135.965,1065,220,60,160,10.22,3.44,0,3.44,26,7,1,6,53.88022174,13.618054,4.34066354,9.27739046,173.88,64,0.63,63.37,362.2882062,127.992,1.51964,126.47236,1268.85,480,1.85,478.15,35.0175,27.52,0,27.52,64.37,48,0.02,47.98,147.0172875,108.944432,0.05670385,108.8877282,298,380,469,KCaYP2O8Eu0.01Mn0.05
7,4,0.01,3.99,145,63,3,60,343.203762,151.964,6.94,145.024,705,215,60,155,7.5,3.44,0,3.44,16,6,1,5,40.37850376,13.618054,5.211664,8.40639,106.07,55.44,0.63,54.81,239.383132,135.95373,1.51964,134.43409,699.7,240,1.85,238.15,17.8111,13.76,0,13.76,32,24,0.02,23.98,75.56686797,54.472216,0.05670385,54.41551215,298,350,470,LiBa0.99PO4Eu0.01
7,4,0.03,3.97,145,63,3,60,343.203762,151.964,6.94,145.024,705,215,60,155,7.5,3.44,0,3.44,16,6,1,5,40.37850376,13.618054,5.211664,8.40639,106.21,54.32,1.89,52.43,239.675872,133.20719,4.55892,128.64827,699.1,240,5.55,234.45,17.7933,13.76,0,13.76,32,24,0.06,23.94,75.57604239,54.472216,0.17011155,54.30210445,298,350,470,LiBa0.97PO4Eu0.03
2,0.985,0.005,0.98,196,65,11,54,460.5974193,158.92535,22.98976928,135.9355807,960,220,175,45,2.7,0.95,0,0.95,8,2,1,1,26.70879244,5.8638,4.34066354,1.52313646,52.595,37.43,0.315,37.115,118.0879551,86.3057,0.75982,85.54588,395.675,197,0.925,196.075,1.82175,0.93575,0,0.93575,3,1.97,0.01,1.96,10.51614555,5.609444192,0.028351925,5.581092267,298,365,472,K0.4Na0.6Sr0.985Eu0.005Tb0.01
2,0.965,0.005,0.96,196,65,11,54,460.5974193,158.92535,22.98976928,135.9355807,960,220,175,45,2.7,0.95,0,0.95,8,2,1,1,26.70879244,5.8638,4.34066354,1.52313646,53.135,36.67,0.315,36.355,119.5140621,84.5533,0.75982,83.79348,395.175,193,0.925,192.075,1.80275,0.91675,0,0.91675,3,1.93,0.01,1.92,10.51952421,5.495546848,0.028351925,5.467194923,298,365,472,K0.4Na0.6Sr0.965Eu0.005Tb0.03
2,0.945,0.005,0.94,196,65,11,54,460.5974193,158.92535,22.98976928,135.9355807,960,220,175,45,2.7,0.95,0,0.95,8,2,1,1,26.70879244,5.8638,4.34066354,1.52313646,53.675,35.91,0.315,35.595,120.9401691,82.8009,0.75982,82.04108,394.675,189,0.925,188.075,1.78375,0.89775,0,0.89775,3,1.89,0.01,1.88,10.52290287,5.381649504,0.028351925,5.353297579,298,365,472,K0.4Na0.6Sr0.945Eu0.005Tb0.05
14.008,8,0.008,7.992,136,63,8,55,301.1028313,151.964,15.999,135.965,925,220,60,160,8.38,3.44,0,3.44,17,6,1,5,45.36802044,13.618054,4.34066354,9.27739046,164.504,64,0.504,63.496,333.3993053,127.992,1.215712,126.776288,1441.48,480,1.48,478.52,35.65,27.52,0,27.52,64.016,48,0.016,47.984,151.6692177,108.944432,0.04536308,108.8990689,298,365,472,KNaCa2P2O8Eu0.008
14.058,8,0.008,7.992,161,63,8,55,356.0408753,151.964,15.999,135.965,1065,220,60,160,9.93,3.44,0,3.44,24,7,1,6,52.80203844,13.618054,4.34066354,9.27739046,165.754,64,0.504,63.496,336.1462075,127.992,1.215712,126.776288,1448.48,480,1.48,478.52,35.7275,27.52,0,27.52,64.366,48,0.016,47.984,152.0409186,108.944432,0.04536308,108.8990689,298,365,472,KNaCa2P2O8Eu0.008Mn0.05
14.078,8,0.008,7.992,161,63,8,55,356.0408753,151.964,15.999,135.965,1065,220,60,160,9.93,3.44,0,3.44,24,7,1,6,52.80203844,13.618054,4.34066354,9.27739046,166.254,64,0.504,63.496,337.2449684,127.992,1.215712,126.776288,1451.28,480,1.48,478.52,35.7585,27.52,0,27.52,64.506,48,0.016,47.984,152.189599,108.944432,0.04536308,108.8990689,298,365,472,KNaCa2P2O8Eu0.008Mn0.07
20,12,0.05,11.95,149,63,8,55,336.2403785,151.964,15.999,135.965,810,185,60,125,9.48,3.44,0,3.44,20,6,2,4,47.2893854,13.618054,5.670385,7.947669,254.55,96,3.15,92.85,534.925707,191.988,7.5982,184.3898,1851.75,720,9.25,710.75,53.2945,41.28,0,41.28,96,72,0.1,71.9,219.3197483,163.416648,0.28351925,163.1331288,298,370,472,Y2Mg1.95Al2Si2O12Eu0.05
44.944,28,0.007,27.993,183,63,8,55,415.540602,151.964,15.999,135.965,905,200,60,140,8.8,3.44,0,3.44,20,6,2,4,47.8004074,13.618054,5.670385,7.947669,555.281,224,0.441,223.559,1134.328908,447.972,1.063748,446.908252,4178.955,1680,1.295,1678.705,121.7845,96.32,0,96.32,223.888,168,0.014,167.986,515.4143051,381.305512,0.039692695,381.2658193,298,380,472,Ca8.487Sr0.45YP7O28Eu0.007
20,12,0.01,11.99,207,63,8,55,476.3563785,151.964,15.999,135.965,995,185,60,125,10.6,3.44,0,3.44,22,6,2,4,52.8279854,13.618054,5.5386,8.079454,252.7,96,0.58,95.42,530.3314486,191.988,1.40116,190.58684,1850.4,720,1.85,718.15,53.3459,41.28,0,41.28,95.99,72,0.02,71.98,219.3919957,163.416648,0.055386,163.361262,298,365,476,Y1.99Mg1.99Al2Si2O12Eu0.01Ce0.01
20,12,0.06,11.94,149,63,8,55,336.2403785,151.964,15.999,135.965,810,185,60,125,9.48,3.44,0,3.44,20,6,2,4,47.2893854,13.618054,5.670385,7.947669,255.06,96,3.78,92.22,536.202297,191.988,9.11784,182.87016,1852.1,720,11.1,708.9,53.2814,41.28,0,41.28,96,72,0.12,71.88,219.2999898,163.416648,0.3402231,163.0764249,298,370,479,Y2Mg1.94Al2Si2O12Eu0.06
26.97,15,0.01,14.99,128,63,8,55,283.4207693,151.964,15.999,135.965,865,185,60,125,8.58,3.44,0,3.44,17,6,1,5,46.3385889,13.618054,5.1390767,8.4789773,301.83,120,0.63,119.37,607.1430586,239.985,1.51964,238.46536,2714.65,900,1.85,898.15,67.64,51.6,0,51.6,119.94,90,0.02,89.98,286.7129638,204.27081,0.05670385,204.2141062,298,330,480,Na2Ca3.96Mg2Si4O15Eu0.01
26.96,15,0.01,14.99,153,63,8,55,338.3588133,151.964,15.999,135.965,1005,185,60,125,10.13,3.44,0,3.44,24,7,1,6,53.7726069,13.618054,5.1390767,8.4789773,301.84,120,0.25,119.75,607.206339,239.985,0.54938044,239.4356196,2713.05,900,1.4,898.6,67.6293,51.6,0,51.6,119.97,90,0.02,89.98,286.6343793,204.27081,0.05670385,204.2141062,298,330,480,Na2Ca3.96Mg1.98Si4O15Eu0.01Mn0.01
26.95,15,0.01,14.99,153,63,8,55,338.3588133,151.964,15.999,135.965,1005,185,60,125,10.13,3.44,0,3.44,24,7,1,6,53.7726069,13.618054,5.1390767,8.4789773,301.85,120,0.5,119.5,607.2696194,239.985,1.09876088,238.8862391,2711.45,900,1.85,898.15,67.6186,51.6,0,51.6,120,90,0.02,89.98,286.5557948,204.27081,0.05670385,204.2141062,298,330,480,Na2Ca3.96Mg1.96Si4O15Eu0.01Mn0.02
26.94,15,0.01,14.99,153,63,8,55,338.3588133,151.964,15.999,135.965,1005,185,60,125,10.13,3.44,0,3.44,24,7,1,6,53.7726069,13.618054,5.1390767,8.4789773,301.86,120,0.63,119.37,607.3328999,239.985,1.51964,238.46536,2709.85,900,1.85,898.15,67.6079,51.6,0,51.6,120.03,90,0.02,89.98,286.4772103,204.27081,0.05670385,204.2141062,298,330,480,Na2Ca3.96Mg1.94Si4O15Eu0.01Mn0.03
26.93,15,0.01,14.99,153,63,8,55,338.3588133,151.964,15.999,135.965,1005,185,60,125,10.13,3.44,0,3.44,24,7,1,6,53.7726069,13.618054,5.1390767,8.4789773,301.87,120,0.63,119.37,607.3961803,239.985,1.51964,238.46536,2708.25,900,1.85,898.15,67.5972,51.6,0,51.6,120.06,90,0.02,89.98,286.3986258,204.27081,0.05670385,204.2141062,298,330,480,Na2Ca3.96Mg1.92Si4O15Eu0.01Mn0.04
44.92,28,0.01,27.99,177,71,8,63,413.981562,174.9668,15.999,158.9678,700,185,60,125,7.63,3.44,0,3.44,17,6,2,4,41.3141512,13.618054,5.425871,8.192183,578.83,224,0.63,223.37,1198.369754,447.972,1.51964,446.45236,4160.65,1680,1.85,1678.15,121.56,96.32,0,96.32,222.84,168,0.02,167.98,514.6631017,381.305512,0.05670385,381.2488082,298,355,480,Ca8.91LuP7O28Eu0.01
44.84,28,0.01,27.99,202,71,8,63,468.919606,174.9668,15.999,158.9678,840,185,60,125,9.18,3.44,0,3.44,24,7,2,5,48.7481692,13.618054,5.425871,8.192183,577.28,224,0.25,223.75,1195.312114,447.972,0.54938044,447.4226196,4145.85,1680,1.4,1678.6,121.4855,96.32,0,96.32,222.73,168,0.02,167.98,514.1872579,381.305512,0.05670385,381.2488082,298,355,480,Ca8.82LuP7O28Eu0.01Mn0.01
44.76,28,0.01,27.99,202,71,8,63,468.919606,174.9668,15.999,158.9678,840,185,60,125,9.18,3.44,0,3.44,24,7,2,5,48.7481692,13.618054,5.425871,8.192183,575.73,224,0.5,223.5,1192.254475,447.972,1.09876088,446.8732391,4131.05,1680,1.85,1678.15,121.411,96.32,0,96.32,222.62,168,0.02,167.98,513.7114141,381.305512,0.05670385,381.2488082,298,355,480,Ca8.73LuP7O28Eu0.01Mn0.02
44.6,28,0.01,27.99,202,71,8,63,468.919606,174.9668,15.999,158.9678,840,185,60,125,9.18,3.44,0,3.44,24,7,2,5,48.7481692,13.618054,5.425871,8.192183,572.63,224,0.63,223.37,1186.139196,447.972,1.51964,446.45236,4101.45,1680,1.85,1678.15,121.262,96.32,0,96.32,222.4,168,0.02,167.98,512.7597265,381.305512,0.05670385,381.2488082,298,355,480,Ca8.55LuP7O28Eu0.01Mn0.04
2,0.995,0.005,0.99,131,63,11,52,301.6720693,151.964,22.98976928,128.9742307,785,220,180,40,2.7,0.95,0,0.95,6,2,1,1,20.84499244,5.6948672,4.34066354,1.35420366,53.925,37.81,0.315,37.495,120.5966077,87.1819,0.75982,86.42208,403.925,199,0.925,198.075,1.80925,0.94525,0,0.94525,3,1.99,0.01,1.98,10.35477359,5.666392864,0.028351925,5.638040939,298,365,480,K0.6Na0.4Sr0.995Eu0.005
2,0.995,0.005,0.99,131,63,11,52,301.6720693,151.964,22.98976928,128.9742307,785,220,180,40,2.7,0.95,0,0.95,6,2,1,1,20.84499244,5.6948672,4.34066354,1.35420366,53.125,37.81,0.315,37.495,118.9857546,87.1819,0.75982,86.42208,399.925,199,0.925,198.075,1.82025,0.94525,0,0.94525,3,1.99,0.01,1.98,10.43461491,5.666392864,0.028351925,5.638040939,298,365,480,K0.5Na0.5Sr0.995Eu0.005
2,0.995,0.005,0.99,131,63,11,52,301.6720693,151.964,22.98976928,128.9742307,785,220,180,40,2.7,0.95,0,0.95,6,2,1,1,20.84499244,5.6948672,4.34066354,1.35420366,52.325,37.81,0.315,37.495,117.3749016,87.1819,0.75982,86.42208,395.925,199,0.925,198.075,1.83125,0.94525,0,0.94525,3,1.99,0.01,1.98,10.51445623,5.666392864,0.028351925,5.638040939,298,365,480,K0.4Na0.6Sr0.995Eu0.005
2,0.995,0.005,0.99,131,63,11,52,301.6720693,151.964,22.98976928,128.9742307,785,220,180,40,2.7,0.95,0,0.95,6,2,1,1,20.84499244,5.6948672,4.34066354,1.35420366,50.725,37.81,0.315,37.495,114.1531954,87.1819,0.75982,86.42208,387.925,199,0.925,198.075,1.85325,0.94525,0,0.94525,3,1.99,0.01,1.98,10.67413886,5.666392864,0.028351925,5.638040939,298,365,480,K0.2Na0.8Sr0.995Eu0.005
20,12,0.01,11.99,207,63,8,55,476.3563785,151.964,15.999,135.965,995,185,60,125,10.6,3.44,0,3.44,22,6,2,4,52.8279854,13.618054,5.5386,8.079454,252.795,96,0.63,95.37,530.5874994,191.988,1.51964,190.46836,1850.425,720,1.85,718.15,53.3454,41.28,0,41.28,95.985,72,0.02,71.98,219.3886024,163.416648,0.05670385,163.3599442,298,365,480,Y1.985Mg1.99Al2Si2O12Eu0.01Ce0.015
20,12,0.07,11.93,149,63,8,55,336.2403785,151.964,15.999,135.965,810,185,60,125,9.48,3.44,0,3.44,20,6,2,4,47.2893854,13.618054,5.670385,7.947669,255.57,96,4.41,91.59,537.478887,191.988,10.63748,181.35052,1852.45,720,12.95,707.05,53.2683,41.28,0,41.28,96,72,0.14,71.86,219.2802313,163.416648,0.39692695,163.0197211,298,370,480,Y2Mg1.93Al2Si2O12Eu0.07
20,12,0.08,11.92,149,63,8,55,336.2403785,151.964,15.999,135.965,810,185,60,125,9.48,3.44,0,3.44,20,6,2,4,47.2893854,13.618054,5.670385,7.947669,256.08,96,5.04,90.96,538.755477,191.988,12.15712,179.83088,1852.8,720,14.8,705.2,53.2552,41.28,0,41.28,96,72,0.16,71.84,219.2604728,163.416648,0.4536308,162.9630172,298,370,483,Y2Mg1.92Al2Si2O12Eu0.08
20,12,0.005,11.995,206,63,8,55,476.5370013,151.964,15.999,135.965,1030,200,60,140,10.51,3.44,0,3.44,23,6,1,5,54.3376519,13.618054,5.1390767,8.4789773,322.125,113.81,0.315,113.495,707.0974833,262.4219,0.75982,261.66208,2004.925,720,0.925,719.075,52.43525,41.28,0,41.28,96,72,0.01,71.99,220.3421589,163.416648,0.028351925,163.3882961,298,325,484,Sr2.995LaNaP2SiO12Eu0.005
20,12,0.01,11.99,206,63,8,55,476.5370013,151.964,15.999,135.965,1030,200,60,140,10.51,3.44,0,3.44,23,6,1,5,54.3376519,13.618054,5.1390767,8.4789773,322.25,113.62,0.63,112.99,707.4192033,261.9838,1.51964,260.46416,2004.85,720,1.85,718.15,52.4305,41.28,0,41.28,96,72,0.02,71.98,220.3420365,163.416648,0.05670385,163.3599442,298,325,484,Sr2.99LaNaP2SiO12Eu0.01
20,12,0.02,11.98,206,63,8,55,476.5370013,151.964,15.999,135.965,1030,200,60,140,10.51,3.44,0,3.44,23,6,1,5,54.3376519,13.618054,5.1390767,8.4789773,322.5,113.24,1.26,111.98,708.0626433,261.1076,3.03928,258.06832,2004.7,720,3.7,716.3,52.421,41.28,0,41.28,96,72,0.04,71.96,220.3417917,163.416648,0.1134077,163.3032403,298,325,484,Sr2.98LaNaP2SiO12Eu0.02
20,12,0.035,11.965,206,63,8,55,476.5370013,151.964,15.999,135.965,1030,200,60,140,10.51,3.44,0,3.44,23,6,1,5,54.3376519,13.618054,5.1390767,8.4789773,322.875,112.67,2.205,110.465,709.0278033,259.7933,5.31874,254.47456,2004.475,720,6.475,713.525,52.40675,41.28,0,41.28,96,72,0.07,71.93,220.3414244,163.416648,0.198463475,163.2181845,298,325,484,Sr2.965LaNaP2SiO12Eu0.035
20,12,0.05,11.95,206,63,8,55,476.5370013,151.964,15.999,135.965,1030,200,60,140,10.51,3.44,0,3.44,23,6,1,5,54.3376519,13.618054,5.1390767,8.4789773,323.25,112.1,3.15,108.95,709.9929633,258.479,7.5982,250.8808,2004.25,720,9.25,710.75,52.3925,41.28,0,41.28,96,72,0.1,71.9,220.3410572,163.416648,0.28351925,163.1331288,298,325,484,Sr2.95LaNaP2SiO12Eu0.05
20,12,0.075,11.925,206,63,8,55,476.5370013,151.964,15.999,135.965,1030,200,60,140,10.51,3.44,0,3.44,23,6,1,5,54.3376519,13.618054,5.1390767,8.4789773,323.875,111.15,4.725,106.425,711.6015633,256.2885,11.3973,244.8912,2003.875,720,13.875,706.125,52.36875,41.28,0,41.28,96,72,0.15,71.85,220.3404451,163.416648,0.425278875,162.9913691,298,325,484,Sr2.925LaNaP2SiO12Eu0.075
20,12,0.1,11.9,206,63,8,55,476.5370013,151.964,15.999,135.965,1030,200,60,140,10.51,3.44,0,3.44,23,6,1,5,54.3376519,13.618054,5.1390767,8.4789773,324.5,110.2,6.3,103.9,713.2101633,254.098,15.1964,238.9016,2003.5,720,18.5,701.5,52.345,41.28,0,41.28,96,72,0.2,71.8,220.3398331,163.416648,0.5670385,162.8496095,298,325,484,Sr2.9LaNaP2SiO12Eu0.1
20,12,0.005,11.995,206,63,8,55,476.5370013,151.964,15.999,135.965,1030,200,60,140,10.51,3.44,0,3.44,23,6,1,5,54.3376519,13.618054,5.1390767,8.4789773,322.125,113.81,0.315,113.495,707.0974833,262.4219,0.75982,261.66208,2004.925,720,0.925,719.075,52.43525,41.28,0,41.28,96,72,0.01,71.99,220.3421589,163.416648,0.028351925,163.3882961,298,380,484,Sr2.995LaNaP2SiO12Eu0.005
20,12,0.01,11.99,206,63,8,55,476.5370013,151.964,15.999,135.965,1030,200,60,140,10.51,3.44,0,3.44,23,6,1,5,54.3376519,13.618054,5.1390767,8.4789773,322.25,113.62,0.63,112.99,707.4192033,261.9838,1.51964,260.46416,2004.85,720,1.85,718.15,52.4305,41.28,0,41.28,96,72,0.02,71.98,220.3420365,163.416648,0.05670385,163.3599442,298,380,484,Sr2.99LaNaP2SiO12Eu0.01
20,12,0.02,11.98,206,63,8,55,476.5370013,151.964,15.999,135.965,1030,200,60,140,10.51,3.44,0,3.44,23,6,1,5,54.3376519,13.618054,5.1390767,8.4789773,322.5,113.24,1.26,111.98,708.0626433,261.1076,3.03928,258.06832,2004.7,720,3.7,716.3,52.421,41.28,0,41.28,96,72,0.04,71.96,220.3417917,163.416648,0.1134077,163.3032403,298,380,484,Sr2.98LaNaP2SiO12Eu0.02
44.92,28,0.01,27.99,145,63,8,55,327.920602,151.964,15.999,135.965,705,185,60,125,7.85,3.44,0,3.44,18,6,2,4,42.1055402,13.618054,5.670385,7.947669,546.83,224,0.63,223.37,1112.308794,447.972,1.51964,446.45236,4165.65,1680,1.85,1678.15,121.78,96.32,0,96.32,223.84,168,0.02,167.98,515.4544907,381.305512,0.05670385,381.2488082,298,365,486,Ca8.91YP7O28Eu0.01
44.88,28,0.005,27.995,170,63,8,55,382.858646,151.964,15.999,135.965,845,185,60,125,9.4,3.44,0,3.44,25,7,2,5,49.5395582,13.618054,5.670385,7.947669,546.055,224,0.125,223.875,1110.779974,447.972,0.27469022,447.6973098,4158.25,1680,0.7,1679.3,121.74275,96.32,0,96.32,223.785,168,0.02,167.98,515.2165688,381.305512,0.03717009,381.2683419,298,365,486,Ca8.865YP7O28Eu0.01Mn0.005
44.84,28,0.01,27.99,170,63,8,55,382.858646,151.964,15.999,135.965,845,185,60,125,9.4,3.44,0,3.44,25,7,2,5,49.5395582,13.618054,5.670385,7.947669,545.28,224,0.25,223.75,1109.251154,447.972,0.54938044,447.4226196,4150.85,1680,1.4,1678.6,121.7055,96.32,0,96.32,223.73,168,0.02,167.98,514.9786469,381.305512,0.05670385,381.2488082,298,365,486,Ca8.82YP7O28Eu0.01Mn0.01
44.8,28,0.01,27.99,170,63,8,55,382.858646,151.964,15.999,135.965,845,185,60,125,9.4,3.44,0,3.44,25,7,2,5,49.5395582,13.618054,5.670385,7.947669,544.505,224,0.375,223.625,1107.722335,447.972,0.82407066,447.1479293,4143.45,1680,1.85,1678.15,121.66825,96.32,0,96.32,223.675,168,0.02,167.98,514.740725,381.305512,0.05670385,381.2488082,298,365,486,Ca8.775YP7O28Eu0.01Mn0.015
44.95,28,0.01,27.99,170,63,8,55,382.858646,151.964,15.999,135.965,845,185,60,125,9.4,3.44,0,3.44,25,7,2,5,49.5395582,13.618054,5.670385,7.947669,548.93,224,0.63,223.37,1117.969147,447.972,1.51964,446.45236,4159.05,1680,1.85,1678.15,121.975,96.32,0,96.32,225.4,168,0.02,167.98,516.0341442,381.305512,0.05670385,381.2488082,298,365,486,Ca8.64YP7O28Eu0.01Mn0.3
44.944,28,0.007,27.993,145,63,8,55,327.920602,151.964,15.999,135.965,705,185,60,125,7.85,3.44,0,3.44,18,6,2,4,42.1055402,13.618054,5.670385,7.947669,547.181,224,0.441,223.559,1112.935008,447.972,1.063748,446.908252,4169.955,1680,1.295,1678.705,121.807,96.32,0,96.32,223.888,168,0.014,167.986,515.6025347,381.305512,0.039692695,381.2658193,298,380,486,Ca8.937YP7O28Eu0.007
44.944,28,0.007,27.993,183,63,8,55,415.540602,151.964,15.999,135.965,905,200,60,140,8.8,3.44,0,3.44,20,6,2,4,47.8004074,13.618054,5.670385,7.947669,555.281,224,0.441,223.559,1134.328908,447.972,1.063748,446.908252,4178.955,1680,1.295,1678.705,121.7845,96.32,0,96.32,223.888,168,0.014,167.986,515.4143051,381.305512,0.039692695,381.2658193,298,380,487,Ca8.487Sr0.45YP7O28Eu0.007
12,7,0.001,6.999,181,63,8,55,417.429208,151.964,15.999,135.965,950,220,60,160,8.41,3.44,0,3.44,18,6,1,5,43.55393954,13.618054,4.34066354,9.27739046,180.007,56,0.063,55.937,389.558845,137.189673,0.151964,137.037709,1234.97,420,0.185,419.815,30.94911,24.08,0,24.08,56,42,0.002,41.998,127.7440203,95.326378,0.005670385,95.32070762,298,350,488,KBa0.999ScSi2O7Eu0.001
12,7,0.002,6.998,181,63,8,55,417.429208,151.964,15.999,135.965,950,220,60,160,8.41,3.44,0,3.44,18,6,1,5,43.55393954,13.618054,4.34066354,9.27739046,180.014,56,0.126,55.874,389.573482,137.052346,0.303928,136.748418,1234.94,420,0.37,419.63,30.94822,24.08,0,24.08,56,42,0.004,41.996,127.744479,95.326378,0.01134077,95.31503723,298,350,488,KBa0.998ScSi2O7Eu0.002
12,7,0.003,6.997,181,63,8,55,417.429208,151.964,15.999,135.965,950,220,60,160,8.41,3.44,0,3.44,18,6,1,5,43.55393954,13.618054,4.34066354,9.27739046,180.021,56,0.189,55.811,389.588119,136.915019,0.455892,136.459127,1234.91,420,0.555,419.445,30.94733,24.08,0,24.08,56,42,0.006,41.994,127.7449377,95.326378,0.017011155,95.30936685,298,350,488,KBa0.997ScSi2O7Eu0.003
12,7,0.004,6.996,181,63,8,55,417.429208,151.964,15.999,135.965,950,220,60,160,8.41,3.44,0,3.44,18,6,1,5,43.55393954,13.618054,4.34066354,9.27739046,180.028,56,0.252,55.748,389.602756,136.777692,0.607856,136.169836,1234.88,420,0.74,419.26,30.94644,24.08,0,24.08,56,42,0.008,41.992,127.7453964,95.326378,0.02268154,95.30369646,298,350,488,KBa0.996ScSi2O7Eu0.004
12,7,0.005,6.995,181,63,8,55,417.429208,151.964,15.999,135.965,950,220,60,160,8.41,3.44,0,3.44,18,6,1,5,43.55393954,13.618054,4.34066354,9.27739046,180.035,56,0.315,55.685,389.617393,136.640365,0.75982,135.880545,1234.85,420,0.925,419.075,30.94555,24.08,0,24.08,56,42,0.01,41.99,127.7458551,95.326378,0.028351925,95.29802608,298,350,488,KBa0.995ScSi2O7Eu0.005
12,7,0.006,6.994,181,63,8,55,417.429208,151.964,15.999,135.965,950,220,60,160,8.41,3.44,0,3.44,18,6,1,5,43.55393954,13.618054,4.34066354,9.27739046,180.042,56,0.378,55.622,389.63203,136.503038,0.911784,135.591254,1234.82,420,1.11,418.89,30.94466,24.08,0,24.08,56,42,0.012,41.988,127.7463139,95.326378,0.03402231,95.29235569,298,350,488,KBa0.994ScSi2O7Eu0.006
12,7,0.007,6.993,181,63,8,55,417.429208,151.964,15.999,135.965,950,220,60,160,8.41,3.44,0,3.44,18,6,1,5,43.55393954,13.618054,4.34066354,9.27739046,180.049,56,0.441,55.559,389.646667,136.365711,1.063748,135.301963,1234.79,420,1.295,418.705,30.94377,24.08,0,24.08,56,42,0.014,41.986,127.7467726,95.326378,0.039692695,95.28668531,298,350,488,KBa0.993ScSi2O7Eu0.007
12,7,0.008,6.992,181,63,8,55,417.429208,151.964,15.999,135.965,950,220,60,160,8.41,3.44,0,3.44,18,6,1,5,43.55393954,13.618054,4.34066354,9.27739046,180.056,56,0.504,55.496,389.661304,136.228384,1.215712,135.012672,1234.76,420,1.48,418.52,30.94288,24.08,0,24.08,56,42,0.016,41.984,127.7472313,95.326378,0.04536308,95.28101492,298,350,488,KBa0.992ScSi2O7Eu0.008
12,7,0.01,6.99,181,63,8,55,417.429208,151.964,15.999,135.965,950,220,60,160,8.41,3.44,0,3.44,18,6,1,5,43.55393954,13.618054,4.34066354,9.27739046,180.07,56,0.63,55.37,389.690578,135.95373,1.51964,134.43409,1234.7,420,1.85,418.15,30.9411,24.08,0,24.08,56,42,0.02,41.98,127.7481488,95.326378,0.05670385,95.26967415,298,350,488,KBa0.99ScSi2O7Eu0.01
44.944,28,0.007,27.993,183,63,8,55,415.540602,151.964,15.999,135.965,905,200,60,140,8.8,3.44,0,3.44,20,6,2,4,47.8004074,13.618054,5.670385,7.947669,563.381,224,0.441,223.559,1155.722808,447.972,1.063748,446.908252,4187.955,1680,1.295,1678.705,121.762,96.32,0,96.32,223.888,168,0.014,167.986,515.2260755,381.305512,0.039692695,381.2658193,298,380,489,Ca8.037Sr0.9YP7O28Eu0.007
14,8,0.1,7.9,246,83,8,75,593.4069313,208.9804,15.999,192.9814,860,185,60,125,9.68,3.44,0,3.44,21,6,1,5,48.1387677,13.618054,5.1390767,8.4789773,203.75,64,6.3,57.7,450.5674918,135.83726,15.1964,120.64086,1386.25,540,18.5,521.5,36.23,27.52,0,27.52,64.95,48,0.2,47.8,152.1224205,108.944432,0.5670385,108.3773935,298,392,489,Na3Bi0.65P2O8Eu0.1Dy0.25
14,8,0.1,7.9,246,83,8,75,593.4069313,208.9804,15.999,192.9814,860,185,60,125,9.68,3.44,0,3.44,21,6,1,5,48.1387677,13.618054,5.1390767,8.4789773,202.9,64,6.3,57.7,448.2434718,127.992,15.1964,112.7956,1387,540,18.5,521.5,36.196,27.52,0,27.52,64.8,48,0.2,47.8,152.0550972,108.944432,0.5670385,108.3773935,298,392,489,Na3Bi0.6P2O8Eu0.1Dy0.3
14,8,0.02,7.98,246,83,8,75,593.4069313,208.9804,15.999,192.9814,860,185,60,125,9.68,3.44,0,3.44,21,6,1,5,48.1387677,13.618054,5.1390767,8.4789773,207.9,73.04,1.26,71.78,462.1008638,183.902752,3.03928,180.863472,1382,540,3.7,536.3,36.484,27.52,0,27.52,65.64,48,0.04,47.96,152.4536009,108.944432,0.1134077,108.8310243,298,396,489,Na3Bi0.88P2O8Eu0.02Dy0.1
14,8,0.04,7.96,246,83,8,75,593.4069313,208.9804,15.999,192.9814,860,185,60,125,9.68,3.44,0,3.44,21,6,1,5,48.1387677,13.618054,5.1390767,8.4789773,207.5,71.38,2.52,68.86,460.9605358,179.723144,6.07856,173.644584,1382.5,540,7.4,532.6,36.446,27.52,0,27.52,65.58,48,0.08,47.92,152.4212983,108.944432,0.2268154,108.7176166,298,396,489,Na3Bi0.86P2O8Eu0.04Dy0.1
14,8,0.06,7.94,246,83,8,75,593.4069313,208.9804,15.999,192.9814,860,185,60,125,9.68,3.44,0,3.44,21,6,1,5,48.1387677,13.618054,5.1390767,8.4789773,207.1,69.72,3.78,65.94,459.8202078,175.543536,9.11784,166.425696,1383,540,11.1,528.9,36.408,27.52,0,27.52,65.52,48,0.12,47.88,152.3889956,108.944432,0.3402231,108.6042089,298,396,489,Na3Bi0.84P2O8Eu0.06Dy0.1
14,8,0.08,7.92,246,83,8,75,593.4069313,208.9804,15.999,192.9814,860,185,60,125,9.68,3.44,0,3.44,21,6,1,5,48.1387677,13.618054,5.1390767,8.4789773,206.7,68.06,5.04,63.02,458.6798798,171.363928,12.15712,159.206808,1383.5,540,14.8,525.2,36.37,27.52,0,27.52,65.46,48,0.16,47.84,152.356693,108.944432,0.4536308,108.4908012,298,396,489,Na3Bi0.82P2O8Eu0.08Dy0.1
18.98,12,0.01,11.99,163,63,8,55,375.462602,151.964,15.999,135.965,725,200,60,140,7.8,3.44,0,3.44,18,6,2,4,41.6872522,13.618054,5.670385,7.947669,293.49,112.86,0.63,112.23,635.566166,260.2314,1.51964,258.71176,1795.85,720,1.85,718.15,51.8915,41.28,0,41.28,95.96,72,0.02,71.98,218.0644254,163.416648,0.05670385,163.3599442,298,355,490,Sr2.97YP3O12Eu0.01
18.98,12,0.01,11.99,188,63,8,55,430.400646,151.964,15.999,135.965,865,200,60,140,9.35,3.44,0,3.44,25,7,2,5,49.1212702,13.618054,5.670385,7.947669,293.295,112.29,0.375,111.915,635.0759367,258.9171,0.82407066,258.0930293,1794.95,720,1.85,718.15,51.9005,41.28,0,41.28,96.035,72,0.02,71.98,218.0905127,163.416648,0.05670385,163.3599442,298,355,490,Sr2.955YP3O12Eu0.01Mn0.015
18.98,12,0.01,11.99,188,63,8,55,430.400646,151.964,15.999,135.965,865,200,60,140,9.35,3.44,0,3.44,25,7,2,5,49.1212702,13.618054,5.670385,7.947669,293.1,111.72,0.63,111.09,634.5857073,257.6028,1.51964,256.08316,1794.05,720,1.85,718.15,51.9095,41.28,0,41.28,96.11,72,0.02,71.98,218.1166,163.416648,0.05670385,163.3599442,298,355,490,Sr2.94YP3O12Eu0.01Mn0.03
18.98,12,0.01,11.99,188,63,8,55,430.400646,151.964,15.999,135.965,865,200,60,140,9.35,3.44,0,3.44,25,7,2,5,49.1212702,13.618054,5.670385,7.947669,292.71,110.58,0.63,109.95,633.6052486,254.9742,1.51964,253.45456,1792.25,720,1.85,718.15,51.9275,41.28,0,41.28,96.26,72,0.02,71.98,218.1687745,163.416648,0.05670385,163.3599442,298,355,490,Sr2.91YP3O12Eu0.01Mn0.06
44.92,28,0.01,27.99,170,64,8,56,396.264762,157.25,15.999,141.251,705,185,60,125,7.83,3.44,0,3.44,17,6,2,4,42.0380762,13.618054,5.670385,7.947669,571.83,224,0.63,223.37,1180.652954,447.972,1.51964,446.45236,4165.65,1680,1.85,1678.15,121.76,96.32,0,96.32,222.84,168,0.02,167.98,515.3870267,381.305512,0.05670385,381.2488082,298,355,490,Ca8.91GdP7O28Eu0.01
44.84,28,0.01,27.99,195,64,8,56,451.202806,157.25,15.999,141.251,845,185,60,125,9.38,3.44,0,3.44,24,7,2,5,49.4720942,13.618054,5.670385,7.947669,570.28,224,0.25,223.75,1177.595314,447.972,0.54938044,447.4226196,4150.85,1680,1.4,1678.6,121.6855,96.32,0,96.32,222.73,168,0.02,167.98,514.9111829,381.305512,0.05670385,381.2488082,298,355,490,Ca8.82GdP7O28Eu0.01Mn0.01
44.76,28,0.01,27.99,195,64,8,56,451.202806,157.25,15.999,141.251,845,185,60,125,9.38,3.44,0,3.44,24,7,2,5,49.4720942,13.618054,5.670385,7.947669,568.73,224,0.5,223.5,1174.537675,447.972,1.09876088,446.8732391,4136.05,1680,1.85,1678.15,121.611,96.32,0,96.32,222.62,168,0.02,167.98,514.4353391,381.305512,0.05670385,381.2488082,298,355,490,Ca8.73GdP7O28Eu0.01Mn0.02
44.68,28,0.01,27.99,195,64,8,56,451.202806,157.25,15.999,141.251,845,185,60,125,9.38,3.44,0,3.44,24,7,2,5,49.4720942,13.618054,5.670385,7.947669,567.18,224,0.63,223.37,1171.480035,447.972,1.51964,446.45236,4121.25,1680,1.85,1678.15,121.5365,96.32,0,96.32,222.51,168,0.02,167.98,513.9594953,381.305512,0.05670385,381.2488082,298,355,490,Ca8.64GdP7O28Eu0.01Mn0.03
20,12,0.1,11.9,149,63,8,55,336.2403785,151.964,15.999,135.965,810,185,60,125,9.48,3.44,0,3.44,20,6,2,4,47.2893854,13.618054,5.670385,7.947669,257.1,96,6.3,89.7,541.308657,191.988,15.1964,176.7916,1853.5,720,18.5,701.5,53.229,41.28,0,41.28,96,72,0.2,71.8,219.2209558,163.416648,0.5670385,162.8496095,298,370,491,Y2Mg1.9Al2Si2O12Eu0.1
44.944,28,0.007,27.993,183,63,8,55,415.540602,151.964,15.999,135.965,905,200,60,140,8.8,3.44,0,3.44,20,6,2,4,47.8004074,13.618054,5.670385,7.947669,571.481,224,0.441,223.559,1177.116708,447.972,1.063748,446.908252,4196.955,1680,1.295,1678.705,121.7395,96.32,0,96.32,223.888,168,0.014,167.986,515.0378459,381.305512,0.039692695,381.2658193,298,380,492,Ca7.587Sr1.35YP7O28Eu0.007
45.007,28,0.007,27.993,170,64,8,56,396.264762,157.25,15.999,141.251,705,185,60,125,7.83,3.44,0,3.44,17,6,2,4,42.0380762,13.618054,5.670385,7.947669,573.441,224,0.441,223.559,1183.804082,447.972,1.063748,446.908252,4181.295,1680,1.295,1678.705,121.85,96.32,0,96.32,223.014,168,0.014,167.986,515.9201995,381.305512,0.039692695,381.2658193,298,380,494,Ca9GdP7O28Eu0.007
44.297,28,0.007,27.993,195,64,8,56,451.202806,157.25,15.999,141.251,845,185,60,125,9.38,3.44,0,3.44,24,7,2,5,49.4720942,13.618054,5.670385,7.947669,559.291,224,0.25,223.75,1155.497302,447.972,0.54938044,447.4226196,4053.095,1680,1.295,1678.705,121.1455,96.32,0,96.32,221.644,168,0.014,167.986,511.5930679,381.305512,0.039692695,381.2658193,298,380,494,Ca8.28GdP7O28Eu0.007Mn0.01
44.217,28,0.007,27.993,195,64,8,56,451.202806,157.25,15.999,141.251,845,185,60,125,9.38,3.44,0,3.44,24,7,2,5,49.4720942,13.618054,5.670385,7.947669,557.741,224,0.441,223.559,1152.439663,447.972,1.063748,446.908252,4038.295,1680,1.295,1678.705,121.071,96.32,0,96.32,221.534,168,0.014,167.986,511.1172241,381.305512,0.039692695,381.2658193,298,380,494,Ca8.19GdP7O28Eu0.007Mn0.02
44.944,28,0.007,27.993,183,63,8,55,415.540602,151.964,15.999,135.965,905,200,60,140,8.8,3.44,0,3.44,20,6,2,4,47.8004074,13.618054,5.670385,7.947669,579.581,224,0.441,223.559,1198.510608,447.972,1.063748,446.908252,4205.955,1680,1.295,1678.705,121.717,96.32,0,96.32,223.888,168,0.014,167.986,514.8496163,381.305512,0.039692695,381.2658193,298,380,494,Ca7.137Sr1.8YP7O28Eu0.007
8,2,1,1,148,63,7,56,347.382,151.964,14.007,137.957,635,215,60,155,9.27,3.44,0,3.44,19,6,2,4,47.185916,14.53413,5.211664,9.322466,177,63,14,49,405.473,151.964,28.014,123.95,870,220,120,100,17.65,6.88,0,6.88,34,12,2,10,83.489783,29.06826,5.211664,23.856596,298,450,495,BaSi2O2N2Eu1
7.02,2,0.02,1.98,148,63,7,56,347.382,151.964,14.007,137.957,635,215,60,155,9.27,3.44,0,3.44,19,6,2,4,47.185916,14.53413,5.211664,9.322466,115.26,56,1.26,54.74,256.54828,137.327,3.03928,134.28772,688.7,220,3.7,216.3,17.65,6.88,0,6.88,32.04,12,0.04,11.96,77.9328057,29.06826,0.1134077,28.9548523,298,450,495,BaSi2N2O2Eu0.02
7,2,0.02,1.98,148,63,7,56,347.382,151.964,14.007,137.957,635,215,60,155,9.27,3.44,0,3.44,19,6,2,4,47.185916,14.53413,5.211664,9.322466,114.14,54.88,1.26,53.62,253.80174,134.58046,3.03928,131.54118,684.4,220,3.7,216.3,17.6322,6.88,0,6.88,32,12,0.04,11.96,77.82857242,29.06826,0.1134077,28.9548523,298,450,495,Ba0.98Si2N2O2Eu0.02
44.944,28,0.007,27.993,183,63,8,55,415.540602,151.964,15.999,135.965,905,200,60,140,8.8,3.44,0,3.44,20,6,2,4,47.8004074,13.618054,5.670385,7.947669,587.681,224,0.441,223.559,1219.904508,447.972,1.063748,446.908252,4214.955,1680,1.295,1678.705,121.6945,96.32,0,96.32,223.888,168,0.014,167.986,514.6613867,381.305512,0.039692695,381.2658193,298,380,496,Ca6.687Sr2.25YP7O28Eu0.007
18.99,12,0.005,11.995,145,63,8,55,331.51267,151.964,15.999,135.965,705,200,60,140,7.94,3.44,0,3.44,18,6,2,4,42.0314822,13.618054,5.670385,7.947669,275.745,113.43,0.315,113.115,592.170714,261.5457,0.75982,260.78588,1777.925,720,0.925,719.075,52.04575,41.28,0,41.28,95.98,72,0.01,71.99,218.4657265,163.416648,0.028351925,163.3882961,298,350,500,Sr2.985ScP3O12Eu0.005
18.98,12,0.005,11.995,170,63,8,55,386.450714,151.964,15.999,135.965,845,200,60,140,9.49,3.44,0,3.44,25,7,2,5,49.4655002,13.618054,5.670385,7.947669,275.3,112.86,0.125,112.735,591.1311042,260.2314,0.27469022,259.9567098,1775.625,720,0.7,719.3,52.03925,41.28,0,41.28,95.985,72,0.01,71.99,218.4174736,163.416648,0.028351925,163.3882961,298,350,500,Sr2.97ScP3O12Eu0.005Mn0.005
18.97,12,0.005,11.995,170,63,8,55,386.450714,151.964,15.999,135.965,845,200,60,140,9.49,3.44,0,3.44,25,7,2,5,49.4655002,13.618054,5.670385,7.947669,274.855,112.29,0.25,112.04,590.0914944,258.9171,0.54938044,258.3677196,1773.325,720,0.925,719.075,52.03275,41.28,0,41.28,95.99,72,0.01,71.99,218.3692207,163.416648,0.028351925,163.3882961,298,350,500,Sr2.955ScP3O12Eu0.005Mn0.01
18.95,12,0.005,11.995,170,63,8,55,386.450714,151.964,15.999,135.965,845,200,60,140,9.49,3.44,0,3.44,25,7,2,5,49.4655002,13.618054,5.670385,7.947669,273.965,111.15,0.315,110.835,588.0122749,256.2885,0.75982,255.52868,1768.725,720,0.925,719.075,52.01975,41.28,0,41.28,96,72,0.01,71.99,218.2727148,163.416648,0.028351925,163.3882961,298,350,500,Sr2.925ScP3O12Eu0.005Mn0.02
7,4,0.02,3.98,161,63,8,55,373.453,151.964,15.999,135.965,750,215,60,155,7.23,3.44,0,3.44,16,6,2,4,38.7649412,13.618054,5.211664,8.40639,132.94,71.68,1.26,70.42,298.95344,175.77856,3.03928,172.73928,754.9,275.2,3.7,271.5,17.4992,13.76,0,13.76,32,24,0.04,23.96,73.68744526,54.472216,0.1134077,54.3588083,298,355,500,Ba1.28Ca0.7SiO4Eu0.02
28.04,16,0.04,15.96,117,63,8,55,260.431,151.964,15.999,135.965,685,185,60,125,7.65,3.44,0,3.44,16,6,2,4,41.1995122,13.618054,5.670385,7.947669,338.52,140,2.52,137.48,679.25356,280.546,6.07856,274.46744,2817.4,1260,7.4,1252.6,70.95,55.04,0,55.04,128.08,96,0.08,95.92,301.1607328,217.888864,0.2268154,217.6620486,298,365,500,Ca7MgSi4O16Eu0.04
7,4,0.02,3.98,161,63,8,55,373.453,151.964,15.999,135.965,750,215,60,155,7.23,3.44,0,3.44,16,6,2,4,38.7649412,13.618054,5.211664,8.40639,132.94,71.68,1.26,70.42,298.95344,175.77856,3.03928,172.73928,754.9,275.2,3.7,271.5,17.4992,13.76,0,13.76,32,24,0.04,23.96,73.68744526,54.472216,0.1134077,54.3588083,298,390,500,Ba1.28Ca0.7SiO4Eu0.02
7,4,0.01,3.99,186,63,8,55,428.391044,151.964,15.999,135.965,890,215,60,155,8.78,3.44,0,3.44,23,7,2,5,46.1989592,13.618054,5.211664,8.40639,132.99,71.68,0.25,71.43,299.1020404,175.77856,0.54938044,175.2291796,754.5,275.2,1.4,273.8,17.5047,13.76,0,13.76,32.05,24,0.04,23.96,73.70065389,54.472216,0.07434018,54.39787582,298,390,500,Ba1.28Ca0.69SiO4Eu0.02Mn0.01
7,4,0.02,3.98,186,63,8,55,428.391044,151.964,15.999,135.965,890,215,60,155,8.78,3.44,0,3.44,23,7,2,5,46.1989592,13.618054,5.211664,8.40639,133.04,71.68,0.5,71.18,299.2506409,175.77856,1.09876088,174.6797991,754.1,275.2,2.8,272.4,17.5102,13.76,0,13.76,32.1,24,0.04,23.96,73.71386252,54.472216,0.1134077,54.3588083,298,390,500,Ba1.28Ca0.68SiO4Eu0.02Mn0.02
45,28,0.1,27.9,164,63,8,55,379.130762,151.964,15.999,135.965,710,185,60,125,7.75,3.44,0,3.44,17,6,2,4,41.4268802,13.618054,5.5386,8.079454,571.3,224,6.3,217.7,1176.794934,447.972,15.1964,432.7756,4185.5,1680,18.5,1661.5,121.67,96.32,0,96.32,223,168,0.2,167.8,515.2250338,381.305512,0.5670385,380.7384735,298,320,502,Ca8.9CeP7O28Eu0.1
45,28,0.12,27.88,164,63,8,55,379.130762,151.964,15.999,135.965,710,185,60,125,7.75,3.44,0,3.44,17,6,2,4,41.4268802,13.618054,5.5386,8.079454,572.16,224,7.56,216.44,1179.032654,447.972,18.23568,429.73632,4185.6,1680,22.2,1657.8,121.65,96.32,0,96.32,223,168,0.24,167.76,515.2161784,381.305512,0.6804462,380.6250658,298,320,502,Ca8.88CeP7O28Eu0.12
45,28,0.14,27.86,164,63,8,55,379.130762,151.964,15.999,135.965,710,185,60,125,7.75,3.44,0,3.44,17,6,2,4,41.4268802,13.618054,5.5386,8.079454,573.02,224,8.82,215.18,1181.270374,447.972,21.27496,426.69704,4185.7,1680,25.9,1654.1,121.63,96.32,0,96.32,223,168,0.28,167.72,515.207323,381.305512,0.7938539,380.5116581,298,320,502,Ca8.86CeP7O28Eu0.14
39.005,22,0.005,21.995,110,63,5,58,246.936,151.964,10.81,141.154,620,185,60,125,8.38,3.44,0,3.44,17,6,2,4,41.8512962,13.618054,5.670385,7.947669,462.315,220,0.315,219.685,927.55582,440.858,0.75982,440.09818,3910.925,1980,0.925,1979.075,98.36,75.68,0,75.68,176.01,132,0.01,131.99,416.0730171,299.597188,0.028351925,299.5688361,298,365,502,Ca11Si4O22B2Eu0.005
45.005,28,0.005,27.995,163,63,8,55,377.920232,151.964,15.999,135.965,720,195,60,135,7.73,3.44,0,3.44,18,6,2,4,41.4651802,13.618054,5.5769,8.041154,566.315,224,0.315,223.685,1165.155624,447.972,0.75982,447.21218,4195.925,1680,0.925,1679.075,121.75,96.32,0,96.32,224.01,168,0.01,167.99,515.3359627,381.305512,0.028351925,381.2771601,298,365,502,Ca9LaP7O28Eu0.005
45.015,28,0.005,27.995,188,63,8,55,432.858276,151.964,15.999,135.965,860,195,60,135,9.28,3.44,0,3.44,25,7,2,5,48.8991982,13.618054,5.5769,8.041154,566.565,224,0.25,223.75,1165.705004,447.972,0.54938044,447.4226196,4197.325,1680,0.925,1679.075,121.7655,96.32,0,96.32,224.08,168,0.01,167.99,515.4103029,381.305512,0.028351925,381.2771601,298,365,502,Ca9LaP7O28Eu0.005Mn0.01
45.02,28,0.005,27.995,188,63,8,55,432.858276,151.964,15.999,135.965,860,195,60,135,9.28,3.44,0,3.44,25,7,2,5,48.8991982,13.618054,5.5769,8.041154,566.69,224,0.315,223.685,1165.979695,447.972,0.75982,447.21218,4198.025,1680,0.925,1679.075,121.77325,96.32,0,96.32,224.115,168,0.01,167.99,515.447473,381.305512,0.028351925,381.2771601,298,365,502,Ca9LaP7O28Eu0.005Mn0.015
45.035,28,0.005,27.995,188,63,8,55,432.858276,151.964,15.999,135.965,860,195,60,135,9.28,3.44,0,3.44,25,7,2,5,48.8991982,13.618054,5.5769,8.041154,567.065,224,0.315,223.685,1166.803765,447.972,0.75982,447.21218,4200.125,1680,0.925,1679.075,121.7965,96.32,0,96.32,224.22,168,0.01,167.99,515.5589833,381.305512,0.028351925,381.2771601,298,365,502,Ca9LaP7O28Eu0.005Mn0.03
44.944,28,0.007,27.993,183,63,8,55,415.540602,151.964,15.999,135.965,905,200,60,140,8.8,3.44,0,3.44,20,6,2,4,47.8004074,13.618054,5.670385,7.947669,595.781,224,0.441,223.559,1241.298408,447.972,1.063748,446.908252,4223.955,1680,1.295,1678.705,121.672,96.32,0,96.32,223.888,168,0.014,167.986,514.4731571,381.305512,0.039692695,381.2658193,298,380,502,Ca6.237Sr2.7YP7O28Eu0.007
19,12,0.05,11.95,163,63,8,55,375.462602,151.964,15.999,135.965,725,200,60,140,7.8,3.44,0,3.44,18,6,2,4,41.6872522,13.618054,5.670385,7.947669,295.25,112.1,3.15,108.95,639.892326,258.479,7.5982,250.8808,1799.25,720,9.25,710.75,51.8725,41.28,0,41.28,96,72,0.1,71.9,218.1773435,163.416648,0.28351925,163.1331288,298,350,504,Sr2.95YP3O12Eu0.05
19,12,0.01,11.99,228,65,8,57,534.387952,158.92535,15.999,142.92635,900,200,60,140,7.8,3.44,0,3.44,20,6,2,4,47.5510522,13.618054,5.670385,7.947669,295.51,112.1,0.65,111.45,640.5925211,258.479,1.5892535,256.8897465,1799.2,720,1.75,718.25,51.8603,41.28,0,41.28,95.99,72,0.02,71.98,218.1738089,163.416648,0.058638,163.35801,298,350,504,Sr2.95Y0.99P3O12Eu0.05Tb0.01
19,12,0.03,11.97,228,65,8,57,534.387952,158.92535,15.999,142.92635,900,200,60,140,7.8,3.44,0,3.44,20,6,2,4,47.5510522,13.618054,5.670385,7.947669,296.03,112.1,1.95,110.15,641.9929113,258.479,4.7677605,253.7112395,1799.1,720,5.25,714.75,51.8359,41.28,0,41.28,95.97,72,0.06,71.94,218.1667397,163.416648,0.175914,163.240734,298,350,504,Sr2.95Y0.97P3O12Eu0.05Tb0.03
19,12,0.05,11.95,228,65,8,57,534.387952,158.92535,15.999,142.92635,900,200,60,140,7.8,3.44,0,3.44,20,6,2,4,47.5510522,13.618054,5.670385,7.947669,296.55,112.1,3.15,108.95,643.3933015,258.479,7.5982,250.8808,1799,720,8.75,711.25,51.8115,41.28,0,41.28,95.95,72,0.1,71.9,218.1596705,163.416648,0.28351925,163.1331288,298,350,504,Sr2.95Y0.95P3O12Eu0.05Tb0.05
19,12,0.05,11.95,228,65,8,57,534.387952,158.92535,15.999,142.92635,900,200,60,140,7.8,3.44,0,3.44,20,6,2,4,47.5510522,13.618054,5.670385,7.947669,297.07,112.1,3.15,108.95,644.7936917,258.479,7.5982,250.8808,1798.9,720,9.25,710.75,51.7871,41.28,0,41.28,95.93,72,0.1,71.9,218.1526013,163.416648,0.28351925,163.1331288,298,350,504,Sr2.95Y0.93P3O12Eu0.05Tb0.07
38.95,22,0.005,21.995,110,63,5,58,246.936,151.964,10.81,141.154,620,185,60,125,8.38,3.44,0,3.44,17,6,2,4,41.8512962,13.618054,5.670385,7.947669,461.215,218.9,0.315,218.585,925.35153,438.65371,0.75982,437.89389,3901.025,1970.1,0.925,1969.175,98.305,75.68,0,75.68,175.9,132,0.01,131.99,415.7367936,299.597188,0.028351925,299.5688361,298,365,505,Ca10.945Si4O22B2Eu0.005
9.02,4,0.02,3.98,126,63,8,55,281.0029344,151.964,15.999,135.965,755,185,50,135,11.54,3.98,0,3.98,23,7,1,6,58.4501769,17.42282,5.1390767,12.2837433,99.26,32,1.26,30.74,203.0649837,63.996,3.03928,60.95672,933.7,360,3.7,356.3,22.79,13.76,0,13.76,40.04,24,0.04,23.96,98.8864383,54.472216,0.1134077,54.3588083,298,390,506,Na2CaPO4FEu0.02
44.944,28,0.007,27.993,183,63,8,55,415.540602,151.964,15.999,135.965,905,200,60,140,8.8,3.44,0,3.44,20,6,2,4,47.8004074,13.618054,5.670385,7.947669,628.181,224,0.441,223.559,1326.874008,447.972,1.063748,446.908252,4259.955,1680,1.295,1678.705,121.582,96.32,0,96.32,223.888,168,0.014,167.986,513.7202387,381.305512,0.039692695,381.2658193,298,380,508,Ca4.437Sr4.5YP7O28Eu0.007
44.904,28,0.005,27.995,208,63,8,55,470.478646,151.964,15.999,135.965,1045,200,60,140,10.35,3.44,0,3.44,27,7,2,5,55.2344254,13.618054,5.670385,7.947669,627.406,224,0.125,223.875,1325.345188,447.972,0.27469022,447.6973098,4252.555,1680,0.7,1679.3,121.54475,96.32,0,96.32,223.833,168,0.014,167.986,513.4823168,381.305512,0.03717009,381.2683419,298,380,508,Ca4.392Sr4.5YP7O28Eu0.007Mn0.005
44.864,28,0.007,27.993,208,63,8,55,470.478646,151.964,15.999,135.965,1045,200,60,140,10.35,3.44,0,3.44,27,7,2,5,55.2344254,13.618054,5.670385,7.947669,626.631,224,0.25,223.75,1323.816368,447.972,0.54938044,447.4226196,4245.155,1680,1.295,1678.705,121.5075,96.32,0,96.32,223.778,168,0.014,167.986,513.2443949,381.305512,0.039692695,381.2658193,298,380,508,Ca4.347Sr4.5YP7O28Eu0.007Mn0.01
44.784,28,0.007,27.993,208,63,8,55,470.478646,151.964,15.999,135.965,1045,200,60,140,10.35,3.44,0,3.44,27,7,2,5,55.2344254,13.618054,5.670385,7.947669,625.081,224,0.441,223.559,1320.758729,447.972,1.063748,446.908252,4230.355,1680,1.295,1678.705,121.433,96.32,0,96.32,223.668,168,0.014,167.986,512.7685511,381.305512,0.039692695,381.2658193,298,380,508,Ca4.257Sr4.5YP7O28Eu0.007Mn0.02
10.995,4,0.0025,3.9975,112,63,7,56,250.133,151.964,14.007,137.957,600,185,60,125,9.38,3.44,0,3.44,19,6,2,4,48.0874072,14.53413,5.670385,8.863745,134.0075,59.85,0.1575,59.6925,268.493325,119.933415,0.37991,119.553505,1129.1125,538.65,0.4625,538.1875,26.6325,13.76,0,13.76,47.99,24,0.005,23.995,118.1516349,54.472216,0.014175963,54.45804004,298,330,509,Ca2.9925Si2O4N2Eu0.0025
7,4,0.05,3.95,143,63,8,55,323.746,151.964,15.999,135.965,735,200,60,140,7.29,3.44,0,3.44,16,6,2,4,39.2481444,13.618054,5.670385,7.947669,105.7,37.05,3.15,33.9,224.18475,85.4295,7.5982,77.8313,729.75,240,9.25,230.75,17.56125,13.76,0,13.76,32,24,0.1,23.9,74.42024009,54.472216,0.28351925,54.18869675,298,385,509,Ca0.975Sr0.975SiO4Eu0.05
41,24,0.09,23.91,162,63,8,55,378.330908,151.964,15.999,135.965,730,215,60,155,7.59,3.44,0,3.44,17,6,2,4,39.213276,13.618054,5.211664,8.40639,822.63,498.96,5.67,493.29,1879.658146,1223.58357,13.67676,1209.90681,4352.3,1915.65,16.65,1899,104.6099,82.56,0,82.56,192,144,0.18,143.82,435.8126349,326.833296,0.51033465,326.3229614,298,330,510,Ba8.91Sc2Si6O24Eu0.09
10.99,4,0.005,3.995,112,63,7,56,250.133,151.964,14.007,137.957,600,185,60,125,9.38,3.44,0,3.44,19,6,2,4,48.0874072,14.53413,5.670385,8.863745,134.015,59.7,0.315,59.385,268.57265,119.63283,0.75982,118.87301,1128.225,537.3,0.925,536.375,26.625,13.76,0,13.76,47.98,24,0.01,23.99,118.1199622,54.472216,0.028351925,54.44386408,298,330,510,Ca2.985Si2O4N2Eu0.005
10.98,4,0.01,3.99,112,63,7,56,250.133,151.964,14.007,137.957,600,185,60,125,9.38,3.44,0,3.44,19,6,2,4,48.0874072,14.53413,5.670385,8.863745,134.03,59.4,0.63,58.77,268.7313,119.03166,1.51964,117.51202,1126.45,534.6,1.85,532.75,26.61,13.76,0,13.76,47.96,24,0.02,23.98,118.0566168,54.472216,0.05670385,54.41551215,298,330,510,Ca2.97Si2O4N2Eu0.01
13,5,0.01,4.99,200,63,7,56,463.2693785,151.964,14.007,137.957,940,215,60,155,12.1,3.44,0,3.44,25,6,2,4,59.3889444,14.53413,5.211664,9.322466,200.07,55.44,0.63,54.81,438.545287,135.95373,1.51964,134.43409,1309.7,325,1.85,323.15,31.2011,15.2,0,15.2,56,25,0.02,24.98,139.615172,72.67065,0.05670385,72.61394615,298,354,510,Ba0.99YSi2Al2O2N5Eu0.01
45,28,0.03,27.97,145,63,8,55,331.51267,151.964,15.999,135.965,705,200,60,140,7.94,3.44,0,3.44,18,6,2,4,42.0314822,13.618054,5.670385,7.947669,692.75,340.86,1.89,338.97,1500.254562,785.9514,4.55892,781.39248,4339.55,1794,5.55,1788.45,121.5315,96.32,0,96.32,224,168,0.06,167.94,512.5268743,381.305512,0.17011155,381.1354005,298,365,510,Sr8.97ScP7O28Eu0.03
20,12,0.01,11.99,207,63,8,55,476.3563785,151.964,15.999,135.965,995,185,60,125,10.6,3.44,0,3.44,22,6,2,4,52.8279854,13.618054,5.5386,8.079454,252.89,96,0.63,95.37,530.8435502,191.988,1.51964,190.46836,1850.45,720,1.85,718.15,53.3449,41.28,0,41.28,95.98,72,0.02,71.98,219.3852091,163.416648,0.05670385,163.3599442,298,365,510,Y1.98Mg1.99Al2Si2O12Eu0.01Ce0.02
19.005,6,0.005,5.995,158,63,8,55,368.825,151.964,15.999,135.965,670,215,60,155,9.39,3.44,0,3.44,21,7,2,5,45.619416,13.618054,5.211664,8.40639,458.315,280,0.315,279.685,1052.25882,686.635,0.75982,685.87518,2255.925,1075,0.925,1074.075,47.85,20.64,0,20.64,96.01,42,0.01,41.99,201.9041419,81.708324,0.028351925,81.67997208,298,400,510,Ba5Si2O6Cl6Eu0.005
19.01,6,0.01,5.99,158,63,8,55,368.825,151.964,15.999,135.965,670,215,60,155,9.39,3.44,0,3.44,21,7,2,5,45.619416,13.618054,5.211664,8.40639,458.63,280,0.63,279.37,1053.01864,686.635,1.51964,685.11536,2256.85,1075,1.85,1073.15,47.85,20.64,0,20.64,96.02,42,0.02,41.98,201.9324939,81.708324,0.05670385,81.65162015,298,400,510,Ba5Si2O6Cl6Eu0.01
19.02,6,0.02,5.98,158,63,8,55,368.825,151.964,15.999,135.965,670,215,60,155,9.39,3.44,0,3.44,21,7,2,5,45.619416,13.618054,5.211664,8.40639,459.26,280,1.26,278.74,1054.53828,686.635,3.03928,683.59572,2258.7,1075,3.7,1071.3,47.85,20.64,0,20.64,96.04,42,0.04,41.96,201.9891977,81.708324,0.1134077,81.5949163,298,400,510,Ba5Si2O6Cl6Eu0.02
19.03,6,0.03,5.97,158,63,8,55,368.825,151.964,15.999,135.965,670,215,60,155,9.39,3.44,0,3.44,21,7,2,5,45.619416,13.618054,5.211664,8.40639,459.89,280,1.89,278.11,1056.05792,686.635,4.55892,682.07608,2260.55,1075,5.55,1069.45,47.85,20.64,0,20.64,96.06,42,0.06,41.94,202.0459016,81.708324,0.17011155,81.53821245,298,400,510,Ba5Si2O6Cl6Eu0.03
19.04,6,0.04,5.96,158,63,8,55,368.825,151.964,15.999,135.965,670,215,60,155,9.39,3.44,0,3.44,21,7,2,5,45.619416,13.618054,5.211664,8.40639,460.52,280,2.52,277.48,1057.57756,686.635,6.07856,680.55644,2262.4,1075,7.4,1067.6,47.85,20.64,0,20.64,96.08,42,0.08,41.92,202.1026054,81.708324,0.2268154,81.4815086,298,400,510,Ba5Si2O6Cl6Eu0.04
19.05,6,0.05,5.95,158,63,8,55,368.825,151.964,15.999,135.965,670,215,60,155,9.39,3.44,0,3.44,21,7,2,5,45.619416,13.618054,5.211664,8.40639,461.15,280,3.15,276.85,1059.0972,686.635,7.5982,679.0368,2264.25,1075,9.25,1065.75,47.85,20.64,0,20.64,96.1,42,0.1,41.9,202.1593093,81.708324,0.28351925,81.42480475,298,400,510,Ba5Si2O6Cl6Eu0.05
19.06,6,0.06,5.94,158,63,8,55,368.825,151.964,15.999,135.965,670,215,60,155,9.39,3.44,0,3.44,21,7,2,5,45.619416,13.618054,5.211664,8.40639,461.78,280,3.78,276.22,1060.61684,686.635,9.11784,677.51716,2266.1,1075,11.1,1063.9,47.85,20.64,0,20.64,96.12,42,0.12,41.88,202.2160131,81.708324,0.3402231,81.3681009,298,400,510,Ba5Si2O6Cl6Eu0.06
10.94,4,0.03,3.97,112,63,7,56,250.133,151.964,14.007,137.957,600,185,60,125,9.38,3.44,0,3.44,19,6,2,4,48.0874072,14.53413,5.670385,8.863745,134.09,58.2,1.89,56.31,269.3659,116.62698,4.55892,112.06806,1119.35,523.8,5.55,518.25,26.55,13.76,0,13.76,47.88,24,0.06,23.94,117.8032352,54.472216,0.17011155,54.30210445,298,330,511,Ca2.91Si2O4N2Eu0.03
12.03,6,0.03,5.97,220,71,5,66,526.5168,174.9668,10.81,164.1568,820,215,60,155,10.53,3.44,0,3.44,22,7,2,5,51.191623,13.618054,5.211664,8.40639,259.89,112,1.89,110.11,607.24372,274.654,4.55892,270.09508,1240.55,430,5.55,424.45,30.66,20.64,0,20.64,55.06,36,0.06,35.94,127.2913026,81.708324,0.17011155,81.53821245,298,365,511,Ba2LuB2O6ClEu0.03
13,5,0.02,4.98,200,63,7,56,463.2693785,151.964,14.007,137.957,940,215,60,155,12.1,3.44,0,3.44,25,6,2,4,59.3889444,14.53413,5.211664,9.322466,200.14,54.88,1.26,53.62,438.691657,134.58046,3.03928,131.54118,1309.4,325,3.7,321.3,31.1922,15.2,0,15.2,56,25,0.04,24.96,139.6197592,72.67065,0.1134077,72.5572423,298,358,512,Ba0.98YSi2Al2O2N5Eu0.02
13,5,0.01,4.99,232,71,7,64,549.3303385,174.9668,14.007,160.9598,935,215,60,155,11.88,3.44,0,3.44,24,6,2,4,58.5975554,14.53413,5.211664,9.322466,232.07,71,0.63,70.37,524.606247,174.9668,1.51964,173.44716,1304.7,325,1.85,323.15,30.9811,15.2,0,15.2,55,25,0.02,24.98,138.823783,72.67065,0.05670385,72.61394615,298,365,512,Ba0.99LuAl2Si2O2N5Eu0.01
10.9,4,0.05,3.95,112,63,7,56,250.133,151.964,14.007,137.957,600,185,60,125,9.38,3.44,0,3.44,19,6,2,4,48.0874072,14.53413,5.670385,8.863745,134.15,57,3.15,53.85,270.0005,114.2223,7.5982,106.6241,1112.25,513,9.25,503.75,26.49,13.76,0,13.76,47.8,24,0.1,23.9,117.5498536,54.472216,0.28351925,54.18869675,298,330,514,Ca2.85Si2O4N2Eu0.05
13,8,0.01,7.99,144,63,8,55,326.634762,151.964,15.999,135.965,725,200,60,140,7.58,3.44,0,3.44,17,6,2,4,41.5831474,13.618054,5.670385,7.947669,185.93,66.5,0.63,65.87,394.490884,153.335,1.51964,151.81536,1255.05,480,1.85,478.15,34.8025,27.52,0,27.52,64,48,0.02,47.98,147.5208379,108.944432,0.05670385,108.8877282,298,365,514,Sr1.75Ca1.24P2O8Eu0.01
13,5,0.04,4.96,200,63,7,56,463.2693785,151.964,14.007,137.957,940,215,60,155,12.1,3.44,0,3.44,25,6,2,4,59.3889444,14.53413,5.211664,9.322466,200.28,53.76,2.52,51.24,438.984397,131.83392,6.07856,125.75536,1308.8,325,7.4,317.6,31.1744,15.2,0,15.2,56,25,0.08,24.92,139.6289336,72.67065,0.2268154,72.4438346,298,354,515,Ba0.96YSi2Al2O2N5Eu0.04
20.001,12,0.001,11.999,156,63,8,55,364.348762,151.964,15.999,135.965,670,215,60,155,8.42,3.44,0,3.44,19,6,2,4,43.138472,13.618054,5.211664,8.40639,420.063,280,0.063,279.937,968.807488,686.635,0.151964,686.483036,2105.185,1075,0.185,1074.815,52.01,41.28,0,41.28,96.002,72,0.002,71.998,218.6056934,163.416648,0.005670385,163.4109776,298,405,515,Ba5P2SiO12Eu0.001
20.005,12,0.005,11.995,156,63,8,55,364.348762,151.964,15.999,135.965,670,215,60,155,8.42,3.44,0,3.44,19,6,2,4,43.138472,13.618054,5.211664,8.40639,420.315,280,0.315,279.685,969.415344,686.635,0.75982,685.87518,2105.925,1075,0.925,1074.075,52.01,41.28,0,41.28,96.01,72,0.01,71.99,218.6283749,163.416648,0.028351925,163.3882961,298,405,515,Ba5P2SiO12Eu0.005
20.01,12,0.01,11.99,156,63,8,55,364.348762,151.964,15.999,135.965,670,215,60,155,8.42,3.44,0,3.44,19,6,2,4,43.138472,13.618054,5.211664,8.40639,420.63,280,0.63,279.37,970.175164,686.635,1.51964,685.11536,2106.85,1075,1.85,1073.15,52.01,41.28,0,41.28,96.02,72,0.02,71.98,218.6567269,163.416648,0.05670385,163.3599442,298,405,515,Ba5P2SiO12Eu0.01
20.02,12,0.02,11.98,156,63,8,55,364.348762,151.964,15.999,135.965,670,215,60,155,8.42,3.44,0,3.44,19,6,2,4,43.138472,13.618054,5.211664,8.40639,421.26,280,1.26,278.74,971.694804,686.635,3.03928,683.59572,2108.7,1075,3.7,1071.3,52.01,41.28,0,41.28,96.04,72,0.04,71.96,218.7134307,163.416648,0.1134077,163.3032403,298,405,515,Ba5P2SiO12Eu0.02
20.03,12,0.03,11.97,156,63,8,55,364.348762,151.964,15.999,135.965,670,215,60,155,8.42,3.44,0,3.44,19,6,2,4,43.138472,13.618054,5.211664,8.40639,421.89,280,1.89,278.11,973.214444,686.635,4.55892,682.07608,2110.55,1075,5.55,1069.45,52.01,41.28,0,41.28,96.06,72,0.06,71.94,218.7701346,163.416648,0.17011155,163.2465365,298,405,515,Ba5P2SiO12Eu0.03
20.04,12,0.04,11.96,156,63,8,55,364.348762,151.964,15.999,135.965,670,215,60,155,8.42,3.44,0,3.44,19,6,2,4,43.138472,13.618054,5.211664,8.40639,422.52,280,2.52,277.48,974.734084,686.635,6.07856,680.55644,2112.4,1075,7.4,1067.6,52.01,41.28,0,41.28,96.08,72,0.08,71.92,218.8268384,163.416648,0.2268154,163.1898326,298,405,515,Ba5P2SiO12Eu0.04
11,7,0.04,6.96,132,63,8,55,306.5245,151.964,15.999,135.965,580,200,60,140,6.02,3.44,0,3.44,15,6,2,4,31.7294932,13.618054,5.670385,7.947669,179,74.48,2.52,71.96,391.68976,171.7352,6.07856,165.65664,1089.4,420,7.4,412.6,29.202,24.08,0,24.08,56,42,0.08,41.92,120.2075071,95.326378,0.2268154,95.0995626,298,355,518,Sr1.96V2O7Eu0.04
11,7,0.08,6.92,132,63,8,55,306.5245,151.964,15.999,135.965,580,200,60,140,6.02,3.44,0,3.44,15,6,2,4,31.7294932,13.618054,5.670385,7.947669,180,72.96,5.04,67.92,394.26352,168.2304,12.15712,156.07328,1088.8,420,14.8,405.2,29.164,24.08,0,24.08,56,42,0.16,41.84,120.2065278,95.326378,0.4536308,94.8727472,298,355,518,Sr1.92V2O7Eu0.08
11,7,0.12,6.88,132,63,8,55,306.5245,151.964,15.999,135.965,580,200,60,140,6.02,3.44,0,3.44,15,6,2,4,31.7294932,13.618054,5.670385,7.947669,181,71.44,7.56,63.88,396.83728,164.7256,18.23568,146.48992,1088.2,420,22.2,397.8,29.126,24.08,0,24.08,56,42,0.24,41.76,120.2055485,95.326378,0.6804462,94.6459318,298,355,518,Sr1.88V2O7Eu0.12
11,7,0.16,6.84,132,63,8,55,306.5245,151.964,15.999,135.965,580,200,60,140,6.02,3.44,0,3.44,15,6,2,4,31.7294932,13.618054,5.670385,7.947669,182,69.92,10.08,59.84,399.41104,161.2208,24.31424,136.90656,1087.6,420,29.6,390.4,29.088,24.08,0,24.08,56,42,0.32,41.68,120.2045692,95.326378,0.9072616,94.4191164,298,355,518,Sr1.84V2O7Eu0.16
11,7,0.2,6.8,132,63,8,55,306.5245,151.964,15.999,135.965,580,200,60,140,6.02,3.44,0,3.44,15,6,2,4,31.7294932,13.618054,5.670385,7.947669,183,68.4,12.6,55.8,401.9848,157.716,30.3928,127.3232,1087,420,37,383,29.05,24.08,0,24.08,56,42,0.4,41.6,120.20359,95.326378,1.134077,94.192301,298,355,518,Sr1.80V2O7Eu0.2
11,7,0.24,6.76,132,63,8,55,306.5245,151.964,15.999,135.965,580,200,60,140,6.02,3.44,0,3.44,15,6,2,4,31.7294932,13.618054,5.670385,7.947669,184,66.88,15.12,51.76,404.55856,154.2112,36.47136,117.73984,1086.4,420,44.4,375.6,29.012,24.08,0,24.08,56,42,0.48,41.52,120.2026107,95.326378,1.3608924,93.9654856,298,355,518,Sr1.76V2O7Eu0.24
13,5,0.08,4.92,200,63,7,56,463.2693785,151.964,14.007,137.957,940,215,60,155,12.1,3.44,0,3.44,25,6,2,4,59.3889444,14.53413,5.211664,9.322466,200.56,51.52,5.04,46.48,439.569877,126.34084,12.15712,114.18372,1307.6,325,14.8,310.2,31.1388,15.2,0,15.2,56,25,0.16,24.84,139.6472825,72.67065,0.4536308,72.2170192,298,359,519,Ba0.92YSi2Al2O2N5Eu0.08
8,4,1,3,179,63,8,55,420.995,151.964,15.999,135.965,770,215,60,155,7.18,3.44,0,3.44,16,6,2,4,38.3466532,13.618054,5.211664,8.40639,203,63,14,49,468.992,151.964,28.085,123.879,950,240,110,130,17.5,13.76,0,13.76,34,24,2,22,79.2008152,54.472216,5.211664,49.260552,298,450,520,SrBaSiO4Eu1
10.86,4,0.07,3.93,112,63,7,56,250.133,151.964,14.007,137.957,600,185,60,125,9.38,3.44,0,3.44,19,6,2,4,48.0874072,14.53413,5.670385,8.863745,134.21,55.8,4.41,51.39,270.6351,111.81762,10.63748,101.18014,1105.15,502.2,12.95,489.25,26.43,13.76,0,13.76,47.72,24,0.14,23.86,117.296472,54.472216,0.39692695,54.07528905,298,330,522,Ca2.79Si2O4N2Eu0.07
20,12,0.01,11.99,207,63,8,55,476.3563785,151.964,15.999,135.965,995,185,60,125,10.6,3.44,0,3.44,22,6,2,4,52.8279854,13.618054,5.5386,8.079454,253.08,96,0.63,95.37,531.3556518,191.988,1.51964,190.46836,1850.5,720,1.85,718.15,53.3439,41.28,0,41.28,95.97,72,0.02,71.98,219.3784225,163.416648,0.05670385,163.3599442,298,365,522,Y1.97Mg1.99Al2Si2O12Eu0.01Ce0.03
13,5,0.01,4.99,214,71,7,64,499.6233385,174.9668,14.007,160.9598,920,200,60,140,11.94,3.44,0,3.44,24,6,2,4,59.0807586,14.53413,5.425871,9.108259,214.25,71,0.63,70.37,475.396317,174.9668,1.51964,173.44716,1289.85,325,1.85,323.15,31.0405,15.2,0,15.2,55,25,0.02,24.98,139.3021542,72.67065,0.05670385,72.61394615,298,365,526,Sr0.99LuAl2Si2O2N5Eu0.01
12.03,6,0.03,5.97,188,63,5,58,440.45584,151.964,10.81,141.154,825,215,60,155,10.75,3.44,0,3.44,23,7,2,5,51.983012,13.618054,5.211664,8.40639,227.89,112,1.89,110.11,521.18276,274.654,4.55892,270.09508,1245.55,430,5.55,424.45,30.88,20.64,0,20.64,56.06,36,0.06,35.94,128.0826916,81.708324,0.17011155,81.53821245,298,365,526,Ba2YB2O6ClEu0.03
13,5,0.12,4.88,200,63,7,56,463.2693785,151.964,14.007,137.957,940,215,60,155,12.1,3.44,0,3.44,25,6,2,4,59.3889444,14.53413,5.211664,9.322466,200.84,49.28,7.56,41.72,440.155357,120.84776,18.23568,102.61208,1306.4,325,22.2,302.8,31.1032,15.2,0,15.2,56,25,0.24,24.76,139.6656313,72.67065,0.6804462,71.9902038,298,362,527,Ba0.88YSi2Al2O2N5Eu0.12
41,25,0.05,24.95,144,63,8,55,325.03184,151.964,15.999,135.965,715,185,60,125,7.56,3.44,0,3.44,17,6,2,4,39.7705372,13.618054,5.670385,7.947669,600.15,234,3.15,230.85,1267.82634,533.43504,7.5982,525.83684,3960.25,1500,9.25,1490.75,108.67,86,0,86,200,150,0.1,149.9,451.0954903,340.45135,0.28351925,340.1678308,298,432,527,Ca3.95Y6Si6O25Eu0.05
41,25,0.01,24.99,169,63,8,55,379.969884,151.964,15.999,135.965,855,185,60,125,9.11,3.44,0,3.44,24,7,2,5,47.2045552,13.618054,5.670385,7.947669,600.2,234,0.25,233.75,1267.97494,533.43504,0.54938044,532.8856596,3959.85,1500,1.4,1498.6,108.6755,86,0,86,200.05,150,0.07,149.93,451.1086989,340.45135,0.07434018,340.3770098,298,432,527,Ca3.94Y6Si6O25Eu0.05Mn0.01
41,25,0.03,24.97,169,63,8,55,379.969884,151.964,15.999,135.965,855,185,60,125,9.11,3.44,0,3.44,24,7,2,5,47.2045552,13.618054,5.670385,7.947669,600.3,234,0.75,233.25,1268.272141,533.43504,1.64814132,531.7868987,3959.05,1500,4.2,1495.8,108.6865,86,0,86,200.15,150,0.1,149.9,451.1351162,340.45135,0.22302054,340.2283295,298,432,527,Ca3.92Y6Si6O25Eu0.05Mn0.03
13,5,0.08,4.92,238,63,7,56,550.8893785,151.964,14.007,137.957,1140,215,60,155,13.05,3.44,0,3.44,27,6,2,4,65.0838116,14.53413,5.211664,9.322466,198.76,45.92,3.8,42.12,434.599177,112.60814,8.762,103.84614,1306.1,325,14.8,310.2,31.1448,15.2,0,15.2,56,25,0.16,24.84,139.6956028,72.67065,0.4536308,72.2170192,298,365,528,Ba0.82Sr0.1YSi2Al2O2N5Eu0.08
11.996,7,0.004,6.996,117,63,8,55,260.431,151.964,15.999,135.965,685,185,60,125,7.65,3.44,0,3.44,16,6,2,4,41.1995122,13.618054,5.670385,7.947669,136.092,56,0.252,55.748,272.911232,111.993,0.607856,111.385144,1149.3,420,0.74,419.26,31.182,24.08,0,24.08,55.992,42,0.008,41.992,131.4760657,95.326378,0.02268154,95.30369646,298,381,528,Ca1.992MgSi2O7Eu0.004
11.996,7,0.004,6.996,142,63,8,55,315.369044,151.964,15.999,135.965,825,185,60,125,9.2,3.44,0,3.44,23,7,2,5,48.6335302,13.618054,5.670385,7.947669,137.392,56,0.252,55.748,275.9745364,111.993,0.607856,111.385144,1148.3,420,0.74,419.26,31.206,24.08,0,24.08,56.492,42,0.008,41.992,131.454844,95.326378,0.02268154,95.30369646,298,381,528,Ca1.992Mg0.9Si2O7Eu0.004Mn0.1
11.996,7,0.004,6.996,142,63,8,55,315.369044,151.964,15.999,135.965,825,185,60,125,9.2,3.44,0,3.44,23,7,2,5,48.6335302,13.618054,5.670385,7.947669,138.042,56,0.252,55.748,277.5061886,111.993,0.607856,111.385144,1147.8,420,0.74,419.26,31.218,24.08,0,24.08,56.742,42,0.008,41.992,131.4442331,95.326378,0.02268154,95.30369646,298,381,528,Ca1.992Mg0.85Si2O7Eu0.004Mn0.15
11.996,7,0.004,6.996,142,63,8,55,315.369044,151.964,15.999,135.965,825,185,60,125,9.2,3.44,0,3.44,23,7,2,5,48.6335302,13.618054,5.670385,7.947669,138.692,56,0.252,55.748,279.0378408,111.993,0.607856,111.385144,1147.3,420,0.74,419.26,31.23,24.08,0,24.08,56.992,42,0.008,41.992,131.4336223,95.326378,0.02268154,95.30369646,298,381,528,Ca1.992Mg0.8Si2O7Eu0.004Mn0.2
11.996,7,0.004,6.996,142,63,8,55,315.369044,151.964,15.999,135.965,825,185,60,125,9.2,3.44,0,3.44,23,7,2,5,48.6335302,13.618054,5.670385,7.947669,139.342,56,0.252,55.748,280.569493,111.993,0.607856,111.385144,1146.8,420,0.74,419.26,31.242,24.08,0,24.08,57.242,42,0.008,41.992,131.4230114,95.326378,0.02268154,95.30369646,298,381,528,Ca1.992Mg0.75Si2O7Eu0.004Mn0.25
11.996,7,0.004,6.996,142,63,8,55,315.369044,151.964,15.999,135.965,825,185,60,125,9.2,3.44,0,3.44,23,7,2,5,48.6335302,13.618054,5.670385,7.947669,139.992,56,0.252,55.748,282.1011452,111.993,0.607856,111.385144,1146.3,420,0.74,419.26,31.254,24.08,0,24.08,57.492,42,0.008,41.992,131.4124006,95.326378,0.02268154,95.30369646,298,381,528,Ca1.992Mg0.7Si2O7Eu0.004Mn0.3
11.996,7,0.004,6.996,142,63,8,55,315.369044,151.964,15.999,135.965,825,185,60,125,9.2,3.44,0,3.44,23,7,2,5,48.6335302,13.618054,5.670385,7.947669,140.642,56,0.252,55.748,283.6327974,111.993,0.607856,111.385144,1145.8,420,0.74,419.26,31.266,24.08,0,24.08,57.742,42,0.008,41.992,131.4017897,95.326378,0.02268154,95.30369646,298,381,528,Ca1.992Mg0.65Si2O7Eu0.004Mn0.35
20,12,0.01,11.99,207,63,8,55,476.3563785,151.964,15.999,135.965,995,185,60,125,10.6,3.44,0,3.44,22,6,2,4,52.8279854,13.618054,5.5386,8.079454,253.27,96,0.63,95.37,531.8677534,191.988,1.51964,190.46836,1850.55,720,1.85,718.15,53.3429,41.28,0,41.28,95.96,72,0.02,71.98,219.3716359,163.416648,0.05670385,163.3599442,298,365,529,Y1.96Mg1.99Al2Si2O12Eu0.01Ce0.04
13,5,0.16,4.84,200,63,7,56,463.2693785,151.964,14.007,137.957,940,215,60,155,12.1,3.44,0,3.44,25,6,2,4,59.3889444,14.53413,5.211664,9.322466,201.12,47.04,10.08,36.96,440.740837,115.35468,24.31424,91.04044,1305.2,325,29.6,295.4,31.0676,15.2,0,15.2,56,25,0.32,24.68,139.6839802,72.67065,0.9072616,71.7633884,298,359,533,Ba0.84YSi2Al2O2N5Eu0.16
13,5,0.08,4.92,238,63,7,56,550.8893785,151.964,14.007,137.957,1140,215,60,155,13.05,3.44,0,3.44,27,6,2,4,65.0838116,14.53413,5.211664,9.322466,196.96,40.32,5.04,35.28,429.628477,98.87544,12.15712,86.71832,1304.6,325,14.8,310.2,31.1508,15.2,0,15.2,56,25,0.16,24.84,139.7439231,72.67065,0.4536308,72.2170192,298,365,533,Ba0.72Sr0.2YSi2Al2O2N5Eu0.08
10,6,0.05,5.95,117,63,8,55,263.9936773,151.964,15.999,135.965,695,185,60,125,7.63,3.44,0,3.44,16,6,1,5,39.1406887,13.618054,5.1390767,8.4789773,110.6,48,3.15,44.85,226.5583888,95.994,7.5982,88.3958,920.25,360,9.25,350.75,26.6835,20.64,0,20.64,48.05,36,0.1,35.9,109.7388221,81.708324,0.28351925,81.42480475,298,365,533,Na0.95ScSi2O6Eu0.05
10,6,0.03,5.97,142,63,8,55,318.9317213,151.964,15.999,135.965,835,185,60,125,9.18,3.44,0,3.44,23,7,1,6,46.5747067,13.618054,5.1390767,8.4789773,110.72,48,0.75,47.25,226.8578529,95.994,1.64814132,94.34585868,919.65,360,4.2,355.8,26.6892,20.64,0,20.64,48.17,36,0.1,35.9,109.764998,81.708324,0.22302054,81.48530346,298,365,533,Na0.95Sc0.97Si2O6Eu0.05Mn0.03
10,6,0.05,5.95,142,63,8,55,318.9317213,151.964,15.999,135.965,835,185,60,125,9.18,3.44,0,3.44,23,7,1,6,46.5747067,13.618054,5.1390767,8.4789773,111,48,2.5,45.5,227.5566024,95.994,5.4938044,90.5001956,918.25,360,9.25,350.75,26.7025,20.64,0,20.64,48.45,36,0.1,35.9,109.8260749,81.708324,0.28351925,81.42480475,298,365,533,Na0.95Sc0.9Si2O6Eu0.05Mn0.1
7,4,0.06,3.94,148,63,16,47,341.367,151.964,32.06,119.904,615,200,100,100,5.34,2.58,0,2.58,13,6,2,4,27.724564,10.36001,5.670385,4.689625,165.5,64,3.78,60.22,359.16664,139.446,9.11784,130.32816,859.1,400,11.1,388.9,14.833,10.32,0,10.32,32,24,0.12,23.88,59.13204187,41.44004,0.3402231,41.0998169,298,400,534,Sr0.94Ga2S4Eu0.06
20,12,0.035,11.965,206,63,8,55,476.5370013,151.964,15.999,135.965,1030,200,60,140,10.51,3.44,0,3.44,23,6,1,5,54.3376519,13.618054,5.1390767,8.4789773,322.875,112.67,2.205,110.465,709.0278033,259.7933,5.31874,254.47456,2004.475,720,6.475,713.525,52.40675,41.28,0,41.28,96,72,0.07,71.93,220.3414244,163.416648,0.198463475,163.2181845,298,380,535,Sr2.965LaNaP2SiO12Eu0.035
20,12,0.05,11.95,206,63,8,55,476.5370013,151.964,15.999,135.965,1030,200,60,140,10.51,3.44,0,3.44,23,6,1,5,54.3376519,13.618054,5.1390767,8.4789773,323.25,112.1,3.15,108.95,709.9929633,258.479,7.5982,250.8808,2004.25,720,9.25,710.75,52.3925,41.28,0,41.28,96,72,0.1,71.9,220.3410572,163.416648,0.28351925,163.1331288,298,380,535,Sr2.95LaNaP2SiO12Eu0.05
20,12,0.075,11.925,206,63,8,55,476.5370013,151.964,15.999,135.965,1030,200,60,140,10.51,3.44,0,3.44,23,6,1,5,54.3376519,13.618054,5.1390767,8.4789773,323.875,111.15,4.725,106.425,711.6015633,256.2885,11.3973,244.8912,2003.875,720,13.875,706.125,52.36875,41.28,0,41.28,96,72,0.15,71.85,220.3404451,163.416648,0.425278875,162.9913691,298,380,535,Sr2.925LaNaP2SiO12Eu0.075
20,12,0.1,11.9,206,63,8,55,476.5370013,151.964,15.999,135.965,1030,200,60,140,10.51,3.44,0,3.44,23,6,1,5,54.3376519,13.618054,5.1390767,8.4789773,324.5,110.2,6.3,103.9,713.2101633,254.098,15.1964,238.9016,2003.5,720,18.5,701.5,52.345,41.28,0,41.28,96,72,0.2,71.8,220.3398331,163.416648,0.5670385,162.8496095,298,380,535,Sr2.9LaNaP2SiO12Eu0.1
17.05,12,0.05,11.95,202,74,8,66,490.70847,183.84,15.999,167.841,575,195,60,135,6.24,3.44,0,3.44,17,6,2,4,32.729369,13.618054,5.5769,8.041154,435.15,222,3.15,218.85,1028.91714,551.52,7.5982,543.9218,1524.25,720,9.25,710.75,48.58,41.28,0,41.28,96.1,72,0.1,71.9,198.4460573,163.416648,0.28351925,163.1331288,298,393,535,La2W3O12Eu0.05
7,2,0.005,1.995,130,63,7,56,297.675,151.964,14.007,137.957,620,200,60,140,9.33,3.44,0,3.44,19,6,2,4,47.6691192,14.53413,5.670385,8.863745,96.125,37.81,0.315,37.495,204.12372,87.1819,0.75982,86.42208,669.925,220,0.925,219.075,17.70525,6.88,0,6.88,32,12,0.01,11.99,78.30247879,29.06826,0.028351925,29.03990808,298,450,535,Sr0.995Si2O2N2Eu0.005
7,2,0.01,1.99,130,63,7,56,297.675,151.964,14.007,137.957,620,200,60,140,9.33,3.44,0,3.44,19,6,2,4,47.6691192,14.53413,5.670385,8.863745,96.25,37.62,0.63,36.99,204.44544,86.7438,1.51964,85.22416,669.85,220,1.85,218.15,17.7005,6.88,0,6.88,32,12,0.02,11.98,78.30235638,29.06826,0.05670385,29.01155615,298,450,535,Sr0.99Si2O2N2Eu0.01
7,2,0.005,1.995,130,63,7,56,297.675,151.964,14.007,137.957,620,200,60,140,9.33,3.44,0,3.44,19,6,2,4,47.6691192,14.53413,5.670385,8.863745,96.125,37.81,0.315,37.495,204.12372,87.1819,0.75982,86.42208,669.925,220,0.925,219.075,17.70525,6.88,0,6.88,32,12,0.01,11.99,78.30247879,29.06826,0.028351925,29.03990808,298,450,535,Sr0.995Si2N2O2Eu0.005
7,2,0.01,1.99,130,63,7,56,297.675,151.964,14.007,137.957,620,200,60,140,9.33,3.44,0,3.44,19,6,2,4,47.6691192,14.53413,5.670385,8.863745,96.25,37.62,0.63,36.99,204.44544,86.7438,1.51964,85.22416,669.85,220,1.85,218.15,17.7005,6.88,0,6.88,32,12,0.02,11.98,78.30235638,29.06826,0.05670385,29.01155615,298,450,535,Sr0.99Si2N2O2Eu0.01
7,2,0.02,1.98,150,63,7,56,337.753,151.964,14.007,137.957,800,200,60,140,10.33,3.44,0,3.44,21,6,2,4,53.7822744,14.53413,5.670385,8.863745,93.8,31.54,1.26,30.28,197.95758,72.7246,3.03928,69.68532,666.7,220,3.7,216.3,17.6985,6.88,0,6.88,32,12,0.04,11.96,78.36485476,29.06826,0.1134077,28.9548523,298,450,536,Sr0.83Ca0.15Si2O2N2Eu0.02
7,2,0.02,1.98,130,63,7,56,297.675,151.964,14.007,137.957,620,200,60,140,9.33,3.44,0,3.44,19,6,2,4,47.6691192,14.53413,5.670385,8.863745,96.5,37.24,1.26,35.98,205.08888,85.8676,3.03928,82.82832,669.7,220,3.7,216.3,17.691,6.88,0,6.88,32,12,0.04,11.96,78.30211156,29.06826,0.1134077,28.9548523,298,450,536,Sr0.98Si2N2O2Eu0.02
16.1,10,0.04,9.96,178,63,8,55,412.618044,151.964,15.999,135.965,860,215,60,155,9.09,3.44,0,3.44,23,7,2,5,47.732039,13.618054,5.211664,8.40639,208.02,80,1.5,78.5,443.3368426,159.99,3.29628264,156.6937174,1420.8,600,7.4,592.6,44.293,34.4,0,34.4,80.5,60,0.08,59.92,182.3180275,136.18054,0.2268154,135.9537246,298,360,537,BaMgSi4O10Eu0.04Mn0.06
16.12,10,0.04,9.96,178,63,8,55,412.618044,151.964,15.999,135.965,860,215,60,155,9.09,3.44,0,3.44,23,7,2,5,47.732039,13.618054,5.211664,8.40639,208.52,80,2,78,444.4356035,159.99,4.39504352,155.5949565,1423.6,600,7.4,592.6,44.324,34.4,0,34.4,80.64,60,0.08,59.92,182.4667078,136.18054,0.2268154,135.9537246,298,360,537,BaMgSi4O10Eu0.04Mn0.08
16.14,10,0.04,9.96,178,63,8,55,412.618044,151.964,15.999,135.965,860,215,60,155,9.09,3.44,0,3.44,23,7,2,5,47.732039,13.618054,5.211664,8.40639,209.02,80,2.5,77.5,445.5343644,159.99,5.4938044,154.4961956,1426.4,600,7.4,592.6,44.355,34.4,0,34.4,80.78,60,0.08,59.92,182.6153882,136.18054,0.2268154,135.9537246,298,360,537,BaMgSi4O10Eu0.04Mn0.1
16.16,10,0.04,9.96,178,63,8,55,412.618044,151.964,15.999,135.965,860,215,60,155,9.09,3.44,0,3.44,23,7,2,5,47.732039,13.618054,5.211664,8.40639,209.52,80,2.52,77.48,446.6331253,159.99,6.07856,153.91144,1429.2,600,7.4,592.6,44.386,34.4,0,34.4,80.92,60,0.08,59.92,182.7640686,136.18054,0.2268154,135.9537246,298,360,537,BaMgSi4O10Eu0.04Mn0.12
7.06,4,0.06,3.94,122,63,12,51,278.052,151.964,24.305,127.659,565,185,100,85,5.7,2.58,0,2.58,13,6,2,4,29.6759318,10.36001,5.670385,4.689625,141.78,64,3.78,60.22,301.10884,139.446,9.11784,130.32816,821.1,400,11.1,388.9,15.25,10.32,0,10.32,32.12,24,0.12,23.88,61.4251017,41.44004,0.3402231,41.0998169,298,430,538,MgGa2S4Eu0.06
7.06,4,0.06,3.94,122,63,12,51,278.052,151.964,24.305,127.659,565,185,100,85,5.7,2.58,0,2.58,13,6,2,4,29.6759318,10.36001,5.670385,4.689625,141.78,64,3.78,60.22,301.10884,139.446,9.11784,130.32816,821.1,400,11.1,388.9,15.25,10.32,0,10.32,32.12,24,0.12,23.88,61.4251017,41.44004,0.3402231,41.0998169,320,430,538,MgGa2S4Eu0.06
7.06,4,0.06,3.94,122,63,12,51,278.052,151.964,24.305,127.659,565,185,100,85,5.7,2.58,0,2.58,13,6,2,4,29.6759318,10.36001,5.670385,4.689625,141.78,64,3.78,60.22,301.10884,139.446,9.11784,130.32816,821.1,400,11.1,388.9,15.25,10.32,0,10.32,32.12,24,0.12,23.88,61.4251017,41.44004,0.3402231,41.0998169,340,430,538,MgGa2S4Eu0.06
7.06,4,0.06,3.94,122,63,12,51,278.052,151.964,24.305,127.659,565,185,100,85,5.7,2.58,0,2.58,13,6,2,4,29.6759318,10.36001,5.670385,4.689625,141.78,64,3.78,60.22,301.10884,139.446,9.11784,130.32816,821.1,400,11.1,388.9,15.25,10.32,0,10.32,32.12,24,0.12,23.88,61.4251017,41.44004,0.3402231,41.0998169,360,430,538,MgGa2S4Eu0.06
7.06,4,0.06,3.94,122,63,12,51,278.052,151.964,24.305,127.659,565,185,100,85,5.7,2.58,0,2.58,13,6,2,4,29.6759318,10.36001,5.670385,4.689625,141.78,64,3.78,60.22,301.10884,139.446,9.11784,130.32816,821.1,400,11.1,388.9,15.25,10.32,0,10.32,32.12,24,0.12,23.88,61.4251017,41.44004,0.3402231,41.0998169,380,430,538,MgGa2S4Eu0.06
7.06,4,0.06,3.94,122,63,12,51,278.052,151.964,24.305,127.659,565,185,100,85,5.7,2.58,0,2.58,13,6,2,4,29.6759318,10.36001,5.670385,4.689625,141.78,64,3.78,60.22,301.10884,139.446,9.11784,130.32816,821.1,400,11.1,388.9,15.25,10.32,0,10.32,32.12,24,0.12,23.88,61.4251017,41.44004,0.3402231,41.0998169,400,430,538,MgGa2S4Eu0.06
7.06,4,0.06,3.94,122,63,12,51,278.052,151.964,24.305,127.659,565,185,100,85,5.7,2.58,0,2.58,13,6,2,4,29.6759318,10.36001,5.670385,4.689625,141.78,64,3.78,60.22,301.10884,139.446,9.11784,130.32816,821.1,400,11.1,388.9,15.25,10.32,0,10.32,32.12,24,0.12,23.88,61.4251017,41.44004,0.3402231,41.0998169,420,430,538,MgGa2S4Eu0.06
7.06,4,0.06,3.94,122,63,12,51,278.052,151.964,24.305,127.659,565,185,100,85,5.7,2.58,0,2.58,13,6,2,4,29.6759318,10.36001,5.670385,4.689625,141.78,64,3.78,60.22,301.10884,139.446,9.11784,130.32816,821.1,400,11.1,388.9,15.25,10.32,0,10.32,32.12,24,0.12,23.88,61.4251017,41.44004,0.3402231,41.0998169,440,430,538,MgGa2S4Eu0.06
7.06,4,0.06,3.94,122,63,12,51,278.052,151.964,24.305,127.659,565,185,100,85,5.7,2.58,0,2.58,13,6,2,4,29.6759318,10.36001,5.670385,4.689625,141.78,64,3.78,60.22,301.10884,139.446,9.11784,130.32816,821.1,400,11.1,388.9,15.25,10.32,0,10.32,32.12,24,0.12,23.88,61.4251017,41.44004,0.3402231,41.0998169,460,430,538,MgGa2S4Eu0.06
7.06,4,0.06,3.94,122,63,12,51,278.052,151.964,24.305,127.659,565,185,100,85,5.7,2.58,0,2.58,13,6,2,4,29.6759318,10.36001,5.670385,4.689625,141.78,64,3.78,60.22,301.10884,139.446,9.11784,130.32816,821.1,400,11.1,388.9,15.25,10.32,0,10.32,32.12,24,0.12,23.88,61.4251017,41.44004,0.3402231,41.0998169,480,430,538,MgGa2S4Eu0.06
7.06,4,0.06,3.94,122,63,12,51,278.052,151.964,24.305,127.659,565,185,100,85,5.7,2.58,0,2.58,13,6,2,4,29.6759318,10.36001,5.670385,4.689625,141.78,64,3.78,60.22,301.10884,139.446,9.11784,130.32816,821.1,400,11.1,388.9,15.25,10.32,0,10.32,32.12,24,0.12,23.88,61.4251017,41.44004,0.3402231,41.0998169,500,430,538,MgGa2S4Eu0.06
8,4,0.06,3.94,122,63,12,51,278.052,151.964,24.305,127.659,565,185,100,85,5.7,2.58,0,2.58,13,6,2,4,29.6759318,10.36001,5.670385,4.689625,153.06,64,3.78,60.22,323.95554,139.446,9.11784,130.32816,962.1,400,11.1,388.9,16.4814,10.32,0,10.32,34,24,0.12,23.88,68.6125626,41.44004,0.3402231,41.0998169,298,430,538,Mg1.94Ga2S4Eu0.06
8,4,0.06,3.94,122,63,12,51,278.052,151.964,24.305,127.659,565,185,100,85,5.7,2.58,0,2.58,13,6,2,4,29.6759318,10.36001,5.670385,4.689625,153.06,64,3.78,60.22,323.95554,139.446,9.11784,130.32816,962.1,400,11.1,388.9,16.4814,10.32,0,10.32,34,24,0.12,23.88,68.6125626,41.44004,0.3402231,41.0998169,320,430,538,Mg1.94Ga2S4Eu0.06
8,4,0.06,3.94,122,63,12,51,278.052,151.964,24.305,127.659,565,185,100,85,5.7,2.58,0,2.58,13,6,2,4,29.6759318,10.36001,5.670385,4.689625,153.06,64,3.78,60.22,323.95554,139.446,9.11784,130.32816,962.1,400,11.1,388.9,16.4814,10.32,0,10.32,34,24,0.12,23.88,68.6125626,41.44004,0.3402231,41.0998169,340,430,538,Mg1.94Ga2S4Eu0.06
8,4,0.06,3.94,122,63,12,51,278.052,151.964,24.305,127.659,565,185,100,85,5.7,2.58,0,2.58,13,6,2,4,29.6759318,10.36001,5.670385,4.689625,153.06,64,3.78,60.22,323.95554,139.446,9.11784,130.32816,962.1,400,11.1,388.9,16.4814,10.32,0,10.32,34,24,0.12,23.88,68.6125626,41.44004,0.3402231,41.0998169,360,430,538,Mg1.94Ga2S4Eu0.06
8,4,0.06,3.94,122,63,12,51,278.052,151.964,24.305,127.659,565,185,100,85,5.7,2.58,0,2.58,13,6,2,4,29.6759318,10.36001,5.670385,4.689625,153.06,64,3.78,60.22,323.95554,139.446,9.11784,130.32816,962.1,400,11.1,388.9,16.4814,10.32,0,10.32,34,24,0.12,23.88,68.6125626,41.44004,0.3402231,41.0998169,380,430,538,Mg1.94Ga2S4Eu0.06
8,4,0.06,3.94,122,63,12,51,278.052,151.964,24.305,127.659,565,185,100,85,5.7,2.58,0,2.58,13,6,2,4,29.6759318,10.36001,5.670385,4.689625,153.06,64,3.78,60.22,323.95554,139.446,9.11784,130.32816,962.1,400,11.1,388.9,16.4814,10.32,0,10.32,34,24,0.12,23.88,68.6125626,41.44004,0.3402231,41.0998169,400,430,538,Mg1.94Ga2S4Eu0.06
8,4,0.06,3.94,122,63,12,51,278.052,151.964,24.305,127.659,565,185,100,85,5.7,2.58,0,2.58,13,6,2,4,29.6759318,10.36001,5.670385,4.689625,153.06,64,3.78,60.22,323.95554,139.446,9.11784,130.32816,962.1,400,11.1,388.9,16.4814,10.32,0,10.32,34,24,0.12,23.88,68.6125626,41.44004,0.3402231,41.0998169,420,430,538,Mg1.94Ga2S4Eu0.06
8,4,0.06,3.94,122,63,12,51,278.052,151.964,24.305,127.659,565,185,100,85,5.7,2.58,0,2.58,13,6,2,4,29.6759318,10.36001,5.670385,4.689625,153.06,64,3.78,60.22,323.95554,139.446,9.11784,130.32816,962.1,400,11.1,388.9,16.4814,10.32,0,10.32,34,24,0.12,23.88,68.6125626,41.44004,0.3402231,41.0998169,440,430,538,Mg1.94Ga2S4Eu0.06
8,4,0.06,3.94,122,63,12,51,278.052,151.964,24.305,127.659,565,185,100,85,5.7,2.58,0,2.58,13,6,2,4,29.6759318,10.36001,5.670385,4.689625,153.06,64,3.78,60.22,323.95554,139.446,9.11784,130.32816,962.1,400,11.1,388.9,16.4814,10.32,0,10.32,34,24,0.12,23.88,68.6125626,41.44004,0.3402231,41.0998169,460,430,538,Mg1.94Ga2S4Eu0.06
8,4,0.06,3.94,122,63,12,51,278.052,151.964,24.305,127.659,565,185,100,85,5.7,2.58,0,2.58,13,6,2,4,29.6759318,10.36001,5.670385,4.689625,153.06,64,3.78,60.22,323.95554,139.446,9.11784,130.32816,962.1,400,11.1,388.9,16.4814,10.32,0,10.32,34,24,0.12,23.88,68.6125626,41.44004,0.3402231,41.0998169,480,430,538,Mg1.94Ga2S4Eu0.06
8,4,0.06,3.94,122,63,12,51,278.052,151.964,24.305,127.659,565,185,100,85,5.7,2.58,0,2.58,13,6,2,4,29.6759318,10.36001,5.670385,4.689625,153.06,64,3.78,60.22,323.95554,139.446,9.11784,130.32816,962.1,400,11.1,388.9,16.4814,10.32,0,10.32,34,24,0.12,23.88,68.6125626,41.44004,0.3402231,41.0998169,500,430,538,Mg1.94Ga2S4Eu0.06
7,2,0.02,1.98,130,63,7,56,297.675,151.964,14.007,137.957,620,200,60,140,9.33,3.44,0,3.44,19,6,2,4,47.6691192,14.53413,5.670385,8.863745,96.5,37.24,1.26,35.98,205.08888,85.8676,3.03928,82.82832,669.7,220,3.7,216.3,17.691,6.88,0,6.88,32,12,0.04,11.96,78.30211156,29.06826,0.1134077,28.9548523,298,450,538,Sr0.98Si2O2N2Eu0.02
7,2,0.02,1.98,150,63,7,56,337.753,151.964,14.007,137.957,800,200,60,140,10.33,3.44,0,3.44,21,6,2,4,53.7822744,14.53413,5.670385,8.863745,95.6,35.34,1,34.34,202.71178,81.4866,2.0039,79.4827,668.7,220,3.7,216.3,17.6935,6.88,0,6.88,32,12,0.04,11.96,78.32302596,29.06826,0.1134077,28.9548523,298,450,538,Sr0.93Ca0.05Si2O2N2Eu0.02
7,2,0.02,1.98,150,63,7,56,337.753,151.964,14.007,137.957,800,200,60,140,10.33,3.44,0,3.44,21,6,2,4,53.7822744,14.53413,5.670385,8.863745,94.7,33.44,1.26,32.18,200.33468,77.1056,3.03928,74.06632,667.7,220,3.7,216.3,17.696,6.88,0,6.88,32,12,0.04,11.96,78.34394036,29.06826,0.1134077,28.9548523,298,450,538,Sr0.88Ca0.1Si2O2N2Eu0.02
7,2,0.02,1.98,186,63,7,56,435.002,151.964,14.007,137.957,835,215,60,155,10.22,3.44,0,3.44,21,6,2,4,52.8807832,14.53413,5.211664,9.322466,97.4,35.34,1.26,34.08,207.57423,81.4866,3.03928,78.44732,670.45,220,3.7,216.3,17.688,6.88,0,6.88,32,12,0.04,11.96,78.2779514,29.06826,0.1134077,28.9548523,298,450,538,Sr0.93Ba0.05Si2O2N2Eu0.02
7,2,0.02,1.98,130,63,7,56,297.675,151.964,14.007,137.957,620,200,60,140,9.33,3.44,0,3.44,19,6,2,4,47.6691192,14.53413,5.670385,8.863745,96.5,37.24,1.26,35.98,205.08888,85.8676,3.03928,82.82832,669.7,220,3.7,216.3,17.691,6.88,0,6.88,32,12,0.04,11.96,78.30211156,29.06826,0.1134077,28.9548523,298,450,538,Sr0.98Si2N2O2Eu0.02
7.015,2,0.02,1.98,130,63,7,56,297.675,151.964,14.007,137.957,620,200,60,140,9.33,3.44,0,3.44,19,6,2,4,47.6691192,14.53413,5.670385,8.863745,97.07,37.81,1.26,36.55,206.40318,87.1819,3.03928,84.14262,672.7,220,3.7,216.3,17.70525,6.88,0,6.88,32.03,12,0.04,11.96,78.38753456,29.06826,0.1134077,28.9548523,298,450,538,Sr0.995Si2N2O2Eu0.02
7.01,2,0.02,1.98,130,63,7,56,297.675,151.964,14.007,137.957,620,200,60,140,9.33,3.44,0,3.44,19,6,2,4,47.6691192,14.53413,5.670385,8.863745,96.88,37.62,1.26,36.36,205.96508,86.7438,3.03928,83.70452,671.7,220,3.7,216.3,17.7005,6.88,0,6.88,32.02,12,0.04,11.96,78.35906023,29.06826,0.1134077,28.9548523,298,450,538,Sr0.99Si2N2O2Eu0.02
7,2,0.02,1.98,186,63,7,56,435.002,151.964,14.007,137.957,835,215,60,155,10.22,3.44,0,3.44,21,6,2,4,52.8807832,14.53413,5.211664,9.322466,97.4,35.34,1.26,34.08,207.57423,81.4866,3.03928,78.44732,670.45,220,3.7,216.3,17.688,6.88,0,6.88,32,12,0.04,11.96,78.2779514,29.06826,0.1134077,28.9548523,298,450,538,Sr0.93Ba0.05Si2N2O2Eu0.02
7,2,0.02,1.98,186,63,7,56,435.002,151.964,14.007,137.957,835,215,60,155,10.22,3.44,0,3.44,21,6,2,4,52.8807832,14.53413,5.211664,9.322466,98.3,33.44,1.26,32.18,210.05958,77.1056,3.03928,74.06632,671.2,220,3.7,216.3,17.685,6.88,0,6.88,32,12,0.04,11.96,78.25379124,29.06826,0.1134077,28.9548523,298,450,539,Sr0.88Ba0.1Si2O2N2Eu0.02
7,2,0.02,1.98,186,63,7,56,435.002,151.964,14.007,137.957,835,215,60,155,10.22,3.44,0,3.44,21,6,2,4,52.8807832,14.53413,5.211664,9.322466,98.3,33.44,1.26,32.18,210.05958,77.1056,3.03928,74.06632,671.2,220,3.7,216.3,17.685,6.88,0,6.88,32,12,0.04,11.96,78.25379124,29.06826,0.1134077,28.9548523,298,450,539,Sr0.88Ba0.10Si2N2O2Eu0.02
13.01,6,0.01,5.99,156,63,3,60,365.3045385,151.964,6.94,145.024,845,215,65,150,8.42,3.04,0,3.04,17,5,1,4,44.94534516,14.53413,5.211664,9.322466,158.63,56,0.63,55.37,346.901717,137.327,1.51964,135.80736,1366.85,390,1.85,388.15,28.11,18.24,0,18.24,48.02,30,0.02,29.98,131.5314802,87.20478,0.05670385,87.14807615,298,395,540,BaLi2Al2Si2N6Eu0.01
8,2,1,1,130,63,7,56,297.675,151.964,14.007,137.957,620,200,60,140,9.33,3.44,0,3.44,19,6,2,4,47.6691192,14.53413,5.670385,8.863745,159,63,14,49,355.766,151.964,28.014,123.95,855,220,120,100,17.71,6.88,0,6.88,34,12,2,10,83.9729862,29.06826,5.670385,23.397875,298,450,540,SrSi2O2N2Eu1
7.005,4,0.005,3.995,140,63,16,47,319.127,151.964,32.06,119.904,550,185,100,85,6.04,2.58,0,2.58,23,12,2,10,31.4238958,10.36001,5.670385,4.689625,156.315,64,0.315,63.685,333.82582,139.446,0.75982,138.68618,795.925,400,0.925,399.075,15.59,10.32,0,10.32,42.01,24,0.01,23.99,62.86119453,41.44004,0.028351925,41.41168808,298,460,540,ZnGa2S4Eu0.005
7.01,4,0.01,3.99,140,63,16,47,319.127,151.964,32.06,119.904,550,185,100,85,6.04,2.58,0,2.58,23,12,2,10,31.4238958,10.36001,5.670385,4.689625,156.63,64,0.63,63.37,334.58564,139.446,1.51964,137.92636,796.85,400,1.85,398.15,15.59,10.32,0,10.32,42.02,24,0.02,23.98,62.88954645,41.44004,0.05670385,41.38333615,298,460,540,ZnGa2S4Eu0.01
7.03,4,0.03,3.97,140,63,16,47,319.127,151.964,32.06,119.904,550,185,100,85,6.04,2.58,0,2.58,23,12,2,10,31.4238958,10.36001,5.670385,4.689625,157.89,64,1.89,62.11,337.62492,139.446,4.55892,134.88708,800.55,400,5.55,394.45,15.59,10.32,0,10.32,42.06,24,0.06,23.94,63.00295415,41.44004,0.17011155,41.26992845,298,460,540,ZnGa2S4Eu0.03
7.05,4,0.05,3.95,140,63,16,47,319.127,151.964,32.06,119.904,550,185,100,85,6.04,2.58,0,2.58,23,12,2,10,31.4238958,10.36001,5.670385,4.689625,159.15,64,3.15,60.85,340.6642,139.446,7.5982,131.8478,804.25,400,9.25,390.75,15.59,10.32,0,10.32,42.1,24,0.1,23.9,63.11636185,41.44004,0.28351925,41.15652075,298,460,540,ZnGa2S4Eu0.05
7.07,4,0.07,3.93,140,63,16,47,319.127,151.964,32.06,119.904,550,185,100,85,6.04,2.58,0,2.58,23,12,2,10,31.4238958,10.36001,5.670385,4.689625,160.41,64,4.41,59.59,343.70348,139.446,10.63748,128.80852,807.95,400,12.95,387.05,15.59,10.32,0,10.32,42.14,24,0.14,23.86,63.22976955,41.44004,0.39692695,41.04311305,298,460,540,ZnGa2S4Eu0.07
7.1,4,0.1,3.9,140,63,16,47,319.127,151.964,32.06,119.904,550,185,100,85,6.04,2.58,0,2.58,23,12,2,10,31.4238958,10.36001,5.670385,4.689625,162.3,64,6.3,57.7,348.2624,139.446,15.1964,124.2496,813.5,400,18.5,381.5,15.59,10.32,0,10.32,42.2,24,0.2,23.8,63.3998811,41.44004,0.5670385,40.8730015,298,460,540,ZnGa2S4Eu0.1
7,2,0.04,1.96,130,63,7,56,297.675,151.964,14.007,137.957,620,200,60,140,9.33,3.44,0,3.44,19,6,2,4,47.6691192,14.53413,5.670385,8.863745,97,36.48,2.52,33.96,206.37576,84.1152,6.07856,78.03664,669.4,220,7.4,212.6,17.672,6.88,0,6.88,32,12,0.08,11.92,78.30162191,29.06826,0.2268154,28.8414446,298,450,541,Sr0.96Si2O2N2Eu0.04
7,2,0.04,1.96,130,63,7,56,297.675,151.964,14.007,137.957,620,200,60,140,9.33,3.44,0,3.44,19,6,2,4,47.6691192,14.53413,5.670385,8.863745,97,36.48,2.52,33.96,206.37576,84.1152,6.07856,78.03664,669.4,220,7.4,212.6,17.672,6.88,0,6.88,32,12,0.08,11.92,78.30162191,29.06826,0.2268154,28.8414446,298,450,541,Sr0.96Si2N2O2Eu0.04
4.04,3,0.01,2.99,201,65,9,56,487.1377532,158.92535,18.99840316,139.9269468,590,185,50,135,5.18,3.98,0,3.98,13,7,2,5,35.106801,17.42282,5.670385,11.752435,93.54,64,0.65,63.35,220.393383,157.25,1.5892535,155.6607465,337.3,180,1.75,178.25,13.14,11.94,0,11.94,23.08,21,0.02,20.98,58.64700555,52.26846,0.058638,52.209822,298,349,542,GdF3Eu0.03Tb0.01
4.05,3,0.02,2.98,201,65,9,56,487.1377532,158.92535,18.99840316,139.9269468,590,185,50,135,5.18,3.98,0,3.98,13,7,2,5,35.106801,17.42282,5.670385,11.752435,94.19,64,1.3,62.7,221.9826365,157.25,3.178507,154.071493,339.05,180,3.5,176.5,13.14,11.94,0,11.94,23.1,21,0.04,20.96,58.70564355,52.26846,0.117276,52.151184,298,349,542,GdF3Eu0.03Tb0.02
4.08,3,0.03,2.97,201,65,9,56,487.1377532,158.92535,18.99840316,139.9269468,590,185,50,135,5.18,3.98,0,3.98,13,7,2,5,35.106801,17.42282,5.670385,11.752435,96.14,64,1.89,62.11,226.750397,157.25,4.55892,152.69108,344.3,180,5.55,174.45,13.14,11.94,0,11.94,23.16,21,0.06,20.94,58.88155755,52.26846,0.17011155,52.09834845,298,349,542,GdF3Eu0.03Tb0.05
4.09,3,0.03,2.97,201,65,9,56,487.1377532,158.92535,18.99840316,139.9269468,590,185,50,135,5.18,3.98,0,3.98,13,7,2,5,35.106801,17.42282,5.670385,11.752435,96.79,64,1.89,62.11,228.3396505,157.25,4.55892,152.69108,346.05,180,5.55,174.45,13.14,11.94,0,11.94,23.18,21,0.06,20.94,58.94019555,52.26846,0.17011155,52.09834845,298,349,542,GdF3Eu0.03Tb0.06
2,0.925,0.005,0.92,196,65,11,54,460.5974193,158.92535,22.98976928,135.9355807,960,220,175,45,2.7,0.95,0,0.95,8,2,1,1,26.70879244,5.8638,4.34066354,1.52313646,54.215,35.15,0.315,34.835,122.3662761,81.0485,0.75982,80.28868,394.175,185,0.925,184.075,1.76475,0.87875,0,0.87875,3,1.85,0.01,1.84,10.52628152,5.26775216,0.028351925,5.239400235,298,365,542,K0.4Na0.6Sr0.925Eu0.005Tb0.07
2,0.905,0.005,0.9,196,65,11,54,460.5974193,158.92535,22.98976928,135.9355807,960,220,175,45,2.7,0.95,0,0.95,8,2,1,1,26.70879244,5.8638,4.34066354,1.52313646,54.755,34.39,0.315,34.075,123.7923831,79.2961,0.75982,78.53628,393.675,181,0.925,180.075,1.74575,0.85975,0,0.85975,3,1.81,0.01,1.8,10.52966018,5.153854816,0.028351925,5.125502891,298,365,542,K0.4Na0.6Sr0.905Eu0.005Tb0.09
2.1,0.985,0.005,0.98,196,65,11,54,460.5974193,158.92535,22.98976928,135.9355807,960,220,175,45,2.7,0.95,0,0.95,8,2,1,1,26.70879244,5.8638,4.34066354,1.52313646,59.095,37.43,0.315,37.115,133.9804901,86.3057,0.75982,85.54588,413.175,197,0.925,196.075,1.82175,0.93575,0,0.93575,3.2,1.97,0.01,1.96,11.10252555,5.609444192,0.028351925,5.581092267,298,365,542,K0.4Na0.6Sr0.985Eu0.005Tb0.11
21.1,12,0.02,11.98,188,65,8,57,433.390112,158.92535,15.999,142.92635,800,185,60,125,9.79,3.44,0,3.44,24,7,2,5,54.7197102,13.618054,5.670385,7.947669,264.46,100,1.26,98.74,536.502594,200.39,3.03928,197.35072,2037.7,900,3.7,896.3,56.01,41.28,0,41.28,104.2,72,0.04,71.96,238.9926237,163.416648,0.1134077,163.3032403,298,400,542,Ca5P3O12ClEu0.02Tb0.08
21.12,12,0.02,11.98,188,65,8,57,433.390112,158.92535,15.999,142.92635,800,185,60,125,9.79,3.44,0,3.44,24,7,2,5,54.7197102,13.618054,5.670385,7.947669,265.76,100,1.26,98.74,539.681101,200.39,3.03928,197.35072,2041.2,900,3.7,896.3,56.01,41.28,0,41.28,104.24,72,0.04,71.96,239.1098997,163.416648,0.1134077,163.3032403,298,400,542,Ca5P3O12ClEu0.02Tb0.1
7,2,0.02,1.98,150,63,7,56,337.753,151.964,14.007,137.957,800,200,60,140,10.33,3.44,0,3.44,21,6,2,4,53.7822744,14.53413,5.670385,8.863745,92,28,1.26,26.74,193.20338,63.9626,3.03928,60.92332,664.7,220,3.7,216.3,17.7035,6.88,0,6.88,32,12,0.04,11.96,78.40668356,29.06826,0.1134077,28.9548523,298,450,542,Sr0.73Ca0.25Si2O2N2Eu0.02
6.98,2,0.02,1.98,130,63,7,56,297.675,151.964,14.007,137.957,620,200,60,140,9.33,3.44,0,3.44,19,6,2,4,47.6691192,14.53413,5.670385,8.863745,95.74,36.48,1.26,35.22,203.33648,84.1152,3.03928,81.07592,665.7,220,3.7,216.3,17.672,6.88,0,6.88,31.96,12,0.04,11.96,78.18821421,29.06826,0.1134077,28.9548523,298,450,542,Sr0.96Si2N2O2Eu0.02
20.98,12,0.01,11.99,284,65,8,57,676.0827544,158.92535,15.999,142.92635,1160,215,50,165,12.53,3.98,0,3.98,28,7,1,6,68.9893857,17.42282,5.1390767,12.2837433,385.43,166.32,0.63,165.69,876.3849512,407.86119,1.51964,406.34155,2084.2,720,1.85,718.15,56.4373,41.28,0,41.28,103.9,72,0.02,71.98,238.5680626,163.416648,0.05670385,163.3599442,298,355,543,Ba2.97La0.94NaP3O12FEu0.01Tb0.06
20.98,12,0.01,11.99,284,65,8,57,676.0827544,158.92535,15.999,142.92635,1160,215,50,165,12.53,3.98,0,3.98,28,7,1,6,68.9893857,17.42282,5.1390767,12.2837433,385.91,166.32,0.63,165.69,877.586144,407.86119,1.51964,406.34155,2083,720,1.85,718.15,56.3713,41.28,0,41.28,103.84,72,0.02,71.98,238.5852766,163.416648,0.05670385,163.3599442,298,355,543,Ba2.97La0.88NaP3O12FEu0.01Tb0.12
20.98,12,0.01,11.99,284,65,8,57,676.0827544,158.92535,15.999,142.92635,1160,215,50,165,12.53,3.98,0,3.98,28,7,1,6,68.9893857,17.42282,5.1390767,12.2837433,386.55,166.32,0.63,165.69,879.1877344,407.86119,1.51964,406.34155,2081.4,720,1.85,718.15,56.2833,41.28,0,41.28,103.76,72,0.02,71.98,238.6082286,163.416648,0.05670385,163.3599442,298,355,543,Ba2.97La0.8NaP3O12FEu0.01Tb0.2
20.98,12,0.01,11.99,284,65,8,57,676.0827544,158.92535,15.999,142.92635,1160,215,50,165,12.53,3.98,0,3.98,28,7,1,6,68.9893857,17.42282,5.1390767,12.2837433,386.95,166.32,0.63,165.69,880.1887284,407.86119,1.51964,406.34155,2080.4,720,1.85,718.15,56.2283,41.28,0,41.28,103.71,72,0.02,71.98,238.6225736,163.416648,0.05670385,163.3599442,298,355,543,Ba2.97La0.75NaP3O12FEu0.01Tb0.25
20.98,12,0.01,11.99,284,65,8,57,676.0827544,158.92535,15.999,142.92635,1160,215,50,165,12.53,3.98,0,3.98,28,7,1,6,68.9893857,17.42282,5.1390767,12.2837433,387.35,166.32,0.63,165.69,881.1897224,407.86119,1.51964,406.34155,2079.4,720,1.85,718.15,56.1733,41.28,0,41.28,103.66,72,0.02,71.98,238.6369186,163.416648,0.05670385,163.3599442,298,355,543,Ba2.97La0.7NaP3O12FEu0.01Tb0.3
20.98,12,0.01,11.99,284,65,8,57,676.0827544,158.92535,15.999,142.92635,1160,215,50,165,12.53,3.98,0,3.98,28,7,1,6,68.9893857,17.42282,5.1390767,12.2837433,388.15,166.32,0.63,165.69,883.1917104,407.86119,1.51964,406.34155,2077.4,720,1.85,718.15,56.0633,41.28,0,41.28,103.56,72,0.02,71.98,238.6656086,163.416648,0.05670385,163.3599442,298,355,543,Ba2.97La0.6NaP3O12FEu0.01Tb0.4
20.98,12,0.01,11.99,284,65,8,57,676.0827544,158.92535,15.999,142.92635,1160,215,50,165,12.53,3.98,0,3.98,28,7,1,6,68.9893857,17.42282,5.1390767,12.2837433,388.95,166.32,0.63,165.69,885.1936984,407.86119,1.51964,406.34155,2075.4,720,1.85,718.15,55.9533,41.28,0,41.28,103.46,72,0.02,71.98,238.6942986,163.416648,0.05670385,163.3599442,298,355,543,Ba2.97La0.5NaP3O12FEu0.01Tb0.5
20.98,12,0.01,11.99,284,65,8,57,676.0827544,158.92535,15.999,142.92635,1160,215,50,165,12.53,3.98,0,3.98,28,7,1,6,68.9893857,17.42282,5.1390767,12.2837433,389.75,166.32,0.63,165.69,887.1956864,407.86119,1.51964,406.34155,2073.4,720,1.85,718.15,55.8433,41.28,0,41.28,103.36,72,0.02,71.98,238.7229886,163.416648,0.05670385,163.3599442,298,355,543,Ba2.97La0.4NaP3O12FEu0.01Tb0.6
46.18,28,0.072,27.928,212,65,8,57,486.3098813,158.92535,15.999,142.92635,1015,185,60,125,9.21,3.44,0,3.44,30,12,1,11,56.2853559,13.618054,5.1390767,8.4789773,561.556,224,4.536,219.464,1141.965449,447.972,10.941408,437.030592,4347.22,1680,13.32,1666.68,123.23,96.32,0,96.32,234.36,168,0.144,167.856,525.3055446,381.305512,0.40826772,380.8972443,298,378,543,Ca9NaZnP7O28Eu0.072Tb0.108
46.207,28,0.072,27.928,212,65,8,57,486.3098813,158.92535,15.999,142.92635,1015,185,60,125,9.21,3.44,0,3.44,30,12,1,11,56.2853559,13.618054,5.1390767,8.4789773,563.311,224,4.536,219.464,1146.256434,447.972,10.941408,437.030592,4351.945,1680,13.32,1666.68,123.23,96.32,0,96.32,234.414,168,0.144,167.856,525.4638672,381.305512,0.40826772,380.8972443,298,378,543,Ca9NaZnP7O28Eu0.072Tb0.135
46.234,28,0.072,27.928,212,65,8,57,486.3098813,158.92535,15.999,142.92635,1015,185,60,125,9.21,3.44,0,3.44,30,12,1,11,56.2853559,13.618054,5.1390767,8.4789773,565.066,224,4.536,219.464,1150.547418,447.972,10.941408,437.030592,4356.67,1680,13.32,1666.68,123.23,96.32,0,96.32,234.468,168,0.144,167.856,525.6221898,381.305512,0.40826772,380.8972443,298,378,543,Ca9NaZnP7O28Eu0.072Tb0.162
7,2,0.02,1.98,150,63,7,56,337.753,151.964,14.007,137.957,800,200,60,140,10.33,3.44,0,3.44,21,6,2,4,53.7822744,14.53413,5.670385,8.863745,87.5,28,1.26,26.74,181.31788,56.17,3.03928,53.13072,659.7,220,3.7,216.3,17.716,6.88,0,6.88,32,12,0.04,11.96,78.51125556,29.06826,0.1134077,28.9548523,298,450,543,Sr0.48Ca0.5Si2O2N2Eu0.02
6.94,2,0.02,1.98,130,63,7,56,297.675,151.964,14.007,137.957,620,200,60,140,9.33,3.44,0,3.44,19,6,2,4,47.6691192,14.53413,5.670385,8.863745,94.22,34.96,1.26,33.7,199.83168,80.6104,3.03928,77.57112,657.7,220,3.7,216.3,17.634,6.88,0,6.88,31.88,12,0.04,11.96,77.96041952,29.06826,0.1134077,28.9548523,298,450,543,Sr0.92Si2N2O2Eu0.02
7,2,0.02,1.98,186,63,7,56,435.002,151.964,14.007,137.957,835,215,60,155,10.22,3.44,0,3.44,21,6,2,4,52.8807832,14.53413,5.211664,9.322466,99.2,31.54,1.26,30.28,212.54493,72.7246,3.03928,69.68532,671.95,220,3.7,216.3,17.682,6.88,0,6.88,32,12,0.04,11.96,78.22963108,29.06826,0.1134077,28.9548523,298,450,544,Sr0.83Ba0.15Si2O2N2Eu0.02
7,2,0.02,1.98,186,63,7,56,435.002,151.964,14.007,137.957,835,215,60,155,10.22,3.44,0,3.44,21,6,2,4,52.8807832,14.53413,5.211664,9.322466,101,28,1.26,26.74,217.51563,63.9626,3.03928,60.92332,673.45,220,3.7,216.3,17.676,6.88,0,6.88,32,12,0.04,11.96,78.18131076,29.06826,0.1134077,28.9548523,298,450,544,Sr0.73Ba0.25Si2O2N2Eu0.02
7,2,0.02,1.98,186,63,7,56,435.002,151.964,14.007,137.957,835,215,60,155,10.22,3.44,0,3.44,21,6,2,4,52.8807832,14.53413,5.211664,9.322466,99.2,31.54,1.26,30.28,212.54493,72.7246,3.03928,69.68532,671.95,220,3.7,216.3,17.682,6.88,0,6.88,32,12,0.04,11.96,78.22963108,29.06826,0.1134077,28.9548523,298,450,544,Sr0.83Ba0.15Si2N2O2Eu0.02
7,2,0.02,1.98,186,63,7,56,435.002,151.964,14.007,137.957,835,215,60,155,10.22,3.44,0,3.44,21,6,2,4,52.8807832,14.53413,5.211664,9.322466,101,28,1.26,26.74,217.51563,63.9626,3.03928,60.92332,673.45,220,3.7,216.3,17.676,6.88,0,6.88,32,12,0.04,11.96,78.18131076,29.06826,0.1134077,28.9548523,298,450,544,Sr0.73Ba0.25Si2N2O2Eu0.02
19,12,0.05,11.95,228,65,8,57,534.387952,158.92535,15.999,142.92635,900,200,60,140,7.8,3.44,0,3.44,20,6,2,4,47.5510522,13.618054,5.670385,7.947669,297.59,112.1,3.15,108.95,646.1940819,258.479,7.5982,250.8808,1798.8,720,9.25,710.75,51.7627,41.28,0,41.28,95.91,72,0.1,71.9,218.1455321,163.416648,0.28351925,163.1331288,298,350,545,Sr2.95Y0.91P3O12Eu0.05Tb0.09
19,12,0.05,11.95,228,65,8,57,534.387952,158.92535,15.999,142.92635,900,200,60,140,7.8,3.44,0,3.44,20,6,2,4,47.5510522,13.618054,5.670385,7.947669,298.63,112.1,3.15,108.95,648.9948623,258.479,7.5982,250.8808,1798.6,720,9.25,710.75,51.7139,41.28,0,41.28,95.87,72,0.1,71.9,218.1313937,163.416648,0.28351925,163.1331288,298,350,545,Sr2.95Y0.87P3O12Eu0.05Tb0.13
19,12,0.05,11.95,228,65,8,57,534.387952,158.92535,15.999,142.92635,900,200,60,140,7.8,3.44,0,3.44,20,6,2,4,47.5510522,13.618054,5.670385,7.947669,299.15,112.1,3.15,108.95,650.3952525,258.479,7.5982,250.8808,1798.5,720,9.25,710.75,51.6895,41.28,0,41.28,95.85,72,0.1,71.9,218.1243245,163.416648,0.28351925,163.1331288,298,350,545,Sr2.95Y0.85P3O12Eu0.05Tb0.15
19,12,0.05,11.95,228,65,8,57,534.387952,158.92535,15.999,142.92635,900,200,60,140,7.8,3.44,0,3.44,20,6,2,4,47.5510522,13.618054,5.670385,7.947669,300.45,112.1,3.15,108.95,653.896228,258.479,7.5982,250.8808,1798.25,720,9.25,710.75,51.6285,41.28,0,41.28,95.8,72,0.1,71.9,218.1066515,163.416648,0.28351925,163.1331288,298,350,545,Sr2.95Y0.8P3O12Eu0.05Tb0.2
13,5,0.08,4.92,238,63,7,56,550.8893785,151.964,14.007,137.957,1140,215,60,155,13.05,3.44,0,3.44,27,6,2,4,65.0838116,14.53413,5.211664,9.322466,193.36,39,5.04,33.96,419.687077,88.90584,12.15712,76.74872,1301.6,325,14.8,310.2,31.1628,15.2,0,15.2,56,25,0.16,24.84,139.8405638,72.67065,0.4536308,72.2170192,298,365,545,Ba0.52Sr0.4YSi2Al2O2N5Eu0.08
6.02,4,0.01,3.99,230,74,8,66,550.80635,183.84,15.999,167.841,735,185,60,125,6.14,3.44,0,3.44,18,6,2,4,39.1294242,13.618054,5.670385,7.947669,127.28,74,0.63,73.37,291.0228935,183.84,1.51964,182.32036,558.6,240,1.75,238.25,16.46,13.76,0,13.76,32.04,24,0.02,23.98,68.56474305,54.472216,0.05670385,54.41551215,298,264,546,CaWO4Eu0.01Tb0.01
6.03,4,0.01,3.99,230,74,8,66,550.80635,183.84,15.999,167.841,735,185,60,125,6.14,3.44,0,3.44,18,6,2,4,39.1294242,13.618054,5.670385,7.947669,127.93,74,0.63,73.37,292.612147,183.84,1.51964,182.32036,560.35,240,1.85,238.15,16.46,13.76,0,13.76,32.06,24,0.02,23.98,68.62338105,54.472216,0.05670385,54.41551215,298,264,546,CaWO4Eu0.01Tb0.02
6.05,4,0.01,3.99,230,74,8,66,550.80635,183.84,15.999,167.841,735,185,60,125,6.14,3.44,0,3.44,18,6,2,4,39.1294242,13.618054,5.670385,7.947669,129.23,74,0.63,73.37,295.790654,183.84,1.51964,182.32036,563.85,240,1.85,238.15,16.46,13.76,0,13.76,32.1,24,0.02,23.98,68.74065705,54.472216,0.05670385,54.41551215,298,264,546,CaWO4Eu0.01Tb0.04
6.07,4,0.01,3.99,230,74,8,66,550.80635,183.84,15.999,167.841,735,185,60,125,6.14,3.44,0,3.44,18,6,2,4,39.1294242,13.618054,5.670385,7.947669,130.53,74,0.63,73.37,298.969161,183.84,1.51964,182.32036,567.35,240,1.85,238.15,16.46,13.76,0,13.76,32.14,24,0.02,23.98,68.85793305,54.472216,0.05670385,54.41551215,298,264,546,CaWO4Eu0.01Tb0.06
7,2,0.02,1.98,150,63,7,56,337.753,151.964,14.007,137.957,800,200,60,140,10.33,3.44,0,3.44,21,6,2,4,53.7822744,14.53413,5.670385,8.863745,83,28,1.26,26.74,169.43238,56.17,3.03928,53.13072,654.7,220,3.7,216.3,17.7285,6.88,0,6.88,32,12,0.04,11.96,78.61582756,29.06826,0.1134077,28.9548523,298,450,546,Sr0.23Ca0.75Si2O2N2Eu0.02
7,2,0.08,1.92,130,63,7,56,297.675,151.964,14.007,137.957,620,200,60,140,9.33,3.44,0,3.44,19,6,2,4,47.6691192,14.53413,5.670385,8.863745,98,34.96,5.04,29.92,208.94952,80.6104,12.15712,68.45328,668.8,220,14.8,205.2,17.634,6.88,0,6.88,32,12,0.16,11.84,78.30064262,29.06826,0.4536308,28.6146292,298,450,546,Sr0.92Si2O2N2Eu0.08
7,2,0.08,1.92,130,63,7,56,297.675,151.964,14.007,137.957,620,200,60,140,9.33,3.44,0,3.44,19,6,2,4,47.6691192,14.53413,5.670385,8.863745,98,34.96,5.04,29.92,208.94952,80.6104,12.15712,68.45328,668.8,220,14.8,205.2,17.634,6.88,0,6.88,32,12,0.16,11.84,78.30064262,29.06826,0.4536308,28.6146292,298,450,546,Sr0.92Si2N2O2Eu0.08
6.86,2,0.02,1.98,130,63,7,56,297.675,151.964,14.007,137.957,620,200,60,140,9.33,3.44,0,3.44,19,6,2,4,47.6691192,14.53413,5.670385,8.863745,91.18,31.92,1.26,30.66,192.82208,73.6008,3.03928,70.56152,641.7,220,3.7,216.3,17.558,6.88,0,6.88,31.72,12,0.04,11.96,77.50483015,29.06826,0.1134077,28.9548523,298,450,546,Sr0.84Si2N2O2Eu0.02
12.03,6,0.03,5.97,213,64,5,59,508.8,157.25,10.81,146.44,825,215,60,155,10.73,3.44,0,3.44,22,7,2,5,51.915548,13.618054,5.211664,8.40639,252.89,112,1.89,110.11,589.52692,274.654,4.55892,270.09508,1245.55,430,5.55,424.45,30.86,20.64,0,20.64,55.06,36,0.06,35.94,128.0152276,81.708324,0.17011155,81.53821245,298,365,548,Ba2GdB2O6ClEu0.03
7,2,0.02,1.98,186,63,7,56,435.002,151.964,14.007,137.957,835,215,60,155,10.22,3.44,0,3.44,21,6,2,4,52.8807832,14.53413,5.211664,9.322466,105.5,28,1.26,26.74,229.94238,68.6635,3.03928,65.62422,677.2,220,3.7,216.3,17.661,6.88,0,6.88,32,12,0.04,11.96,78.06050996,29.06826,0.1134077,28.9548523,298,450,548,Sr0.48Ba0.5Si2O2N2Eu0.02
7,2,0.02,1.98,186,63,7,56,435.002,151.964,14.007,137.957,835,215,60,155,10.22,3.44,0,3.44,21,6,2,4,52.8807832,14.53413,5.211664,9.322466,105.5,28,1.26,26.74,229.94238,68.6635,3.03928,65.62422,677.2,220,3.7,216.3,17.661,6.88,0,6.88,32,12,0.04,11.96,78.06050996,29.06826,0.1134077,28.9548523,298,450,548,Sr0.48Ba0.5Si2N2O2Eu0.02
36.925,24,0.01,23.99,256,65,8,57,610.007112,158.92535,15.999,142.92635,890,215,60,155,8.3,3.44,0,3.44,20,6,2,4,46.6369442,13.618054,5.211664,8.40639,642.705,192,0.63,191.37,1433.493292,447.7902,1.51964,446.27056,3293.975,1440,1.85,1438.15,105.312,82.56,0,82.56,191.75,144,0.02,143.98,428.0998501,326.833296,0.05670385,326.7765922,298,233,549,Ba3In3.9P6O24Eu0.01Tb0.015
36.91,24,0.01,23.99,256,65,8,57,610.007112,158.92535,15.999,142.92635,890,215,60,155,8.3,3.44,0,3.44,20,6,2,4,46.6369442,13.618054,5.211664,8.40639,642.05,192,0.63,191.37,1431.991559,445.49384,1.51964,443.9742,3291.75,1440,1.85,1438.15,105.2764,82.56,0,82.56,191.7,144,0.02,143.98,428.013442,326.833296,0.05670385,326.7765922,298,233,549,Ba3In3.88P6O24Eu0.01Tb0.02
36.895,24,0.01,23.99,256,65,8,57,610.007112,158.92535,15.999,142.92635,890,215,60,155,8.3,3.44,0,3.44,20,6,2,4,46.6369442,13.618054,5.211664,8.40639,641.395,192,0.63,191.37,1430.489826,443.19748,1.51964,441.67784,3289.525,1440,1.85,1438.15,105.2408,82.56,0,82.56,191.65,144,0.02,143.98,427.9270339,326.833296,0.05670385,326.7765922,298,233,549,Ba3In3.86P6O24Eu0.01Tb0.025
19.1,12,0.03,11.97,229,65,8,57,529.53632,158.92535,15.999,142.92635,1100,220,60,160,8.76,3.44,0,3.44,21,6,1,5,52.23594574,13.618054,4.34066354,9.27739046,246.44,96,1.89,94.11,517.2230965,191.988,4.55892,187.42908,1777.8,720,5.55,714.45,52.34,41.28,0,41.28,96.2,72,0.06,71.94,218.6157943,163.416648,0.17011155,163.2465365,298,300,550,KSrSc2P3O12Eu0.03Tb0.07
19.13,12,0.03,11.97,229,65,8,57,529.53632,158.92535,15.999,142.92635,1100,220,60,160,8.76,3.44,0,3.44,21,6,1,5,52.23594574,13.618054,4.34066354,9.27739046,248.39,96,1.89,94.11,521.990857,191.988,4.55892,187.42908,1783.05,720,5.55,714.45,52.34,41.28,0,41.28,96.26,72,0.06,71.94,218.7917083,163.416648,0.17011155,163.2465365,298,300,550,KSrSc2P3O12Eu0.03Tb0.1
19.15,12,0.03,11.97,229,65,8,57,529.53632,158.92535,15.999,142.92635,1100,220,60,160,8.76,3.44,0,3.44,21,6,1,5,52.23594574,13.618054,4.34066354,9.27739046,249.69,96,1.89,94.11,525.169364,191.988,4.55892,187.42908,1786.55,720,5.55,714.45,52.34,41.28,0,41.28,96.3,72,0.06,71.94,218.9089843,163.416648,0.17011155,163.2465365,298,300,550,KSrSc2P3O12Eu0.03Tb0.12
19.18,12,0.03,11.97,229,65,8,57,529.53632,158.92535,15.999,142.92635,1100,220,60,160,8.76,3.44,0,3.44,21,6,1,5,52.23594574,13.618054,4.34066354,9.27739046,251.64,96,1.89,94.11,529.9371245,191.988,4.55892,187.42908,1791.8,720,5.55,714.45,52.34,41.28,0,41.28,96.36,72,0.06,71.94,219.0848983,163.416648,0.17011155,163.2465365,298,300,550,KSrSc2P3O12Eu0.03Tb0.15
19.21,12,0.03,11.97,229,65,8,57,529.53632,158.92535,15.999,142.92635,1100,220,60,160,8.76,3.44,0,3.44,21,6,1,5,52.23594574,13.618054,4.34066354,9.27739046,253.59,96,1.89,94.11,534.704885,191.988,4.55892,187.42908,1797.05,720,5.55,714.45,52.34,41.28,0,41.28,96.42,72,0.06,71.94,219.2608123,163.416648,0.17011155,163.2465365,298,300,550,KSrSc2P3O12Eu0.03Tb0.18
7,2,0.05,1.95,112,63,7,56,250.133,151.964,14.007,137.957,600,185,60,125,9.38,3.44,0,3.44,19,6,2,4,48.0874072,14.53413,5.670385,8.863745,80.15,28,3.15,24.85,161.8543,56.17,7.5982,48.5718,650.25,220,9.25,210.75,17.71,6.88,0,6.88,32,12,0.1,11.9,78.69875069,29.06826,0.28351925,28.78474075,298,350,550,Ca0.95Si2O2N2Eu0.05
13,5,0.08,4.92,238,63,7,56,550.8893785,151.964,14.007,137.957,1140,215,60,155,13.05,3.44,0,3.44,27,6,2,4,65.0838116,14.53413,5.211664,9.322466,189.76,39,5.04,33.96,409.745677,88.90584,12.15712,76.74872,1298.6,325,14.8,310.2,31.1748,15.2,0,15.2,56,25,0.16,24.84,139.9372044,72.67065,0.4536308,72.2170192,298,365,550,Ba0.32Sr0.6YSi2Al2O2N5Eu0.08
14,8,0.03,7.97,245,83,8,75,589.8322813,208.9804,15.999,192.9814,860,185,60,125,8.46,3.44,0,3.44,21,6,1,5,48.0635177,13.618054,5.1390767,8.4789773,207.6,72.21,1.89,70.32,461.1732348,181.812948,4.55892,177.254028,1382.25,540,5.55,534.45,36.343,27.52,0,27.52,65.61,48,0.06,47.94,152.4299246,108.944432,0.17011155,108.7743205,298,396,550,Na3Bi0.87P2O8Eu0.03Tb0.1
14,8,0.05,7.95,245,83,8,75,589.8322813,208.9804,15.999,192.9814,860,185,60,125,8.46,3.44,0,3.44,21,6,1,5,48.0635177,13.618054,5.1390767,8.4789773,207.2,70.55,3.15,67.4,460.0329068,177.63334,7.5982,170.03514,1382.75,540,9.25,530.75,36.305,27.52,0,27.52,65.55,48,0.1,47.9,152.397622,108.944432,0.28351925,108.6609128,298,396,550,Na3Bi0.85P2O8Eu0.05Tb0.1
19.07,12,0.03,11.97,247,65,8,57,579.24332,158.92535,15.999,142.92635,1115,220,60,160,8.7,3.44,0,3.44,21,6,1,5,51.75274254,13.618054,4.34066354,9.27739046,262.47,96,1.95,94.05,562.0927225,191.988,4.7677605,187.2202395,1787.65,720,5.25,714.75,52.28,41.28,0,41.28,96.14,72,0.06,71.94,217.9547429,163.416648,0.175914,163.240734,298,300,552,KBaSc2P3O12Eu0.04Tb0.03
19.1,12,0.04,11.96,247,65,8,57,579.24332,158.92535,15.999,142.92635,1115,220,60,160,8.7,3.44,0,3.44,21,6,1,5,51.75274254,13.618054,4.34066354,9.27739046,264.42,96,2.52,93.48,566.860483,191.988,6.07856,185.90944,1792.9,720,7.4,712.6,52.28,41.28,0,41.28,96.2,72,0.08,71.92,218.1306569,163.416648,0.2268154,163.1898326,298,300,552,KBaSc2P3O12Eu0.04Tb0.06
19.13,12,0.04,11.96,247,65,8,57,579.24332,158.92535,15.999,142.92635,1115,220,60,160,8.7,3.44,0,3.44,21,6,1,5,51.75274254,13.618054,4.34066354,9.27739046,266.37,96,2.52,93.48,571.6282435,191.988,6.07856,185.90944,1798.15,720,7.4,712.6,52.28,41.28,0,41.28,96.26,72,0.08,71.92,218.3065709,163.416648,0.2268154,163.1898326,298,300,552,KBaSc2P3O12Eu0.04Tb0.09
19.16,12,0.04,11.96,247,65,8,57,579.24332,158.92535,15.999,142.92635,1115,220,60,160,8.7,3.44,0,3.44,21,6,1,5,51.75274254,13.618054,4.34066354,9.27739046,268.32,96,2.52,93.48,576.396004,191.988,6.07856,185.90944,1803.4,720,7.4,712.6,52.28,41.28,0,41.28,96.32,72,0.08,71.92,218.4824849,163.416648,0.2268154,163.1898326,298,300,552,KBaSc2P3O12Eu0.04Tb0.12
19.19,12,0.04,11.96,247,65,8,57,579.24332,158.92535,15.999,142.92635,1115,220,60,160,8.7,3.44,0,3.44,21,6,1,5,51.75274254,13.618054,4.34066354,9.27739046,270.27,96,2.52,93.48,581.1637645,191.988,6.07856,185.90944,1808.65,720,7.4,712.6,52.28,41.28,0,41.28,96.38,72,0.08,71.92,218.6583989,163.416648,0.2268154,163.1898326,298,300,552,KBaSc2P3O12Eu0.04Tb0.15
19.22,12,0.04,11.96,247,65,8,57,579.24332,158.92535,15.999,142.92635,1115,220,60,160,8.7,3.44,0,3.44,21,6,1,5,51.75274254,13.618054,4.34066354,9.27739046,272.22,96,2.52,93.48,585.931525,191.988,6.07856,185.90944,1813.9,720,7.4,712.6,52.28,41.28,0,41.28,96.44,72,0.08,71.92,218.8343129,163.416648,0.2268154,163.1898326,298,300,552,KBaSc2P3O12Eu0.04Tb0.18
10.82,4,0.09,3.91,112,63,7,56,250.133,151.964,14.007,137.957,600,185,60,125,9.38,3.44,0,3.44,19,6,2,4,48.0874072,14.53413,5.670385,8.863745,134.27,54.6,5.67,48.93,271.2697,109.41294,13.67676,95.73618,1098.05,491.4,16.65,474.75,26.37,13.76,0,13.76,47.64,24,0.18,23.82,117.0430903,54.472216,0.51033465,53.96188135,298,330,553,Ca2.73Si2O4N2Eu0.09
12.15,7,0.15,6.85,187,63,16,47,432.73047,151.964,32.06,119.904,790,195,100,95,6.49,2.58,0,2.58,16,6,2,4,33.719752,10.36001,5.5769,4.78311,291.45,112,9.45,102.55,635.36707,224.42,22.7946,201.6254,1492.75,700,27.75,672.25,25.59,18.06,0,18.06,56.3,42,0.3,41.7,103.0585884,72.52007,0.85055775,71.66951225,300,405,554,CaLaGa3S7Eu0.15
12.15,7,0.15,6.85,187,63,16,47,432.73047,151.964,32.06,119.904,790,195,100,95,6.49,2.58,0,2.58,16,6,2,4,33.719752,10.36001,5.5769,4.78311,291.45,112,9.45,102.55,635.36707,224.42,22.7946,201.6254,1492.75,700,27.75,672.25,25.59,18.06,0,18.06,56.3,42,0.3,41.7,103.0585884,72.52007,0.85055775,71.66951225,400,405,554,CaLaGa3S7Eu0.15
12.15,7,0.15,6.85,187,63,16,47,432.73047,151.964,32.06,119.904,790,195,100,95,6.49,2.58,0,2.58,16,6,2,4,33.719752,10.36001,5.5769,4.78311,291.45,112,9.45,102.55,635.36707,224.42,22.7946,201.6254,1492.75,700,27.75,672.25,25.59,18.06,0,18.06,56.3,42,0.3,41.7,103.0585884,72.52007,0.85055775,71.66951225,500,405,554,CaLaGa3S7Eu0.15
12,7,0.15,6.85,187,63,16,47,432.73047,151.964,32.06,119.904,790,195,100,95,6.49,2.58,0,2.58,16,6,2,4,33.719752,10.36001,5.5769,4.78311,288.45,112,9.45,102.55,629.35537,224.42,22.7946,201.6254,1465.75,700,27.75,672.25,25.44,18.06,0,18.06,56,42,0.3,41.7,102.1416151,72.52007,0.85055775,71.66951225,300,405,554,Ca0.85LaGa3S7Eu0.15
12,7,0.15,6.85,187,63,16,47,432.73047,151.964,32.06,119.904,790,195,100,95,6.49,2.58,0,2.58,16,6,2,4,33.719752,10.36001,5.5769,4.78311,288.45,112,9.45,102.55,629.35537,224.42,22.7946,201.6254,1465.75,700,27.75,672.25,25.44,18.06,0,18.06,56,42,0.3,41.7,102.1416151,72.52007,0.85055775,71.66951225,400,405,554,Ca0.85LaGa3S7Eu0.15
12,7,0.15,6.85,187,63,16,47,432.73047,151.964,32.06,119.904,790,195,100,95,6.49,2.58,0,2.58,16,6,2,4,33.719752,10.36001,5.5769,4.78311,288.45,112,9.45,102.55,629.35537,224.42,22.7946,201.6254,1465.75,700,27.75,672.25,25.44,18.06,0,18.06,56,42,0.3,41.7,102.1416151,72.52007,0.85055775,71.66951225,500,405,554,Ca0.85LaGa3S7Eu0.15
7,2,0.16,1.84,130,63,7,56,297.675,151.964,14.007,137.957,620,200,60,140,9.33,3.44,0,3.44,19,6,2,4,47.6691192,14.53413,5.670385,8.863745,100,31.92,10.08,21.84,214.09704,73.6008,24.31424,49.28656,667.6,220,29.6,190.4,17.558,6.88,0,6.88,32,12,0.32,11.68,78.29868405,29.06826,0.9072616,28.1609984,298,450,554,Sr0.84Si2O2N2Eu0.16
7,2,0.16,1.84,130,63,7,56,297.675,151.964,14.007,137.957,620,200,60,140,9.33,3.44,0,3.44,19,6,2,4,47.6691192,14.53413,5.670385,8.863745,100,31.92,10.08,21.84,214.09704,73.6008,24.31424,49.28656,667.6,220,29.6,190.4,17.558,6.88,0,6.88,32,12,0.32,11.68,78.29868405,29.06826,0.9072616,28.1609984,298,450,554,Sr0.84Si2N2O2Eu0.16
7.02,2,0.02,1.98,112,63,7,56,250.133,151.964,14.007,137.957,600,185,60,125,9.38,3.44,0,3.44,19,6,2,4,48.0874072,14.53413,5.670385,8.863745,79.26,28,1.26,26.74,159.29928,56.17,3.03928,53.13072,653.7,220,3.7,216.3,17.76,6.88,0,6.88,32.04,12,0.04,11.96,78.8342969,29.06826,0.1134077,28.9548523,298,450,555,CaSi2N2O2Eu0.02
7,2,0.02,1.98,112,63,7,56,250.133,151.964,14.007,137.957,600,185,60,125,9.38,3.44,0,3.44,19,6,2,4,48.0874072,14.53413,5.670385,8.863745,78.86,28,1.26,26.74,158.49772,56.17,3.03928,53.13072,650.1,220,3.7,216.3,17.74,6.88,0,6.88,32,12,0.04,11.96,78.7120338,29.06826,0.1134077,28.9548523,298,450,555,Ca0.98Si2N2O2Eu0.02
20,12,0.01,11.99,207,63,8,55,476.3563785,151.964,15.999,135.965,995,185,60,125,10.6,3.44,0,3.44,22,6,2,4,52.8279854,13.618054,5.5386,8.079454,253.46,96,0.63,95.37,532.379855,191.988,1.51964,190.46836,1850.6,720,1.85,718.15,53.3419,41.28,0,41.28,95.95,72,0.02,71.98,219.3648493,163.416648,0.05670385,163.3599442,298,365,558,Y1.95Mg1.99Al2Si2O12Eu0.01Ce0.05
13,8,0.006,7.994,228,68,8,60,546.75747,167.259,15.999,151.26,740,195,60,135,7.79,3.44,0,3.44,17,6,2,4,38.872474,13.618054,5.5769,8.041154,324.19,226.86,0.378,226.482,756.7191806,552.8437706,0.911784,551.9319866,1384.66,776.1,1.11,774.99,33.92536,27.52,0,27.52,63.98,48,0.012,47.988,139.1594591,108.944432,0.03402231,108.9104097,298,360,561,La3.98GeO8Eu0.006Er0.014
13,8,0.006,7.994,228,68,8,60,546.75747,167.259,15.999,151.26,740,195,60,135,7.79,3.44,0,3.44,17,6,2,4,38.872474,13.618054,5.5769,8.041154,324.19,226.86,0.378,226.482,756.7191806,552.8437706,0.911784,551.9319866,1384.66,776.1,1.11,774.99,33.92536,27.52,0,27.52,63.98,48,0.012,47.988,139.1594591,108.944432,0.03402231,108.9104097,298,365,561,La3.98GeO8Eu0.006Er0.014
13,8,0.006,7.994,228,68,8,60,546.75747,167.259,15.999,151.26,740,195,60,135,7.79,3.44,0,3.44,17,6,2,4,38.872474,13.618054,5.5769,8.041154,324.19,226.86,0.378,226.482,756.7191806,552.8437706,0.911784,551.9319866,1384.66,776.1,1.11,774.99,33.92536,27.52,0,27.52,63.98,48,0.012,47.988,139.1594591,108.944432,0.03402231,108.9104097,298,370,561,La3.98GeO8Eu0.006Er0.014
13,8,0.006,7.994,228,68,8,60,546.75747,167.259,15.999,151.26,740,195,60,135,7.79,3.44,0,3.44,17,6,2,4,38.872474,13.618054,5.5769,8.041154,324.19,226.86,0.378,226.482,756.7191806,552.8437706,0.911784,551.9319866,1384.66,776.1,1.11,774.99,33.92536,27.52,0,27.52,63.98,48,0.012,47.988,139.1594591,108.944432,0.03402231,108.9104097,298,378,561,La3.98GeO8Eu0.006Er0.014
13,8,0.006,7.994,228,68,8,60,546.75747,167.259,15.999,151.26,740,195,60,135,7.79,3.44,0,3.44,17,6,2,4,38.872474,13.618054,5.5769,8.041154,324.19,226.86,0.378,226.482,756.7191806,552.8437706,0.911784,551.9319866,1384.66,776.1,1.11,774.99,33.92536,27.52,0,27.52,63.98,48,0.012,47.988,139.1594591,108.944432,0.03402231,108.9104097,298,380,561,La3.98GeO8Eu0.006Er0.014
7,2,0.02,1.98,186,63,7,56,435.002,151.964,14.007,137.957,835,215,60,155,10.22,3.44,0,3.44,21,6,2,4,52.8807832,14.53413,5.211664,9.322466,110,42,1.26,40.74,242.36913,102.99525,3.03928,99.95597,680.95,220,3.7,216.3,17.646,6.88,0,6.88,32,12,0.04,11.96,77.93970916,29.06826,0.1134077,28.9548523,298,450,564,Sr0.23Ba0.75Si2O2N2Eu0.02
7,2,0.02,1.98,186,63,7,56,435.002,151.964,14.007,137.957,835,215,60,155,10.22,3.44,0,3.44,21,6,2,4,52.8807832,14.53413,5.211664,9.322466,110,42,1.26,40.74,242.36913,102.99525,3.03928,99.95597,680.95,220,3.7,216.3,17.646,6.88,0,6.88,32,12,0.04,11.96,77.93970916,29.06826,0.1134077,28.9548523,298,450,564,Sr0.23Ba0.75Si2N2O2Eu0.02
13,5,0.08,4.92,238,63,7,56,550.8893785,151.964,14.007,137.957,1140,215,60,155,13.05,3.44,0,3.44,27,6,2,4,65.0838116,14.53413,5.211664,9.322466,186.16,39,5.04,33.96,399.804277,88.90584,12.15712,76.74872,1295.6,325,14.8,310.2,31.1868,15.2,0,15.2,56,25,0.16,24.84,140.033845,72.67065,0.4536308,72.2170192,298,365,565,Ba0.12Sr0.8YSi2Al2O2N5Eu0.08
21.065,12,0.025,11.975,140,63,8,55,312.9512092,151.964,15.999,135.965,715,185,50,135,12.16,3.98,0,3.98,29,7,2,5,60.7451182,17.42282,5.670385,11.752435,252.575,100,1,99,510.2943109,200.39,2.19752176,198.1924782,1980.225,900,4.625,895.375,56.892,41.28,0,41.28,104.33,72,0.05,71.95,243.3044223,163.416648,0.141759625,163.2748884,298,335,570,Ca5P3O12FEu0.025Mn0.04
21.105,12,0.025,11.975,140,63,8,55,312.9512092,151.964,15.999,135.965,715,185,50,135,12.16,3.98,0,3.98,29,7,2,5,60.7451182,17.42282,5.670385,11.752435,253.575,100,1.575,98.425,512.4918327,200.39,3.7991,196.5909,1985.825,900,4.625,895.375,56.954,41.28,0,41.28,104.61,72,0.05,71.95,243.6017831,163.416648,0.141759625,163.2748884,298,335,570,Ca5P3O12FEu0.025Mn0.08
21.145,12,0.025,11.975,140,63,8,55,312.9512092,151.964,15.999,135.965,715,185,50,135,12.16,3.98,0,3.98,29,7,2,5,60.7451182,17.42282,5.670385,11.752435,254.575,100,1.575,98.425,514.6893544,200.39,3.7991,196.5909,1991.425,900,4.625,895.375,57.016,41.28,0,41.28,104.89,72,0.05,71.95,243.8991438,163.416648,0.141759625,163.2748884,298,335,570,Ca5P3O12FEu0.025Mn0.12
18.007,9,0.007,8.993,123,63,5,58,285.3914032,151.964,10.81,141.154,580,200,50,150,10.41,3.98,0,3.98,20,7,2,5,50.7041452,17.42282,5.670385,11.752435,286.441,190,0.441,189.559,634.5831512,438.1,1.063748,437.036252,1846.295,1000,1.295,998.705,45.81,30.96,0,30.96,80.014,54,0.014,53.986,193.3933917,122.562486,0.039692695,122.5227933,298,335,572,Sr5B3O9FEu0.007
18.01,9,0.01,8.99,123,63,5,58,285.3914032,151.964,10.81,141.154,580,200,50,150,10.41,3.98,0,3.98,20,7,2,5,50.7041452,17.42282,5.670385,11.752435,286.63,190,0.63,189.37,635.0390432,438.1,1.51964,436.58036,1846.85,1000,1.85,998.15,45.81,30.96,0,30.96,80.02,54,0.02,53.98,193.4104029,122.562486,0.05670385,122.5057822,298,335,572,Sr5B3O9FEu0.01
18.015,9,0.015,8.985,123,63,5,58,285.3914032,151.964,10.81,141.154,580,200,50,150,10.41,3.98,0,3.98,20,7,2,5,50.7041452,17.42282,5.670385,11.752435,286.945,190,0.945,189.055,635.7988632,438.1,2.27946,435.82054,1847.775,1000,2.775,997.225,45.81,30.96,0,30.96,80.03,54,0.03,53.97,193.4387548,122.562486,0.085055775,122.4774302,298,335,572,Sr5B3O9FEu0.015
18.02,9,0.02,8.98,123,63,5,58,285.3914032,151.964,10.81,141.154,580,200,50,150,10.41,3.98,0,3.98,20,7,2,5,50.7041452,17.42282,5.670385,11.752435,287.26,190,1.26,188.74,636.5586832,438.1,3.03928,435.06072,1848.7,1000,3.7,996.3,45.81,30.96,0,30.96,80.04,54,0.04,53.96,193.4671067,122.562486,0.1134077,122.4490783,298,335,572,Sr5B3O9FEu0.02
18.03,9,0.03,8.97,123,63,5,58,285.3914032,151.964,10.81,141.154,580,200,50,150,10.41,3.98,0,3.98,20,7,2,5,50.7041452,17.42282,5.670385,11.752435,287.89,190,1.89,188.11,638.0783232,438.1,4.55892,433.54108,1850.55,1000,5.55,994.45,45.81,30.96,0,30.96,80.06,54,0.06,53.94,193.5238106,122.562486,0.17011155,122.3923745,298,335,572,Sr5B3O9FEu0.03
18.07,9,0.07,8.93,123,63,5,58,285.3914032,151.964,10.81,141.154,580,200,50,150,10.41,3.98,0,3.98,20,7,2,5,50.7041452,17.42282,5.670385,11.752435,290.41,190,4.41,185.59,644.1568832,438.1,10.63748,427.46252,1857.95,1000,12.95,987.05,45.81,30.96,0,30.96,80.14,54,0.14,53.86,193.750626,122.562486,0.39692695,122.1655591,298,335,572,Sr5B3O9FEu0.07
18.12,9,0.12,8.88,123,63,5,58,285.3914032,151.964,10.81,141.154,580,200,50,150,10.41,3.98,0,3.98,20,7,2,5,50.7041452,17.42282,5.670385,11.752435,293.56,190,7.56,182.44,651.7550832,438.1,18.23568,419.86432,1867.2,1000,22.2,977.8,45.81,30.96,0,30.96,80.24,54,0.24,53.76,194.0341452,122.562486,0.6804462,121.8820398,298,335,572,Sr5B3O9FEu0.12
6.04,4,0.02,3.98,224,66,8,58,538.6545,162.5,15.999,146.501,735,185,60,125,7.49,3.44,0,3.44,17,6,2,4,38.123472,13.618054,5.670385,7.947669,121.58,64,1.26,62.74,278.47678,157.25,3.03928,154.21072,562.2,240,3.5,236.5,16.6144,13.76,0,13.76,31.08,24,0.04,23.96,67.6003877,54.472216,0.1134077,54.3588083,298,283,574,GdVO4Eu0.02Dy0.02
6.05,4,0.02,3.98,224,66,8,58,538.6545,162.5,15.999,146.501,735,185,60,125,7.49,3.44,0,3.44,17,6,2,4,38.123472,13.618054,5.670385,7.947669,122.24,64,1.26,62.74,280.10178,157.25,3.03928,154.21072,563.95,240,3.7,236.3,16.6266,13.76,0,13.76,31.1,24,0.04,23.96,67.6597782,54.472216,0.1134077,54.3588083,298,283,574,GdVO4Eu0.02Dy0.03
6.07,4,0.02,3.98,224,66,8,58,538.6545,162.5,15.999,146.501,735,185,60,125,7.49,3.44,0,3.44,17,6,2,4,38.123472,13.618054,5.670385,7.947669,123.56,64,1.26,62.74,283.35178,157.25,3.03928,154.21072,567.45,240,3.7,236.3,16.651,13.76,0,13.76,31.14,24,0.04,23.96,67.7785592,54.472216,0.1134077,54.3588083,298,283,574,GdVO4Eu0.02Dy0.05
11.01,6,0.01,5.99,114,63,5,58,266.393,151.964,10.81,141.154,530,200,60,140,6.43,3.44,0,3.44,13,6,2,4,33.2813252,13.618054,5.670385,7.947669,172.63,114,0.63,113.37,381.99364,262.86,1.51964,261.34036,1131.85,600,1.85,598.15,27.57,20.64,0,20.64,48.02,36,0.02,35.98,115.4456675,81.708324,0.05670385,81.65162015,298,377,574,Sr3B2O6Eu0.01
41.91,24,0.01,23.99,123,63,8,55,274.464762,151.964,15.999,135.965,625,185,60,125,9.79,3.44,0,3.44,22,7,2,5,48.8559102,13.618054,5.670385,7.947669,514.81,199.2,0.63,198.57,1039.288092,399.17688,1.51964,397.65724,4028.65,1792.8,1.85,1790.95,111.7904,82.56,0,82.56,207.52,144,0.02,143.98,475.8543438,326.833296,0.05670385,326.7765922,298,461,574,Ca9.96P6O24Cl1.94Eu0.01
12,8,0.04,7.96,298,66,8,58,716.568452,162.5,15.999,146.501,1005,260,60,200,8.81,3.44,0,3.44,19,6,1,5,42.36362055,13.618054,3.893905548,9.724148452,267.03,84,2.64,81.36,609.993152,191.9,6.5,185.4,1210.05,480,7,473,33.7708,27.52,0,27.52,63,48,0.08,47.92,133.1405932,108.944432,0.237562,108.70687,298,295,575,CsGd0.91Mo2O8Eu0.05Dy0.04
12,8,0.05,7.95,298,66,8,58,716.568452,162.5,15.999,146.501,1005,260,60,200,8.81,3.44,0,3.44,19,6,1,5,42.36362055,13.618054,3.893905548,9.724148452,267.05,84,3.15,80.85,610.045652,191.9,7.5982,184.3018,1210,480,8.75,471.25,33.771,27.52,0,27.52,63,48,0.1,47.9,133.1384857,108.944432,0.28351925,108.6609128,298,295,575,CsGd0.9Mo2O8Eu0.05Dy0.05
12,8,0.04,7.96,298,66,8,58,716.568452,162.5,15.999,146.501,1005,260,60,200,8.81,3.44,0,3.44,19,6,1,5,42.36362055,13.618054,3.893905548,9.724148452,267.03,84,2.64,81.36,609.993152,191.9,6.5,185.4,1210.05,480,7,473,33.7708,27.52,0,27.52,63,48,0.08,47.92,133.1405932,108.944432,0.237562,108.70687,298,395,575,CsGd0.91Mo2O8Eu0.05Dy0.04
12,8,0.05,7.95,298,66,8,58,716.568452,162.5,15.999,146.501,1005,260,60,200,8.81,3.44,0,3.44,19,6,1,5,42.36362055,13.618054,3.893905548,9.724148452,267.05,84,3.15,80.85,610.045652,191.9,7.5982,184.3018,1210,480,8.75,471.25,33.771,27.52,0,27.52,63,48,0.1,47.9,133.1384857,108.944432,0.28351925,108.6609128,298,395,575,CsGd0.9Mo2O8Eu0.05Dy0.05
15,7,0.04,6.96,139,63,8,55,310.0624472,151.964,15.999,135.965,725,185,50,135,11.87,3.98,0,3.98,28,7,2,5,58.4101152,17.42282,5.670385,11.752435,184.12,77.6,2,75.6,372.1360498,155.50264,4.39504352,151.1075965,1457,698.4,7.4,691,39.844,24.08,0,24.08,72.4,42,0.08,41.92,171.015963,95.326378,0.2268154,95.0995626,298,400,576,Ca3.88Si2O7F2Eu0.04Mn0.08
15,7,0.04,6.96,139,63,8,55,310.0624472,151.964,15.999,135.965,725,185,50,135,11.87,3.98,0,3.98,28,7,2,5,58.4101152,17.42282,5.670385,11.752435,184.32,76.8,2.52,74.28,372.7304516,153.89952,6.07856,147.82096,1455.4,691.2,7.4,683.8,39.866,24.08,0,24.08,72.6,42,0.08,41.92,171.0687975,95.326378,0.2268154,95.0995626,298,400,576,Ca3.84Si2O7F2Eu0.04Mn0.12
15,7,0.04,6.96,139,63,8,55,310.0624472,151.964,15.999,135.965,725,185,50,135,11.87,3.98,0,3.98,28,7,2,5,58.4101152,17.42282,5.670385,11.752435,184.72,75.2,2.52,72.68,373.9192551,150.69328,6.07856,144.61472,1452.2,676.8,7.4,669.4,39.91,24.08,0,24.08,73,42,0.08,41.92,171.1744666,95.326378,0.2268154,95.0995626,298,400,576,Ca3.76Si2O7F2Eu0.04Mn0.2
15,7,0.04,6.96,139,63,8,55,310.0624472,151.964,15.999,135.965,725,185,50,135,11.87,3.98,0,3.98,28,7,2,5,58.4101152,17.42282,5.670385,11.752435,185.12,73.6,2.52,71.08,375.1080586,147.48704,6.07856,141.40848,1449,662.4,7.4,655,39.954,24.08,0,24.08,73.4,42,0.08,41.92,171.2801356,95.326378,0.2268154,95.0995626,298,400,576,Ca3.68Si2O7F2Eu0.04Mn0.28
15,7,0.04,6.96,139,63,8,55,310.0624472,151.964,15.999,135.965,725,185,50,135,11.87,3.98,0,3.98,28,7,2,5,58.4101152,17.42282,5.670385,11.752435,185.72,71.2,2.52,68.68,376.8912639,142.67768,6.07856,136.59912,1444.2,640.8,7.4,633.4,40.02,24.08,0,24.08,74,42,0.08,41.92,171.4386391,95.326378,0.2268154,95.0995626,298,400,576,Ca3.56Si2O7F2Eu0.04Mn0.4
17,9,0.04,8.96,153,63,7,56,358.3645385,151.964,14.007,137.957,700,215,65,150,7.44,3.04,0,3.04,16,5,2,3,39.5536304,14.53413,5.211664,9.322466,258.28,109.76,2.52,107.24,568.7090185,269.16092,6.07856,263.08236,1688.8,585,7.4,577.6,40.2144,27.36,0,27.36,72,45,0.08,44.92,187.9930302,130.80717,0.2268154,130.5803546,298,450,580,Ba1.96AlSi5N9Eu0.04
15,8,0.04,7.96,140,63,7,56,331.383,151.964,14.007,137.957,575,215,65,150,5.83,3.04,0,3.04,13,5,2,3,33.567862,14.53413,5.211664,9.322466,238.28,109.76,2.52,107.24,527.72048,269.16092,6.07856,263.08236,1498.8,550,7.4,542.6,35.5644,24.32,0,24.32,64,40,0.08,39.92,167.4731318,116.27304,0.2268154,116.0462246,298,450,585,Ba1.96Si5N8Eu0.04
11,7,0.05,6.95,168,63,8,55,398.09247,151.964,15.999,135.965,595,195,60,135,5.87,3.44,0,3.44,15,6,2,4,31.499239,13.618054,5.5769,8.041154,250.3,111.15,3.15,108,572.9048665,270.8656665,7.5982,263.2674665,1119.5,420,9.25,410.75,28.885,24.08,0,24.08,55.95,42,0.1,41.9,119.7526523,95.326378,0.28351925,95.04285875,298,393,586,La1.95Zr2O7Eu0.05
11,7,0.05,6.95,168,63,8,55,398.09247,151.964,15.999,135.965,595,195,60,135,5.87,3.44,0,3.44,15,6,2,4,31.499239,13.618054,5.5769,8.041154,250.3,111.15,3.15,108,572.9048665,270.8656665,7.5982,263.2674665,1119.5,420,9.25,410.75,28.885,24.08,0,24.08,55.95,42,0.1,41.9,119.7526523,95.326378,0.28351925,95.04285875,323,393,586,La1.95Zr2O7Eu0.05
11,7,0.05,6.95,168,63,8,55,398.09247,151.964,15.999,135.965,595,195,60,135,5.87,3.44,0,3.44,15,6,2,4,31.499239,13.618054,5.5769,8.041154,250.3,111.15,3.15,108,572.9048665,270.8656665,7.5982,263.2674665,1119.5,420,9.25,410.75,28.885,24.08,0,24.08,55.95,42,0.1,41.9,119.7526523,95.326378,0.28351925,95.04285875,373,393,586,La1.95Zr2O7Eu0.05
11,7,0.05,6.95,168,63,8,55,398.09247,151.964,15.999,135.965,595,195,60,135,5.87,3.44,0,3.44,15,6,2,4,31.499239,13.618054,5.5769,8.041154,250.3,111.15,3.15,108,572.9048665,270.8656665,7.5982,263.2674665,1119.5,420,9.25,410.75,28.885,24.08,0,24.08,55.95,42,0.1,41.9,119.7526523,95.326378,0.28351925,95.04285875,423,393,586,La1.95Zr2O7Eu0.05
11,7,0.05,6.95,168,63,8,55,398.09247,151.964,15.999,135.965,595,195,60,135,5.87,3.44,0,3.44,15,6,2,4,31.499239,13.618054,5.5769,8.041154,250.3,111.15,3.15,108,572.9048665,270.8656665,7.5982,263.2674665,1119.5,420,9.25,410.75,28.885,24.08,0,24.08,55.95,42,0.1,41.9,119.7526523,95.326378,0.28351925,95.04285875,473,393,586,La1.95Zr2O7Eu0.05
11,7,0.05,6.95,168,63,8,55,398.09247,151.964,15.999,135.965,595,195,60,135,5.87,3.44,0,3.44,15,6,2,4,31.499239,13.618054,5.5769,8.041154,250.3,111.15,3.15,108,572.9048665,270.8656665,7.5982,263.2674665,1119.5,420,9.25,410.75,28.885,24.08,0,24.08,55.95,42,0.1,41.9,119.7526523,95.326378,0.28351925,95.04285875,523,393,586,La1.95Zr2O7Eu0.05
11,7,0.05,6.95,168,63,8,55,398.09247,151.964,15.999,135.965,595,195,60,135,5.87,3.44,0,3.44,15,6,2,4,31.499239,13.618054,5.5769,8.041154,250.3,111.15,3.15,108,572.9048665,270.8656665,7.5982,263.2674665,1119.5,420,9.25,410.75,28.885,24.08,0,24.08,55.95,42,0.1,41.9,119.7526523,95.326378,0.28351925,95.04285875,573,393,586,La1.95Zr2O7Eu0.05
24,15,0.05,14.95,136,63,8,55,310.861762,151.964,15.999,135.965,695,200,60,140,7.89,3.44,0,3.44,17,6,2,4,43.1162272,13.618054,5.670385,7.947669,293.25,120,3.15,116.85,615.252248,239.985,7.5982,232.3868,2149.25,900,9.25,890.75,66.1425,51.6,0,51.6,120,90,0.1,89.9,280.5447693,204.27081,0.28351925,203.9872908,298,393,589,Sr1.95Mg3P4O15Eu0.05
24,15,0.1,14.9,136,63,8,55,310.861762,151.964,15.999,135.965,695,200,60,140,7.89,3.44,0,3.44,17,6,2,4,43.1162272,13.618054,5.670385,7.947669,294.5,120,6.3,113.7,618.469448,239.985,15.1964,224.7886,2148.5,900,18.5,881.5,66.095,51.6,0,51.6,120,90,0.2,89.8,280.5435452,204.27081,0.5670385,203.7037715,298,393,589,Sr1.9Mg3P4O15Eu0.1
24,15,0.15,14.85,136,63,8,55,310.861762,151.964,15.999,135.965,695,200,60,140,7.89,3.44,0,3.44,17,6,2,4,43.1162272,13.618054,5.670385,7.947669,295.75,120,9.45,110.55,621.686648,239.985,22.7946,217.1904,2147.75,900,27.75,872.25,66.0475,51.6,0,51.6,120,90,0.3,89.7,280.5423211,204.27081,0.85055775,203.4202523,298,393,589,Sr1.85Mg3P4O15Eu0.15
24,15,0.2,14.8,136,63,8,55,310.861762,151.964,15.999,135.965,695,200,60,140,7.89,3.44,0,3.44,17,6,2,4,43.1162272,13.618054,5.670385,7.947669,297,120,12.6,107.4,624.903848,239.985,30.3928,209.5922,2147,900,37,863,66,51.6,0,51.6,120,90,0.4,89.6,280.541097,204.27081,1.134077,203.136733,298,393,589,Sr1.8Mg3P4O15Eu0.2
24,15,0.25,14.75,136,63,8,55,310.861762,151.964,15.999,135.965,695,200,60,140,7.89,3.44,0,3.44,17,6,2,4,43.1162272,13.618054,5.670385,7.947669,298.25,120,15.75,104.25,628.121048,239.985,37.991,201.994,2146.25,900,46.25,853.75,65.9525,51.6,0,51.6,120,90,0.5,89.5,280.5398729,204.27081,1.41759625,202.8532138,298,393,589,Sr1.75Mg3P4O15Eu0.25
24,15,0.3,14.7,136,63,8,55,310.861762,151.964,15.999,135.965,695,200,60,140,7.89,3.44,0,3.44,17,6,2,4,43.1162272,13.618054,5.670385,7.947669,299.5,120,18.9,101.1,631.338248,239.985,45.5892,194.3958,2145.5,900,55.5,844.5,65.905,51.6,0,51.6,120,90,0.6,89.4,280.5386487,204.27081,1.7011155,202.5696945,298,393,589,Sr1.7Mg3P4O15Eu0.3
24,15,0.35,14.65,136,63,8,55,310.861762,151.964,15.999,135.965,695,200,60,140,7.89,3.44,0,3.44,17,6,2,4,43.1162272,13.618054,5.670385,7.947669,300.75,120,22.05,97.95,634.555448,239.985,53.1874,186.7976,2144.75,900,64.75,835.25,65.8575,51.6,0,51.6,120,90,0.7,89.3,280.5374246,204.27081,1.98463475,202.2861753,298,393,589,Sr1.65Mg3P4O15Eu0.35
24,15,0.4,14.6,136,63,8,55,310.861762,151.964,15.999,135.965,695,200,60,140,7.89,3.44,0,3.44,17,6,2,4,43.1162272,13.618054,5.670385,7.947669,302,120,25.2,94.8,637.772648,239.985,60.7856,179.1994,2144,900,74,826,65.81,51.6,0,51.6,120,90,0.8,89.2,280.5362005,204.27081,2.268154,202.002656,298,393,589,Sr1.6Mg3P4O15Eu0.4
24,15,0.4,14.6,139,63,3,60,317.801762,151.964,6.94,145.024,840,200,60,140,8.87,3.44,0,3.44,18,6,1,5,48.50794196,13.618054,5.391714761,8.226339239,288,120,1.2,118.8,605.500648,239.985,2.776,237.209,2122,900,58,842,65.822,51.6,0,51.6,119.6,90,0.4,89.6,280.4149395,204.27081,2.156685904,202.1141241,298,393,589,Sr1.2Mg3P4O15Li0.4Eu0.4
24,15,0.4,14.6,147,63,8,55,333.8515313,151.964,15.999,135.965,875,200,60,140,8.82,3.44,0,3.44,18,6,1,5,48.2553039,13.618054,5.1390767,8.4789773,291.2,120,4.4,115.6,611.9205557,239.985,9.195907712,230.7890923,2136,900,72,828,65.802,51.6,0,51.6,119.6,90,0.4,89.6,280.3138843,204.27081,2.05563068,202.2151793,298,393,589,Sr1.2Mg3P4O15Na0.4Eu0.4
24,15,0.4,14.6,155,63,8,55,349.960062,151.964,15.999,135.965,915,220,60,160,8.71,3.44,0,3.44,18,6,1,5,47.45689074,13.618054,4.34066354,9.27739046,294.4,120,7.6,112.4,618.363968,239.985,15.63932,224.34568,2152,900,74,826,65.758,51.6,0,51.6,119.6,90,0.4,89.6,279.9945191,204.27081,1.736265416,202.5345446,298,393,589,Sr1.2Mg3P4O15K0.4Eu0.4
24,15,0.4,14.6,150,63,8,55,338.946762,151.964,15.999,135.965,805,200,60,140,9.79,3.44,0,3.44,21,6,2,4,51.2679102,13.618054,5.670385,7.947669,301.6,120,5.6,114.4,636.6171432,239.985,11.234,228.751,2148,900,44,856,65.694,51.6,0,51.6,119.6,90,0.8,89.2,279.6021993,204.27081,2.268154,202.002656,298,393,589,Sr1.6Mg3P3.6Si0.4O15Eu0.4
23.8,15,0.4,14.6,136,63,8,55,310.861762,151.964,15.999,135.965,695,200,60,140,7.89,3.44,0,3.44,17,6,2,4,43.1162272,13.618054,5.670385,7.947669,294.4,120,25.2,94.8,620.248648,239.985,60.7856,179.1994,2104,900,74,826,65.62,51.6,0,51.6,119.6,90,0.8,89.2,279.3972271,204.27081,2.268154,202.002656,298,393,589,Sr1.4Mg3P4O15Eu0.4
24,15,0.45,14.55,136,63,8,55,310.861762,151.964,15.999,135.965,695,200,60,140,7.89,3.44,0,3.44,17,6,2,4,43.1162272,13.618054,5.670385,7.947669,303.25,120,28.35,91.65,640.989848,239.985,68.3838,171.6012,2143.25,900,83.25,816.75,65.7625,51.6,0,51.6,120,90,0.9,89.1,280.5349764,204.27081,2.55167325,201.7191368,298,393,589,Sr1.55Mg3P4O15Eu0.45
24,15,0.5,14.5,136,63,8,55,310.861762,151.964,15.999,135.965,695,200,60,140,7.89,3.44,0,3.44,17,6,2,4,43.1162272,13.618054,5.670385,7.947669,304.5,120,31.5,88.5,644.207048,239.985,72.915,167.07,2142.5,900,92.5,807.5,65.715,51.6,0,51.6,120,90,1,89,280.5337523,204.27081,2.8351925,201.4356175,298,393,589,Sr1.5Mg3P4O15Eu0.5
9.055,6,0.005,5.995,225,83,8,75,538.7814,208.9804,15.999,192.9814,730,185,60,125,8.39,3.44,0,3.44,20,6,2,4,41.2954992,13.618054,5.670385,7.947669,173.565,102,0.415,101.585,388.235102,243.52,1.044902,242.475098,840.05,360,0.8,359.2,25.7495,20.64,0,20.64,48.125,36,0.025,35.975,105.358204,81.708324,0.03642758,81.67189642,298,298,590,CaSb2O6Eu0.05Bi0.005
9.06,6,0.01,5.99,225,83,8,75,538.7814,208.9804,15.999,192.9814,730,185,60,125,8.39,3.44,0,3.44,20,6,2,4,41.2954992,13.618054,5.670385,7.947669,173.98,102,0.83,101.17,389.280004,243.52,2.089804,241.430196,840.85,360,1.6,358.4,25.759,20.64,0,20.64,48.15,36,0.05,35.95,105.3946316,81.708324,0.07285516,81.63546884,298,298,590,CaSb2O6Eu0.05Bi0.01
9.07,6,0.02,5.98,225,83,8,75,538.7814,208.9804,15.999,192.9814,730,185,60,125,8.39,3.44,0,3.44,20,6,2,4,41.2954992,13.618054,5.670385,7.947669,174.81,102,1.66,100.34,391.369808,243.52,4.179608,239.340392,842.45,360,3.2,356.8,25.778,20.64,0,20.64,48.2,36,0.1,35.9,105.4674868,81.708324,0.14571032,81.56261368,298,298,590,CaSb2O6Eu0.05Bi0.02
9.08,6,0.03,5.97,225,83,8,75,538.7814,208.9804,15.999,192.9814,730,185,60,125,8.39,3.44,0,3.44,20,6,2,4,41.2954992,13.618054,5.670385,7.947669,175.64,102,2.49,99.51,393.459612,243.52,6.269412,237.250588,844.05,360,4.8,355.2,25.797,20.64,0,20.64,48.25,36,0.1,35.9,105.5403419,81.708324,0.21856548,81.48975852,298,298,590,CaSb2O6Eu0.05Bi0.03
9.09,6,0.04,5.96,225,83,8,75,538.7814,208.9804,15.999,192.9814,730,185,60,125,8.39,3.44,0,3.44,20,6,2,4,41.2954992,13.618054,5.670385,7.947669,176.47,102,3.15,98.85,395.549416,243.52,7.5982,235.9218,845.65,360,6.4,353.6,25.816,20.64,0,20.64,48.3,36,0.1,35.9,105.6131971,81.708324,0.28351925,81.42480475,298,298,590,CaSb2O6Eu0.05Bi0.04
9.1,6,0.05,5.95,225,83,8,75,538.7814,208.9804,15.999,192.9814,730,185,60,125,8.39,3.44,0,3.44,20,6,2,4,41.2954992,13.618054,5.670385,7.947669,177.3,102,3.15,98.85,397.63922,243.52,7.5982,235.9218,847.25,360,8,352,25.835,20.64,0,20.64,48.35,36,0.1,35.9,105.6860523,81.708324,0.28351925,81.42480475,298,298,590,CaSb2O6Eu0.05Bi0.05
45,28,0.4,27.6,145,63,8,55,331.51267,151.964,15.999,135.965,705,200,60,140,7.94,3.44,0,3.44,18,6,2,4,42.0314822,13.618054,5.670385,7.947669,708.8,342,12.6,329.4,1541.127479,788.58,26.9735448,761.6064552,4350,1800,74,1726,121.016,96.32,0,96.32,223.6,168,0.8,167.2,512.1711668,381.305512,2.268154,379.037358,298,394,590,Sr9Sc0.6P7O28Eu0.4
4.03,3,0.03,2.97,136,64,9,55,328.2124032,157.25,18.99840316,138.2515968,415,185,50,135,5.18,3.98,0,3.98,11,7,2,5,29.243001,17.42282,5.670385,11.752435,92.89,64,1.89,62.11,218.8041295,157.25,4.55892,152.69108,335.55,180,5.55,174.45,13.14,11.94,0,11.94,23.06,21,0.06,20.94,58.58836755,52.26846,0.17011155,52.09834845,298,272,591,GdF3Eu0.03
4.05,3,0.02,2.98,201,65,9,56,487.1377532,158.92535,18.99840316,139.9269468,590,185,50,135,5.18,3.98,0,3.98,13,7,2,5,35.106801,17.42282,5.670385,11.752435,94.19,64,1.3,62.7,221.9826365,157.25,3.178507,154.071493,339.05,180,3.5,176.5,13.14,11.94,0,11.94,23.1,21,0.04,20.96,58.70564355,52.26846,0.117276,52.151184,298,272,591,GdF3Eu0.03Tb0.02
4.07,3,0.03,2.97,201,65,9,56,487.1377532,158.92535,18.99840316,139.9269468,590,185,50,135,5.18,3.98,0,3.98,13,7,2,5,35.106801,17.42282,5.670385,11.752435,95.49,64,1.89,62.11,225.1611435,157.25,4.55892,152.69108,342.55,180,5.55,174.45,13.14,11.94,0,11.94,23.14,21,0.06,20.94,58.82291955,52.26846,0.17011155,52.09834845,298,272,591,GdF3Eu0.03Tb0.04
12,7,0.17,6.83,179,83,5,78,427.8314,208.9804,10.81,198.1704,670,185,60,125,8.38,3.44,0,3.44,18,6,2,4,40.9851292,13.618054,5.670385,7.947669,248.6,151.89,10,141.89,581.959012,382.434132,21.62,360.814132,1094.25,420,31.45,388.55,32.637,24.08,0,24.08,59.49,42,0.34,41.66,132.3320309,95.326378,0.96396545,94.36241255,298,394,591,CaBi1.83B2O7Eu0.17
11,7,0.1,6.9,132,63,8,55,304.73584,151.964,15.999,135.965,565,185,60,125,6.2,3.44,0,3.44,15,6,2,4,32.333819,13.618054,5.670385,7.947669,180.4,74.1,6.3,67.8,391.844496,168.921096,15.1964,153.724696,1060.5,420,18.5,401.5,29.478,24.08,0,24.08,55.9,42,0.2,41.8,121.3624505,95.326378,0.5670385,94.7593395,298,395,591,Y1.9Ti2O7Eu0.1
11,7,0.2,6.8,132,63,8,55,304.73584,151.964,15.999,135.965,565,185,60,125,6.2,3.44,0,3.44,15,6,2,4,32.333819,13.618054,5.670385,7.947669,182.8,70.2,12.6,57.6,398.150312,160.030512,30.3928,129.637712,1061,420,37,383,29.356,24.08,0,24.08,55.8,42,0.4,41.6,121.307763,95.326378,1.134077,94.192301,298,395,591,Y1.8Ti2O7Eu0.2
11,7,0.3,6.7,132,63,8,55,304.73584,151.964,15.999,135.965,565,185,60,125,6.2,3.44,0,3.44,15,6,2,4,32.333819,13.618054,5.670385,7.947669,185.2,66.3,18.9,47.4,404.456128,151.139928,45.5892,105.550728,1061.5,420,55.5,364.5,29.234,24.08,0,24.08,55.7,42,0.6,41.4,121.2530755,95.326378,1.7011155,93.6252625,298,395,591,Y1.7Ti2O7Eu0.3
11,7,0.4,6.6,132,63,8,55,304.73584,151.964,15.999,135.965,565,185,60,125,6.2,3.44,0,3.44,15,6,2,4,32.333819,13.618054,5.670385,7.947669,187.6,62.4,25.2,37.2,410.761944,142.249344,60.7856,81.463744,1062,420,74,346,29.112,24.08,0,24.08,55.6,42,0.8,41.2,121.198388,95.326378,2.268154,93.058224,298,395,591,Y1.6Ti2O7Eu0.4
11,7,0.45,6.55,132,63,8,55,304.73584,151.964,15.999,135.965,565,185,60,125,6.2,3.44,0,3.44,15,6,2,4,32.333819,13.618054,5.670385,7.947669,188.8,60.45,28.35,32.1,413.914852,137.804052,68.3838,69.420252,1062.25,420,83.25,336.75,29.051,24.08,0,24.08,55.55,42,0.9,41.1,121.1710443,95.326378,2.55167325,92.77470475,298,395,591,Y1.55Ti2O7Eu0.45
7,4,0.01,3.99,153,63,8,55,356.147214,151.964,15.999,135.965,755,260,60,200,7.73,3.44,0,3.44,16,6,1,5,41.31526555,13.618054,3.893905548,9.724148452,114.08,54.45,0.63,53.82,252.3707994,131.5763974,1.51964,130.0567574,749.25,257.4,1.85,255.55,18.0421,13.76,0,13.76,32.01,24,0.02,23.98,76.51680734,54.472216,0.05670385,54.41551215,300,266,593,Cs0.99MgPO4Eu0.01
7,4,0.05,3.95,153,63,8,55,356.147214,151.964,15.999,135.965,755,260,60,200,7.73,3.44,0,3.44,16,6,1,5,41.31526555,13.618054,3.893905548,9.724148452,114.4,52.25,3.15,49.1,253.1331414,126.2601794,7.5982,118.6619794,746.25,247,9.25,237.75,18.0105,13.76,0,13.76,32.05,24,0.1,23.9,76.58786652,54.472216,0.28351925,54.18869675,300,266,593,Cs0.95MgPO4Eu0.05
7,4,0.07,3.93,153,63,8,55,356.147214,151.964,15.999,135.965,755,260,60,200,7.73,3.44,0,3.44,16,6,1,5,41.31526555,13.618054,3.893905548,9.724148452,114.56,51.15,4.41,46.74,253.5143123,123.6020703,10.63748,112.9645903,744.75,241.8,12.95,228.85,17.9947,13.76,0,13.76,32.07,24,0.14,23.86,76.62339611,54.472216,0.39692695,54.07528905,300,266,593,Cs0.93MgPO4Eu0.07
14,8,0.1,7.9,232,64,8,56,548.158252,157.25,15.999,141.251,1040,260,60,200,7.88,3.44,0,3.44,17,6,1,5,40.41899109,13.618054,3.893905548,9.724148452,266.9,64,6.3,57.7,597.698452,141.525,15.1964,126.3286,1630.5,480,18.5,461.5,34.29,27.52,0,27.52,63,48,0.2,47.8,141.1138935,108.944432,0.5670385,108.3773935,298,312,593,CsK2Gd0.9V2O8Eu0.1
14,8,0.2,7.8,232,64,8,56,548.158252,157.25,15.999,141.251,1040,260,60,200,7.88,3.44,0,3.44,17,6,1,5,40.41899109,13.618054,3.893905548,9.724148452,266.8,64,12.6,51.4,597.169852,132.905452,30.3928,102.512652,1631,480,37,443,34.17,27.52,0,27.52,63,48,0.4,47.6,141.0659524,108.944432,1.134077,107.810355,298,312,593,CsK2Gd0.8V2O8Eu0.2
14,8,0.3,7.7,232,64,8,56,548.158252,157.25,15.999,141.251,1040,260,60,200,7.88,3.44,0,3.44,17,6,1,5,40.41899109,13.618054,3.893905548,9.724148452,266.7,64,18.9,45.1,596.641252,132.905452,45.5892,87.31625196,1631.5,480,55.5,424.5,34.05,27.52,0,27.52,63,48,0.6,47.4,141.0180113,108.944432,1.7011155,107.2433165,298,312,593,CsK2Gd0.7V2O8Eu0.3
14,8,0.4,7.6,232,64,8,56,548.158252,157.25,15.999,141.251,1040,260,60,200,7.88,3.44,0,3.44,17,6,1,5,40.41899109,13.618054,3.893905548,9.724148452,266.6,64,25.2,38.8,596.112652,132.905452,60.7856,72.11985196,1632,480,74,406,33.93,27.52,0,27.52,63,48,0.8,47.2,140.9700702,108.944432,2.268154,106.676278,298,312,593,CsK2Gd0.6V2O8Eu0.4
14,8,0.5,7.5,232,64,8,56,548.158252,157.25,15.999,141.251,1040,260,60,200,7.88,3.44,0,3.44,17,6,1,5,40.41899109,13.618054,3.893905548,9.724148452,266.5,64,31.5,32.5,595.584052,132.905452,75.982,56.92345196,1632.5,480,90,390,33.81,27.52,0,27.52,63,48,1,47,140.9221291,108.944432,2.8351925,106.1092395,298,312,593,CsK2Gd0.5V2O8Eu0.5
14,8,0.4,7.6,232,64,8,56,548.158252,157.25,15.999,141.251,1040,260,60,200,7.88,3.44,0,3.44,17,6,1,5,40.41899109,13.618054,3.893905548,9.724148452,266.4,64,25.6,38.4,595.055452,132.905452,62.9,70.00545196,1633,480,72,408,33.69,27.52,0,27.52,63,48,0.8,47.2,140.874188,108.944432,2.4599184,106.4845136,298,312,593,CsK2Gd0.4V2O8Eu0.6
14,8,0.3,7.7,232,64,8,56,548.158252,157.25,15.999,141.251,1040,260,60,200,7.88,3.44,0,3.44,17,6,1,5,40.41899109,13.618054,3.893905548,9.724148452,266.3,64,19.2,44.8,594.526852,132.905452,47.175,85.73045196,1633.5,480,54,426,33.57,27.52,0,27.52,63,48,0.6,47.4,140.8262469,108.944432,1.8449388,107.0994932,298,312,593,CsK2Gd0.3V2O8Eu0.7
14,8,0.2,7.8,232,64,8,56,548.158252,157.25,15.999,141.251,1040,260,60,200,7.88,3.44,0,3.44,17,6,1,5,40.41899109,13.618054,3.893905548,9.724148452,266.2,64,12.8,51.2,593.998252,132.905452,31.45,101.455452,1634,480,36,444,33.45,27.52,0,27.52,63,48,0.4,47.6,140.7783058,108.944432,1.2299592,107.7144728,298,312,593,CsK2Gd0.2V2O8Eu0.8
14,8,0.1,7.9,232,64,8,56,548.158252,157.25,15.999,141.251,1040,260,60,200,7.88,3.44,0,3.44,17,6,1,5,40.41899109,13.618054,3.893905548,9.724148452,266.1,64,6.4,57.6,593.469652,136.7676,15.725,121.0426,1634.5,480,18,462,33.33,27.52,0,27.52,63,48,0.2,47.8,140.7303647,108.944432,0.6149796,108.3294524,298,312,593,CsK2Gd0.1V2O8Eu0.9
14,8,1,7,168,63,8,55,390.908252,151.964,15.999,135.965,860,260,60,200,6.68,3.44,0,3.44,15,6,1,5,34.26919509,13.618054,3.893905548,9.724148452,266,64,38,26,592.941052,151.964,78.1966,73.7674,1635,480,185,295,33.21,27.52,0,27.52,63,48,1,47,140.6824236,108.944432,3.893905548,105.0505265,298,312,593,CsK2V2O8Eu1
26,15,0.7,14.3,171,63,5,58,405.00584,151.964,10.81,141.154,725,215,60,155,7.59,3.44,0,3.44,16,6,2,4,39.015382,13.618054,5.211664,8.40639,412.8,168,30,138,938.778392,411.981,64.86,347.121,2418.5,900,129.5,770.5,68.096,51.6,0,51.6,119.3,90,1.4,88.6,281.7456235,204.27081,3.9692695,200.3015405,298,393,593,Ba3Y1.3B6O15Eu0.7
5.01,3,0.01,2.99,131,63,8,55,299.265,151.964,15.999,135.965,580,185,60,125,5.77,3.44,0,3.44,14,6,2,4,32.0354942,13.618054,5.670385,7.947669,84.63,40,0.63,39.37,180.81864,91.224,1.51964,89.70436,516.85,180,1.85,178.15,12.65,10.32,0,10.32,24.02,18,0.02,17.98,53.65792105,40.854162,0.05670385,40.79745815,298,395,593,CaZrO3Eu0.01
5.02,3,0.02,2.98,131,63,8,55,299.265,151.964,15.999,135.965,580,185,60,125,5.77,3.44,0,3.44,14,6,2,4,32.0354942,13.618054,5.670385,7.947669,85.26,40,1.26,38.74,182.33828,91.224,3.03928,88.18472,518.7,180,3.7,176.3,12.65,10.32,0,10.32,24.04,18,0.04,17.96,53.7146249,40.854162,0.1134077,40.7407543,298,395,593,CaZrO3Eu0.02
5.03,3,0.03,2.97,131,63,8,55,299.265,151.964,15.999,135.965,580,185,60,125,5.77,3.44,0,3.44,14,6,2,4,32.0354942,13.618054,5.670385,7.947669,85.89,40,1.89,38.11,183.85792,91.224,4.55892,86.66508,520.55,180,5.55,174.45,12.65,10.32,0,10.32,24.06,18,0.06,17.94,53.77132875,40.854162,0.17011155,40.68405045,298,395,593,CaZrO3Eu0.03
5.04,3,0.04,2.96,131,63,8,55,299.265,151.964,15.999,135.965,580,185,60,125,5.77,3.44,0,3.44,14,6,2,4,32.0354942,13.618054,5.670385,7.947669,86.52,40,2.52,37.48,185.37756,91.224,6.07856,85.14544,522.4,180,7.4,172.6,12.65,10.32,0,10.32,24.08,18,0.08,17.92,53.8280326,40.854162,0.2268154,40.6273466,298,395,593,CaZrO3Eu0.04
5.05,3,0.05,2.95,131,63,8,55,299.265,151.964,15.999,135.965,580,185,60,125,5.77,3.44,0,3.44,14,6,2,4,32.0354942,13.618054,5.670385,7.947669,87.15,40,3.15,36.85,186.8972,91.224,7.5982,83.6258,524.25,180,9.25,170.75,12.65,10.32,0,10.32,24.1,18,0.1,17.9,53.88473645,40.854162,0.28351925,40.57064275,298,395,593,CaZrO3Eu0.05
11,7,0.02,6.98,124,63,8,55,286.556762,151.964,15.999,135.965,545,200,60,140,6.58,3.44,0,3.44,15,6,2,4,35.4699922,13.618054,5.670385,7.947669,162.5,75.24,1.26,73.98,350.467404,173.4876,3.03928,170.44832,1019.7,420,3.7,416.3,30.341,24.08,0,24.08,56,42,0.04,41.96,127.6889948,95.326378,0.1134077,95.2129703,298,395,593,Sr1.98P2O7Eu0.02
12,6,0.005,5.995,214,65,5,60,510.47535,158.92535,10.81,148.11535,820,215,60,155,9.53,3.44,0,3.44,22,7,2,5,51.629552,13.618054,5.211664,8.40639,251.99,112,0.315,111.685,586.6085433,274.654,0.75982,273.89418,1235.05,430,0.925,429.075,29.66,20.64,0,20.64,55,36,0.01,35.99,127.5581529,81.708324,0.028351925,81.67997208,298,377,594,Ba2Tb0.995B2O6ClEu0.005
12,6,0.01,5.99,214,65,5,60,510.47535,158.92535,10.81,148.11535,820,215,60,155,9.53,3.44,0,3.44,22,7,2,5,51.629552,13.618054,5.211664,8.40639,251.98,112,0.63,111.37,586.5737365,274.654,1.51964,273.13436,1235.1,430,1.85,428.15,29.66,20.64,0,20.64,55,36,0.02,35.98,127.5571859,81.708324,0.05670385,81.65162015,298,377,594,Ba2Tb0.99B2O6ClEu0.01
12,6,0.02,5.98,214,65,5,60,510.47535,158.92535,10.81,148.11535,820,215,60,155,9.53,3.44,0,3.44,22,7,2,5,51.629552,13.618054,5.211664,8.40639,251.96,112,1.26,110.74,586.504123,274.654,3.03928,271.61472,1235.2,430,3.7,426.3,29.66,20.64,0,20.64,55,36,0.04,35.96,127.5552517,81.708324,0.1134077,81.5949163,298,377,594,Ba2Tb0.98B2O6ClEu0.02
12,6,0.03,5.97,214,65,5,60,510.47535,158.92535,10.81,148.11535,820,215,60,155,9.53,3.44,0,3.44,22,7,2,5,51.629552,13.618054,5.211664,8.40639,251.94,112,1.89,110.11,586.4345095,274.654,4.55892,270.09508,1235.3,430,5.55,424.45,29.66,20.64,0,20.64,55,36,0.06,35.94,127.5533176,81.708324,0.17011155,81.53821245,298,377,594,Ba2Tb0.97B2O6ClEu0.03
22,14,0.2,13.8,176,63,3,60,412.926762,151.964,6.94,145.024,835,215,60,155,9.31,3.44,0,3.44,19,6,1,5,46.37780556,13.618054,5.211664,8.40639,319.4,112,3,109,702.125448,247.1886,6.94,240.2486,1939,840,37,803,61.312,48.16,0,48.16,112,84,0.4,83.6,254.5055888,190.652756,1.134077,189.518679,298,394,595,Ba1.8LiGaP4O14Eu0.2
10,6,0.05,5.95,114,63,9,54,263.6751724,151.964,18.99840316,132.9655968,545,185,50,135,6.72,3.98,0,3.98,13,7,1,6,34.2315835,17.42282,5.1390767,12.2837433,119.6,54,3.15,50.85,256.7947768,113.990419,7.5982,106.392219,972.75,540,9.25,530.75,28.3895,23.88,0,23.88,47.95,42,0.1,41.9,125.9370061,104.53692,0.28351925,104.2534008,298,395,595,Na3Ga0.95F6Eu0.05
10,6,0.07,5.93,114,63,9,54,263.6751724,151.964,18.99840316,132.9655968,545,185,50,135,6.72,3.98,0,3.98,13,7,1,6,34.2315835,17.42282,5.1390767,12.2837433,120.24,54,4.41,49.59,258.4395968,113.990419,10.63748,103.352939,973.85,540,12.95,527.05,28.3533,23.88,0,23.88,47.93,42,0.14,41.86,125.9304277,104.53692,0.39692695,104.1399931,298,395,595,Na3Ga0.93F6Eu0.07
7.04,4,0.04,3.96,127,63,8,55,287.3065313,151.964,15.999,135.965,660,185,60,125,8.21,3.44,0,3.44,26,12,1,11,44.3084007,13.618054,5.1390767,8.4789773,90.52,32,2.52,29.48,189.4180913,65.38,6.07856,59.30144,662.4,240,7.4,232.6,18.53,13.76,0,13.76,42.08,24,0.08,23.92,79.7189931,54.472216,0.2268154,54.2454006,298,395,595,NaZnPO4Eu0.04
7.25,4,0.25,3.75,127,63,8,55,287.3065313,151.964,15.999,135.965,660,185,60,125,8.21,3.44,0,3.44,26,12,1,11,44.3084007,13.618054,5.1390767,8.4789773,103.75,32,11,21,221.3305313,65.38,22.98976928,42.39023072,701.25,240,46.25,193.75,18.53,13.76,0,13.76,42.5,24,0.5,23.5,80.90977395,54.472216,1.41759625,53.05461975,298,395,595,NaZnPO4Eu0.25
20,12,0.1,11.9,180,83,8,75,430.9069313,208.9804,15.999,192.9814,685,185,60,125,8.46,3.44,0,3.44,19,6,1,5,42.1997177,13.618054,5.1390767,8.4789773,338,157.7,6.3,151.4,766.1377538,397.06276,15.1964,381.86636,1882.5,720,18.5,701.5,54.25,41.28,0,41.28,99.7,72,0.2,71.8,224.703455,163.416648,0.5670385,162.8496095,298,396,598,Na3Bi1.9P3O12Eu0.1
20,12,0.125,11.875,180,83,8,75,430.9069313,208.9804,15.999,192.9814,685,185,60,125,8.46,3.44,0,3.44,19,6,1,5,42.1997177,13.618054,5.1390767,8.4789773,337.5,155.625,7.875,147.75,764.7123438,391.83825,18.9955,372.84275,1883.125,720,23.125,696.875,54.2025,41.28,0,41.28,99.625,72,0.25,71.75,224.6630767,163.416648,0.708798125,162.7078499,298,396,598,Na3Bi1.875P3O12Eu0.125
20,12,0.15,11.85,180,83,8,75,430.9069313,208.9804,15.999,192.9814,685,185,60,125,8.46,3.44,0,3.44,19,6,1,5,42.1997177,13.618054,5.1390767,8.4789773,337,153.55,9.45,144.1,763.2869338,386.61374,22.7946,363.81914,1883.75,720,27.75,692.25,54.155,41.28,0,41.28,99.55,72,0.3,71.7,224.6226985,163.416648,0.85055775,162.5660903,298,396,598,Na3Bi1.85P3O12Eu0.15
20,12,0.2,11.8,180,83,8,75,430.9069313,208.9804,15.999,192.9814,685,185,60,125,8.46,3.44,0,3.44,19,6,1,5,42.1997177,13.618054,5.1390767,8.4789773,336,149.4,12.6,136.8,760.4361138,376.16472,30.3928,345.77192,1885,720,37,683,54.06,41.28,0,41.28,99.4,72,0.4,71.6,224.5419419,163.416648,1.134077,162.282571,298,396,598,Na3Bi1.8P3O12Eu0.2
20,12,0.25,11.75,180,83,8,75,430.9069313,208.9804,15.999,192.9814,685,185,60,125,8.46,3.44,0,3.44,19,6,1,5,42.1997177,13.618054,5.1390767,8.4789773,335,145.25,15.75,129.5,757.5852938,365.7157,37.991,327.7247,1886.25,720,46.25,673.75,53.965,41.28,0,41.28,99.25,72,0.5,71.5,224.4611854,163.416648,1.41759625,161.9990518,298,396,598,Na3Bi1.75P3O12Eu0.25
20,12,0.3,11.7,180,83,8,75,430.9069313,208.9804,15.999,192.9814,685,185,60,125,8.46,3.44,0,3.44,19,6,1,5,42.1997177,13.618054,5.1390767,8.4789773,334,141.1,18.9,122.2,754.7344738,355.26668,45.5892,309.67748,1887.5,720,55.5,664.5,53.87,41.28,0,41.28,99.1,72,0.6,71.4,224.3804288,163.416648,1.7011155,161.7155325,298,396,598,Na3Bi1.7P3O12Eu0.3
14,8,0.1,7.9,245,83,8,75,589.8322813,208.9804,15.999,192.9814,860,185,60,125,8.46,3.44,0,3.44,21,6,1,5,48.0635177,13.618054,5.1390767,8.4789773,204.4,64,6.3,57.7,452.1765818,146.28628,15.1964,131.08988,1385.5,540,18.5,521.5,36.02,27.52,0,27.52,65.1,48,0.2,47.8,152.1746938,108.944432,0.5670385,108.3773935,298,379,600,Na3Bi0.7P2O8Eu0.1Tb0.2
14,8,0.1,7.9,245,83,8,75,589.8322813,208.9804,15.999,192.9814,860,185,60,125,8.46,3.44,0,3.44,21,6,1,5,48.0635177,13.618054,5.1390767,8.4789773,203.5,64,6.3,57.7,449.6738293,135.83726,15.1964,120.64086,1386.25,540,18.5,521.5,35.925,27.52,0,27.52,64.95,48,0.2,47.8,152.103608,108.944432,0.5670385,108.3773935,298,379,600,Na3Bi0.65P2O8Eu0.1Tb0.25
14,8,0.1,7.9,245,83,8,75,589.8322813,208.9804,15.999,192.9814,860,185,60,125,8.46,3.44,0,3.44,21,6,1,5,48.0635177,13.618054,5.1390767,8.4789773,202.6,64,6.3,57.7,447.1710768,127.992,15.1964,112.7956,1387,540,18.5,521.5,35.83,27.52,0,27.52,64.8,48,0.2,47.8,152.0325222,108.944432,0.5670385,108.3773935,298,379,600,Na3Bi0.6P2O8Eu0.1Tb0.3
45,28,0.08,27.92,157,63,8,55,355.81767,151.964,15.999,135.965,855,200,60,140,9.25,3.44,0,3.44,20,6,2,4,49.6777172,13.618054,5.670385,7.947669,668,300.96,5.04,295.92,1440.156762,693.9504,12.15712,681.79328,4288.8,1680,14.8,1665.2,121.844,96.32,0,96.32,224,168,0.16,167.84,514.477018,381.305512,0.4536308,380.8518812,298,400,600,Sr7.92MgScP7O28Eu0.08
14,8,0.02,7.98,242,83,8,75,581.2669313,208.9804,15.999,192.9814,870,185,60,125,9.63,3.44,0,3.44,21,6,1,5,47.8434277,13.618054,5.1390767,8.4789773,207.5,73.04,1.26,71.78,460.8868638,183.902752,3.03928,180.863472,1383,540,3.7,536.3,36.479,27.52,0,27.52,65.64,48,0.04,47.96,152.4240669,108.944432,0.1134077,108.8310243,298,396,603,Na3Bi0.88P2O8Eu0.02Sm0.1
14,8,0.04,7.96,242,83,8,75,581.2669313,208.9804,15.999,192.9814,870,185,60,125,9.63,3.44,0,3.44,21,6,1,5,47.8434277,13.618054,5.1390767,8.4789773,207.1,71.38,2.52,68.86,459.7465358,179.723144,6.07856,173.644584,1383.5,540,7.4,532.6,36.441,27.52,0,27.52,65.58,48,0.08,47.92,152.3917643,108.944432,0.2268154,108.7176166,298,396,603,Na3Bi0.86P2O8Eu0.04Sm0.1
14,8,0.06,7.94,242,83,8,75,581.2669313,208.9804,15.999,192.9814,870,185,60,125,9.63,3.44,0,3.44,21,6,1,5,47.8434277,13.618054,5.1390767,8.4789773,206.7,69.72,3.78,65.94,458.6062078,175.543536,9.11784,166.425696,1384,540,11.1,528.9,36.403,27.52,0,27.52,65.52,48,0.12,47.88,152.3594616,108.944432,0.3402231,108.6042089,298,396,603,Na3Bi0.84P2O8Eu0.06Sm0.1
14,8,0.08,7.92,242,83,8,75,581.2669313,208.9804,15.999,192.9814,870,185,60,125,9.63,3.44,0,3.44,21,6,1,5,47.8434277,13.618054,5.1390767,8.4789773,206.3,68.06,5.04,63.02,457.4658798,171.363928,12.15712,159.206808,1384.5,540,14.8,525.2,36.365,27.52,0,27.52,65.46,48,0.16,47.84,152.327159,108.944432,0.4536308,108.4908012,298,396,603,Na3Bi0.82P2O8Eu0.08Sm0.1
14,8,0.02,7.98,242,83,8,75,581.2669313,208.9804,15.999,192.9814,870,185,60,125,9.63,3.44,0,3.44,21,6,1,5,47.8434277,13.618054,5.1390767,8.4789773,207.58,73.04,1.24,71.8,461.0151838,183.902752,3.0072,180.895552,1383,540,3.7,536.3,36.3854,27.52,0,27.52,65.64,48,0.04,47.96,152.4262009,108.944432,0.1128742,108.8315578,298,403,603,Na3Bi0.88P2O8Eu0.1Sm0.02
14,8,0.04,7.96,242,83,8,75,581.2669313,208.9804,15.999,192.9814,870,185,60,125,9.63,3.44,0,3.44,21,6,1,5,47.8434277,13.618054,5.1390767,8.4789773,207.16,71.38,2.48,68.9,459.8427758,179.723144,6.0144,173.708744,1383.5,540,7.4,532.6,36.3708,27.52,0,27.52,65.58,48,0.08,47.92,152.3933648,108.944432,0.2257484,108.7186836,298,403,603,Na3Bi0.86P2O8Eu0.1Sm0.04
14,8,0.06,7.94,242,83,8,75,581.2669313,208.9804,15.999,192.9814,870,185,60,125,9.63,3.44,0,3.44,21,6,1,5,47.8434277,13.618054,5.1390767,8.4789773,206.74,69.72,3.72,66,458.6703678,175.543536,9.0216,166.521936,1384,540,11.1,528.9,36.3562,27.52,0,27.52,65.52,48,0.12,47.88,152.3605286,108.944432,0.3386226,108.6058094,298,403,603,Na3Bi0.84P2O8Eu0.1Sm0.06
14,8,0.08,7.92,242,83,8,75,581.2669313,208.9804,15.999,192.9814,870,185,60,125,9.63,3.44,0,3.44,21,6,1,5,47.8434277,13.618054,5.1390767,8.4789773,206.32,68.06,4.96,63.1,457.4979598,171.363928,12.0288,159.335128,1384.5,540,14.8,525.2,36.3416,27.52,0,27.52,65.46,48,0.16,47.84,152.3276925,108.944432,0.4514968,108.4929352,298,403,603,Na3Bi0.82P2O8Eu0.1Sm0.08
14,8,0.1,7.9,242,83,8,75,581.2669313,208.9804,15.999,192.9814,870,185,60,125,9.63,3.44,0,3.44,21,6,1,5,47.8434277,13.618054,5.1390767,8.4789773,205.9,66.4,6.2,60.2,456.3255518,167.18432,15.036,152.14832,1385,540,18.5,521.5,36.327,27.52,0,27.52,65.4,48,0.2,47.8,152.2948564,108.944432,0.564371,108.380061,298,403,603,Na3Bi0.8P2O8Eu0.1Sm0.1
3,2,0.05,1.95,111,63,8,55,259.187,151.964,15.999,135.965,400,185,60,125,4.77,3.44,0,3.44,12,6,2,4,25.922339,13.618054,5.670385,7.947669,57.15,38,3.15,34.85,126.259,86.6628,7.5982,79.0646,276.5,147.25,9.25,138,8.1435,6.88,0,6.88,15.9,12,0.1,11.9,33.82183225,27.236108,0.28351925,26.95258875,298,393,604,Zr0.95O2Eu0.05
3,2,0.07,1.93,111,63,8,55,259.187,151.964,15.999,135.965,400,185,60,125,4.77,3.44,0,3.44,12,6,2,4,25.922339,13.618054,5.670385,7.947669,57.61,37.2,4.41,32.79,127.4738,84.83832,10.63748,74.20084,277.1,144.15,12.95,131.2,8.1169,6.88,0,6.88,15.86,12,0.14,11.86,33.80256195,27.236108,0.39692695,26.83918105,298,393,604,Zr0.93O2Eu0.07
3,2,0.09,1.91,111,63,8,55,259.187,151.964,15.999,135.965,400,185,60,125,4.77,3.44,0,3.44,12,6,2,4,25.922339,13.618054,5.670385,7.947669,58.07,36.4,5.67,30.73,128.6886,83.01384,13.67676,69.33708,277.7,141.05,16.65,124.4,8.0903,6.88,0,6.88,15.82,12,0.18,11.82,33.78329165,27.236108,0.51033465,26.72577335,298,393,604,Zr0.91O2Eu0.09
3,2,0.11,1.89,111,63,8,55,259.187,151.964,15.999,135.965,400,185,60,125,4.77,3.44,0,3.44,12,6,2,4,25.922339,13.618054,5.670385,7.947669,58.53,35.6,6.93,28.67,129.9034,81.18936,16.71604,64.47332,278.3,137.95,20.35,117.6,8.0637,6.88,0,6.88,15.78,12,0.22,11.78,33.76402135,27.236108,0.62374235,26.61236565,298,393,604,Zr0.89O2Eu0.11
3,2,0.13,1.87,111,63,8,55,259.187,151.964,15.999,135.965,400,185,60,125,4.77,3.44,0,3.44,12,6,2,4,25.922339,13.618054,5.670385,7.947669,58.99,34.8,8.19,26.61,131.1182,79.36488,19.75532,59.60956,278.9,134.85,24.05,110.8,8.0371,6.88,0,6.88,15.74,12,0.26,11.74,33.74475105,27.236108,0.73715005,26.49895795,298,393,604,Zr0.87O2Eu0.13
23.5,12,0.5,11.5,224,73,3,70,534.83435,180.94788,6.94,174.00788,910,195,60,135,8.02,3.44,0,3.44,19,6,1,5,43.91977896,13.618054,5.391714761,8.226339239,425.5,146,18,128,989.3947,361.89576,40.078,321.81776,2542.5,870,92.5,777.5,53.36,41.28,0,41.28,97,72,1,71,230.9682243,163.416648,2.8351925,160.5814555,298,464,608,Li6CaLa2Ta2O12Eu0.5
9,6,0.02,5.98,184,74,8,66,440.70884,183.84,15.999,167.841,560,185,60,125,6.36,3.44,0,3.44,17,6,2,4,33.369729,13.618054,5.670385,7.947669,200.48,77.22,1.26,75.96,458.9068432,183.84,3.03928,180.80072,855.1,360,3.7,356.3,24.7556,20.64,0,20.64,47.98,36,0.04,35.96,101.9959365,81.708324,0.1134077,81.5949163,298,275,609,Y1.98WO6Eu0.02
9,6,0.06,5.94,184,74,8,66,440.70884,183.84,15.999,167.841,560,185,60,125,6.36,3.44,0,3.44,17,6,2,4,33.369729,13.618054,5.670385,7.947669,201.44,75.66,3.78,71.88,461.4291696,183.84,9.11784,174.72216,855.3,360,11.1,348.9,24.7068,20.64,0,20.64,47.94,36,0.12,35.88,101.9740615,81.708324,0.3402231,81.3681009,298,275,609,Y1.94WO6Eu0.06
9,6,0.1,5.9,184,74,8,66,440.70884,183.84,15.999,167.841,560,185,60,125,6.36,3.44,0,3.44,17,6,2,4,33.369729,13.618054,5.670385,7.947669,202.4,74.1,6.3,67.8,463.951496,183.84,15.1964,168.6436,855.5,360,18.5,341.5,24.658,20.64,0,20.64,47.9,36,0.2,35.8,101.9521865,81.708324,0.5670385,81.1412855,298,275,609,Y1.9WO6Eu0.1
9,6,0.14,5.86,184,74,8,66,440.70884,183.84,15.999,167.841,560,185,60,125,6.36,3.44,0,3.44,17,6,2,4,33.369729,13.618054,5.670385,7.947669,203.36,74,8.82,65.18,466.4738224,183.84,21.27496,162.56504,855.7,360,25.9,334.1,24.6092,20.64,0,20.64,47.86,36,0.28,35.72,101.9303115,81.708324,0.7938539,80.9144701,298,275,609,Y1.86WO6Eu0.14
9,6,0.18,5.82,184,74,8,66,440.70884,183.84,15.999,167.841,560,185,60,125,6.36,3.44,0,3.44,17,6,2,4,33.369729,13.618054,5.670385,7.947669,204.32,74,11.34,62.66,468.9961488,183.84,27.35352,156.48648,855.9,360,33.3,326.7,24.5604,20.64,0,20.64,47.82,36,0.36,35.64,101.9084365,81.708324,1.0206693,80.6876547,298,275,609,Y1.82WO6Eu0.18
9,6,0.22,5.78,184,74,8,66,440.70884,183.84,15.999,167.841,560,185,60,125,6.36,3.44,0,3.44,17,6,2,4,33.369729,13.618054,5.670385,7.947669,205.28,74,13.86,60.14,471.5184752,183.84,33.43208,150.40792,856.1,360,40.7,319.3,24.5116,20.64,0,20.64,47.78,36,0.44,35.56,101.8865615,81.708324,1.2474847,80.4608393,298,275,609,Y1.78WO6Eu0.22
9,6,0.26,5.74,184,74,8,66,440.70884,183.84,15.999,167.841,560,185,60,125,6.36,3.44,0,3.44,17,6,2,4,33.369729,13.618054,5.670385,7.947669,206.24,74,16.38,57.62,474.0408016,183.84,39.51064,144.32936,856.3,360,48.1,311.9,24.4628,20.64,0,20.64,47.74,36,0.52,35.48,101.8646865,81.708324,1.4743001,80.2340239,298,275,609,Y1.74WO6Eu0.26
9,6,0.3,5.7,184,74,8,66,440.70884,183.84,15.999,167.841,560,185,60,125,6.36,3.44,0,3.44,17,6,2,4,33.369729,13.618054,5.670385,7.947669,207.2,74,18.9,55.1,476.563128,183.84,45.5892,138.2508,856.5,360,55.5,304.5,24.414,20.64,0,20.64,47.7,36,0.6,35.4,101.8428115,81.708324,1.7011155,80.0072085,298,275,609,Y1.7WO6Eu0.3
9,6,0.34,5.66,184,74,8,66,440.70884,183.84,15.999,167.841,560,185,60,125,6.36,3.44,0,3.44,17,6,2,4,33.369729,13.618054,5.670385,7.947669,208.16,74,21.42,52.58,479.0854544,183.84,51.66776,132.17224,856.7,360,62.9,297.1,24.3652,20.64,0,20.64,47.66,36,0.68,35.32,101.8209365,81.708324,1.9279309,79.7803931,298,275,609,Y1.66WO6Eu0.34
9,6,0.38,5.62,184,74,8,66,440.70884,183.84,15.999,167.841,560,185,60,125,6.36,3.44,0,3.44,17,6,2,4,33.369729,13.618054,5.670385,7.947669,209.12,74,23.94,50.06,481.6077808,183.84,57.74632,126.09368,856.9,360,70.3,289.7,24.3164,20.64,0,20.64,47.62,36,0.76,35.24,101.7990615,81.708324,2.1547463,79.5535777,298,275,609,Y1.62WO6Eu0.38
12.04,5,0.04,4.96,139,63,8,55,318.0145385,151.964,15.999,135.965,670,200,60,140,9.16,3.44,0,3.44,20,7,2,5,43.9367046,13.618054,5.670385,7.947669,216.52,114,2.52,111.48,473.796637,262.86,6.07856,256.78144,1357.4,600,7.4,592.6,29.59,17.2,0,17.2,56.08,30,0.08,29.92,123.3084838,68.09027,0.2268154,67.8634546,298,350,609,Sr3Al2O5Cl2Eu0.04
6,4,0.01,3.99,151,63,8,55,351.533,151.964,15.999,135.965,590,200,60,140,6.55,3.44,0,3.44,16,6,2,4,32.0757362,13.618054,5.670385,7.947669,112.25,42,0.63,41.37,248.20944,95.95,1.51964,94.43036,584.85,240,1.85,238.15,16.8605,13.76,0,13.76,32,24,0.02,23.98,67.25926838,54.472216,0.05670385,54.41551215,298,290,610,Sr0.99MoO4Eu0.01
19.9,12,0.1,11.9,154,63,8,55,353.80384,151.964,15.999,135.965,700,185,60,125,7.98,3.44,0,3.44,17,6,2,4,41.051369,13.618054,5.670385,7.947669,304.5,96,6.3,89.7,658.019912,217.89,15.1964,202.6936,1887.5,720,18.5,701.5,53.436,41.28,0,41.28,95.6,72,0.2,71.8,221.8117645,163.416648,0.5670385,162.8496095,298,348,610,Mg3Y1.8Ge3O12Eu0.1
3.05,2,0.05,1.95,111,63,8,55,259.187,151.964,15.999,135.965,400,185,60,125,4.77,3.44,0,3.44,12,6,2,4,25.922339,13.618054,5.670385,7.947669,59.15,40,3.15,36.85,130.8202,91.224,7.5982,83.6258,284.25,155,9.25,145.75,8.21,6.88,0,6.88,16.1,12,0.1,11.9,34.15352725,27.236108,0.28351925,26.95258875,298,352,610,ZrO2Eu0.05
9.3,6,0.3,5.7,177,64,8,56,421.163,157.25,15.999,141.251,570,185,60,125,6.8,3.44,0,3.44,16,6,2,4,32.530665,13.618054,5.670385,7.947669,236.9,128,18.9,109.1,552.0332,314.5,45.5892,268.9108,920.5,360,55.5,304.5,25.2,20.64,0,20.64,46.6,36,0.6,35.4,102.8014615,81.708324,1.7011155,80.0072085,298,360,610,Gd2MoO6Eu0.3
8.7,6,0.3,5.7,177,64,8,56,421.163,157.25,15.999,141.251,570,185,60,125,6.8,3.44,0,3.44,16,6,2,4,32.530665,13.618054,5.670385,7.947669,198.5,89.6,18.9,70.7,457.6832,220.15,45.5892,174.5608,812.5,360,55.5,304.5,24.48,20.64,0,20.64,45.4,36,0.6,35.4,99.1115839,81.708324,1.7011155,80.0072085,298,360,610,Gd1.4MoO6Eu0.3
9.01,6,0.01,5.99,184,71,8,63,438.8798,174.9668,15.999,158.9678,565,185,60,125,6.6,3.44,0,3.44,16,6,2,4,31.80674,13.618054,5.425871,8.192183,232.63,142,0.63,141.37,543.39724,349.9336,1.51964,348.41396,856.85,360,1.85,358.15,24.8,20.64,0,20.64,46.02,36,0.02,35.98,99.70919985,81.708324,0.05670385,81.65162015,298,363,610,Lu2MoO6Eu0.01
9.03,6,0.03,5.97,184,71,8,63,438.8798,174.9668,15.999,158.9678,565,185,60,125,6.6,3.44,0,3.44,16,6,2,4,31.80674,13.618054,5.425871,8.192183,233.89,142,1.89,140.11,546.43652,349.9336,4.55892,345.37468,860.55,360,5.55,354.45,24.8,20.64,0,20.64,46.06,36,0.06,35.94,99.82260755,81.708324,0.17011155,81.53821245,298,363,610,Lu2MoO6Eu0.03
9.05,6,0.05,5.95,184,71,8,63,438.8798,174.9668,15.999,158.9678,565,185,60,125,6.6,3.44,0,3.44,16,6,2,4,31.80674,13.618054,5.425871,8.192183,235.15,142,3.15,138.85,549.4758,349.9336,7.5982,342.3354,864.25,360,9.25,350.75,24.8,20.64,0,20.64,46.1,36,0.1,35.9,99.93601525,81.708324,0.28351925,81.42480475,298,363,610,Lu2MoO6Eu0.05
9.1,6,0.1,5.9,184,71,8,63,438.8798,174.9668,15.999,158.9678,565,185,60,125,6.6,3.44,0,3.44,16,6,2,4,31.80674,13.618054,5.425871,8.192183,238.3,142,6.3,135.7,557.074,349.9336,15.1964,334.7372,873.5,360,18.5,341.5,24.8,20.64,0,20.64,46.2,36,0.2,35.8,100.2195345,81.708324,0.5670385,81.1412855,298,363,610,Lu2MoO6Eu0.1
9.2,6,0.2,5.8,184,71,8,63,438.8798,174.9668,15.999,158.9678,565,185,60,125,6.6,3.44,0,3.44,16,6,2,4,31.80674,13.618054,5.425871,8.192183,244.6,142,12.6,129.4,572.2704,349.9336,30.3928,319.5408,892,360,37,323,24.8,20.64,0,20.64,46.4,36,0.4,35.6,100.786573,81.708324,1.134077,80.574247,298,363,610,Lu2MoO6Eu0.2
9.4,6,0.4,5.6,184,71,8,63,438.8798,174.9668,15.999,158.9678,565,185,60,125,6.6,3.44,0,3.44,16,6,2,4,31.80674,13.618054,5.425871,8.192183,257.2,142,25.2,116.8,602.6632,349.9336,60.7856,289.148,929,360,74,286,24.8,20.64,0,20.64,46.8,36,0.8,35.2,101.92065,81.708324,2.268154,79.44017,298,363,610,Lu2MoO6Eu0.4
45.045,28,0.03,27.97,170,63,8,55,386.450714,151.964,15.999,135.965,845,200,60,140,9.49,3.44,0,3.44,25,7,2,5,49.4655002,13.618054,5.670385,7.947669,693.81,340.67,1.25,339.42,1502.563364,785.5133,2.7469022,782.7663978,4345.55,1793,5.55,1787.45,121.60425,96.32,0,96.32,224.34,168,0.06,167.94,512.8701009,381.305512,0.17011155,381.1354005,298,365,610,Sr8.965ScP7O28Eu0.03Mn0.05
45.09,28,0.03,27.97,170,63,8,55,386.450714,151.964,15.999,135.965,845,200,60,140,9.49,3.44,0,3.44,25,7,2,5,49.4655002,13.618054,5.670385,7.947669,694.87,340.48,1.89,338.59,1504.872166,785.0752,4.55892,780.51628,4351.55,1792,5.55,1786.45,121.677,96.32,0,96.32,224.68,168,0.06,167.94,513.2133275,381.305512,0.17011155,381.1354005,298,365,610,Sr8.96ScP7O28Eu0.03Mn0.1
45.18,28,0.03,27.97,170,63,8,55,386.450714,151.964,15.999,135.965,845,200,60,140,9.49,3.44,0,3.44,25,7,2,5,49.4655002,13.618054,5.670385,7.947669,696.99,340.1,1.89,338.21,1509.489771,784.199,4.55892,779.64008,4363.55,1790,5.55,1784.45,121.8225,96.32,0,96.32,225.36,168,0.06,167.94,513.8997806,381.305512,0.17011155,381.1354005,298,365,610,Sr8.95ScP7O28Eu0.03Mn0.2
45.27,28,0.03,27.97,170,63,8,55,386.450714,151.964,15.999,135.965,845,200,60,140,9.49,3.44,0,3.44,25,7,2,5,49.4655002,13.618054,5.670385,7.947669,699.11,339.72,1.89,337.83,1514.107375,783.3228,4.55892,778.76388,4375.55,1788,5.55,1782.45,121.968,96.32,0,96.32,226.04,168,0.06,167.94,514.5862337,381.305512,0.17011155,381.1354005,298,365,610,Sr8.94ScP7O28Eu0.03Mn0.3
7,4,0.02,3.98,186,63,8,55,428.391044,151.964,15.999,135.965,890,215,60,155,8.78,3.44,0,3.44,23,7,2,5,46.1989592,13.618054,5.211664,8.40639,133.09,71.68,0.75,70.93,299.3992413,175.77856,1.64814132,174.1304187,753.7,275.2,3.7,271.5,17.5157,13.76,0,13.76,32.15,24,0.04,23.96,73.72707114,54.472216,0.1134077,54.3588083,298,390,610,Ba1.28Ca0.67SiO4Eu0.02Mn0.03
7,4,0.02,3.98,186,63,8,55,428.391044,151.964,15.999,135.965,890,215,60,155,8.78,3.44,0,3.44,23,7,2,5,46.1989592,13.618054,5.211664,8.40639,133.14,71.68,1,70.68,299.5478418,175.77856,2.19752176,173.5810382,753.3,275.2,3.7,271.5,17.5212,13.76,0,13.76,32.2,24,0.04,23.96,73.74027977,54.472216,0.1134077,54.3588083,298,390,610,Ba1.28Ca0.66SiO4Eu0.02Mn0.04
7,4,0.02,3.98,186,63,8,55,428.391044,151.964,15.999,135.965,890,215,60,155,8.78,3.44,0,3.44,23,7,2,5,46.1989592,13.618054,5.211664,8.40639,133.24,71.68,1.26,70.42,299.8450426,175.77856,3.03928,172.73928,752.5,275.2,3.7,271.5,17.5322,13.76,0,13.76,32.3,24,0.04,23.96,73.76669703,54.472216,0.1134077,54.3588083,298,390,610,Ba1.28Ca0.64SiO4Eu0.02Mn0.06
7,4,0.02,3.98,186,63,8,55,428.391044,151.964,15.999,135.965,890,215,60,155,8.78,3.44,0,3.44,23,7,2,5,46.1989592,13.618054,5.211664,8.40639,133.34,71.68,1.26,70.42,300.1422435,175.77856,3.03928,172.73928,751.7,275.2,3.7,271.5,17.5432,13.76,0,13.76,32.4,24,0.04,23.96,73.79311428,54.472216,0.1134077,54.3588083,298,390,610,Ba1.28Ca0.62SiO4Eu0.02Mn0.08
7,4,0.02,3.98,186,63,8,55,428.391044,151.964,15.999,135.965,890,215,60,155,8.78,3.44,0,3.44,23,7,2,5,46.1989592,13.618054,5.211664,8.40639,133.44,71.68,1.26,70.42,300.4394444,175.77856,3.03928,172.73928,750.9,275.2,3.7,271.5,17.5542,13.76,0,13.76,32.5,24,0.04,23.96,73.81953154,54.472216,0.1134077,54.3588083,298,390,610,Ba1.28Ca0.6SiO4Eu0.02Mn0.1
7,4,0.02,3.98,186,63,8,55,428.391044,151.964,15.999,135.965,890,215,60,155,8.78,3.44,0,3.44,23,7,2,5,46.1989592,13.618054,5.211664,8.40639,133.54,71.68,1.26,70.42,300.7366453,175.77856,3.03928,172.73928,750.1,275.2,3.7,271.5,17.5652,13.76,0,13.76,32.6,24,0.04,23.96,73.8459488,54.472216,0.1134077,54.3588083,298,390,610,Ba1.28Ca0.58SiO4Eu0.02Mn0.12
19.8,12,0.2,11.8,154,63,8,55,353.80384,151.964,15.999,135.965,700,185,60,125,7.98,3.44,0,3.44,17,6,2,4,41.051369,13.618054,5.670385,7.947669,303,96,12.6,83.4,655.435144,217.89,30.3928,187.4972,1870,720,37,683,53.192,41.28,0,41.28,95.2,72,0.4,71.6,221.135351,163.416648,1.134077,162.282571,298,393,610,Mg3Y1.6Ge3O12Eu0.2
19.7,12,0.3,11.7,154,63,8,55,353.80384,151.964,15.999,135.965,700,185,60,125,7.98,3.44,0,3.44,17,6,2,4,41.051369,13.618054,5.670385,7.947669,301.5,96,18.9,77.1,652.850376,217.89,45.5892,172.3008,1852.5,720,55.5,664.5,52.948,41.28,0,41.28,94.8,72,0.6,71.4,220.4589375,163.416648,1.7011155,161.7155325,298,393,610,Mg3Y1.4Ge3O12Eu0.3
19.6,12,0.4,11.6,154,63,8,55,353.80384,151.964,15.999,135.965,700,185,60,125,7.98,3.44,0,3.44,17,6,2,4,41.051369,13.618054,5.670385,7.947669,300,96,25.2,70.8,650.265608,217.89,60.7856,157.1044,1835,720,74,646,52.704,41.28,0,41.28,94.4,72,0.8,71.2,219.782524,163.416648,2.268154,161.148494,298,393,610,Mg3Y1.2Ge3O12Eu0.4
19.5,12,0.5,11.5,154,63,8,55,353.80384,151.964,15.999,135.965,700,185,60,125,7.98,3.44,0,3.44,17,6,2,4,41.051369,13.618054,5.670385,7.947669,298.5,96,31.5,64.5,647.68084,217.89,72.915,144.975,1817.5,720,92.5,627.5,52.46,41.28,0,41.28,94,72,1,71,219.1061105,163.416648,2.8351925,160.5814555,298,393,610,Mg3YGe3O12Eu0.5
19.2,12,0.4,11.6,154,63,8,55,353.80384,151.964,15.999,135.965,700,185,60,125,7.98,3.44,0,3.44,17,6,2,4,41.051369,13.618054,5.670385,7.947669,294,96,15.6,80.4,639.926536,217.89,35.562336,182.327664,1765,720,72,648,51.728,41.28,0,41.28,92.8,72,1.2,70.8,217.07687,163.416648,2.486904,160.929744,298,393,610,Mg3Y0.4Ge3O12Eu0.8
19,12,1,11,115,63,8,55,264.898,151.964,15.999,135.965,520,185,60,125,6.76,3.44,0,3.44,14,6,2,4,34.834109,13.618054,5.670385,7.947669,291,96,36,60,634.757,217.89,72.915,144.975,1730,720,185,535,51.24,41.28,0,41.28,92,72,2,70,215.724043,163.416648,5.670385,157.746263,298,393,610,Mg3Ge3O12Eu1
20.4,12,0.1,11.9,136,63,8,55,310.8323713,151.964,15.999,135.965,705,185,60,125,7.78,3.44,0,3.44,17,6,1,5,41.1314617,13.618054,5.1390767,8.4789773,253.2,96,6.3,89.7,534.0087834,191.988,15.1964,176.7916,1992.5,720,18.5,701.5,53.272,41.28,0,41.28,95.9,72,0.2,71.8,224.5137626,163.416648,0.5670385,162.8496095,298,394,610,Na3.6Y1.7P3O12Eu0.1
20.4,12,0.2,11.8,136,63,8,55,310.8323713,151.964,15.999,135.965,705,185,60,125,7.78,3.44,0,3.44,17,6,1,5,41.1314617,13.618054,5.1390767,8.4789773,255.6,96,12.6,83.4,540.3145994,191.988,30.3928,161.5952,1993,720,37,683,53.15,41.28,0,41.28,95.8,72,0.4,71.6,224.4590751,163.416648,1.134077,162.282571,298,394,610,Na3.6Y1.6P3O12Eu0.2
20.4,12,0.3,11.7,136,63,8,55,310.8323713,151.964,15.999,135.965,705,185,60,125,7.78,3.44,0,3.44,17,6,1,5,41.1314617,13.618054,5.1390767,8.4789773,258,96,18.9,77.1,546.6204154,191.988,45.5892,146.3988,1993.5,720,55.5,664.5,53.028,41.28,0,41.28,95.7,72,0.6,71.4,224.4043876,163.416648,1.7011155,161.7155325,298,394,610,Na3.6Y1.5P3O12Eu0.3
20.4,12,0.35,11.65,136,63,8,55,310.8323713,151.964,15.999,135.965,705,185,60,125,7.78,3.44,0,3.44,17,6,1,5,41.1314617,13.618054,5.1390767,8.4789773,259.2,96,22.05,73.95,549.7733234,191.988,53.1874,138.8006,1993.75,720,64.75,655.25,52.967,41.28,0,41.28,95.65,72,0.7,71.3,224.3770439,163.416648,1.98463475,161.4320133,298,394,610,Na3.6Y1.45P3O12Eu0.35
44.93,28,0.01,27.99,175,63,8,55,399.767602,151.964,15.999,135.965,875,200,60,140,9.11,3.44,0,3.44,20,6,2,4,49.3334872,13.618054,5.670385,7.947669,681.59,300.96,0.63,300.33,1473.469214,693.9504,1.51964,692.43076,4295.85,1680,1.85,1678.15,121.704,96.32,0,96.32,223.86,168,0.02,167.98,513.7358611,381.305512,0.05670385,381.2488082,298,400,610,Sr7.92MgYP7O28Eu0.01
6.008,3,0.008,2.992,155,63,7,56,348.7355385,151.964,14.007,137.957,865,200,65,135,8.5,3.04,0,3.04,18,5,2,3,46.1499888,14.53413,5.670385,8.863745,82.904,30.4,0.504,29.896,176.4148505,70.096,1.215712,68.880288,627.48,195,1.48,193.52,13.59,9.12,0,9.12,24.016,15,0.016,14.984,63.56372928,43.60239,0.04536308,43.55702692,298,455,610,Sr0.8Ca0.2AlSiN3Eu0.008
9.3,6,0.3,5.7,177,64,8,56,421.163,157.25,15.999,141.251,570,185,60,125,6.8,3.44,0,3.44,16,6,2,4,32.530665,13.618054,5.670385,7.947669,236.9,128,18.9,109.1,552.0332,314.5,45.5892,268.9108,920.5,360,55.5,304.5,25.2,20.64,0,20.64,46.6,36,0.6,35.4,102.8014615,81.708324,1.7011155,80.0072085,298,463,610,Gd2MoO6Eu0.3
8.7,6,0.3,5.7,177,64,8,56,421.163,157.25,15.999,141.251,570,185,60,125,6.8,3.44,0,3.44,16,6,2,4,32.530665,13.618054,5.670385,7.947669,198.5,89.6,18.9,70.7,457.6832,220.15,45.5892,174.5608,812.5,360,55.5,304.5,24.48,20.64,0,20.64,45.4,36,0.6,35.4,99.1115839,81.708324,1.7011155,80.0072085,298,463,610,Gd1.4MoO6Eu0.3
10,6,0.1,5.9,217,63,8,55,516.24847,151.964,15.999,135.965,785,200,60,140,7.54,3.44,0,3.44,18,6,2,4,39.1685952,13.618054,5.5769,8.041154,232.6,76,6.3,69.7,533.205323,175.24,15.1964,160.0436,1099,400,18.5,381.5,25.58,20.64,0,20.64,47.9,36,0.2,35.8,107.2926959,81.708324,0.5670385,81.1412855,298,465,610,Sr2La0.9SbO6Eu0.1
10,6,0.2,5.8,217,63,8,55,516.24847,151.964,15.999,135.965,785,200,60,140,7.54,3.44,0,3.44,18,6,2,4,39.1685952,13.618054,5.5769,8.041154,233.2,76,12.6,63.4,534.511176,175.24,30.3928,144.8472,1098,400,37,363,25.47,20.64,0,20.64,47.8,36,0.4,35.6,107.3020444,81.708324,1.134077,80.574247,298,465,610,Sr2La0.8SbO6Eu0.2
10,6,0.3,5.7,217,63,8,55,516.24847,151.964,15.999,135.965,785,200,60,140,7.54,3.44,0,3.44,18,6,2,4,39.1685952,13.618054,5.5769,8.041154,233.8,76,18.9,57.1,535.817029,175.24,45.5892,129.6508,1097,400,55.5,344.5,25.36,20.64,0,20.64,47.7,36,0.6,35.4,107.3113929,81.708324,1.7011155,80.0072085,298,465,610,Sr2La0.7SbO6Eu0.3
10,6,0.4,5.6,217,63,8,55,516.24847,151.964,15.999,135.965,785,200,60,140,7.54,3.44,0,3.44,18,6,2,4,39.1685952,13.618054,5.5769,8.041154,234.4,76,25.2,50.8,537.122882,175.24,60.7856,114.4544,1096,400,74,326,25.25,20.64,0,20.64,47.6,36,0.8,35.2,107.3207414,81.708324,2.268154,79.44017,298,465,610,Sr2La0.6SbO6Eu0.4
10,6,0.5,5.5,217,63,8,55,516.24847,151.964,15.999,135.965,785,200,60,140,7.54,3.44,0,3.44,18,6,2,4,39.1685952,13.618054,5.5769,8.041154,235,76,28.5,47.5,538.428735,175.24,69.452735,105.787265,1095,400,92.5,307.5,25.14,20.64,0,20.64,47.5,36,1,35,107.3300899,81.708324,2.78845,78.919874,298,465,610,Sr2La0.5SbO6Eu0.5
10,6,0.4,5.6,217,63,8,55,516.24847,151.964,15.999,135.965,785,200,60,140,7.54,3.44,0,3.44,18,6,2,4,39.1685952,13.618054,5.5769,8.041154,235.6,76,22.8,53.2,539.734588,175.24,55.562188,119.677812,1094,400,78,322,25.03,20.64,0,20.64,47.4,36,1.2,34.8,107.3394384,81.708324,2.23076,79.477564,298,465,610,Sr2La0.4SbO6Eu0.6
4.95,3,0.05,2.95,110,63,8,55,256.86884,151.964,15.999,135.965,425,185,60,125,4.66,3.44,0,3.44,11,6,2,4,25.505699,13.618054,5.670385,7.947669,101.25,74.1,3.15,70.95,224.516296,168.921096,7.5982,161.322896,531.25,342,9.25,332.75,12.638,10.32,0,10.32,23.8,18,0.1,17.9,52.95047525,40.854162,0.28351925,40.57064275,298,261,611,Y1.90O3Eu0.05
19.02,12,0.02,11.98,168,83,8,75,405.0284,208.9804,15.999,192.9814,515,185,60,125,7.24,3.44,0,3.44,17,6,2,4,34.725638,13.618054,5.670385,7.947669,471.26,332,1.26,330.74,1115.20388,835.9216,3.03928,832.88232,1693.7,720,3.7,716.3,54.58,41.28,0,41.28,104.04,72,0.04,71.96,217.1271687,163.416648,0.1134077,163.3032403,298,273,611,Bi4Si3O12Eu0.02
19.02,12,0.02,11.98,168,83,8,75,405.0284,208.9804,15.999,192.9814,515,185,60,125,7.24,3.44,0,3.44,17,6,2,4,34.725638,13.618054,5.670385,7.947669,471.26,332,1.26,330.74,1115.20388,835.9216,3.03928,832.88232,1693.7,720,3.7,716.3,54.58,41.28,0,41.28,104.04,72,0.04,71.96,217.1271687,163.416648,0.1134077,163.3032403,348,273,611,Bi4Si3O12Eu0.02
19.02,12,0.02,11.98,168,83,8,75,405.0284,208.9804,15.999,192.9814,515,185,60,125,7.24,3.44,0,3.44,17,6,2,4,34.725638,13.618054,5.670385,7.947669,471.26,332,1.26,330.74,1115.20388,835.9216,3.03928,832.88232,1693.7,720,3.7,716.3,54.58,41.28,0,41.28,104.04,72,0.04,71.96,217.1271687,163.416648,0.1134077,163.3032403,398,273,611,Bi4Si3O12Eu0.02
19.02,12,0.02,11.98,168,83,8,75,405.0284,208.9804,15.999,192.9814,515,185,60,125,7.24,3.44,0,3.44,17,6,2,4,34.725638,13.618054,5.670385,7.947669,471.26,332,1.26,330.74,1115.20388,835.9216,3.03928,832.88232,1693.7,720,3.7,716.3,54.58,41.28,0,41.28,104.04,72,0.04,71.96,217.1271687,163.416648,0.1134077,163.3032403,448,273,611,Bi4Si3O12Eu0.02
19.02,12,0.02,11.98,168,83,8,75,405.0284,208.9804,15.999,192.9814,515,185,60,125,7.24,3.44,0,3.44,17,6,2,4,34.725638,13.618054,5.670385,7.947669,471.26,332,1.26,330.74,1115.20388,835.9216,3.03928,832.88232,1693.7,720,3.7,716.3,54.58,41.28,0,41.28,104.04,72,0.04,71.96,217.1271687,163.416648,0.1134077,163.3032403,498,273,611,Bi4Si3O12Eu0.02
5.05,2,0.05,1.95,126,63,8,55,288.92884,151.964,15.999,135.965,525,185,60,125,7.24,3.44,0,3.44,17,6,2,4,35.865709,13.618054,5.670385,7.947669,113.15,78,3.15,74.85,249.46788,177.81168,7.5982,170.21348,589.25,360,9.25,350.75,11.9,6.88,0,6.88,24.1,12,0.1,11.9,50.31415725,27.236108,0.28351925,26.95258875,298,317,611,Y2O2SEu0.05
8.98,6,0.02,5.98,184,74,8,66,440.70884,183.84,15.999,167.841,560,185,60,125,6.36,3.44,0,3.44,17,6,2,4,33.369729,13.618054,5.670385,7.947669,199.7,76.44,1.26,75.18,457.1287264,183.84,3.03928,180.80072,851.5,360,3.7,356.3,24.7312,20.64,0,20.64,47.92,36,0.04,35.96,101.8715913,81.708324,0.1134077,81.5949163,298,327,611,Y1.96WO6Eu0.02
8.97,6,0.03,5.97,184,74,8,66,440.70884,183.84,15.999,167.841,560,185,60,125,6.36,3.44,0,3.44,17,6,2,4,33.369729,13.618054,5.670385,7.947669,199.55,75.66,1.89,73.77,456.8702496,183.84,4.55892,179.28108,849.75,360,5.55,354.45,24.7068,20.64,0,20.64,47.88,36,0.06,35.94,101.80395,81.708324,0.17011155,81.53821245,298,327,611,Y1.94WO6Eu0.03
8.95,6,0.05,5.95,184,74,8,66,440.70884,183.84,15.999,167.841,560,185,60,125,6.36,3.44,0,3.44,17,6,2,4,33.369729,13.618054,5.670385,7.947669,199.25,74.1,3.15,70.95,456.353296,183.84,7.5982,176.2418,846.25,360,9.25,350.75,24.658,20.64,0,20.64,47.8,36,0.1,35.9,101.6686673,81.708324,0.28351925,81.42480475,298,327,611,Y1.9WO6Eu0.05
8.93,6,0.07,5.93,184,74,8,66,440.70884,183.84,15.999,167.841,560,185,60,125,6.36,3.44,0,3.44,17,6,2,4,33.369729,13.618054,5.670385,7.947669,198.95,74,4.41,69.59,455.8363424,183.84,10.63748,173.20252,842.75,360,12.95,347.05,24.6092,20.64,0,20.64,47.72,36,0.14,35.86,101.5333846,81.708324,0.39692695,81.31139705,298,327,611,Y1.86WO6Eu0.07
8.91,6,0.09,5.91,184,74,8,66,440.70884,183.84,15.999,167.841,560,185,60,125,6.36,3.44,0,3.44,17,6,2,4,33.369729,13.618054,5.670385,7.947669,198.65,74,5.67,68.33,455.3193888,183.84,13.67676,170.16324,839.25,360,16.65,343.35,24.5604,20.64,0,20.64,47.64,36,0.18,35.82,101.3981019,81.708324,0.51033465,81.19798935,298,327,611,Y1.82WO6Eu0.09
8.9,6,0.1,5.9,184,74,8,66,440.70884,183.84,15.999,167.841,560,185,60,125,6.36,3.44,0,3.44,17,6,2,4,33.369729,13.618054,5.670385,7.947669,198.5,74,6.3,67.7,455.060912,183.84,15.1964,168.6436,837.5,360,18.5,341.5,24.536,20.64,0,20.64,47.6,36,0.2,35.8,101.3304605,81.708324,0.5670385,81.1412855,298,327,611,Y1.8WO6Eu0.1
8.89,6,0.11,5.89,184,74,8,66,440.70884,183.84,15.999,167.841,560,185,60,125,6.36,3.44,0,3.44,17,6,2,4,33.369729,13.618054,5.670385,7.947669,198.35,74,6.93,67.07,454.8024352,183.84,16.71604,167.12396,835.75,360,20.35,339.65,24.5116,20.64,0,20.64,47.56,36,0.22,35.78,101.2628192,81.708324,0.62374235,81.08458165,298,327,611,Y1.78WO6Eu0.11
9,6,0.6,5.4,152,63,8,55,352.81884,151.964,15.999,135.965,570,185,60,125,6.82,3.44,0,3.44,17,6,2,4,32.598129,13.618054,5.670385,7.947669,182.4,54.6,37.8,16.8,407.590576,124.468176,91.1784,33.289776,868,360,111,249,24.508,20.64,0,20.64,47.4,36,1.2,34.8,100.907149,81.708324,3.402231,78.306093,298,363,611,Y1.4MoO6Eu0.6
20,12,1,11,189,63,8,55,445.42997,151.964,15.999,135.965,775,200,60,140,7.12,3.44,0,3.44,18,6,2,4,37.3063932,13.618054,5.5769,8.041154,399,114,57,57,898.54197,262.86,138.90547,123.95453,2105,720,185,535,50.12,41.28,0,41.28,98,72,2,70,211.9870956,163.416648,5.5769,157.839748,298,370,611,Sr3LaV3O12Eu
45,28,0.05,27.95,193,63,8,55,443.300232,151.964,15.999,135.965,855,195,60,135,9.38,3.44,0,3.44,30,12,2,10,50.8593792,13.618054,5.5769,8.041154,576.3,224,3.15,220.85,1190.35073,447.972,7.5982,440.3738,4149.5,1680,9.25,1670.75,122.345,96.32,0,96.32,233.95,168,0.1,167.9,518.5933289,381.305512,0.28351925,381.0219928,298,391,611,Ca8ZnLa0.95P7O28Eu0.05
45,28,0.1,27.9,193,63,8,55,443.300232,151.964,15.999,135.965,855,195,60,135,9.38,3.44,0,3.44,30,12,2,10,50.8593792,13.618054,5.5769,8.041154,576.6,224,6.3,217.7,1191.003657,447.972,15.1964,432.7756,4149,1680,18.5,1661.5,122.29,96.32,0,96.32,233.9,168,0.2,167.8,518.5980031,381.305512,0.5670385,380.7384735,298,391,611,Ca8ZnLa0.9P7O28Eu0.1
45,28,0.3,27.7,193,63,8,55,443.300232,151.964,15.999,135.965,855,195,60,135,9.38,3.44,0,3.44,30,12,2,10,50.8593792,13.618054,5.5769,8.041154,577.8,224,18.9,205.1,1193.615363,447.972,45.5892,402.3828,4147,1680,55.5,1624.5,122.07,96.32,0,96.32,233.7,168,0.6,167.4,518.6167001,381.305512,1.7011155,379.6043965,298,391,611,Ca8ZnLa0.7P7O28Eu0.3
45,28,0.5,27.5,193,63,8,55,443.300232,151.964,15.999,135.965,855,195,60,135,9.38,3.44,0,3.44,30,12,2,10,50.8593792,13.618054,5.5769,8.041154,579,224,28.5,195.5,1196.227069,447.972,65.38,382.592,4145,1680,92.5,1587.5,121.85,96.32,0,96.32,233.5,168,1,167,518.6353971,381.305512,2.78845,378.517062,298,391,611,Ca8ZnLa0.5P7O28Eu0.5
45,28,0.3,27.7,193,63,8,55,443.300232,151.964,15.999,135.965,855,195,60,135,9.38,3.44,0,3.44,30,12,2,10,50.8593792,13.618054,5.5769,8.041154,580.2,224,17.1,206.9,1198.838775,447.972,41.671641,406.300359,4143,1680,58.5,1621.5,121.63,96.32,0,96.32,233.3,168,0.9,167.1,518.6540941,381.305512,1.67307,379.632442,298,391,611,Ca8ZnLa0.3P7O28Eu0.7
45,28,0.1,27.9,193,63,8,55,443.300232,151.964,15.999,135.965,855,195,60,135,9.38,3.44,0,3.44,30,12,2,10,50.8593792,13.618054,5.5769,8.041154,581.4,224,5.7,218.3,1201.450481,447.972,13.890547,434.081453,4141,1680,19.5,1660.5,121.41,96.32,0,96.32,233.1,168,0.3,167.7,518.6727911,381.305512,0.55769,380.747822,298,391,611,Ca8ZnLa0.1P7O28Eu0.9
45,28,1,27,136,63,8,55,304.394762,151.964,15.999,135.965,660,185,60,125,8.28,3.44,0,3.44,27,12,2,10,45.2824792,13.618054,5.670385,7.947669,582,224,30,194,1202.756334,447.972,65.38,382.592,4140,1680,135,1545,121.3,96.32,0,96.32,233,168,2,166,518.6821396,381.305512,5.670385,375.635127,298,391,611,Ca8ZnP7O28Eu1
20.01,12,0.01,11.99,149,63,8,55,337.4555313,151.964,15.999,135.965,830,185,60,125,9.2,3.44,0,3.44,20,6,1,5,49.1943367,13.618054,5.1390767,8.4789773,226.63,96,0.63,95.37,470.9272338,191.988,1.51964,190.46836,1866.85,720,1.85,718.15,53.28,41.28,0,41.28,96.02,72,0.02,71.98,224.630775,163.416648,0.05670385,163.3599442,298,393,611,Na3MgZrP3O12Eu0.01
12.06,7,0.06,6.94,197,83,5,78,475.3734,208.9804,10.81,198.1704,690,200,60,140,8.33,3.44,0,3.44,18,6,2,4,40.5668412,13.618054,5.670385,7.947669,273.78,166,3.78,162.22,648.31164,417.9608,9.11784,408.84296,1121.1,420,11.1,408.9,32.91,24.08,0,24.08,60.12,42,0.12,41.88,132.5285383,95.326378,0.3402231,94.9861549,298,393,611,SrBi2B2O7Eu0.06
7.2,4,0.2,3.8,191,64,8,56,462.54,157.25,15.999,141.251,640,215,60,155,5.53,3.44,0,3.44,12,6,2,4,30.649899,13.618054,5.211664,8.40639,228.6,128,12.6,115.4,546.2158,314.5,30.3928,284.1072,852,360,37,323,17.05,13.76,0,13.76,30.4,24,0.4,23.6,73.117549,54.472216,1.134077,53.338139,298,394,611,BaGd2O4Eu0.2
12.05,4,0.05,3.95,179,64,8,56,415.2631652,157.25,15.999,141.251,755,185,50,135,11.81,3.98,0,3.98,24,7,2,5,59.4608962,17.42282,5.670385,11.752435,190.15,64,3.15,60.85,415.9675746,157.25,7.5982,149.6518,1089.25,360,9.25,350.75,35.07,15.92,0,15.92,63.1,28,0.1,27.9,153.3098077,69.69128,0.28351925,69.40776075,298,394,611,Ca2GdF4PO4Eu0.05
12.05,4,0.05,3.95,154,63,8,55,346.9190052,151.964,15.999,135.965,755,185,50,135,11.83,3.98,0,3.98,25,7,2,5,59.5283602,17.42282,5.670385,11.752435,165.15,40,3.15,36.85,347.6234147,88.90584,7.5982,81.30764,1089.25,360,9.25,350.75,35.09,15.92,0,15.92,64.1,28,0.1,27.9,153.3772717,69.69128,0.28351925,69.40776075,298,394,611,Ca2YF4PO4Eu0.05
7,4,0.09,3.91,125,63,5,58,289.3827693,151.964,10.81,141.154,710,200,60,140,7.36,3.44,0,3.44,14,6,1,5,38.4204019,13.618054,5.1390767,8.4789773,79.82,32,0.99,31.01,173.2102392,71.8484,2.069079235,69.77932076,606.85,240,16.2,223.8,18.7027,13.76,0,13.76,31.91,24,0.09,23.91,76.71089666,54.472216,0.462516903,54.0096991,298,394,611,Na0.09Sr0.82B2O4Eu0.09
7,4,0.06,3.94,114,63,5,58,266.393,151.964,10.81,141.154,530,200,60,140,6.43,3.44,0,3.44,13,6,2,4,33.2813252,13.618054,5.670385,7.947669,81.5,35.72,3.78,31.94,177.09664,82.3628,9.11784,73.24496,609.1,240,11.1,228.9,18.733,13.76,0,13.76,32,24,0.12,23.88,76.76165227,54.472216,0.3402231,54.1319929,298,394,611,Sr0.94B2O4Eu0.06
10,6,0.01,5.99,265,83,3,80,644.54887,208.9804,6.94,202.0404,890,195,60,135,9.47,3.44,0,3.44,22,6,1,5,46.15095876,13.618054,5.391714761,8.226339239,218.42,92.91,0.83,92.08,507.9067601,226.4159161,2.089804,224.3261121,1036.05,360,1.6,358.4,25.482,20.64,0,20.64,47.66,36,0.05,35.95,106.9129685,81.708324,0.07285516,81.63546884,298,394,611,La1.63LiSbO6Eu0.36Bi0.01
38.785,22,0.005,21.995,110,63,5,58,246.936,151.964,10.81,141.154,620,185,60,125,8.38,3.44,0,3.44,17,6,2,4,41.8512962,13.618054,5.670385,7.947669,457.915,215.6,0.315,215.285,918.73866,432.04084,0.75982,431.28102,3871.325,1940.4,0.925,1939.475,98.14,75.68,0,75.68,175.57,132,0.01,131.99,414.728123,299.597188,0.028351925,299.5688361,298,394,611,Ca10.78Si4O22B2Eu0.005
20.08,12,0.08,11.92,183,63,8,55,415.1523785,151.964,15.999,135.965,885,185,60,125,8.6,3.44,0,3.44,20,6,2,4,44.2385226,13.618054,5.670385,7.947669,299.04,96,5.04,90.96,636.5995755,191.988,12.15712,179.83088,1959.8,720,14.8,705.2,51.99,41.28,0,41.28,96.16,72,0.16,71.84,213.5389544,163.416648,0.4536308,162.9630172,298,395,611,Ca2YZr2Al3O12Eu0.08
20.05,12,0.05,11.95,165,63,3,60,391.40884,151.964,6.94,145.024,710,185,60,125,7.74,3.44,0,3.44,18,6,1,5,39.90707376,13.618054,5.391714761,8.226339239,329.15,117,3.15,113.85,742.32372,266.71752,7.5982,259.11932,1984.25,720,9.25,710.75,52.08,41.28,0,41.28,96.1,72,0.1,71.9,216.5464115,163.416648,0.28351925,163.1331288,298,395,611,Li3Y3Te2O12Eu0.05
20.4,12,0.4,11.6,165,63,3,60,391.40884,151.964,6.94,145.024,710,185,60,125,7.74,3.44,0,3.44,18,6,1,5,39.90707376,13.618054,5.391714761,8.226339239,351.2,117,9,108,795.51112,266.71752,20.82,245.89752,2049,720,74,646,52.08,41.28,0,41.28,96.8,72,0.8,71.2,218.5310463,163.416648,2.268154,161.148494,298,395,611,Li3Y3Te2O12Eu0.4
21,12,1,11,165,63,3,60,391.40884,151.964,6.94,145.024,710,185,60,125,7.74,3.44,0,3.44,18,6,1,5,39.90707376,13.618054,5.391714761,8.226339239,389,117,9,108,886.68952,266.71752,20.82,245.89752,2160,720,185,535,52.08,41.28,0,41.28,98,72,2,70,221.9332773,163.416648,5.670385,157.746263,298,395,611,Li3Y3Te2O12Eu1
42,26,0.02,25.98,216,63,8,55,516.82547,151.964,15.999,135.965,780,215,60,155,7.44,3.44,0,3.44,17,6,2,4,37.976438,13.618054,5.211664,8.40639,968.12,454.86,1.26,453.6,2237.912931,1108.465651,3.03928,1105.426371,4299.8,1560,3.7,1556.3,112.058,89.44,0,89.44,207.98,156,0.04,155.96,456.5064117,354.069404,0.1134077,353.9559963,298,395,611,Ba2La7.98Ge6O26Eu0.02
42,26,0.08,25.92,216,63,8,55,516.82547,151.964,15.999,135.965,780,215,60,155,7.44,3.44,0,3.44,17,6,2,4,37.976438,13.618054,5.211664,8.40639,968.48,451.44,5.04,446.4,2238.696442,1100.131322,12.15712,1087.974202,4299.2,1560,14.8,1545.2,111.992,89.44,0,89.44,207.92,156,0.16,155.84,456.5120208,354.069404,0.4536308,353.6157732,298,395,611,Ba2La7.92Ge6O26Eu0.08
42,26,0.14,25.86,216,63,8,55,516.82547,151.964,15.999,135.965,780,215,60,155,7.44,3.44,0,3.44,17,6,2,4,37.976438,13.618054,5.211664,8.40639,968.84,448.02,8.82,439.2,2239.479954,1091.796994,21.27496,1070.522034,4298.6,1560,25.9,1534.1,111.926,89.44,0,89.44,207.86,156,0.28,155.72,456.5176299,354.069404,0.7938539,353.2755501,298,395,611,Ba2La7.86Ge6O26Eu0.14
44.79,28,0.03,27.97,193,63,8,55,449.767232,151.964,15.999,135.965,890,200,60,140,8.99,3.44,0,3.44,20,6,2,4,48.6931272,13.618054,5.5769,8.041154,694.77,294.88,1.89,292.99,1512.488924,679.9312,4.55892,675.37228,4282.55,1680,5.55,1674.45,121.432,96.32,0,96.32,223.58,168,0.06,167.94,512.29773,381.305512,0.17011155,381.1354005,298,400,611,Sr7.76MgLaP7O28Eu0.03
23.4,12,0.4,11.6,202,63,3,60,475.64647,151.964,6.94,145.024,910,195,60,135,8.57,3.44,0,3.44,19,6,1,5,44.97859796,13.618054,5.391714761,8.226339239,375.2,114,18,96,855.82254,277.81094,40.078,237.73294,2524,870,74,796,54.46,41.28,0,41.28,96.8,72,0.8,71.2,232.5188238,163.416648,2.268154,161.148494,298,464,611,Li6CaLa2Sb2O12Eu0.4
36.91,24,0.03,23.97,191,63,8,55,451.081762,151.964,15.999,135.965,715,215,60,155,8.3,3.44,0,3.44,18,6,2,4,40.7731442,13.618054,5.211664,8.40639,642.01,192,1.89,190.11,1431.852332,445.49384,4.55892,440.93492,3291.95,1440,5.55,1434.45,105.2764,82.56,0,82.56,191.7,144,0.06,143.94,428.0095737,326.833296,0.17011155,326.6631845,298,232,612,Ba3In3.88P6O24Eu0.03
36.97,24,0.01,23.99,191,63,8,55,451.081762,151.964,15.999,135.965,715,215,60,155,8.3,3.44,0,3.44,18,6,2,4,40.7731442,13.618054,5.211664,8.40639,644.67,194.04,0.63,193.41,1437.998492,454.67928,1.51964,453.15964,3300.65,1440,1.85,1438.15,105.4188,82.56,0,82.56,191.9,144,0.02,143.98,428.3590744,326.833296,0.05670385,326.7765922,298,232,612,Ba3In3.96P6O24Eu0.01
36.955,24,0.005,23.995,256,65,8,57,610.007112,158.92535,15.999,142.92635,890,215,60,155,8.3,3.44,0,3.44,20,6,2,4,46.6369442,13.618054,5.211664,8.40639,644.015,193.06,0.325,192.735,1436.496759,452.38292,0.79462675,451.5882933,3298.425,1440,0.875,1439.125,105.3832,82.56,0,82.56,191.85,144,0.01,143.99,428.2726663,326.833296,0.029319,326.803977,298,233,612,Ba3In3.94P6O24Eu0.01Tb0.005
36.9475,24,0.0075,23.9925,256,65,8,57,610.007112,158.92535,15.999,142.92635,890,215,60,155,8.3,3.44,0,3.44,20,6,2,4,46.6369442,13.618054,5.211664,8.40639,643.6875,192.57,0.4875,192.0825,1435.745892,451.23474,1.191940125,450.0427999,3297.3125,1440,1.3125,1438.6875,105.3654,82.56,0,82.56,191.825,144,0.015,143.985,428.2294623,326.833296,0.0439785,326.7893175,298,233,612,Ba3In3.93P6O24Eu0.01Tb0.0075
36.94,24,0.01,23.99,256,65,8,57,610.007112,158.92535,15.999,142.92635,890,215,60,155,8.3,3.44,0,3.44,20,6,2,4,46.6369442,13.618054,5.211664,8.40639,643.36,192.08,0.63,191.45,1434.995025,450.08656,1.51964,448.56692,3296.2,1440,1.75,1438.25,105.3476,82.56,0,82.56,191.8,144,0.02,143.98,428.1862582,326.833296,0.05670385,326.7765922,298,233,612,Ba3In3.92P6O24Eu0.01Tb0.01
17.03,10,0.03,9.97,96,63,5,58,218.851,151.964,10.81,141.154,510,185,60,125,6.48,3.44,0,3.44,13,6,2,4,33.6996132,13.618054,5.670385,7.947669,131.89,80,1.89,78.11,269.48692,159.99,4.55892,155.43108,1295.55,600,5.55,594.45,47.64,34.4,0,34.4,80.06,60,0.06,59.94,192.2519208,136.18054,0.17011155,136.0104285,300,266,612,CaB6O10Eu0.03
8,4,0.05,3.95,149,63,8,55,341.9745,151.964,15.999,135.965,680,200,60,140,9.18,3.44,0,3.44,22,7,2,5,44.6971232,13.618054,5.670385,7.947669,149.25,74.1,3.15,70.95,328.8447,170.859,7.5982,163.2608,874.25,390,9.25,380.75,20.4025,13.76,0,13.76,40,24,0.1,23.9,85.57454329,54.472216,0.28351925,54.18869675,298,276,612,Sr1.95VO4ClEu0.05
9.09,6,0.04,5.96,225,83,8,75,538.7814,208.9804,15.999,192.9814,730,185,60,125,8.39,3.44,0,3.44,20,6,2,4,41.2954992,13.618054,5.670385,7.947669,176.47,102,3.15,98.85,395.549416,243.52,7.5982,235.9218,845.65,360,6.4,353.6,25.816,20.64,0,20.64,48.3,36,0.1,35.9,105.6131971,81.708324,0.28351925,81.42480475,298,298,612,CaSb2O6Eu0.05Bi0.04
12.0405,6,0.0005,5.9995,271,83,5,78,649.43624,208.9804,10.81,198.1704,985,215,60,155,12.65,3.44,0,3.44,28,7,2,5,59.268528,13.618054,5.211664,8.40639,228.5615,112,0.0415,111.9585,522.8068902,274.654,0.1044902,274.5495098,1247.48,430,0.08,429.92,30.88095,20.64,0,20.64,56.0825,36,0.0025,35.9975,128.1430382,81.708324,0.003642758,81.70468124,298,336,612,Ba2YB2O6ClEu0.04Bi0.0005
12.041,6,0.001,5.999,271,83,5,78,649.43624,208.9804,10.81,198.1704,985,215,60,155,12.65,3.44,0,3.44,28,7,2,5,59.268528,13.618054,5.211664,8.40639,228.603,112,0.083,111.917,522.9113804,274.654,0.2089804,274.4450196,1247.56,430,0.16,429.84,30.8819,20.64,0,20.64,56.085,36,0.005,35.995,128.1466809,81.708324,0.007285516,81.70103848,298,336,612,Ba2YB2O6ClEu0.04Bi0.001
12.042,6,0.002,5.998,271,83,5,78,649.43624,208.9804,10.81,198.1704,985,215,60,155,12.65,3.44,0,3.44,28,7,2,5,59.268528,13.618054,5.211664,8.40639,228.686,112,0.166,111.834,523.1203608,274.654,0.4179608,274.2360392,1247.72,430,0.32,429.68,30.8838,20.64,0,20.64,56.09,36,0.01,35.99,128.1539664,81.708324,0.014571032,81.69375297,298,336,612,Ba2YB2O6ClEu0.04Bi0.002
12.045,6,0.005,5.995,271,83,5,78,649.43624,208.9804,10.81,198.1704,985,215,60,155,12.65,3.44,0,3.44,28,7,2,5,59.268528,13.618054,5.211664,8.40639,228.935,112,0.415,111.585,523.747302,274.654,1.044902,273.609098,1248.2,430,0.8,429.2,30.8895,20.64,0,20.64,56.105,36,0.025,35.975,128.175823,81.708324,0.03642758,81.67189642,298,336,612,Ba2YB2O6ClEu0.04Bi0.005
12.05,6,0.01,5.99,271,83,5,78,649.43624,208.9804,10.81,198.1704,985,215,60,155,12.65,3.44,0,3.44,28,7,2,5,59.268528,13.618054,5.211664,8.40639,229.35,112,0.83,111.17,524.792204,274.654,2.089804,272.564196,1249,430,1.6,428.4,30.899,20.64,0,20.64,56.13,36,0.05,35.95,128.2122506,81.708324,0.07285516,81.63546884,298,336,612,Ba2YB2O6ClEu0.04Bi0.01
12.06,6,0.02,5.98,271,83,5,78,649.43624,208.9804,10.81,198.1704,985,215,60,155,12.65,3.44,0,3.44,28,7,2,5,59.268528,13.618054,5.211664,8.40639,230.18,112,1.66,110.34,526.882008,274.654,4.179608,270.474392,1250.6,430,3.2,426.8,30.918,20.64,0,20.64,56.18,36,0.08,35.92,128.2851057,81.708324,0.14571032,81.56261368,298,336,612,Ba2YB2O6ClEu0.04Bi0.02
21,12,0.05,11.95,149,63,8,55,341.9745,151.964,15.999,135.965,680,200,60,140,9.18,3.44,0,3.44,22,7,2,5,44.6971232,13.618054,5.670385,7.947669,373.25,188.1,3.15,184.95,821.5797,433.719,7.5982,426.1208,2224.25,990,9.25,980.75,54.0325,41.28,0,41.28,104,72,0.1,71.9,225.0959509,163.416648,0.28351925,163.1331288,298,365,612,Sr4.95V3O12ClEu0.05
21,12,0.05,11.95,160,63,8,55,364.9642693,151.964,15.999,135.965,860,200,60,140,10.11,3.44,0,3.44,23,7,1,6,49.8361999,13.618054,5.1390767,8.4789773,371.9,186.2,0.55,185.65,818.3481885,429.338,1.149488464,428.1885115,2223.25,980,9,971,54.0315,41.28,0,41.28,103.95,72,0.05,71.95,225.0681614,163.416648,0.256953835,163.1596942,298,365,612,Sr4.9V3O12ClNa0.05Eu0.05
14.108,8,0.008,7.992,161,63,8,55,356.0408753,151.964,15.999,135.965,1065,220,60,160,9.93,3.44,0,3.44,24,7,1,6,52.80203844,13.618054,4.34066354,9.27739046,167.004,64,0.504,63.496,338.8931097,127.992,1.215712,126.776288,1455.48,480,1.48,478.52,35.805,27.52,0,27.52,64.716,48,0.016,47.984,152.4126195,108.944432,0.04536308,108.8990689,298,365,612,KNaCa2P2O8Eu0.008Mn0.1
14.158,8,0.008,7.992,161,63,8,55,356.0408753,151.964,15.999,135.965,1065,220,60,160,9.93,3.44,0,3.44,24,7,1,6,52.80203844,13.618054,4.34066354,9.27739046,168.254,64,0.504,63.496,341.6400119,127.992,1.215712,126.776288,1462.48,480,1.48,478.52,35.8825,27.52,0,27.52,65.066,48,0.016,47.984,152.7843204,108.944432,0.04536308,108.8990689,298,365,612,KNaCa2P2O8Eu0.008Mn0.15
14.208,8,0.008,7.992,161,63,8,55,356.0408753,151.964,15.999,135.965,1065,220,60,160,9.93,3.44,0,3.44,24,7,1,6,52.80203844,13.618054,4.34066354,9.27739046,169.504,64,0.504,63.496,344.3869141,127.992,1.215712,126.776288,1469.48,480,1.48,478.52,35.96,27.52,0,27.52,65.416,48,0.016,47.984,153.1560213,108.944432,0.04536308,108.8990689,298,365,612,KNaCa2P2O8Eu0.008Mn0.2
14.258,8,0.008,7.992,161,63,8,55,356.0408753,151.964,15.999,135.965,1065,220,60,160,9.93,3.44,0,3.44,24,7,1,6,52.80203844,13.618054,4.34066354,9.27739046,170.754,64,0.504,63.496,347.1338163,127.992,1.215712,126.776288,1476.48,480,1.48,478.52,36.0375,27.52,0,27.52,65.766,48,0.016,47.984,153.5277222,108.944432,0.04536308,108.8990689,298,365,612,KNaCa2P2O8Eu0.008Mn0.25
19,12,0.01,11.99,189,63,8,55,445.42997,151.964,15.999,135.965,775,200,60,140,7.12,3.44,0,3.44,18,6,2,4,37.3063932,13.618054,5.5769,8.041154,336.06,114,0.63,113.37,746.7085553,262.86,1.51964,261.34036,1919.9,720,1.85,718.15,50.109,41.28,0,41.28,95.99,72,0.02,71.98,206.3176455,163.416648,0.05670385,163.3599442,298,370,612,Sr3La0.99V3O12Eu0.01
19,12,0.03,11.97,189,63,8,55,445.42997,151.964,15.999,135.965,775,200,60,140,7.12,3.44,0,3.44,18,6,2,4,37.3063932,13.618054,5.5769,8.041154,336.18,114,1.89,112.11,746.9697259,262.86,4.55892,258.30108,1919.7,720,5.55,714.45,50.087,41.28,0,41.28,95.97,72,0.06,71.94,206.3195152,163.416648,0.17011155,163.2465365,298,370,612,Sr3La0.97V3O12Eu0.03
19,12,0.05,11.95,189,63,8,55,445.42997,151.964,15.999,135.965,775,200,60,140,7.12,3.44,0,3.44,18,6,2,4,37.3063932,13.618054,5.5769,8.041154,336.3,114,3.15,110.85,747.2308965,262.86,7.5982,255.2618,1919.5,720,9.25,710.75,50.065,41.28,0,41.28,95.95,72,0.1,71.9,206.3213849,163.416648,0.28351925,163.1331288,298,370,612,Sr3La0.95V3O12Eu0.05
19,12,0.07,11.93,189,63,8,55,445.42997,151.964,15.999,135.965,775,200,60,140,7.12,3.44,0,3.44,18,6,2,4,37.3063932,13.618054,5.5769,8.041154,336.42,114,4.41,109.59,747.4920671,262.86,10.63748,252.22252,1919.3,720,12.95,707.05,50.043,41.28,0,41.28,95.93,72,0.14,71.86,206.3232546,163.416648,0.39692695,163.0197211,298,370,612,Sr3La0.93V3O12Eu0.07
19,12,0.09,11.91,189,63,8,55,445.42997,151.964,15.999,135.965,775,200,60,140,7.12,3.44,0,3.44,18,6,2,4,37.3063932,13.618054,5.5769,8.041154,336.54,114,5.67,108.33,747.7532377,262.86,13.67676,249.18324,1919.1,720,16.65,703.35,50.021,41.28,0,41.28,95.91,72,0.18,71.82,206.3251243,163.416648,0.51033465,162.9063134,298,370,612,Sr3La0.91V3O12Eu0.09
12.05,6,0.01,5.99,271,83,5,78,649.43624,208.9804,10.81,198.1704,985,215,60,155,12.65,3.44,0,3.44,28,7,2,5,59.268528,13.618054,5.211664,8.40639,229.35,112,0.83,111.17,524.792204,274.654,2.089804,272.564196,1249,430,1.6,428.4,30.899,20.64,0,20.64,56.13,36,0.05,35.95,128.2122506,81.708324,0.07285516,81.63546884,298,372,612,Ba2YB2O6ClEu0.04Bi0.01
12.06,6,0.02,5.98,271,83,5,78,649.43624,208.9804,10.81,198.1704,985,215,60,155,12.65,3.44,0,3.44,28,7,2,5,59.268528,13.618054,5.211664,8.40639,230.18,112,1.66,110.34,526.882008,274.654,4.179608,270.474392,1250.6,430,3.2,426.8,30.918,20.64,0,20.64,56.18,36,0.08,35.92,128.2851057,81.708324,0.14571032,81.56261368,298,372,612,Ba2YB2O6ClEu0.04Bi0.02
19,12,0.005,11.995,207,83,8,75,495.537162,208.9804,15.999,192.9814,705,200,60,140,8.48,3.44,0,3.44,20,6,2,4,42.7555082,13.618054,5.670385,7.947669,337.9,114,0.315,113.685,756.464604,262.86,0.75982,262.10018,1780.125,720,0.925,719.075,52.5905,41.28,0,41.28,97.985,72,0.01,71.99,219.2387479,163.416648,0.028351925,163.3882961,298,392,612,Sr3Bi0.995P3O12Eu0.005
19,12,0.01,11.99,207,83,8,75,495.537162,208.9804,15.999,192.9814,705,200,60,140,8.48,3.44,0,3.44,20,6,2,4,42.7555082,13.618054,5.670385,7.947669,337.8,114,0.63,113.37,756.179522,262.86,1.51964,261.34036,1780.25,720,1.85,718.15,52.581,41.28,0,41.28,97.97,72,0.02,71.98,219.2306723,163.416648,0.05670385,163.3599442,298,392,612,Sr3Bi0.99P3O12Eu0.01
19,12,0.03,11.97,207,83,8,75,495.537162,208.9804,15.999,192.9814,705,200,60,140,8.48,3.44,0,3.44,20,6,2,4,42.7555082,13.618054,5.670385,7.947669,337.4,114,1.89,112.11,755.039194,262.86,4.55892,258.30108,1780.75,720,5.55,714.45,52.543,41.28,0,41.28,97.91,72,0.06,71.94,219.1983697,163.416648,0.17011155,163.2465365,298,392,612,Sr3Bi0.97P3O12Eu0.03
19,12,0.05,11.95,207,83,8,75,495.537162,208.9804,15.999,192.9814,705,200,60,140,8.48,3.44,0,3.44,20,6,2,4,42.7555082,13.618054,5.670385,7.947669,337,114,3.15,110.85,753.898866,262.86,7.5982,255.2618,1781.25,720,9.25,710.75,52.505,41.28,0,41.28,97.85,72,0.1,71.9,219.1660671,163.416648,0.28351925,163.1331288,298,392,612,Sr3Bi0.95P3O12Eu0.05
19,12,0.07,11.93,207,83,8,75,495.537162,208.9804,15.999,192.9814,705,200,60,140,8.48,3.44,0,3.44,20,6,2,4,42.7555082,13.618054,5.670385,7.947669,336.6,114,4.41,109.59,752.758538,262.86,10.63748,252.22252,1781.75,720,12.95,707.05,52.467,41.28,0,41.28,97.79,72,0.14,71.86,219.1337644,163.416648,0.39692695,163.0197211,298,392,612,Sr3Bi0.93P3O12Eu0.07
19,12,0.1,11.9,207,83,8,75,495.537162,208.9804,15.999,192.9814,705,200,60,140,8.48,3.44,0,3.44,20,6,2,4,42.7555082,13.618054,5.670385,7.947669,336,114,6.3,107.7,751.048046,262.86,15.1964,247.6636,1782.5,720,18.5,701.5,52.41,41.28,0,41.28,97.7,72,0.2,71.8,219.0853105,163.416648,0.5670385,162.8496095,298,392,612,Sr3Bi0.9P3O12Eu0.1
7,4,0.01,3.99,179,63,8,55,421.731562,151.964,15.999,135.965,795,235,60,175,7.34,3.44,0,3.44,16,6,1,5,39.163917,13.618054,4.177128,9.440926,139.88,54.88,0.63,54.25,317.39234,134.58046,1.51964,133.06082,789.9,240,1.85,238.15,17.6504,13.76,0,13.76,31.99,24,0.02,23.98,74.34193585,54.472216,0.05670385,54.41551215,298,392,612,Rb1.01Ba0.98PO4Eu0.01
7,4,0.03,3.97,179,63,8,55,421.731562,151.964,15.999,135.965,795,235,60,175,7.34,3.44,0,3.44,16,6,1,5,39.163917,13.618054,4.177128,9.440926,139.64,52.64,1.89,50.75,316.647896,129.08738,4.55892,124.52846,789.7,242.05,5.55,236.5,17.6312,13.76,0,13.76,31.97,24,0.06,23.94,74.33041955,54.472216,0.17011155,54.30210445,298,392,612,Rb1.03Ba0.94PO4Eu0.03
7,4,0.05,3.95,179,63,8,55,421.731562,151.964,15.999,135.965,795,235,60,175,7.34,3.44,0,3.44,16,6,1,5,39.163917,13.618054,4.177128,9.440926,139.4,50.4,3.15,47.25,315.903452,123.5943,7.5982,115.9961,789.5,246.75,9.25,237.5,17.612,13.76,0,13.76,31.95,24,0.1,23.9,74.31890325,54.472216,0.28351925,54.18869675,298,392,612,Rb1.05Ba0.9PO4Eu0.05
7,4,0.07,3.93,179,63,8,55,421.731562,151.964,15.999,135.965,795,235,60,175,7.34,3.44,0,3.44,16,6,1,5,39.163917,13.618054,4.177128,9.440926,139.16,48.16,4.41,43.75,315.159008,118.10122,10.63748,107.46374,789.3,251.45,12.95,238.5,17.5928,13.76,0,13.76,31.93,24,0.14,23.86,74.30738695,54.472216,0.39692695,54.07528905,298,392,612,Rb1.07Ba0.86PO4Eu0.07
7,4,0.09,3.91,179,63,8,55,421.731562,151.964,15.999,135.965,795,235,60,175,7.34,3.44,0,3.44,16,6,1,5,39.163917,13.618054,4.177128,9.440926,138.92,45.92,5.67,40.25,314.414564,112.60814,13.67676,98.93138,789.1,256.15,16.65,239.5,17.5736,13.76,0,13.76,31.91,24,0.18,23.82,74.29587065,54.472216,0.51033465,53.96188135,298,392,612,Rb1.09Ba0.82PO4Eu0.09
7,4,0.09,3.91,179,63,8,55,421.731562,151.964,15.999,135.965,795,235,60,175,7.34,3.44,0,3.44,16,6,1,5,39.163917,13.618054,4.177128,9.440926,138.92,45.92,5.67,40.25,314.414564,112.60814,13.67676,98.93138,789.1,256.15,16.65,239.5,17.5736,13.76,0,13.76,31.91,24,0.18,23.82,74.29587065,54.472216,0.51033465,53.96188135,323,392,612,Rb1.09Ba0.82PO4Eu0.09
7,4,0.09,3.91,179,63,8,55,421.731562,151.964,15.999,135.965,795,235,60,175,7.34,3.44,0,3.44,16,6,1,5,39.163917,13.618054,4.177128,9.440926,138.92,45.92,5.67,40.25,314.414564,112.60814,13.67676,98.93138,789.1,256.15,16.65,239.5,17.5736,13.76,0,13.76,31.91,24,0.18,23.82,74.29587065,54.472216,0.51033465,53.96188135,343,392,612,Rb1.09Ba0.82PO4Eu0.09
7,4,0.09,3.91,179,63,8,55,421.731562,151.964,15.999,135.965,795,235,60,175,7.34,3.44,0,3.44,16,6,1,5,39.163917,13.618054,4.177128,9.440926,138.92,45.92,5.67,40.25,314.414564,112.60814,13.67676,98.93138,789.1,256.15,16.65,239.5,17.5736,13.76,0,13.76,31.91,24,0.18,23.82,74.29587065,54.472216,0.51033465,53.96188135,363,392,612,Rb1.09Ba0.82PO4Eu0.09
7,4,0.09,3.91,179,63,8,55,421.731562,151.964,15.999,135.965,795,235,60,175,7.34,3.44,0,3.44,16,6,1,5,39.163917,13.618054,4.177128,9.440926,138.92,45.92,5.67,40.25,314.414564,112.60814,13.67676,98.93138,789.1,256.15,16.65,239.5,17.5736,13.76,0,13.76,31.91,24,0.18,23.82,74.29587065,54.472216,0.51033465,53.96188135,383,392,612,Rb1.09Ba0.82PO4Eu0.09
7,4,0.09,3.91,179,63,8,55,421.731562,151.964,15.999,135.965,795,235,60,175,7.34,3.44,0,3.44,16,6,1,5,39.163917,13.618054,4.177128,9.440926,138.92,45.92,5.67,40.25,314.414564,112.60814,13.67676,98.93138,789.1,256.15,16.65,239.5,17.5736,13.76,0,13.76,31.91,24,0.18,23.82,74.29587065,54.472216,0.51033465,53.96188135,403,392,612,Rb1.09Ba0.82PO4Eu0.09
7,4,0.09,3.91,179,63,8,55,421.731562,151.964,15.999,135.965,795,235,60,175,7.34,3.44,0,3.44,16,6,1,5,39.163917,13.618054,4.177128,9.440926,138.92,45.92,5.67,40.25,314.414564,112.60814,13.67676,98.93138,789.1,256.15,16.65,239.5,17.5736,13.76,0,13.76,31.91,24,0.18,23.82,74.29587065,54.472216,0.51033465,53.96188135,423,392,612,Rb1.09Ba0.82PO4Eu0.09
7,4,0.09,3.91,179,63,8,55,421.731562,151.964,15.999,135.965,795,235,60,175,7.34,3.44,0,3.44,16,6,1,5,39.163917,13.618054,4.177128,9.440926,138.92,45.92,5.67,40.25,314.414564,112.60814,13.67676,98.93138,789.1,256.15,16.65,239.5,17.5736,13.76,0,13.76,31.91,24,0.18,23.82,74.29587065,54.472216,0.51033465,53.96188135,433,392,612,Rb1.09Ba0.82PO4Eu0.09
7,4,0.09,3.91,179,63,8,55,421.731562,151.964,15.999,135.965,795,235,60,175,7.34,3.44,0,3.44,16,6,1,5,39.163917,13.618054,4.177128,9.440926,138.92,45.92,5.67,40.25,314.414564,112.60814,13.67676,98.93138,789.1,256.15,16.65,239.5,17.5736,13.76,0,13.76,31.91,24,0.18,23.82,74.29587065,54.472216,0.51033465,53.96188135,443,392,612,Rb1.09Ba0.82PO4Eu0.09
7,4,0.09,3.91,179,63,8,55,421.731562,151.964,15.999,135.965,795,235,60,175,7.34,3.44,0,3.44,16,6,1,5,39.163917,13.618054,4.177128,9.440926,138.92,45.92,5.67,40.25,314.414564,112.60814,13.67676,98.93138,789.1,256.15,16.65,239.5,17.5736,13.76,0,13.76,31.91,24,0.18,23.82,74.29587065,54.472216,0.51033465,53.96188135,453,392,612,Rb1.09Ba0.82PO4Eu0.09
7,4,0.11,3.89,179,63,8,55,421.731562,151.964,15.999,135.965,795,235,60,175,7.34,3.44,0,3.44,16,6,1,5,39.163917,13.618054,4.177128,9.440926,138.68,43.68,6.93,36.75,313.67012,107.11506,16.71604,90.39902,788.9,260.85,20.35,240.5,17.5544,13.76,0,13.76,31.89,24,0.22,23.78,74.28435435,54.472216,0.62374235,53.84847365,298,392,612,Rb1.11Ba0.78PO4Eu0.11
7,4,0.13,3.87,179,63,8,55,421.731562,151.964,15.999,135.965,795,235,60,175,7.34,3.44,0,3.44,16,6,1,5,39.163917,13.618054,4.177128,9.440926,138.44,41.81,8.19,33.62,312.925676,101.62198,19.75532,81.86666,788.7,265.55,24.05,241.5,17.5352,13.76,0,13.76,31.87,24,0.26,23.74,74.27283805,54.472216,0.73715005,53.73506595,298,392,612,Rb1.13Ba0.74PO4Eu0.13
17.03,10,0.03,9.97,96,63,5,58,218.851,151.964,10.81,141.154,510,185,60,125,6.48,3.44,0,3.44,13,6,2,4,33.6996132,13.618054,5.670385,7.947669,131.89,80,1.89,78.11,269.48692,159.99,4.55892,155.43108,1295.55,600,5.55,594.45,47.64,34.4,0,34.4,80.06,60,0.06,59.94,192.2519208,136.18054,0.17011155,136.0104285,300,393,612,CaB6O10Eu0.03
91.06,56,0.06,55.94,118,63,8,55,263.319762,151.964,15.999,135.965,675,185,60,125,7.94,3.44,0,3.44,17,6,2,4,43.5345152,13.618054,5.670385,7.947669,1065.78,448,3.78,444.22,2148.786508,895.944,9.11784,886.82616,8491.1,3420,11.1,3408.9,244.92,192.64,0,192.64,448.12,336,0.12,335.88,1041.20727,762.611024,0.3402231,762.2708009,298,393,612,Ca19Mg2P14O56Eu0.06
18.73,12,0.09,11.91,186,83,8,75,449.5734,208.9804,15.999,192.9814,530,185,60,125,7.35,3.44,0,3.44,17,6,2,4,34.47339,13.618054,5.670385,7.947669,499.79,302.12,5.67,296.45,1184.243416,760.688656,13.67676,747.011896,1694.05,720,16.65,703.35,54.226,41.28,0,41.28,102.38,72,0.18,71.82,214.1445659,163.416648,0.51033465,162.9063134,298,394,612,Bi3.64Ge3O12Eu0.09
9.05,6,0.05,5.95,142,63,8,55,329.801,151.964,15.999,135.965,570,185,60,125,6.49,3.44,0,3.44,15,6,2,4,34.0099832,13.618054,5.670385,7.947669,173.15,102,3.15,98.85,387.1902,243.52,7.5982,235.9218,839.25,360,9.25,350.75,25.74,20.64,0,20.64,48.1,36,0.1,35.9,105.3217765,81.708324,0.28351925,81.42480475,298,394,612,CaSb2O6Eu0.05
9.09,6,0.04,5.96,225,83,8,75,538.7814,208.9804,15.999,192.9814,730,185,60,125,8.39,3.44,0,3.44,20,6,2,4,41.2954992,13.618054,5.670385,7.947669,176.47,102,3.15,98.85,395.549416,243.52,7.5982,235.9218,845.65,360,6.4,353.6,25.816,20.64,0,20.64,48.3,36,0.1,35.9,105.6131971,81.708324,0.28351925,81.42480475,298,394,612,CaSb2O6Eu0.05Bi0.04
13.96,9,0.08,8.92,199,63,8,55,469.144,151.964,15.999,135.965,740,215,60,155,7.67,3.44,0,3.44,18,6,2,4,39.033438,13.618054,5.211664,8.40639,262.32,96,5.04,90.96,586.10988,217.89,12.15712,205.73288,1274,540,14.8,525.2,39.1032,30.96,0,30.96,71.92,54,0.16,53.84,157.9345861,122.562486,0.4536308,122.1088552,298,394,612,Ba0.88ZrGe3O9Eu0.08
92,56,0.4,55.6,192,83,3,80,454.935162,208.9804,6.94,202.0404,830,185,60,125,9.51,3.44,0,3.44,21,6,1,5,48.56551096,13.618054,5.391714761,8.226339239,1102,448,9,439,2257.974508,895.944,20.82,875.124,8605,3360,74,3286,245.38,192.64,0,192.64,448.8,336,0.8,335.2,1042.276029,762.611024,2.268154,760.34287,298,394,612,Ca18Li3Bi0.6P14O56Eu0.4
92,56,0.4,55.6,192,83,3,80,454.935162,208.9804,6.94,202.0404,830,185,60,125,9.51,3.44,0,3.44,21,6,1,5,48.56551096,13.618054,5.391714761,8.226339239,1098,448,9,439,2246.571228,895.944,20.82,875.124,8610,3360,64,3296,245,192.64,0,192.64,448.2,336,1.2,334.8,1041.953003,762.611024,2.9142064,759.6968176,298,394,612,Ca18Li3Bi0.4P14O56Eu0.6
92,56,0.4,55.6,192,83,3,80,454.935162,208.9804,6.94,202.0404,830,185,60,125,9.51,3.44,0,3.44,21,6,1,5,48.56551096,13.618054,5.391714761,8.226339239,1098,448,9,439,2246.571228,895.944,20.82,875.124,8610,3360,64,3296,245,192.64,0,192.64,448.2,336,1.2,334.8,1041.953003,762.611024,2.9142064,759.6968176,333,394,612,Ca18Li3Bi0.4P14O56Eu0.6
92,56,0.4,55.6,192,83,3,80,454.935162,208.9804,6.94,202.0404,830,185,60,125,9.51,3.44,0,3.44,21,6,1,5,48.56551096,13.618054,5.391714761,8.226339239,1098,448,9,439,2246.571228,895.944,20.82,875.124,8610,3360,64,3296,245,192.64,0,192.64,448.2,336,1.2,334.8,1041.953003,762.611024,2.9142064,759.6968176,363,394,612,Ca18Li3Bi0.4P14O56Eu0.6
92,56,0.4,55.6,192,83,3,80,454.935162,208.9804,6.94,202.0404,830,185,60,125,9.51,3.44,0,3.44,21,6,1,5,48.56551096,13.618054,5.391714761,8.226339239,1098,448,9,439,2246.571228,895.944,20.82,875.124,8610,3360,64,3296,245,192.64,0,192.64,448.2,336,1.2,334.8,1041.953003,762.611024,2.9142064,759.6968176,393,394,612,Ca18Li3Bi0.4P14O56Eu0.6
92,56,0.4,55.6,192,83,3,80,454.935162,208.9804,6.94,202.0404,830,185,60,125,9.51,3.44,0,3.44,21,6,1,5,48.56551096,13.618054,5.391714761,8.226339239,1098,448,9,439,2246.571228,895.944,20.82,875.124,8610,3360,64,3296,245,192.64,0,192.64,448.2,336,1.2,334.8,1041.953003,762.611024,2.9142064,759.6968176,423,394,612,Ca18Li3Bi0.4P14O56Eu0.6
92,56,0.4,55.6,192,83,3,80,454.935162,208.9804,6.94,202.0404,830,185,60,125,9.51,3.44,0,3.44,21,6,1,5,48.56551096,13.618054,5.391714761,8.226339239,1098,448,9,439,2246.571228,895.944,20.82,875.124,8610,3360,64,3296,245,192.64,0,192.64,448.2,336,1.2,334.8,1041.953003,762.611024,2.9142064,759.6968176,453,394,612,Ca18Li3Bi0.4P14O56Eu0.6
92,56,0.4,55.6,192,83,3,80,454.935162,208.9804,6.94,202.0404,830,185,60,125,9.51,3.44,0,3.44,21,6,1,5,48.56551096,13.618054,5.391714761,8.226339239,1098,448,9,439,2246.571228,895.944,20.82,875.124,8610,3360,64,3296,245,192.64,0,192.64,448.2,336,1.2,334.8,1041.953003,762.611024,2.9142064,759.6968176,483,394,612,Ca18Li3Bi0.4P14O56Eu0.6
92,56,0.2,55.8,192,83,3,80,454.935162,208.9804,6.94,202.0404,830,185,60,125,9.51,3.44,0,3.44,21,6,1,5,48.56551096,13.618054,5.391714761,8.226339239,1094,448,9,439,2235.167948,895.944,20.82,875.124,8615,3360,32,3328,244.62,192.64,0,192.64,447.6,336,1,335,1041.629977,762.611024,1.4571032,761.1539208,298,394,612,Ca18Li3Bi0.2P14O56Eu0.8
92,56,1,55,109,63,3,60,245.954762,151.964,6.94,145.024,670,185,60,125,7.61,3.44,0,3.44,16,6,1,5,41.27999496,13.618054,5.391714761,8.226339239,1090,448,9,439,2223.764668,895.944,20.82,875.124,8620,3360,185,3175,244.24,192.64,0,192.64,447,336,2,334,1041.306951,762.611024,5.670385,756.940639,298,394,612,Ca18Li3P14O56Eu1
10,6,0.005,5.995,203,73,8,65,477.89472,180.94788,15.999,164.94888,750,185,60,125,7.16,3.44,0,3.44,18,6,2,4,39.1684242,13.618054,5.670385,7.947669,200.12,73,0.315,72.685,446.3190108,180.94788,0.75982,180.18806,1045.025,360,0.925,359.075,25.3539,20.64,0,20.64,47.995,36,0.01,35.99,107.69873,81.708324,0.028351925,81.67997208,298,395,612,Ca2Y0.995TaO6Eu0.005
10,6,0.01,5.99,203,73,8,65,477.89472,180.94788,15.999,164.94888,750,185,60,125,7.16,3.44,0,3.44,18,6,2,4,39.1684242,13.618054,5.670385,7.947669,200.24,73,0.63,72.37,446.6343016,180.94788,1.51964,179.42824,1045.05,360,1.85,358.15,25.3478,20.64,0,20.64,47.99,36,0.02,35.98,107.6959957,81.708324,0.05670385,81.65162015,298,395,612,Ca2Y0.99TaO6Eu0.01
10,6,0.02,5.98,203,73,8,65,477.89472,180.94788,15.999,164.94888,750,185,60,125,7.16,3.44,0,3.44,18,6,2,4,39.1684242,13.618054,5.670385,7.947669,200.48,73,1.26,71.74,447.2648832,180.94788,3.03928,177.9086,1045.1,360,3.7,356.3,25.3356,20.64,0,20.64,47.98,36,0.04,35.96,107.6905269,81.708324,0.1134077,81.5949163,298,395,612,Ca2Y0.98TaO6Eu0.02
10,6,0.05,5.95,203,73,8,65,477.89472,180.94788,15.999,164.94888,750,185,60,125,7.16,3.44,0,3.44,18,6,2,4,39.1684242,13.618054,5.670385,7.947669,201.2,73,3.15,69.85,449.156628,180.94788,7.5982,173.34968,1045.25,360,9.25,350.75,25.299,20.64,0,20.64,47.95,36,0.1,35.9,107.6741207,81.708324,0.28351925,81.42480475,298,395,612,Ca2Y0.95TaO6Eu0.05
10,6,0.1,5.9,203,73,8,65,477.89472,180.94788,15.999,164.94888,750,185,60,125,7.16,3.44,0,3.44,18,6,2,4,39.1684242,13.618054,5.670385,7.947669,202.4,73,6.3,66.7,452.309536,180.94788,15.1964,165.75148,1045.5,360,18.5,341.5,25.238,20.64,0,20.64,47.9,36,0.2,35.8,107.6467769,81.708324,0.5670385,81.1412855,298,395,612,Ca2Y0.9TaO6Eu0.1
10,6,0.2,5.8,203,73,8,65,477.89472,180.94788,15.999,164.94888,750,185,60,125,7.16,3.44,0,3.44,18,6,2,4,39.1684242,13.618054,5.670385,7.947669,204.8,73,12.6,60.4,458.615352,180.94788,30.3928,150.55508,1046,360,37,323,25.116,20.64,0,20.64,47.8,36,0.4,35.6,107.5920894,81.708324,1.134077,80.574247,298,395,612,Ca2Y0.8TaO6Eu0.2
10,6,0.3,5.7,203,73,8,65,477.89472,180.94788,15.999,164.94888,750,185,60,125,7.16,3.44,0,3.44,18,6,2,4,39.1684242,13.618054,5.670385,7.947669,207.2,73,18.9,54.1,464.921168,180.94788,45.5892,135.35868,1046.5,360,55.5,304.5,24.994,20.64,0,20.64,47.7,36,0.6,35.4,107.5374019,81.708324,1.7011155,80.0072085,298,395,612,Ca2Y0.7TaO6Eu0.3
10,6,0.4,5.6,203,73,8,65,477.89472,180.94788,15.999,164.94888,750,185,60,125,7.16,3.44,0,3.44,18,6,2,4,39.1684242,13.618054,5.670385,7.947669,209.6,73,23.4,49.6,471.226984,180.94788,53.343504,127.604376,1047,360,74,286,24.872,20.64,0,20.64,47.6,36,0.8,35.2,107.4827144,81.708324,2.268154,79.44017,298,395,612,Ca2Y0.6TaO6Eu0.4
10,6,0.5,5.5,203,73,8,65,477.89472,180.94788,15.999,164.94888,750,185,60,125,7.16,3.44,0,3.44,18,6,2,4,39.1684242,13.618054,5.670385,7.947669,212,73,19.5,53.5,477.5328,180.94788,44.45292,136.49496,1047.5,360,90,270,24.75,20.64,0,20.64,47.5,36,1,35,107.4280269,81.708324,2.8351925,78.8731315,298,395,612,Ca2Y0.5TaO6Eu0.5
17.005,9,0.005,8.995,133,63,5,58,305.4913,151.964,10.81,141.154,750,220,60,160,7.25,3.44,0,3.44,14,6,1,5,37.62198874,13.618054,4.34066354,9.27739046,257.935,151.24,0.315,150.925,565.788686,348.7276,0.75982,347.96778,1816.325,796,0.925,795.075,41.6974,30.96,0,30.96,71.99,54,0.01,53.99,174.5779432,122.562486,0.028351925,122.5341341,298,396,612,K1.02Sr3.98B3O9Eu0.005
15,8,0.04,7.96,104,63,7,56,234.134,151.964,14.007,137.957,540,185,65,120,5.94,3.04,0,3.04,13,5,2,3,34.4693532,14.53413,5.670385,8.863745,167.72,70,2.52,67.48,337.11244,140.425,6.07856,134.34644,1430.2,550,7.4,542.6,35.78,24.32,0,24.32,64,40,0.08,39.92,169.2400546,116.27304,0.2268154,116.0462246,298,450,612,Ca1.96Si5N8Eu0.04
32.1,19,0.1,18.9,153,63,8,55,358.1550085,151.964,15.999,135.965,715,195,60,135,7.46,3.44,0,3.44,16,6,2,4,38.4973424,13.618054,5.5769,8.041154,370.3,152,6.3,145.7,779.1847935,303.981,15.1964,288.7846,2878.5,1375,18.5,1356.5,85.48,65.36,0,65.36,152.2,114,0.2,113.8,338.3766519,258.743026,0.5670385,258.1759875,298,464,612,LaMgAl11O19Eu0.1
16.14,10,0.14,9.86,136,63,8,55,309.25884,151.964,15.999,135.965,685,185,60,125,7.87,3.44,0,3.44,17,6,2,4,41.303617,13.618054,5.670385,7.947669,220.82,80,8.82,71.18,467.63664,177.81168,21.27496,156.53672,1465.9,600,25.9,574.1,43.85,34.4,0,34.4,80.28,60,0.28,59.72,181.5101979,136.18054,0.7938539,135.3866861,298,230,613,MgY2Si3O10Eu0.14
42,26,0.02,25.98,170,65,8,57,395.05135,158.92535,15.999,142.92635,710,185,60,125,6.34,3.44,0,3.44,16,6,2,4,39.4170772,13.618054,5.670385,7.947669,851.96,518.7,1.26,517.44,1935.903573,1268.224293,3.03928,1265.185013,3980.2,1560,3.7,1556.3,102.84,89.44,0,89.44,200,156,0.04,155.96,462.1123441,354.069404,0.1134077,353.9559963,298,238,613,Ca2Tb7.98Si6O26Eu0.02
42,26,0.04,25.96,170,65,8,57,395.05135,158.92535,15.999,142.92635,710,185,60,125,6.34,3.44,0,3.44,16,6,2,4,39.4170772,13.618054,5.670385,7.947669,851.92,517.4,2.52,514.88,1935.764346,1265.045786,6.07856,1258.967226,3980.4,1560,7.4,1552.6,102.84,89.44,0,89.44,200,156,0.08,155.92,462.1084758,354.069404,0.2268154,353.8425886,298,238,613,Ca2Tb7.96Si6O26Eu0.04
42,26,0.06,25.94,170,65,8,57,395.05135,158.92535,15.999,142.92635,710,185,60,125,6.34,3.44,0,3.44,16,6,2,4,39.4170772,13.618054,5.670385,7.947669,851.88,516.1,3.78,512.32,1935.625119,1261.867279,9.11784,1252.749439,3980.6,1560,11.1,1548.9,102.84,89.44,0,89.44,200,156,0.12,155.88,462.1046075,354.069404,0.3402231,353.7291809,298,238,613,Ca2Tb7.94Si6O26Eu0.06
42,26,0.08,25.92,170,65,8,57,395.05135,158.92535,15.999,142.92635,710,185,60,125,6.34,3.44,0,3.44,16,6,2,4,39.4170772,13.618054,5.670385,7.947669,851.84,514.8,5.04,509.76,1935.485892,1258.688772,12.15712,1246.531652,3980.8,1560,14.8,1545.2,102.84,89.44,0,89.44,200,156,0.16,155.84,462.1007392,354.069404,0.4536308,353.6157732,298,238,613,Ca2Tb7.92Si6O26Eu0.08
10,6,0.14,5.86,187,64,8,56,438.46,157.25,15.999,141.251,700,185,60,125,7.83,3.44,0,3.44,26,12,2,10,41.660554,13.618054,5.670385,7.947669,227.86,119.04,8.82,110.22,523.00096,292.485,21.27496,271.21004,995.7,360,25.9,334.1,26.062,20.64,0,20.64,56,36,0.28,35.72,110.1631175,81.708324,0.7938539,80.9144701,298,270,613,Gd1.86ZnTiO6Eu0.14
19.25,12,0.25,11.75,177,64,8,56,421.163,157.25,15.999,141.251,570,185,60,125,6.8,3.44,0,3.44,16,6,2,4,32.530665,13.618054,5.670385,7.947669,537.75,384,15.75,368.25,1269.429,943.5,37.991,905.509,1991.25,1080,46.25,1033.75,50.64,41.28,0,41.28,90.5,72,0.5,71.5,208.8254503,163.416648,1.41759625,161.9990518,298,320,613,Gd6MoO12Eu0.25
6,3,0.02,2.98,135,63,3,60,323.04,151.964,6.94,145.024,690,215,60,155,7.35,3.44,0,3.44,14,6,1,5,38.18983676,13.618054,5.211664,8.40639,88.14,54.88,1.26,53.62,203.36674,134.58046,3.03928,131.54118,624.4,210.7,3.7,207,14.2122,10.32,0,10.32,24,18,0.04,17.96,59.76473418,40.854162,0.1134077,40.7407543,298,325,613,LiBa0.98BO3Eu0.02
6,3,0.025,2.975,135,63,3,60,323.04,151.964,6.94,145.024,690,215,60,155,7.35,3.44,0,3.44,14,6,1,5,38.18983676,13.618054,5.211664,8.40639,88.175,54.6,1.575,53.025,203.439925,133.893825,3.7991,130.094725,624.25,209.625,4.625,205,14.20775,10.32,0,10.32,24,18,0.05,17.95,59.76702779,40.854162,0.141759625,40.71240238,298,325,613,LiBa0.975BO3Eu0.025
9.01,6,0.01,5.99,196,83,8,75,472.8934,208.9804,15.999,192.9814,550,185,60,125,7.5,3.44,0,3.44,19,6,2,4,33.666385,13.618054,5.670385,7.947669,256.63,166,0.63,165.37,611.42444,417.9608,1.51964,416.44116,826.85,360,1.85,358.15,26.6,20.64,0,20.64,52.02,36,0.02,35.98,103.4284899,81.708324,0.05670385,81.65162015,298,328,613,Bi2MoO6Eu0.01
9.05,6,0.05,5.95,196,83,8,75,472.8934,208.9804,15.999,192.9814,550,185,60,125,7.5,3.44,0,3.44,19,6,2,4,33.666385,13.618054,5.670385,7.947669,259.15,166,3.15,162.85,617.503,417.9608,7.5982,410.3626,834.25,360,9.25,350.75,26.6,20.64,0,20.64,52.1,36,0.1,35.9,103.6553053,81.708324,0.28351925,81.42480475,298,328,613,Bi2MoO6Eu0.05
9.1,6,0.1,5.9,196,83,8,75,472.8934,208.9804,15.999,192.9814,550,185,60,125,7.5,3.44,0,3.44,19,6,2,4,33.666385,13.618054,5.670385,7.947669,262.3,166,6.3,159.7,625.1012,417.9608,15.1964,402.7644,843.5,360,18.5,341.5,26.6,20.64,0,20.64,52.2,36,0.2,35.8,103.9388245,81.708324,0.5670385,81.1412855,298,328,613,Bi2MoO6Eu0.1
9.15,6,0.15,5.85,196,83,8,75,472.8934,208.9804,15.999,192.9814,550,185,60,125,7.5,3.44,0,3.44,19,6,2,4,33.666385,13.618054,5.670385,7.947669,265.45,166,9.45,156.55,632.6994,417.9608,22.7946,395.1662,852.75,360,27.75,332.25,26.6,20.64,0,20.64,52.3,36,0.3,35.7,104.2223438,81.708324,0.85055775,80.85776625,298,328,613,Bi2MoO6Eu0.15
9.2,6,0.2,5.8,196,83,8,75,472.8934,208.9804,15.999,192.9814,550,185,60,125,7.5,3.44,0,3.44,19,6,2,4,33.666385,13.618054,5.670385,7.947669,268.6,166,12.6,153.4,640.2976,417.9608,30.3928,387.568,862,360,37,323,26.6,20.64,0,20.64,52.4,36,0.4,35.6,104.505863,81.708324,1.134077,80.574247,298,328,613,Bi2MoO6Eu0.2
20.01,12,0.01,11.99,155,63,8,55,347.3522693,151.964,15.999,135.965,875,185,60,125,8.65,3.44,0,3.44,28,12,1,11,46.6810569,13.618054,5.1390767,8.4789773,276.54,96,0.63,95.37,580.067027,191.988,1.51964,190.46836,1936.85,720,1.85,718.15,52.3993,41.28,0,41.28,116.01,72,0.02,71.98,219.8559572,163.416648,0.05670385,163.3599442,298,365,613,Ca1.99Na1.01Zn2V3O12Eu0.01
20.03,12,0.03,11.97,155,63,8,55,347.3522693,151.964,15.999,135.965,875,185,60,125,8.65,3.44,0,3.44,28,12,1,11,46.6810569,13.618054,5.1390767,8.4789773,277.62,96,1.89,94.11,582.7645424,191.988,4.55892,187.42908,1940.55,720,5.55,714.45,52.3979,41.28,0,41.28,116.03,72,0.06,71.94,219.9498833,163.416648,0.17011155,163.2465365,298,365,613,Ca1.97Na1.03Zn2V3O12Eu0.03
20.08,12,0.08,11.92,155,63,8,55,347.3522693,151.964,15.999,135.965,875,185,60,125,8.65,3.44,0,3.44,28,12,1,11,46.6810569,13.618054,5.1390767,8.4789773,280.32,96,5.04,90.96,589.5083308,191.988,12.15712,179.83088,1949.8,720,14.8,705.2,52.3944,41.28,0,41.28,116.08,72,0.16,71.84,220.1846986,163.416648,0.4536308,162.9630172,298,365,613,Ca1.92Na1.08Zn2V3O12Eu0.08
20.1,12,0.1,11.9,155,63,8,55,347.3522693,151.964,15.999,135.965,875,185,60,125,8.65,3.44,0,3.44,28,12,1,11,46.6810569,13.618054,5.1390767,8.4789773,281.4,96,6.3,89.7,592.2058462,191.988,15.1964,176.7916,1953.5,720,18.5,701.5,52.393,41.28,0,41.28,116.1,72,0.2,71.8,220.2786248,163.416648,0.5670385,162.8496095,298,365,613,Ca1.9Na1.1Zn2V3O12Eu0.1
10,6,0.03,5.97,207,74,8,66,487.831,183.84,15.999,167.841,705,185,60,125,8.3,3.44,0,3.44,22,6,2,4,40.3580542,13.618054,5.670385,7.947669,176.89,59.4,1.89,57.51,385.84658,147.072,4.55892,142.51308,1037.15,534.6,5.55,529.05,25.402,20.64,0,20.64,48,36,0.06,35.94,107.7442165,81.708324,0.17011155,81.53821245,298,365,613,Ca2.97Mo0.2W0.8O6Eu0.03
10,6,0.05,5.95,207,74,8,66,487.831,183.84,15.999,167.841,705,185,60,125,8.3,3.44,0,3.44,22,6,2,4,40.3580542,13.618054,5.670385,7.947669,177.75,59.2,3.15,56.05,388.0843,147.072,7.5982,139.4738,1037.25,531,9.25,521.75,25.382,20.64,0,20.64,48,36,0.1,35.9,107.7353611,81.708324,0.28351925,81.42480475,298,365,613,Ca2.95Mo0.2W0.8O6Eu0.05
10,6,0.07,5.93,207,74,8,66,487.831,183.84,15.999,167.841,705,185,60,125,8.3,3.44,0,3.44,22,6,2,4,40.3580542,13.618054,5.670385,7.947669,178.61,59.2,4.41,54.79,390.32202,147.072,10.63748,136.43452,1037.35,527.4,12.95,514.45,25.362,20.64,0,20.64,48,36,0.14,35.86,107.7265057,81.708324,0.39692695,81.31139705,298,365,613,Ca2.93Mo0.2W0.8O6Eu0.07
10,6,0.09,5.91,207,74,8,66,487.831,183.84,15.999,167.841,705,185,60,125,8.3,3.44,0,3.44,22,6,2,4,40.3580542,13.618054,5.670385,7.947669,179.47,59.2,5.67,53.53,392.55974,147.072,13.67676,133.39524,1037.45,523.8,16.65,507.15,25.342,20.64,0,20.64,48,36,0.18,35.82,107.7176503,81.708324,0.51033465,81.19798935,298,365,613,Ca2.91Mo0.2W0.8O6Eu0.09
10,6,0.11,5.89,207,74,8,66,487.831,183.84,15.999,167.841,705,185,60,125,8.3,3.44,0,3.44,22,6,2,4,40.3580542,13.618054,5.670385,7.947669,180.33,59.2,6.93,52.27,394.79746,147.072,16.71604,130.35596,1037.55,520.2,20.35,499.85,25.322,20.64,0,20.64,48,36,0.22,35.78,107.7087949,81.708324,0.62374235,81.08458165,298,365,613,Ca2.89Mo0.2W0.8O6Eu0.11
10,6,0.13,5.87,207,74,8,66,487.831,183.84,15.999,167.841,705,185,60,125,8.3,3.44,0,3.44,22,6,2,4,40.3580542,13.618054,5.670385,7.947669,181.19,59.2,8.19,51.01,397.03518,147.072,19.19,127.882,1037.65,516.6,24.05,492.55,25.302,20.64,0,20.64,48,36,0.26,35.74,107.6999395,81.708324,0.73715005,80.97117395,298,365,613,Ca2.87Mo0.2W0.8O6Eu0.13
10,6,0.15,5.85,207,74,8,66,487.831,183.84,15.999,167.841,705,185,60,125,8.3,3.44,0,3.44,22,6,2,4,40.3580542,13.618054,5.670385,7.947669,182.05,59.2,8.4,50.8,399.2729,147.072,19.19,127.882,1037.75,513,27.75,485.25,25.282,20.64,0,20.64,48,36,0.3,35.7,107.6910841,81.708324,0.85055775,80.85776625,298,365,613,Ca2.85Mo0.2W0.8O6Eu0.15
10,6,0.17,5.83,207,74,8,66,487.831,183.84,15.999,167.841,705,185,60,125,8.3,3.44,0,3.44,22,6,2,4,40.3580542,13.618054,5.670385,7.947669,182.91,59.2,8.4,50.8,401.51062,147.072,19.19,127.882,1037.85,509.4,29,480.4,25.262,20.64,0,20.64,48,36,0.34,35.66,107.6822287,81.708324,0.96396545,80.74435855,298,365,613,Ca2.83Mo0.2W0.8O6Eu0.17
19,12,0.06,11.94,163,63,8,55,375.462602,151.964,15.999,135.965,725,200,60,140,7.8,3.44,0,3.44,18,6,2,4,41.6872522,13.618054,5.670385,7.947669,295.44,114,3.78,110.22,640.4586156,262.86,9.11784,253.74216,1800.3,720,11.1,708.9,51.8468,41.28,0,41.28,95.94,72,0.12,71.88,218.1457551,163.416648,0.3402231,163.0764249,298,392,613,Sr3Y0.94P3O12Eu0.06
22,14,0.1,13.9,206,64,8,56,483.49937,157.25,15.999,141.251,705,185,60,125,7.89,3.44,0,3.44,27,12,2,10,41.591284,13.618054,5.670385,7.947669,486.9,185.6,6.3,179.3,1104.68651,456.025,15.1964,440.8286,2085.5,840,18.5,821.5,59.74,48.16,0,48.16,129,84,0.2,83.8,248.1191509,190.652756,0.5670385,190.0857175,298,392,613,Gd2.9Zn2Nb3O14Eu0.1
22,14,0.2,13.8,206,64,8,56,483.49937,157.25,15.999,141.251,705,185,60,125,7.89,3.44,0,3.44,27,12,2,10,41.591284,13.618054,5.670385,7.947669,486.8,179.2,12.6,166.6,1104.15791,440.3,30.3928,409.9072,2086,840,37,803,59.62,48.16,0,48.16,129,84,0.4,83.6,248.0712098,190.652756,1.134077,189.518679,298,392,613,Gd2.8Zn2Nb3O14Eu0.2
22,14,0.3,13.7,206,64,8,56,483.49937,157.25,15.999,141.251,705,185,60,125,7.89,3.44,0,3.44,27,12,2,10,41.591284,13.618054,5.670385,7.947669,486.7,172.8,18.9,153.9,1103.62931,424.575,45.5892,378.9858,2086.5,840,55.5,784.5,59.5,48.16,0,48.16,129,84,0.6,83.4,248.0232687,190.652756,1.7011155,188.9516405,298,392,613,Gd2.7Zn2Nb3O14Eu0.3
22,14,0.4,13.6,206,64,8,56,483.49937,157.25,15.999,141.251,705,185,60,125,7.89,3.44,0,3.44,27,12,2,10,41.591284,13.618054,5.670385,7.947669,486.6,166.4,25.2,141.2,1103.10071,408.85,60.7856,348.0644,2087,840,74,766,59.38,48.16,0,48.16,129,84,0.8,83.2,247.9753276,190.652756,2.268154,188.384602,298,392,613,Gd2.6Zn2Nb3O14Eu0.4
22,14,0.5,13.5,206,64,8,56,483.49937,157.25,15.999,141.251,705,185,60,125,7.89,3.44,0,3.44,27,12,2,10,41.591284,13.618054,5.670385,7.947669,486.5,160,31.5,128.5,1102.57211,393.125,75.982,317.143,2087.5,840,92.5,747.5,59.26,48.16,0,48.16,129,84,1,83,247.9273865,190.652756,2.8351925,187.8175635,298,392,613,Gd2.5Zn2Nb3O14Eu0.5
16.5,10.5,0.15,10.35,265,64,8,56,625.73521,157.25,15.999,141.251,895,185,60,125,9.42,3.44,0,3.44,22,6,2,4,45.758262,13.618054,5.670385,7.947669,405.85,182.4,9.45,172.95,939.46881,448.1625,22.7946,425.3679,1640.75,630,27.75,602.25,44.32,36.12,0,36.12,81,63,0.3,62.7,181.6870704,142.989567,0.85055775,142.1390093,298,392,613,Gd2.85YSnNbO10.5Eu0.15
16.5,10.5,0.15,10.35,240,63,8,55,557.39105,151.964,15.999,135.965,895,185,60,125,9.44,3.44,0,3.44,23,6,2,4,45.825726,13.618054,5.670385,7.947669,334.6,111.15,9.45,101.7,744.687954,253.381644,22.7946,230.587044,1640.75,630,27.75,602.25,44.377,36.12,0,36.12,83.85,63,0.3,62.7,181.8793428,142.989567,0.85055775,142.1390093,298,392,613,Y2.85YSnNbO10.5Eu0.15
16.5,10.5,0.15,10.35,272,71,8,63,643.45201,174.9668,15.999,158.9678,890,185,60,125,9.22,3.44,0,3.44,22,6,2,4,45.034337,13.618054,5.425871,8.192183,425.8,202.35,9.45,192.9,989.96169,498.65538,22.7946,475.86078,1626.5,630,27.75,602.25,43.75,36.12,0,36.12,81,63,0.3,62.7,179.6238841,142.989567,0.85055775,142.1390093,298,392,613,Lu2.85YSnNbO10.5Eu0.15
16.5,10.5,0.1,10.4,258,63,8,55,607.39068,151.964,15.999,135.965,910,195,60,135,9.32,3.44,0,3.44,23,6,2,4,45.185366,13.618054,5.5769,8.041154,385.6,165.3,6.3,159,886.533973,402.825863,15.1964,387.629463,1684,630,18.5,611.5,44.09,36.12,0,36.12,83.9,63,0.2,62.8,180.0496425,142.989567,0.5670385,142.4225285,298,392,613,La2.9YSnNbO10.5Eu0.1
16.5,10.5,0.3,10.2,258,63,8,55,607.39068,151.964,15.999,135.965,910,195,60,135,9.32,3.44,0,3.44,23,6,2,4,45.185366,13.618054,5.5769,8.041154,386.8,153.9,18.9,135,889.145679,375.044769,45.5892,329.455569,1682,630,55.5,574.5,43.87,36.12,0,36.12,83.7,63,0.6,62.4,180.0683395,142.989567,1.7011155,141.2884515,298,392,613,La2.7YSnNbO10.5Eu0.3
16.5,10.5,0.5,10,258,63,8,55,607.39068,151.964,15.999,135.965,910,195,60,135,9.32,3.44,0,3.44,23,6,2,4,45.185366,13.618054,5.5769,8.041154,388,142.5,31.5,111,891.757385,347.263675,75.982,271.281675,1680,630,92.5,537.5,43.65,36.12,0,36.12,83.5,63,1,62,180.0870365,142.989567,2.8351925,140.1543745,298,392,613,La2.5YSnNbO10.5Eu0.5
16.5,10.5,0.75,9.75,258,63,8,55,607.39068,151.964,15.999,135.965,910,195,60,135,9.32,3.44,0,3.44,23,6,2,4,45.185366,13.618054,5.5769,8.041154,389.5,128.25,39,89.25,895.0220175,312.5373075,88.90584,223.6314675,1677.5,630,138.75,491.25,43.375,36.12,0,36.12,83.25,63,1.5,61.5,180.1104078,142.989567,4.25278875,138.7367783,298,392,613,La2.25YSnNbO10.5Eu0.75
16.5,10.5,1,9.5,258,63,8,55,607.39068,151.964,15.999,135.965,910,195,60,135,9.32,3.44,0,3.44,23,6,2,4,45.185366,13.618054,5.5769,8.041154,391,114,39,75,898.28665,277.81094,88.90584,188.9051,1675,630,145,485,43.1,36.12,0,36.12,83,63,2,61,180.133779,142.989567,5.670385,137.319182,298,392,613,La2YSnNbO10.5Eu1
16.5,10.5,1,9.5,258,63,8,55,607.39068,151.964,15.999,135.965,910,195,60,135,9.32,3.44,0,3.44,23,6,2,4,45.185366,13.618054,5.5769,8.041154,392.5,99.75,39,60.75,901.5512825,243.0845725,88.90584,154.1787325,1672.5,630,145,485,42.825,36.12,0,36.12,82.75,63,2.5,60.5,180.1571503,142.989567,6.21726,136.772307,298,392,613,La1.75YSnNbO10.5Eu1.25
8.12,4,0.12,3.88,116,63,8,55,259.1157693,151.964,15.999,135.965,715,185,60,125,7.27,3.44,0,3.44,15,6,1,5,38.6923539,13.618054,5.1390767,8.4789773,95.56,32,7.56,24.44,196.3742186,63.996,18.23568,45.76032,912.2,360,22.2,337.8,18.52,13.76,0,13.76,32.24,24,0.24,23.76,79.6956538,54.472216,0.6804462,53.7917698,298,393,613,Na2CaSiO4Eu0.12
46,28,0.1,27.9,109,63,3,60,245.954762,151.964,6.94,145.024,670,185,60,125,7.61,3.44,0,3.44,16,6,1,5,41.27999496,13.618054,5.391714761,8.226339239,536.3,224,3,221,1083.696934,447.972,6.94,441.032,4325.5,1782,18.5,1763.5,122.53,96.32,0,96.32,224,168,0.2,167.8,521.1913037,381.305512,0.5670385,380.7384735,298,393,613,Ca9.9LiP7O28Eu0.1
46,28,0.01,27.99,117,63,8,55,262.0045313,151.964,15.999,135.965,705,185,60,125,7.56,3.44,0,3.44,16,6,1,5,41.0273569,13.618054,5.1390767,8.4789773,540.43,224,0.63,223.37,1089.676963,447.972,1.51964,446.45236,4360.05,1798.2,1.85,1796.35,122.57,96.32,0,96.32,224,168,0.02,167.98,520.978515,381.305512,0.05670385,381.2488082,298,393,613,Ca9.99NaP7O28Eu0.01
46,28,0.03,27.97,117,63,8,55,262.0045313,151.964,15.999,135.965,705,185,60,125,7.56,3.44,0,3.44,16,6,1,5,41.0273569,13.618054,5.1390767,8.4789773,541.29,224,1.89,222.11,1091.914683,447.972,4.55892,443.41308,4360.15,1794.6,5.55,1789.05,122.55,96.32,0,96.32,224,168,0.06,167.94,520.9696596,381.305512,0.17011155,381.1354005,298,393,613,Ca9.97NaP7O28Eu0.03
46,28,0.05,27.95,117,63,8,55,262.0045313,151.964,15.999,135.965,705,185,60,125,7.56,3.44,0,3.44,16,6,1,5,41.0273569,13.618054,5.1390767,8.4789773,542.15,224,3.15,220.85,1094.152403,447.972,7.5982,440.3738,4360.25,1791,9.25,1781.75,122.53,96.32,0,96.32,224,168,0.1,167.9,520.9608042,381.305512,0.28351925,381.0219928,298,393,613,Ca9.95NaP7O28Eu0.05
46,28,0.07,27.93,117,63,8,55,262.0045313,151.964,15.999,135.965,705,185,60,125,7.56,3.44,0,3.44,16,6,1,5,41.0273569,13.618054,5.1390767,8.4789773,543.01,224,4.41,219.59,1096.390123,447.972,10.63748,437.33452,4360.35,1787.4,12.95,1774.45,122.51,96.32,0,96.32,224,168,0.14,167.86,520.9519488,381.305512,0.39692695,380.9085851,298,393,613,Ca9.93NaP7O28Eu0.07
46,28,0.09,27.91,117,63,8,55,262.0045313,151.964,15.999,135.965,705,185,60,125,7.56,3.44,0,3.44,16,6,1,5,41.0273569,13.618054,5.1390767,8.4789773,543.87,224,5.67,218.33,1098.627843,447.972,13.67676,434.29524,4360.45,1783.8,16.65,1767.15,122.49,96.32,0,96.32,224,168,0.18,167.82,520.9430934,381.305512,0.51033465,380.7951774,298,393,613,Ca9.91NaP7O28Eu0.09
46,28,0.11,27.89,117,63,8,55,262.0045313,151.964,15.999,135.965,705,185,60,125,7.56,3.44,0,3.44,16,6,1,5,41.0273569,13.618054,5.1390767,8.4789773,544.73,224,6.93,217.07,1100.865563,447.972,16.71604,431.25596,4360.55,1780.2,20.35,1759.85,122.47,96.32,0,96.32,224,168,0.22,167.78,520.934238,381.305512,0.62374235,380.6817697,298,393,613,Ca9.89NaP7O28Eu0.11
46,28,0.13,27.87,117,63,8,55,262.0045313,151.964,15.999,135.965,705,185,60,125,7.56,3.44,0,3.44,16,6,1,5,41.0273569,13.618054,5.1390767,8.4789773,545.59,224,8.19,215.81,1103.103283,447.972,19.75532,428.21668,4360.65,1776.6,24.05,1752.55,122.45,96.32,0,96.32,224,168,0.26,167.74,520.9253826,381.305512,0.73715005,380.568362,298,393,613,Ca9.87NaP7O28Eu0.13
46,28,0.15,27.85,117,63,8,55,262.0045313,151.964,15.999,135.965,705,185,60,125,7.56,3.44,0,3.44,16,6,1,5,41.0273569,13.618054,5.1390767,8.4789773,546.45,224,9.45,214.55,1105.341003,447.972,22.7946,425.1774,4360.75,1773,27.75,1745.25,122.43,96.32,0,96.32,224,168,0.3,167.7,520.9165272,381.305512,0.85055775,380.4549543,298,393,613,Ca9.85NaP7O28Eu0.15
10,6,0.03,5.97,207,74,8,66,487.831,183.84,15.999,167.841,705,185,60,125,8.3,3.44,0,3.44,22,6,2,4,40.3580542,13.618054,5.670385,7.947669,176.89,59.4,1.89,57.51,385.84658,147.072,4.55892,142.51308,1037.15,534.6,5.55,529.05,25.402,20.64,0,20.64,48,36,0.06,35.94,107.7442165,81.708324,0.17011155,81.53821245,298,393,613,Ca2.97Mo0.2W0.8O6Eu0.03
10,6,0.05,5.95,207,74,8,66,487.831,183.84,15.999,167.841,705,185,60,125,8.3,3.44,0,3.44,22,6,2,4,40.3580542,13.618054,5.670385,7.947669,177.75,59.2,3.15,56.05,388.0843,147.072,7.5982,139.4738,1037.25,531,9.25,521.75,25.382,20.64,0,20.64,48,36,0.1,35.9,107.7353611,81.708324,0.28351925,81.42480475,298,393,613,Ca2.95Mo0.2W0.8O6Eu0.05
10,6,0.07,5.93,207,74,8,66,487.831,183.84,15.999,167.841,705,185,60,125,8.3,3.44,0,3.44,22,6,2,4,40.3580542,13.618054,5.670385,7.947669,178.61,59.2,4.41,54.79,390.32202,147.072,10.63748,136.43452,1037.35,527.4,12.95,514.45,25.362,20.64,0,20.64,48,36,0.14,35.86,107.7265057,81.708324,0.39692695,81.31139705,298,393,613,Ca2.93Mo0.2W0.8O6Eu0.07
10,6,0.09,5.91,207,74,8,66,487.831,183.84,15.999,167.841,705,185,60,125,8.3,3.44,0,3.44,22,6,2,4,40.3580542,13.618054,5.670385,7.947669,179.47,59.2,5.67,53.53,392.55974,147.072,13.67676,133.39524,1037.45,523.8,16.65,507.15,25.342,20.64,0,20.64,48,36,0.18,35.82,107.7176503,81.708324,0.51033465,81.19798935,298,393,613,Ca2.91Mo0.2W0.8O6Eu0.09
10,6,0.11,5.89,207,74,8,66,487.831,183.84,15.999,167.841,705,185,60,125,8.3,3.44,0,3.44,22,6,2,4,40.3580542,13.618054,5.670385,7.947669,180.33,59.2,6.93,52.27,394.79746,147.072,16.71604,130.35596,1037.55,520.2,20.35,499.85,25.322,20.64,0,20.64,48,36,0.22,35.78,107.7087949,81.708324,0.62374235,81.08458165,298,393,613,Ca2.89Mo0.2W0.8O6Eu0.11
10,6,0.13,5.87,207,74,8,66,487.831,183.84,15.999,167.841,705,185,60,125,8.3,3.44,0,3.44,22,6,2,4,40.3580542,13.618054,5.670385,7.947669,181.19,59.2,8.19,51.01,397.03518,147.072,19.19,127.882,1037.65,516.6,24.05,492.55,25.302,20.64,0,20.64,48,36,0.26,35.74,107.6999395,81.708324,0.73715005,80.97117395,298,393,613,Ca2.87Mo0.2W0.8O6Eu0.13
10,6,0.15,5.85,207,74,8,66,487.831,183.84,15.999,167.841,705,185,60,125,8.3,3.44,0,3.44,22,6,2,4,40.3580542,13.618054,5.670385,7.947669,182.05,59.2,8.4,50.8,399.2729,147.072,19.19,127.882,1037.75,513,27.75,485.25,25.282,20.64,0,20.64,48,36,0.3,35.7,107.6910841,81.708324,0.85055775,80.85776625,298,393,613,Ca2.85Mo0.2W0.8O6Eu0.15
10,6,0.17,5.83,207,74,8,66,487.831,183.84,15.999,167.841,705,185,60,125,8.3,3.44,0,3.44,22,6,2,4,40.3580542,13.618054,5.670385,7.947669,182.91,59.2,8.4,50.8,401.51062,147.072,19.19,127.882,1037.85,509.4,29,480.4,25.262,20.64,0,20.64,48,36,0.34,35.66,107.6822287,81.708324,0.96396545,80.74435855,298,393,613,Ca2.83Mo0.2W0.8O6Eu0.17
11,6,0.3,5.7,182,63,5,58,427.9956093,151.964,10.81,141.154,905,215,60,155,8.52,3.44,0,3.44,17,6,1,5,44.1544587,13.618054,5.1390767,8.4789773,180.8,56,10,46,410.9773213,137.327,21.62,115.707,1108.5,360,54,306,26.906,20.64,0,20.64,47.3,36,0.9,35.1,114.4895502,81.708324,1.865178,79.843146,298,394,613,NaBaY0.3B2O6Eu0.7
11,6,0.3,5.7,190,63,5,58,444.10414,151.964,10.81,141.154,945,220,60,160,8.41,3.44,0,3.44,17,6,1,5,43.35604554,13.618054,4.34066354,9.27739046,188.8,56,10,46,427.085852,137.327,21.62,115.707,1148.5,360,54,306,26.796,20.64,0,20.64,47.3,36,0.9,35.1,113.691137,81.708324,1.865178,79.843146,298,394,613,KBaY0.3B2O6Eu0.7
10.7,7,0.3,6.7,244,83,8,75,592.1634,208.9804,15.999,192.9814,745,200,60,140,8.39,3.44,0,3.44,21,6,2,4,41.2784822,13.618054,5.670385,7.947669,281.1,116.2,18.9,97.3,665.37476,292.57256,45.5892,246.98336,1039.5,420,55.5,364.5,29.79,24.08,0,24.08,57.6,42,0.6,41.4,121.9317431,95.326378,1.7011155,93.6252625,298,394,613,SrBi1.4TeO7Eu0.3
19.25,12,0.25,11.75,177,64,8,56,421.163,157.25,15.999,141.251,570,185,60,125,6.8,3.44,0,3.44,16,6,2,4,32.530665,13.618054,5.670385,7.947669,537.75,384,15.75,368.25,1269.429,943.5,37.991,905.509,1991.25,1080,46.25,1033.75,50.64,41.28,0,41.28,90.5,72,0.5,71.5,208.8254503,163.416648,1.41759625,161.9990518,298,394,613,Gd6MoO12Eu0.25
40.7,25,0.06,24.94,198,63,8,55,472.28047,151.964,15.999,135.965,765,215,60,155,7.33,3.44,0,3.44,17,6,2,4,38.228686,13.618054,5.211664,8.40639,833.26,321.48,3.78,317.7,1910.337691,783.4268508,9.11784,774.3090108,4130.9,1500,11.1,1488.9,107.164,86,0,86,199.04,150,0.12,149.88,442.0020431,340.45135,0.3402231,340.1111269,298,394,613,Ba4La5.64Si6O25Eu0.06
22,13,0.02,12.98,153,63,5,58,357.75647,151.964,10.81,141.154,705,195,60,135,7.58,3.44,0,3.44,16,6,2,4,39.2765132,13.618054,5.5769,8.041154,216.12,104,1.26,102.74,462.9016406,207.987,3.03928,204.94772,1749.8,780,3.7,776.3,61.078,44.72,0,44.72,103.98,78,0.04,77.96,246.8127599,177.034702,0.1134077,176.9212943,298,395,613,CaLa0.98B7O13Eu0.02
22,13,0.08,12.92,153,63,5,58,357.75647,151.964,10.81,141.154,705,195,60,135,7.58,3.44,0,3.44,16,6,2,4,39.2765132,13.618054,5.5769,8.041154,216.48,104,5.04,98.96,463.6851524,207.987,12.15712,195.82988,1749.2,780,14.8,765.2,61.012,44.72,0,44.72,103.92,78,0.16,77.84,246.818369,177.034702,0.4536308,176.5810712,298,395,613,CaLa0.92B7O13Eu0.08
22,13,0.15,12.85,153,63,5,58,357.75647,151.964,10.81,141.154,705,195,60,135,7.58,3.44,0,3.44,16,6,2,4,39.2765132,13.618054,5.5769,8.041154,216.9,104,9.45,94.55,464.5992495,207.987,22.7946,185.1924,1748.5,780,27.75,752.25,60.935,44.72,0,44.72,103.85,78,0.3,77.7,246.824913,177.034702,0.85055775,176.1841443,298,395,613,CaLa0.85B7O13Eu0.15
22,13,0.35,12.65,153,63,5,58,357.75647,151.964,10.81,141.154,705,195,60,135,7.58,3.44,0,3.44,16,6,2,4,39.2765132,13.618054,5.5769,8.041154,218.1,104,20,84,467.2109555,207.987,40.078,167.909,1746.5,780,64.75,715.25,60.715,44.72,0,44.72,103.65,78,0.7,77.3,246.84361,177.034702,1.98463475,175.0500673,298,395,613,CaLa0.65B7O13Eu0.35
22,13,0.45,12.55,153,63,5,58,357.75647,151.964,10.81,141.154,705,195,60,135,7.58,3.44,0,3.44,16,6,2,4,39.2765132,13.618054,5.5769,8.041154,218.7,104,20,84,468.5168085,207.987,40.078,167.909,1745.5,780,83.25,696.75,60.605,44.72,0,44.72,103.55,78,0.9,77.1,246.8529585,177.034702,2.55167325,174.4830288,298,395,613,CaLa0.55B7O13Eu0.45
22,13,0.45,12.55,153,63,5,58,357.75647,151.964,10.81,141.154,705,195,60,135,7.58,3.44,0,3.44,16,6,2,4,39.2765132,13.618054,5.5769,8.041154,219.3,104,20,84,469.8226615,207.987,40.078,167.909,1744.5,780,87.75,692.25,60.495,44.72,0,44.72,103.45,78,1.1,76.9,246.862307,177.034702,2.509605,174.525097,298,395,613,CaLa0.45B7O13Eu0.55
13.04,8,0.04,7.96,106,63,8,55,239.014762,151.964,15.999,135.965,525,185,60,125,6.63,3.44,0,3.44,15,6,2,4,35.8882802,13.618054,5.670385,7.947669,156.52,64,2.52,61.48,316.252084,127.992,6.07856,121.91344,1227.4,540,7.4,532.6,34.9,27.52,0,27.52,64.08,48,0.08,47.92,148.484085,108.944432,0.2268154,108.7176166,298,395,613,Ca3P2O8Eu0.04
28.005,17,0.005,16.995,191,63,8,55,438.833,151.964,15.999,135.965,885,215,60,155,8.88,3.44,0,3.44,28,12,2,10,48.1591402,13.618054,5.211664,8.40639,412.315,136,0.315,135.685,886.74482,274.654,0.75982,273.89418,2560.925,1020,0.925,1019.075,75.96,58.48,0,58.48,156.01,102,0.01,101.99,315.7702491,231.506918,0.028351925,231.4785661,298,395,613,Ba2CaZn2Si6O17Eu0.005
28.01,17,0.01,16.99,191,63,8,55,438.833,151.964,15.999,135.965,885,215,60,155,8.88,3.44,0,3.44,28,12,2,10,48.1591402,13.618054,5.211664,8.40639,412.63,136,0.63,135.37,887.50464,274.654,1.51964,273.13436,2561.85,1020,1.85,1018.15,75.96,58.48,0,58.48,156.02,102,0.02,101.98,315.7986011,231.506918,0.05670385,231.4502142,298,395,613,Ba2CaZn2Si6O17Eu0.01
28.03,17,0.03,16.97,191,63,8,55,438.833,151.964,15.999,135.965,885,215,60,155,8.88,3.44,0,3.44,28,12,2,10,48.1591402,13.618054,5.211664,8.40639,413.89,136,1.89,134.11,890.54392,274.654,4.55892,270.09508,2565.55,1020,5.55,1014.45,75.96,58.48,0,58.48,156.06,102,0.06,101.94,315.9120088,231.506918,0.17011155,231.3368065,298,395,613,Ba2CaZn2Si6O17Eu0.03
28.05,17,0.05,16.95,191,63,8,55,438.833,151.964,15.999,135.965,885,215,60,155,8.88,3.44,0,3.44,28,12,2,10,48.1591402,13.618054,5.211664,8.40639,415.15,136,3.15,132.85,893.5832,274.654,7.5982,267.0558,2569.25,1020,9.25,1010.75,75.96,58.48,0,58.48,156.1,102,0.1,101.9,316.0254165,231.506918,0.28351925,231.2233988,298,395,613,Ba2CaZn2Si6O17Eu0.05
28.07,17,0.07,16.93,191,63,8,55,438.833,151.964,15.999,135.965,885,215,60,155,8.88,3.44,0,3.44,28,12,2,10,48.1591402,13.618054,5.211664,8.40639,416.41,136,4.41,131.59,896.62248,274.654,10.63748,264.01652,2572.95,1020,12.95,1007.05,75.96,58.48,0,58.48,156.14,102,0.14,101.86,316.1388242,231.506918,0.39692695,231.1099911,298,395,613,Ba2CaZn2Si6O17Eu0.07
28.09,17,0.09,16.91,191,63,8,55,438.833,151.964,15.999,135.965,885,215,60,155,8.88,3.44,0,3.44,28,12,2,10,48.1591402,13.618054,5.211664,8.40639,417.67,136,5.67,130.33,899.66176,274.654,13.67676,260.97724,2576.65,1020,16.65,1003.35,75.96,58.48,0,58.48,156.18,102,0.18,101.82,316.2522319,231.506918,0.51033465,230.9965834,298,395,613,Ba2CaZn2Si6O17Eu0.09
28.11,17,0.11,16.89,191,63,8,55,438.833,151.964,15.999,135.965,885,215,60,155,8.88,3.44,0,3.44,28,12,2,10,48.1591402,13.618054,5.211664,8.40639,418.93,136,6.93,129.07,902.70104,274.654,16.71604,257.93796,2580.35,1020,20.35,999.65,75.96,58.48,0,58.48,156.22,102,0.22,101.78,316.3656396,231.506918,0.62374235,230.8831757,298,395,613,Ba2CaZn2Si6O17Eu0.11
19,12,0.5,11.5,252,74,8,66,602.63347,183.84,15.999,167.841,925,200,60,140,8.5,3.44,0,3.44,21,6,2,4,46.0704712,13.618054,5.5769,8.041154,423,148,24,124,980.238205,367.68,48.61,319.07,1875,720,92.5,627.5,49.9,41.28,0,41.28,95.5,72,1,71,211.3325877,163.416648,2.8351925,160.5814555,298,395,613,SrLa1.5Mg2W2O12Eu0.5
20.98,13,0.02,12.98,143,63,8,55,323.9371393,151.964,15.999,135.965,750,185,60,125,6.97,3.44,0,3.44,16,6,1,5,37.2995209,13.618054,5.1390767,8.4789773,330.64,164,1.26,162.74,707.5259432,371.62548,3.03928,368.5862,2076.5,780,3.7,776.3,54.9414,44.72,0,44.72,103.98,78,0.04,77.96,226.4629289,177.034702,0.1134077,176.9212943,298,395,613,Na1.98Ca1.98Nb4O13Eu0.02
20.96,13,0.04,12.96,143,63,8,55,323.9371393,151.964,15.999,135.965,750,185,60,125,6.97,3.44,0,3.44,16,6,1,5,37.2995209,13.618054,5.1390767,8.4789773,331.28,164,2.52,161.48,709.3038678,371.62548,6.07856,365.54692,2073,780,7.4,772.6,54.9028,44.72,0,44.72,103.96,78,0.08,77.92,226.3512919,177.034702,0.2268154,176.8078866,298,395,613,Na1.96Ca1.96Nb4O13Eu0.04
20.94,13,0.06,12.94,143,63,8,55,323.9371393,151.964,15.999,135.965,750,185,60,125,6.97,3.44,0,3.44,16,6,1,5,37.2995209,13.618054,5.1390767,8.4789773,331.92,164,3.78,160.22,711.0817924,371.62548,9.11784,362.50764,2069.5,780,11.1,768.9,54.8642,44.72,0,44.72,103.94,78,0.12,77.88,226.239655,177.034702,0.3402231,176.6944789,298,395,613,Na1.94Ca1.94Nb4O13Eu0.06
20.92,13,0.08,12.92,143,63,8,55,323.9371393,151.964,15.999,135.965,750,185,60,125,6.97,3.44,0,3.44,16,6,1,5,37.2995209,13.618054,5.1390767,8.4789773,332.56,164,5.04,158.96,712.859717,371.62548,12.15712,359.46836,2066,780,14.8,765.2,54.8256,44.72,0,44.72,103.92,78,0.16,77.84,226.128018,177.034702,0.4536308,176.5810712,298,395,613,Na1.92Ca1.92Nb4O13Eu0.08
20.9,13,0.1,12.9,143,63,8,55,323.9371393,151.964,15.999,135.965,750,185,60,125,6.97,3.44,0,3.44,16,6,1,5,37.2995209,13.618054,5.1390767,8.4789773,333.2,164,6.3,157.7,714.6376416,371.62548,15.1964,356.42908,2062.5,780,18.5,761.5,54.787,44.72,0,44.72,103.9,78,0.2,77.8,226.0163811,177.034702,0.5670385,176.4676635,298,395,613,Na1.9Ca1.9Nb4O13Eu0.1
20.88,13,0.12,12.88,143,63,8,55,323.9371393,151.964,15.999,135.965,750,185,60,125,6.97,3.44,0,3.44,16,6,1,5,37.2995209,13.618054,5.1390767,8.4789773,333.84,164,7.56,156.44,716.4155662,371.62548,18.23568,353.3898,2059,780,22.2,757.8,54.7484,44.72,0,44.72,103.88,78,0.24,77.76,225.9047442,177.034702,0.6804462,176.3542558,298,395,613,Na1.88Ca1.88Nb4O13Eu0.12
6,3,0.01,2.99,107,63,5,58,241.8407693,151.964,10.81,141.154,690,185,60,125,7.41,3.44,0,3.44,14,6,1,5,38.8386899,13.618054,5.1390767,8.4789773,60.43,24,0.63,23.37,122.9936293,47.997,1.51964,46.47736,625.05,180,1.85,178.15,14.28,10.32,0,10.32,24,18,0.02,17.98,60.3999852,40.854162,0.05670385,40.79745815,298,395,613,NaCa0.99BO3Eu0.01
6,3,0.03,2.97,107,63,5,58,241.8407693,151.964,10.81,141.154,690,185,60,125,7.41,3.44,0,3.44,14,6,1,5,38.8386899,13.618054,5.1390767,8.4789773,61.29,24,1.89,22.11,125.2313493,47.997,4.55892,43.43808,625.15,180,5.55,174.45,14.26,10.32,0,10.32,24,18,0.06,17.94,60.39112979,40.854162,0.17011155,40.68405045,298,395,613,NaCa0.97BO3Eu0.03
6,3,0.05,2.95,107,63,5,58,241.8407693,151.964,10.81,141.154,690,185,60,125,7.41,3.44,0,3.44,14,6,1,5,38.8386899,13.618054,5.1390767,8.4789773,62.15,24,3.15,20.85,127.4690693,47.997,7.5982,40.3988,625.25,180,9.25,170.75,14.24,10.32,0,10.32,24,18,0.1,17.9,60.38227439,40.854162,0.28351925,40.57064275,298,395,613,NaCa0.95BO3Eu0.05
6,3,0.07,2.93,107,63,5,58,241.8407693,151.964,10.81,141.154,690,185,60,125,7.41,3.44,0,3.44,14,6,1,5,38.8386899,13.618054,5.1390767,8.4789773,63.01,24,4.41,19.59,129.7067893,47.997,10.63748,37.35952,625.35,180,12.95,167.05,14.22,10.32,0,10.32,24,18,0.14,17.86,60.37341899,40.854162,0.39692695,40.45723505,298,395,613,NaCa0.93BO3Eu0.07
6,3,0.09,2.91,107,63,5,58,241.8407693,151.964,10.81,141.154,690,185,60,125,7.41,3.44,0,3.44,14,6,1,5,38.8386899,13.618054,5.1390767,8.4789773,63.87,24,5,19,131.9445093,47.997,10.81,37.187,625.45,180,16.65,163.35,14.2,10.32,0,10.32,24,18,0.18,17.82,60.36456358,40.854162,0.51033465,40.34382735,298,395,613,NaCa0.91BO3Eu0.09
6,3,0.11,2.89,107,63,5,58,241.8407693,151.964,10.81,141.154,690,185,60,125,7.41,3.44,0,3.44,14,6,1,5,38.8386899,13.618054,5.1390767,8.4789773,64.73,24,5,19,134.1822293,47.997,10.81,37.187,625.55,180,20.35,159.65,14.18,10.32,0,10.32,24,18,0.22,17.78,60.35570818,40.854162,0.62374235,40.23041965,298,395,613,NaCa0.89BO3Eu0.11
6,3,0.13,2.87,107,63,5,58,241.8407693,151.964,10.81,141.154,690,185,60,125,7.41,3.44,0,3.44,14,6,1,5,38.8386899,13.618054,5.1390767,8.4789773,65.59,24,5,19,136.4199493,47.997,10.81,37.187,625.65,180,24.05,155.95,14.16,10.32,0,10.32,24,18,0.26,17.74,60.34685277,40.854162,0.73715005,40.11701195,298,395,613,NaCa0.87BO3Eu0.13
6,3,0.15,2.85,107,63,5,58,241.8407693,151.964,10.81,141.154,690,185,60,125,7.41,3.44,0,3.44,14,6,1,5,38.8386899,13.618054,5.1390767,8.4789773,66.45,24,5,19,138.6576693,47.997,10.81,37.187,625.75,180,27.75,152.25,14.14,10.32,0,10.32,24,18,0.3,17.7,60.33799737,40.854162,0.85055775,40.00360425,298,395,613,NaCa0.85BO3Eu0.15
13.45,8,0.45,7.55,182,63,8,55,420.8777393,151.964,15.999,135.965,935,195,60,135,8.1,3.44,0,3.44,19,6,1,5,42.8637579,13.618054,5.1390767,8.4789773,226.35,64,11,53,500.2320393,138.90547,22.98976928,115.9157007,1388.25,480,83.25,396.75,33.81,27.52,0,27.52,64.9,48,0.9,47.1,141.8176112,108.944432,2.55167325,106.3927588,298,395,613,NaCaLaV2O8Eu0.45
13.45,8,0.45,7.55,200,63,8,55,468.4197393,151.964,15.999,135.965,955,200,60,140,8.05,3.44,0,3.44,19,6,1,5,42.4454699,13.618054,5.1390767,8.4789773,244.35,64,11,53,547.7740393,138.90547,22.98976928,115.9157007,1408.25,480,83.25,396.75,33.76,27.52,0,27.52,64.9,48,0.9,47.1,141.3993232,108.944432,2.55167325,106.3927588,298,395,613,NaSrLaV2O8Eu0.45
13.45,8,0.45,7.55,218,63,8,55,518.1267393,151.964,15.999,135.965,970,215,60,155,7.99,3.44,0,3.44,19,6,1,5,41.9622667,13.618054,5.1390767,8.4789773,262.35,64,11,53,597.4810393,138.90547,22.98976928,115.9157007,1423.25,480,83.25,396.75,33.7,27.52,0,27.52,64.9,48,0.9,47.1,140.91612,108.944432,2.55167325,106.3927588,298,395,613,NaBaLaV2O8Eu0.45
13.05,8,0.05,7.95,182,63,8,55,420.8777393,151.964,15.999,135.965,935,195,60,135,8.1,3.44,0,3.44,19,6,1,5,42.8637579,13.618054,5.1390767,8.4789773,201.15,64,3.15,60.85,439.4464393,138.90547,7.5982,131.30727,1314.25,480,9.25,470.75,33.81,27.52,0,27.52,64.1,48,0.1,47.9,139.5494572,108.944432,0.28351925,108.6609128,298,395,613,NaCaLaV2O8Eu0.05
11.05,8,0.05,7.95,151,63,8,55,357.80997,151.964,15.999,135.965,575,195,60,135,6.17,3.44,0,3.44,16,6,2,4,31.611526,13.618054,5.5769,8.041154,170.15,64,3.15,60.85,376.37867,138.90547,7.5982,131.30727,954.25,480,9.25,470.75,31.88,27.52,0,27.52,61.1,48,0.1,47.9,128.2972253,108.944432,0.28351925,108.6609128,298,395,613,LaV2O8Eu0.05
19.25,12,0.25,11.75,177,64,8,56,421.163,157.25,15.999,141.251,570,185,60,125,6.8,3.44,0,3.44,16,6,2,4,32.530665,13.618054,5.670385,7.947669,537.75,384,15.75,368.25,1269.429,943.5,37.991,905.509,1991.25,1080,46.25,1033.75,50.64,41.28,0,41.28,90.5,72,0.5,71.5,208.8254503,163.416648,1.41759625,161.9990518,298,450,613,Gd6MoO12Eu0.25
19,12,0.5,11.5,252,74,8,66,602.63347,183.84,15.999,167.841,925,200,60,140,8.5,3.44,0,3.44,21,6,2,4,46.0704712,13.618054,5.5769,8.041154,423,148,24,124,980.238205,367.68,48.61,319.07,1875,720,92.5,627.5,49.9,41.28,0,41.28,95.5,72,1,71,211.3325877,163.416648,2.8351925,160.5814555,298,464,613,SrLa1.5Mg2W2O12Eu0.5
6,4,0.01,3.99,169,63,8,55,401.24,151.964,15.999,135.965,605,215,60,155,6.49,3.44,0,3.44,16,6,2,4,31.592533,13.618054,5.211664,8.40639,130.07,55.44,0.63,54.81,297.41937,135.95373,1.51964,134.43409,599.7,240,1.85,238.15,16.8011,13.76,0,13.76,32,24,0.02,23.98,66.78089721,54.472216,0.05670385,54.41551215,298,464,613,Ba0.99MoO4Eu0.01
6,4,0.03,3.97,169,63,8,55,401.24,151.964,15.999,135.965,605,215,60,155,6.49,3.44,0,3.44,16,6,2,4,31.592533,13.618054,5.211664,8.40639,130.21,54.32,1.89,52.43,297.71211,133.20719,4.55892,128.64827,599.1,240,5.55,234.45,16.7833,13.76,0,13.76,32,24,0.06,23.94,66.79007163,54.472216,0.17011155,54.30210445,298,464,613,Ba0.97MoO4Eu0.03
6,4,0.06,3.94,169,63,8,55,401.24,151.964,15.999,135.965,605,215,60,155,6.49,3.44,0,3.44,16,6,2,4,31.592533,13.618054,5.211664,8.40639,130.42,52.64,3.78,48.86,298.15122,129.08738,9.11784,119.96954,598.2,240,11.1,228.9,16.7566,13.76,0,13.76,32,24,0.12,23.88,66.80383326,54.472216,0.3402231,54.1319929,298,464,613,Ba0.94MoO4Eu0.06
6,4,0.09,3.91,169,63,8,55,401.24,151.964,15.999,135.965,605,215,60,155,6.49,3.44,0,3.44,16,6,2,4,31.592533,13.618054,5.211664,8.40639,130.63,50.96,5.67,45.29,298.59033,124.96757,13.67676,111.29081,597.3,240,16.65,223.35,16.7299,13.76,0,13.76,32,24,0.18,23.82,66.81759489,54.472216,0.51033465,53.96188135,298,464,613,Ba0.91MoO4Eu0.09
6,4,0.12,3.88,169,63,8,55,401.24,151.964,15.999,135.965,605,215,60,155,6.49,3.44,0,3.44,16,6,2,4,31.592533,13.618054,5.211664,8.40639,130.84,49.28,7.56,41.72,299.02944,120.84776,18.23568,102.61208,596.4,240,22.2,217.8,16.7032,13.76,0,13.76,32,24,0.24,23.76,66.83135652,54.472216,0.6804462,53.7917698,298,464,613,Ba0.88MoO4Eu0.12
10.98,7,0.02,6.98,244,83,8,75,592.1634,208.9804,15.999,192.9814,745,200,60,140,8.39,3.44,0,3.44,21,6,2,4,41.2784822,13.618054,5.670385,7.947669,309.94,162.68,1.26,161.42,739.853864,409.601584,3.03928,406.562304,1077.3,420,3.7,416.3,30.854,24.08,0,24.08,59.84,42,0.04,41.96,124.4239243,95.326378,0.1134077,95.2129703,298,465,613,SrBi1.96TeO7Eu0.02
10.85,7,0.15,6.85,244,83,8,75,592.1634,208.9804,15.999,192.9814,745,200,60,140,8.39,3.44,0,3.44,21,6,2,4,41.2784822,13.618054,5.670385,7.947669,296.55,141.1,9.45,131.65,705.27428,355.26668,22.7946,332.47208,1059.75,420,27.75,392.25,30.36,24.08,0,24.08,58.8,42,0.3,41.7,123.2668402,95.326378,0.85055775,94.47582025,298,465,613,SrBi1.7TeO7Eu0.15
10.7,7,0.3,6.7,244,83,8,75,592.1634,208.9804,15.999,192.9814,745,200,60,140,8.39,3.44,0,3.44,21,6,2,4,41.2784822,13.618054,5.670385,7.947669,281.1,116.2,18.9,97.3,665.37476,292.57256,45.5892,246.98336,1039.5,420,55.5,364.5,29.79,24.08,0,24.08,57.6,42,0.6,41.4,121.9317431,95.326378,1.7011155,93.6252625,298,465,613,SrBi1.4TeO7Eu0.3
12.05,8,0.05,7.95,220,74,8,66,532.0427693,183.84,15.999,167.841,740,185,60,125,7.27,3.44,0,3.44,17,6,1,5,38.4413417,13.618054,5.1390767,8.4789773,290.15,148,3.15,144.85,683.5099693,367.68,7.5982,360.0818,1119.25,480,9.25,470.75,33.05,27.52,0,27.52,63.1,48,0.1,47.9,136.244884,108.944432,0.28351925,108.6609128,298,465,613,NaGdW2O8Eu0.05
10,6,0.03,5.97,207,74,8,66,487.831,183.84,15.999,167.841,705,185,60,125,8.3,3.44,0,3.44,22,6,2,4,40.3580542,13.618054,5.670385,7.947669,176.89,59.4,1.89,57.51,385.84658,147.072,4.55892,142.51308,1037.15,534.6,5.55,529.05,25.402,20.64,0,20.64,48,36,0.06,35.94,107.7442165,81.708324,0.17011155,81.53821245,298,465,613,Ca2.97Mo0.2W0.8O6Eu0.03
10,6,0.05,5.95,207,74,8,66,487.831,183.84,15.999,167.841,705,185,60,125,8.3,3.44,0,3.44,22,6,2,4,40.3580542,13.618054,5.670385,7.947669,177.75,59.2,3.15,56.05,388.0843,147.072,7.5982,139.4738,1037.25,531,9.25,521.75,25.382,20.64,0,20.64,48,36,0.1,35.9,107.7353611,81.708324,0.28351925,81.42480475,298,465,613,Ca2.95Mo0.2W0.8O6Eu0.05
10,6,0.07,5.93,207,74,8,66,487.831,183.84,15.999,167.841,705,185,60,125,8.3,3.44,0,3.44,22,6,2,4,40.3580542,13.618054,5.670385,7.947669,178.61,59.2,4.41,54.79,390.32202,147.072,10.63748,136.43452,1037.35,527.4,12.95,514.45,25.362,20.64,0,20.64,48,36,0.14,35.86,107.7265057,81.708324,0.39692695,81.31139705,298,465,613,Ca2.93Mo0.2W0.8O6Eu0.07
10,6,0.09,5.91,207,74,8,66,487.831,183.84,15.999,167.841,705,185,60,125,8.3,3.44,0,3.44,22,6,2,4,40.3580542,13.618054,5.670385,7.947669,179.47,59.2,5.67,53.53,392.55974,147.072,13.67676,133.39524,1037.45,523.8,16.65,507.15,25.342,20.64,0,20.64,48,36,0.18,35.82,107.7176503,81.708324,0.51033465,81.19798935,298,465,613,Ca2.91Mo0.2W0.8O6Eu0.09
10,6,0.11,5.89,207,74,8,66,487.831,183.84,15.999,167.841,705,185,60,125,8.3,3.44,0,3.44,22,6,2,4,40.3580542,13.618054,5.670385,7.947669,180.33,59.2,6.93,52.27,394.79746,147.072,16.71604,130.35596,1037.55,520.2,20.35,499.85,25.322,20.64,0,20.64,48,36,0.22,35.78,107.7087949,81.708324,0.62374235,81.08458165,298,465,613,Ca2.89Mo0.2W0.8O6Eu0.11
10,6,0.13,5.87,207,74,8,66,487.831,183.84,15.999,167.841,705,185,60,125,8.3,3.44,0,3.44,22,6,2,4,40.3580542,13.618054,5.670385,7.947669,181.19,59.2,8.19,51.01,397.03518,147.072,19.19,127.882,1037.65,516.6,24.05,492.55,25.302,20.64,0,20.64,48,36,0.26,35.74,107.6999395,81.708324,0.73715005,80.97117395,298,465,613,Ca2.87Mo0.2W0.8O6Eu0.13
10,6,0.15,5.85,207,74,8,66,487.831,183.84,15.999,167.841,705,185,60,125,8.3,3.44,0,3.44,22,6,2,4,40.3580542,13.618054,5.670385,7.947669,182.05,59.2,8.4,50.8,399.2729,147.072,19.19,127.882,1037.75,513,27.75,485.25,25.282,20.64,0,20.64,48,36,0.3,35.7,107.6910841,81.708324,0.85055775,80.85776625,298,465,613,Ca2.85Mo0.2W0.8O6Eu0.15
10,6,0.17,5.83,207,74,8,66,487.831,183.84,15.999,167.841,705,185,60,125,8.3,3.44,0,3.44,22,6,2,4,40.3580542,13.618054,5.670385,7.947669,182.91,59.2,8.4,50.8,401.51062,147.072,19.19,127.882,1037.85,509.4,29,480.4,25.262,20.64,0,20.64,48,36,0.34,35.66,107.6822287,81.708324,0.96396545,80.74435855,298,465,613,Ca2.83Mo0.2W0.8O6Eu0.17
6.08,4,0.08,3.92,165,74,8,66,391.881,183.84,15.999,167.841,560,185,60,125,6.14,3.44,0,3.44,16,6,2,4,33.2656242,13.618054,5.670385,7.947669,131.04,74,5.04,68.96,300.07112,183.84,12.15712,171.68288,569.8,240,14.8,225.2,16.46,13.76,0,13.76,32.16,24,0.16,23.84,68.903032,54.472216,0.4536308,54.0185852,298,280,614,CaWO4Eu0.08
6.08,4,0.08,3.92,207,74,8,66,487.831,183.84,15.999,167.841,705,185,60,125,8.3,3.44,0,3.44,22,6,2,4,40.3580542,13.618054,5.670385,7.947669,127.84,66.6,4.2,62.4,291.28212,165.456,9.595,155.861,570.8,240,14.5,225.5,16.506,13.76,0,13.76,32.16,24,0.16,23.84,68.825872,54.472216,0.4536308,54.0185852,298,280,614,CaW0.9Mo0.1O4Eu0.08
6.08,4,0.08,3.92,207,74,8,66,487.831,183.84,15.999,167.841,705,185,60,125,8.3,3.44,0,3.44,22,6,2,4,40.3580542,13.618054,5.670385,7.947669,121.44,51.8,5.04,46.76,273.70412,128.688,12.15712,116.53088,572.8,240,14.8,225.2,16.598,13.76,0,13.76,32.16,24,0.16,23.84,68.671552,54.472216,0.4536308,54.0185852,298,280,614,CaW0.7Mo0.3O4Eu0.08
6.08,4,0.08,3.92,207,74,8,66,487.831,183.84,15.999,167.841,705,185,60,125,8.3,3.44,0,3.44,22,6,2,4,40.3580542,13.618054,5.670385,7.947669,111.84,32,5.04,26.96,247.33712,73.536,12.15712,61.37888,575.8,240,14.8,225.2,16.736,13.76,0,13.76,32.16,24,0.16,23.84,68.440072,54.472216,0.4536308,54.0185852,298,280,614,CaW0.4Mo0.6O4Eu0.08
6.08,4,0.08,3.92,207,74,8,66,487.831,183.84,15.999,167.841,705,185,60,125,8.3,3.44,0,3.44,22,6,2,4,40.3580542,13.618054,5.670385,7.947669,105.44,33.6,5.04,28.56,229.75912,76.76,12.15712,64.60288,577.8,240,14.8,225.2,16.828,13.76,0,13.76,32.16,24,0.16,23.84,68.285752,54.472216,0.4536308,54.0185852,298,280,614,CaW0.2Mo0.8O4Eu0.08
6.08,4,0.08,3.92,133,63,8,55,303.991,151.964,15.999,135.965,570,185,60,125,6.6,3.44,0,3.44,16,6,2,4,32.4940242,13.618054,5.670385,7.947669,99.04,42,5.04,36.96,212.18112,95.95,12.15712,83.79288,579.8,240,14.8,225.2,16.92,13.76,0,13.76,32.16,24,0.16,23.84,68.131432,54.472216,0.4536308,54.0185852,298,280,614,CaMoO4Eu0.08
6,4,0.08,3.92,165,74,8,66,391.881,183.84,15.999,167.841,560,185,60,125,6.14,3.44,0,3.44,16,6,2,4,33.2656242,13.618054,5.670385,7.947669,129.44,74,5.04,68.96,296.86488,183.84,12.15712,171.68288,555.4,240,14.8,225.2,16.38,13.76,0,13.76,32,24,0.16,23.84,68.41397958,54.472216,0.4536308,54.0185852,298,280,614,Ca0.92WO4Eu0.08
6,4,0.08,3.92,207,74,8,66,487.831,183.84,15.999,167.841,705,185,60,125,8.3,3.44,0,3.44,22,6,2,4,40.3580542,13.618054,5.670385,7.947669,126.24,66.6,4.2,62.4,288.07588,165.456,9.595,155.861,556.4,240,14.5,225.5,16.426,13.76,0,13.76,32,24,0.16,23.84,68.33681958,54.472216,0.4536308,54.0185852,298,280,614,Ca0.92W0.9Mo0.1O4Eu0.08
6,4,0.08,3.92,207,74,8,66,487.831,183.84,15.999,167.841,705,185,60,125,8.3,3.44,0,3.44,22,6,2,4,40.3580542,13.618054,5.670385,7.947669,119.84,51.8,5.04,46.76,270.49788,128.688,12.15712,116.53088,558.4,240,14.8,225.2,16.518,13.76,0,13.76,32,24,0.16,23.84,68.18249958,54.472216,0.4536308,54.0185852,298,280,614,Ca0.92W0.7Mo0.3O4Eu0.08
6,4,0.08,3.92,207,74,8,66,487.831,183.84,15.999,167.841,705,185,60,125,8.3,3.44,0,3.44,22,6,2,4,40.3580542,13.618054,5.670385,7.947669,110.24,32,5.04,26.96,244.13088,73.536,12.15712,61.37888,561.4,240,14.8,225.2,16.656,13.76,0,13.76,32,24,0.16,23.84,67.95101958,54.472216,0.4536308,54.0185852,298,280,614,Ca0.92W0.4Mo0.6O4Eu0.08
6,4,0.08,3.92,207,74,8,66,487.831,183.84,15.999,167.841,705,185,60,125,8.3,3.44,0,3.44,22,6,2,4,40.3580542,13.618054,5.670385,7.947669,103.84,33.6,5.04,28.56,226.55288,76.76,12.15712,64.60288,563.4,240,14.8,225.2,16.748,13.76,0,13.76,32,24,0.16,23.84,67.79669958,54.472216,0.4536308,54.0185852,298,280,614,Ca0.92W0.2Mo0.8O4Eu0.08
6,4,0.08,3.92,133,63,8,55,303.991,151.964,15.999,135.965,570,185,60,125,6.6,3.44,0,3.44,16,6,2,4,32.4940242,13.618054,5.670385,7.947669,97.44,42,5.04,36.96,208.97488,95.95,12.15712,83.79288,565.4,240,14.8,225.2,16.84,13.76,0,13.76,32,24,0.16,23.84,67.64237958,54.472216,0.4536308,54.0185852,298,280,614,Ca0.92MoO4Eu0.08
10,6,0.01,5.99,181,63,8,55,418.70684,151.964,15.999,135.965,750,185,60,125,7.71,3.44,0,3.44,18,6,2,4,40.2272432,13.618054,5.670385,7.947669,178.24,51,0.63,50.37,387.4464216,121.76,1.51964,120.24036,1045.05,360,1.85,358.15,25.8978,20.64,0,20.64,47.99,36,0.02,35.98,108.7548147,81.708324,0.05670385,81.65162015,298,290,614,Ca2Y0.99SbO6Eu0.01
10,6,0.3,5.7,181,63,8,55,418.70684,151.964,15.999,135.965,750,185,60,125,7.71,3.44,0,3.44,18,6,2,4,40.2272432,13.618054,5.670385,7.947669,185.2,51,18.9,32.1,405.733288,121.76,45.5892,76.1708,1046.5,360,55.5,304.5,25.544,20.64,0,20.64,47.7,36,0.6,35.4,108.5962209,81.708324,1.7011155,80.0072085,298,290,614,Ca2Y0.70SbO6Eu0.3
10,6,0.05,5.95,264,83,8,75,627.68724,208.9804,15.999,192.9814,910,185,60,125,9.61,3.44,0,3.44,23,6,2,4,47.5127592,13.618054,5.670385,7.947669,183.8,51,4.15,46.85,402.278292,121.76,10.44902,111.31098,1044.75,360,8,352,25.761,20.64,0,20.64,47.95,36,0.25,35.75,108.731665,81.708324,0.3642758,81.3440482,298,290,614,Ca2Y0.80SbO6Eu0.15Bi0.05
12,8,0.05,7.95,232,64,8,56,554.068452,157.25,15.999,141.251,830,260,60,200,7.59,3.44,0,3.44,17,6,1,5,36.42457055,13.618054,3.893905548,9.724148452,266.95,84,3.15,80.85,609.783152,191.9,7.5982,184.3018,1210.25,480,9.25,470.75,33.77,27.52,0,27.52,63,48,0.1,47.9,133.149023,108.944432,0.28351925,108.6609128,298,295,614,CsGd0.95Mo2O8Eu0.05
12,8,0.01,7.99,298,66,8,58,716.568452,162.5,15.999,146.501,1005,260,60,200,8.81,3.44,0,3.44,19,6,1,5,42.36362055,13.618054,3.893905548,9.724148452,266.97,84,0.66,83.34,609.835652,191.9,1.625,190.275,1210.2,480,1.75,478.25,33.7702,27.52,0,27.52,63,48,0.02,47.98,133.1469155,108.944432,0.0593905,108.8850415,298,295,614,CsGd0.94Mo2O8Eu0.05Dy0.01
12,8,0.02,7.98,298,66,8,58,716.568452,162.5,15.999,146.501,1005,260,60,200,8.81,3.44,0,3.44,19,6,1,5,42.36362055,13.618054,3.893905548,9.724148452,266.99,84,1.32,82.68,609.888152,191.9,3.25,188.65,1210.15,480,3.5,476.5,33.7704,27.52,0,27.52,63,48,0.04,47.96,133.1448081,108.944432,0.118781,108.825651,298,295,614,CsGd0.93Mo2O8Eu0.05Dy0.02
12,8,0.03,7.97,298,66,8,58,716.568452,162.5,15.999,146.501,1005,260,60,200,8.81,3.44,0,3.44,19,6,1,5,42.36362055,13.618054,3.893905548,9.724148452,267.01,84,1.98,82.02,609.940652,191.9,4.875,187.025,1210.1,480,5.25,474.75,33.7706,27.52,0,27.52,63,48,0.06,47.94,133.1427006,108.944432,0.1781715,108.7662605,298,295,614,CsGd0.92Mo2O8Eu0.05Dy0.03
5.039,3,0.009,2.991,214,83,8,75,508.2454,208.9804,15.999,192.9814,740,185,60,125,7.67,3.44,0,3.44,19,6,2,4,39.3210102,13.618054,5.670385,7.947669,86.637,40,0.747,39.253,185.7387436,91.224,1.8808236,89.3431764,521.99,180,1.44,178.56,12.6671,10.32,0,10.32,24.105,18,0.045,17.955,53.83689839,40.854162,0.065569644,40.78859236,298,310,614,CaZrO3Eu0.03Bi0.009
5.049,3,0.009,2.991,214,83,8,75,508.2454,208.9804,15.999,192.9814,740,185,60,125,7.67,3.44,0,3.44,19,6,2,4,39.3210102,13.618054,5.670385,7.947669,87.267,40,0.747,39.253,187.2583836,91.224,1.8808236,89.3431764,523.84,180,1.44,178.56,12.6671,10.32,0,10.32,24.125,18,0.045,17.955,53.89360224,40.854162,0.065569644,40.78859236,298,310,614,CaZrO3Eu0.04Bi0.009
5.059,3,0.009,2.991,214,83,8,75,508.2454,208.9804,15.999,192.9814,740,185,60,125,7.67,3.44,0,3.44,19,6,2,4,39.3210102,13.618054,5.670385,7.947669,87.897,40,0.747,39.253,188.7780236,91.224,1.8808236,89.3431764,525.69,180,1.44,178.56,12.6671,10.32,0,10.32,24.145,18,0.045,17.955,53.95030609,40.854162,0.065569644,40.78859236,298,310,614,CaZrO3Eu0.05Bi0.009
5.069,3,0.009,2.991,214,83,8,75,508.2454,208.9804,15.999,192.9814,740,185,60,125,7.67,3.44,0,3.44,19,6,2,4,39.3210102,13.618054,5.670385,7.947669,88.527,40,0.747,39.253,190.2976636,91.224,1.8808236,89.3431764,527.54,180,1.44,178.56,12.6671,10.32,0,10.32,24.165,18,0.045,17.955,54.00700994,40.854162,0.065569644,40.78859236,298,310,614,CaZrO3Eu0.06Bi0.009
10,6,0.05,5.95,216,74,3,71,511.743,183.84,6.94,176.9,860,200,60,140,8.72,3.44,0,3.44,29,12,1,11,47.63324996,13.618054,5.391714761,8.226339239,227.5,74,0.15,73.85,519.6372,183.84,0.347,183.493,1026.5,380,7.25,372.75,25.844,20.64,0,20.64,57.95,36,0.05,35.95,110.3399057,81.708324,0.269585738,81.43873826,298,367,614,Sr1.9ZnWO6Li0.05Eu0.05
10,6,0.05,5.95,258,74,3,71,607.693,183.84,6.94,176.9,1005,200,60,140,10.88,3.44,0,3.44,35,12,1,11,54.72567996,13.618054,5.391714761,8.226339239,221.1,72.2,0.15,72.05,502.0592,166.478,0.347,166.131,1028.5,380,7.25,372.75,25.936,20.64,0,20.64,57.95,36,0.05,35.95,110.1855857,81.708324,0.269585738,81.43873826,298,367,614,Sr1.9ZnW0.8Mo0.2O6Li0.05Eu0.05
10,6,0.05,5.95,258,74,3,71,607.693,183.84,6.94,176.9,1005,200,60,140,10.88,3.44,0,3.44,35,12,1,11,54.72567996,13.618054,5.391714761,8.226339239,214.7,72.2,0.15,72.05,484.4812,166.478,0.347,166.131,1030.5,380,7.25,372.75,26.028,20.64,0,20.64,57.95,36,0.05,35.95,110.0312657,81.708324,0.269585738,81.43873826,298,367,614,Sr1.9ZnW0.6Mo0.4O6Li0.05Eu0.05
10,6,0.05,5.95,258,74,3,71,607.693,183.84,6.94,176.9,1005,200,60,140,10.88,3.44,0,3.44,35,12,1,11,54.72567996,13.618054,5.391714761,8.226339239,208.3,72.2,0.15,72.05,466.9032,166.478,0.347,166.131,1032.5,380,7.25,372.75,26.12,20.64,0,20.64,57.95,36,0.05,35.95,109.8769457,81.708324,0.269585738,81.43873826,298,367,614,Sr1.9ZnW0.4Mo0.6O6Li0.05Eu0.05
10,6,0.05,5.95,258,74,3,71,607.693,183.84,6.94,176.9,1005,200,60,140,10.88,3.44,0,3.44,35,12,1,11,54.72567996,13.618054,5.391714761,8.226339239,201.9,72.2,0.15,72.05,449.3252,166.478,0.347,166.131,1034.5,380,7.25,372.75,26.212,20.64,0,20.64,57.95,36,0.05,35.95,109.7226257,81.708324,0.269585738,81.43873826,298,367,614,Sr1.9ZnW0.2Mo0.8O6Li0.05Eu0.05
10,6,0.05,5.95,184,63,3,60,423.853,151.964,6.94,145.024,870,200,60,140,9.18,3.44,0,3.44,29,12,1,11,46.86164996,13.618054,5.391714761,8.226339239,195.5,72.2,0.15,72.05,431.7472,166.478,0.347,166.131,1036.5,380,7.25,372.75,26.304,20.64,0,20.64,57.95,36,0.05,35.95,109.5683057,81.708324,0.269585738,81.43873826,298,367,614,Sr1.9ZnMoO6Li0.05Eu0.05
19,12,0.02,11.98,163,63,8,55,375.462602,151.964,15.999,135.965,725,200,60,140,7.8,3.44,0,3.44,18,6,2,4,41.6872522,13.618054,5.670385,7.947669,294.48,114,1.26,112.74,637.9362892,262.86,3.03928,259.82072,1800.1,720,3.7,716.3,51.8956,41.28,0,41.28,95.98,72,0.04,71.96,218.1676301,163.416648,0.1134077,163.3032403,298,393,614,Sr3Y0.98P3O12Eu0.02
19,9,0.15,8.85,118,63,3,60,274.61884,151.964,6.94,145.024,655,185,60,125,7.68,3.44,0,3.44,15,6,1,5,39.19543276,13.618054,5.391714761,8.226339239,164.4,72,5.85,66.15,360.566276,143.991,13.335876,130.655124,1849.25,870,27,843,43.143,30.96,0,30.96,71.15,54,0.45,53.55,185.5592478,122.562486,0.932589,121.629897,298,393,614,Li6Y0.15B3O9Eu0.85
14,8,0.2,7.8,168,71,8,63,396.8933313,174.9668,15.999,158.9678,700,185,60,125,7.56,3.44,0,3.44,16,6,1,5,40.3400727,13.618054,5.1390767,8.4789773,196.4,64,12.6,51.4,429.2750718,139.97344,30.3928,109.58064,1397,540,37,503,35.49,27.52,0,27.52,63,48,0.4,47.6,150.8098079,108.944432,1.134077,107.810355,298,393,614,Na3Lu0.8P2O8Eu0.2
14,8,0.4,7.6,168,71,8,63,396.8933313,174.9668,15.999,158.9678,700,185,60,125,7.56,3.44,0,3.44,16,6,1,5,40.3400727,13.618054,5.1390767,8.4789773,194.8,64,25.2,38.8,424.6745118,127.992,60.7856,67.2064,1399,540,74,466,35.29,27.52,0,27.52,63,48,0.8,47.2,150.8587107,108.944432,2.268154,106.676278,298,393,614,Na3Lu0.6P2O8Eu0.4
14,8,0.4,7.6,168,71,8,63,396.8933313,174.9668,15.999,158.9678,700,185,60,125,7.56,3.44,0,3.44,16,6,1,5,40.3400727,13.618054,5.1390767,8.4789773,193.2,64,28.4,35.6,420.0739518,127.992,61.947524,66.044476,1401,540,70,470,35.09,27.52,0,27.52,63,48,0.8,47.2,150.9076135,108.944432,2.1703484,106.7740836,298,393,614,Na3Lu0.4P2O8Eu0.6
14,8,0.2,7.8,168,71,8,63,396.8933313,174.9668,15.999,158.9678,700,185,60,125,7.56,3.44,0,3.44,16,6,1,5,40.3400727,13.618054,5.1390767,8.4789773,191.6,64,14.2,49.8,415.4733918,127.992,34.99336,92.99864,1403,540,35,505,34.89,27.52,0,27.52,63,48,0.4,47.6,150.9565163,108.944432,1.0851742,107.8592578,298,393,614,Na3Lu0.2P2O8Eu0.8
14,8,1,7,97,63,8,55,221.9265313,151.964,15.999,135.965,525,185,60,125,6.56,3.44,0,3.44,14,6,1,5,34.9142017,13.618054,5.1390767,8.4789773,190,64,30,34,410.8728318,151.964,61.947524,90.016476,1405,540,185,355,34.69,27.52,0,27.52,63,48,2,46,151.0054191,108.944432,5.670385,103.274047,298,393,614,Na3P2O8Eu1
62,36,0.2,35.8,208,73,8,65,490.4944113,180.94788,15.999,164.94888,870,200,60,140,9.01,3.44,0,3.44,21,6,1,5,48.1586389,13.618054,5.1390767,8.4789773,793,288,12.6,275.4,1703.599419,575.964,30.3928,545.5712,6087,2340,37,2303,160.35,123.84,0,123.84,288,216,0.4,215.6,677.9220931,490.249944,1.134077,489.115867,298,394,614,Na13Sr1.8Ta2P9O36Eu0.2
62,36,0.2,35.8,211,73,3,70,497.4344113,180.94788,6.94,174.00788,1015,200,60,140,9.99,3.44,0,3.44,22,6,1,5,53.55035366,13.618054,5.1390767,8.4789773,786,288,0.6,287.4,1687.463419,575.964,1.388,574.576,6076,2340,29,2311,160.356,123.84,0,123.84,287.8,216,0.2,215.8,677.8614626,490.249944,1.078342952,489.171601,298,394,614,Na13Sr1.6Ta2P9O36Li0.2Eu0.2
62,36,0.2,35.8,219,73,8,65,513.4841806,180.94788,15.999,164.94888,1050,200,60,140,9.94,3.44,0,3.44,22,6,1,5,53.2977156,13.618054,5.1390767,8.4789773,787.6,288,2.2,285.8,1690.673372,575.964,4.597953856,571.3660461,6083,2340,36,2304,160.346,123.84,0,123.84,287.8,216,0.2,215.8,677.810935,490.249944,1.02781534,489.2221287,298,394,614,Na13Sr1.6Ta2P9O36Na0.2Eu0.2
62,36,0.2,35.8,227,73,8,65,529.5927113,180.94788,15.999,164.94888,1090,220,60,160,9.83,3.44,0,3.44,22,6,1,5,52.49930244,13.618054,4.34066354,9.27739046,789.2,288,3.8,284.2,1693.895079,575.964,7.81966,568.14434,6091,2340,37,2303,160.324,123.84,0,123.84,287.8,216,0.2,215.8,677.6512523,490.249944,0.868132708,489.3818113,298,394,614,Na13Sr1.6Ta2P9O36K0.2Eu0.2
13,8,0.05,7.95,218,74,8,66,510.780902,183.84,15.999,167.841,880,220,60,160,9.37,3.44,0,3.44,23,6,1,5,48.19707854,13.618054,4.34066354,9.27739046,231.2,74,3.15,70.85,513.06111,183.84,7.5982,176.2418,1335.25,480,9.25,470.75,34.209,27.52,0,27.52,63.95,48,0.1,47.9,142.1663913,108.944432,0.28351925,108.6609128,298,395,614,K2Y0.95WO8PEu0.05
13,8,0.1,7.9,218,74,8,66,510.780902,183.84,15.999,167.841,880,220,60,160,9.37,3.44,0,3.44,23,6,1,5,48.19707854,13.618054,4.34066354,9.27739046,232.4,74,6.3,67.7,516.214018,183.84,15.1964,168.6436,1335.5,480,18.5,461.5,34.148,27.52,0,27.52,63.9,48,0.2,47.8,142.1390476,108.944432,0.5670385,108.3773935,298,395,614,K2Y0.9WO8PEu0.1
13,8,0.3,7.7,218,74,8,66,510.780902,183.84,15.999,167.841,880,220,60,160,9.37,3.44,0,3.44,23,6,1,5,48.19707854,13.618054,4.34066354,9.27739046,237.2,74,15,59,528.82565,183.84,30.973762,152.866238,1336.5,480,55.5,424.5,33.904,27.52,0,27.52,63.7,48,0.6,47.4,142.0296726,108.944432,1.7011155,107.2433165,298,395,614,K2Y0.7WO8PEu0.3
13,8,0.5,7.5,218,74,8,66,510.780902,183.84,15.999,167.841,880,220,60,160,9.37,3.44,0,3.44,23,6,1,5,48.19707854,13.618054,4.34066354,9.27739046,242,74,15,59,541.437282,183.84,30.973762,152.866238,1337.5,480,90,390,33.66,27.52,0,27.52,63.5,48,1,47,141.9202976,108.944432,2.8351925,106.1092395,298,395,614,K2Y0.5WO8PEu0.5
13,8,0.3,7.7,218,74,8,66,510.780902,183.84,15.999,167.841,880,220,60,160,9.37,3.44,0,3.44,23,6,1,5,48.19707854,13.618054,4.34066354,9.27739046,246.8,74,11.7,62.3,554.048914,183.84,26.671752,157.168248,1338.5,480,54,426,33.416,27.52,0,27.52,63.3,48,0.9,47.1,141.8109226,108.944432,1.865178,107.079254,298,395,614,K2Y0.3WO8PEu0.7
13,8,0.3,7.7,218,74,8,66,510.780902,183.84,15.999,167.841,880,220,60,160,9.37,3.44,0,3.44,23,6,1,5,48.19707854,13.618054,4.34066354,9.27739046,246.8,74,11.7,62.3,554.048914,183.84,26.671752,157.168248,1338.5,480,54,426,33.416,27.52,0,27.52,63.3,48,0.9,47.1,141.8109226,108.944432,1.865178,107.079254,373,395,614,K2Y0.3WO8PEu0.7
13,8,0.3,7.7,218,74,8,66,510.780902,183.84,15.999,167.841,880,220,60,160,9.37,3.44,0,3.44,23,6,1,5,48.19707854,13.618054,4.34066354,9.27739046,246.8,74,11.7,62.3,554.048914,183.84,26.671752,157.168248,1338.5,480,54,426,33.416,27.52,0,27.52,63.3,48,0.9,47.1,141.8109226,108.944432,1.865178,107.079254,453,395,614,K2Y0.3WO8PEu0.7
13,8,0.1,7.9,218,74,8,66,510.780902,183.84,15.999,167.841,880,220,60,160,9.37,3.44,0,3.44,23,6,1,5,48.19707854,13.618054,4.34066354,9.27739046,251.6,74,3.9,70.1,566.660546,183.84,8.890584,174.949416,1339.5,480,18,462,33.172,27.52,0,27.52,63.1,48,0.3,47.7,141.7015476,108.944432,0.621726,108.322706,298,395,614,K2Y0.1WO8PEu0.9
13,8,1,7,179,74,8,66,421.875062,183.84,15.999,167.841,700,220,60,160,8.15,3.44,0,3.44,20,6,1,5,41.97981854,13.618054,4.34066354,9.27739046,254,74,15,59,572.966362,183.84,30.973762,152.866238,1340,480,100,380,33.05,27.52,0,27.52,63,48,2,46,141.6468601,108.944432,5.670385,103.274047,298,395,614,K2WO8PEu1
12,8,0.05,7.95,232,64,8,56,554.068452,157.25,15.999,141.251,830,260,60,200,7.59,3.44,0,3.44,17,6,1,5,36.42457055,13.618054,3.893905548,9.724148452,266.95,84,3.15,80.85,609.783152,191.9,7.5982,184.3018,1210.25,480,9.25,470.75,33.77,27.52,0,27.52,63,48,0.1,47.9,133.149023,108.944432,0.28351925,108.6609128,298,395,614,CsGd0.95Mo2O8Eu0.05
12,8,0.01,7.99,298,66,8,58,716.568452,162.5,15.999,146.501,1005,260,60,200,8.81,3.44,0,3.44,19,6,1,5,42.36362055,13.618054,3.893905548,9.724148452,266.97,84,0.66,83.34,609.835652,191.9,1.625,190.275,1210.2,480,1.75,478.25,33.7702,27.52,0,27.52,63,48,0.02,47.98,133.1469155,108.944432,0.0593905,108.8850415,298,395,614,CsGd0.94Mo2O8Eu0.05Dy0.01
12,8,0.02,7.98,298,66,8,58,716.568452,162.5,15.999,146.501,1005,260,60,200,8.81,3.44,0,3.44,19,6,1,5,42.36362055,13.618054,3.893905548,9.724148452,266.99,84,1.32,82.68,609.888152,191.9,3.25,188.65,1210.15,480,3.5,476.5,33.7704,27.52,0,27.52,63,48,0.04,47.96,133.1448081,108.944432,0.118781,108.825651,298,395,614,CsGd0.93Mo2O8Eu0.05Dy0.02
12,8,0.03,7.97,298,66,8,58,716.568452,162.5,15.999,146.501,1005,260,60,200,8.81,3.44,0,3.44,19,6,1,5,42.36362055,13.618054,3.893905548,9.724148452,267.01,84,1.98,82.02,609.940652,191.9,4.875,187.025,1210.1,480,5.25,474.75,33.7706,27.52,0,27.52,63,48,0.06,47.94,133.1427006,108.944432,0.1781715,108.7662605,298,395,614,CsGd0.92Mo2O8Eu0.05Dy0.03
19,9,0.05,8.95,118,63,3,60,274.61884,151.964,6.94,145.024,655,185,60,125,7.68,3.44,0,3.44,15,6,1,5,39.19543276,13.618054,5.391714761,8.226339239,145.2,72,3.15,68.85,310.119748,143.991,7.5982,136.3928,1845.25,870,9.25,860.75,44.119,30.96,0,30.96,71.95,54,0.1,53.9,185.9967478,122.562486,0.28351925,122.2789668,298,395,614,Li6Y0.95B3O9Eu0.05
19,9,0.1,8.9,118,63,3,60,274.61884,151.964,6.94,145.024,655,185,60,125,7.68,3.44,0,3.44,15,6,1,5,39.19543276,13.618054,5.391714761,8.226339239,146.4,72,6.3,65.7,313.272656,143.991,15.1964,128.7946,1845.5,870,18.5,851.5,44.058,30.96,0,30.96,71.9,54,0.2,53.8,185.9694041,122.562486,0.5670385,121.9954475,298,395,614,Li6Y0.9B3O9Eu0.1
19,9,0.2,8.8,118,63,3,60,274.61884,151.964,6.94,145.024,655,185,60,125,7.68,3.44,0,3.44,15,6,1,5,39.19543276,13.618054,5.391714761,8.226339239,148.8,72,12.6,59.4,319.578472,143.991,30.3928,113.5982,1846,870,37,833,43.936,30.96,0,30.96,71.8,54,0.4,53.6,185.9147166,122.562486,1.134077,121.428409,298,395,614,Li6Y0.8B3O9Eu0.2
19,9,0.5,8.5,118,63,3,60,274.61884,151.964,6.94,145.024,655,185,60,125,7.68,3.44,0,3.44,15,6,1,5,39.19543276,13.618054,5.391714761,8.226339239,156,72,15,57,338.49592,143.991,32.43,111.561,1847.5,870,90,780,43.57,30.96,0,30.96,71.5,54,1,53,185.7506541,122.562486,2.8351925,119.7272935,298,395,614,Li6Y0.5B3O9Eu0.5
19,9,1,8,79,63,3,60,185.713,151.964,6.94,145.024,475,185,60,125,6.46,3.44,0,3.44,12,6,1,5,32.97817276,13.618054,5.391714761,8.226339239,168,72,15,57,370.025,151.964,32.43,119.534,1850,870,185,685,42.96,30.96,0,30.96,71,54,2,52,185.4772166,122.562486,5.670385,116.892101,298,395,614,Li6B3O9Eu1
5.05,3,0.05,2.95,131,63,8,55,299.265,151.964,15.999,135.965,580,185,60,125,5.77,3.44,0,3.44,14,6,2,4,32.0354942,13.618054,5.670385,7.947669,87.15,40,3.15,36.85,186.8972,91.224,7.5982,83.6258,524.25,180,9.25,170.75,12.65,10.32,0,10.32,24.1,18,0.1,17.9,53.88473645,40.854162,0.28351925,40.57064275,298,395,614,CaZrO3Eu0.05
5.019,3,0.009,2.991,214,83,8,75,508.2454,208.9804,15.999,192.9814,740,185,60,125,7.67,3.44,0,3.44,19,6,2,4,39.3210102,13.618054,5.670385,7.947669,85.377,40,0.63,39.37,182.6994636,91.224,1.51964,89.70436,518.29,180,1.44,178.56,12.6671,10.32,0,10.32,24.065,18,0.02,17.98,53.72349069,40.854162,0.05670385,40.79745815,298,395,614,CaZrO3Eu0.01Bi0.009
5.029,3,0.009,2.991,214,83,8,75,508.2454,208.9804,15.999,192.9814,740,185,60,125,7.67,3.44,0,3.44,19,6,2,4,39.3210102,13.618054,5.670385,7.947669,86.007,40,0.747,39.253,184.2191036,91.224,1.8808236,89.3431764,520.14,180,1.44,178.56,12.6671,10.32,0,10.32,24.085,18,0.04,17.96,53.78019454,40.854162,0.065569644,40.78859236,298,395,614,CaZrO3Eu0.02Bi0.009
5.039,3,0.009,2.991,214,83,8,75,508.2454,208.9804,15.999,192.9814,740,185,60,125,7.67,3.44,0,3.44,19,6,2,4,39.3210102,13.618054,5.670385,7.947669,86.637,40,0.747,39.253,185.7387436,91.224,1.8808236,89.3431764,521.99,180,1.44,178.56,12.6671,10.32,0,10.32,24.105,18,0.045,17.955,53.83689839,40.854162,0.065569644,40.78859236,298,395,614,CaZrO3Eu0.03Bi0.009
5.049,3,0.009,2.991,214,83,8,75,508.2454,208.9804,15.999,192.9814,740,185,60,125,7.67,3.44,0,3.44,19,6,2,4,39.3210102,13.618054,5.670385,7.947669,87.267,40,0.747,39.253,187.2583836,91.224,1.8808236,89.3431764,523.84,180,1.44,178.56,12.6671,10.32,0,10.32,24.125,18,0.045,17.955,53.89360224,40.854162,0.065569644,40.78859236,298,395,614,CaZrO3Eu0.04Bi0.009
5.059,3,0.009,2.991,214,83,8,75,508.2454,208.9804,15.999,192.9814,740,185,60,125,7.67,3.44,0,3.44,19,6,2,4,39.3210102,13.618054,5.670385,7.947669,87.897,40,0.747,39.253,188.7780236,91.224,1.8808236,89.3431764,525.69,180,1.44,178.56,12.6671,10.32,0,10.32,24.145,18,0.045,17.955,53.95030609,40.854162,0.065569644,40.78859236,298,395,614,CaZrO3Eu0.05Bi0.009
5.069,3,0.009,2.991,214,83,8,75,508.2454,208.9804,15.999,192.9814,740,185,60,125,7.67,3.44,0,3.44,19,6,2,4,39.3210102,13.618054,5.670385,7.947669,88.527,40,0.747,39.253,190.2976636,91.224,1.8808236,89.3431764,527.54,180,1.44,178.56,12.6671,10.32,0,10.32,24.165,18,0.045,17.955,54.00700994,40.854162,0.065569644,40.78859236,298,395,614,CaZrO3Eu0.06Bi0.009
27,16,0.01,15.99,196,64,5,59,473.35,157.25,10.81,146.44,725,215,60,155,7.57,3.44,0,3.44,15,6,2,4,38.947918,13.618054,5.211664,8.40639,292.99,128,0.63,127.37,647.79814,255.984,1.51964,254.46436,2120.05,960,1.85,958.15,75.478,55.04,0,55.04,127,96,0.02,95.98,303.9277009,217.888864,0.05670385,217.8321602,298,396,614,BaGd0.99B9O16Eu0.01
27,16,0.01,15.99,253,64,5,59,612.25547,157.25,10.81,146.44,920,215,60,155,8.67,3.44,0,3.44,18,6,2,4,44.524818,13.618054,5.211664,8.40639,292.43,128,0.63,127.37,646.3305776,255.984,1.51964,254.46436,2121.25,960,1.85,958.15,75.47,55.04,0,55.04,127.08,96,0.02,95.98,303.8818692,217.888864,0.05670385,217.8321602,298,396,614,BaGd0.91La0.08B9O16Eu0.01
27,16,0.01,15.99,235,64,5,59,562.25584,157.25,10.81,146.44,905,215,60,155,8.79,3.44,0,3.44,18,6,2,4,45.165178,13.618054,5.211664,8.40639,290.99,128,0.63,127.37,642.3306072,255.984,1.51964,254.46436,2120.05,960,1.85,958.15,75.4796,55.04,0,55.04,127.08,96,0.02,95.98,303.933098,217.888864,0.05670385,217.8321602,298,396,614,BaGd0.91Y0.08B9O16Eu0.01
7,4,0.3,3.7,197,63,8,55,461.079,151.964,15.999,135.965,765,200,60,140,7.16,3.44,0,3.44,24,12,2,10,39.9161052,13.618054,5.5386,8.079454,171.1,58,9,49,391.9832,140.116,19.614,120.502,801,280,40.5,239.5,16.705,13.76,0,13.76,33,24,0.6,23.4,72.50300528,54.472216,1.7011155,52.7711005,298,400,614,Sr1.4Zn0.3CeO4Eu0.3
10,6,0.01,5.99,181,63,8,55,418.70684,151.964,15.999,135.965,750,185,60,125,7.71,3.44,0,3.44,18,6,2,4,40.2272432,13.618054,5.670385,7.947669,178.24,51,0.63,50.37,387.4464216,121.76,1.51964,120.24036,1045.05,360,1.85,358.15,25.8978,20.64,0,20.64,47.99,36,0.02,35.98,108.7548147,81.708324,0.05670385,81.65162015,298,400,614,Ca2Y0.99SbO6Eu0.01
10,6,0.3,5.7,181,63,8,55,418.70684,151.964,15.999,135.965,750,185,60,125,7.71,3.44,0,3.44,18,6,2,4,40.2272432,13.618054,5.670385,7.947669,185.2,51,18.9,32.1,405.733288,121.76,45.5892,76.1708,1046.5,360,55.5,304.5,25.544,20.64,0,20.64,47.7,36,0.6,35.4,108.5962209,81.708324,1.7011155,80.0072085,298,400,614,Ca2Y0.70SbO6Eu0.3
10,6,0.05,5.95,264,83,8,75,627.68724,208.9804,15.999,192.9814,910,185,60,125,9.61,3.44,0,3.44,23,6,2,4,47.5127592,13.618054,5.670385,7.947669,183.8,51,4.15,46.85,402.278292,121.76,10.44902,111.31098,1044.75,360,8,352,25.761,20.64,0,20.64,47.95,36,0.25,35.75,108.731665,81.708324,0.3642758,81.3440482,298,400,614,Ca2Y0.80SbO6Eu0.15Bi0.05
9,5,0.01,4.99,198,63,3,60,474.97847,151.964,6.94,145.024,855,195,60,135,8.73,3.44,0,3.44,17,6,1,5,44.19878276,13.618054,5.391714761,8.226339239,163.55,99.18,0.62,98.56,378.9351178,241.6955178,1.5036,240.1919178,917.4,339.3,1.85,337.45,22.1457,17.2,0,17.2,39.74,30,0.02,29.98,92.95784311,68.09027,0.0564371,68.0338329,298,405,614,LiLa1.74O5BEu0.25Sm0.01
10.25,6,0.25,5.75,173,63,8,55,407.488,151.964,15.999,135.965,735,200,60,140,7.8,3.44,0,3.44,18,6,2,4,41.6392012,13.618054,5.670385,7.947669,203.75,76,12,64,461.13,175.24,24.305,150.935,1096.25,400,46.25,353.75,25.95,20.64,0,20.64,48.5,36,0.5,35.5,111.1715497,81.708324,1.41759625,80.29072775,298,465,614,Sr2MgTeO6Eu0.25
10,6,0.01,5.99,181,63,8,55,418.70684,151.964,15.999,135.965,750,185,60,125,7.71,3.44,0,3.44,18,6,2,4,40.2272432,13.618054,5.670385,7.947669,178.24,51,0.63,50.37,387.4464216,121.76,1.51964,120.24036,1045.05,360,1.85,358.15,25.8978,20.64,0,20.64,47.99,36,0.02,35.98,108.7548147,81.708324,0.05670385,81.65162015,298,470,614,Ca2Y0.99SbO6Eu0.01
10,6,0.3,5.7,181,63,8,55,418.70684,151.964,15.999,135.965,750,185,60,125,7.71,3.44,0,3.44,18,6,2,4,40.2272432,13.618054,5.670385,7.947669,185.2,51,18.9,32.1,405.733288,121.76,45.5892,76.1708,1046.5,360,55.5,304.5,25.544,20.64,0,20.64,47.7,36,0.6,35.4,108.5962209,81.708324,1.7011155,80.0072085,298,470,614,Ca2Y0.70SbO6Eu0.3
10,6,0.05,5.95,264,83,8,75,627.68724,208.9804,15.999,192.9814,910,185,60,125,9.61,3.44,0,3.44,23,6,2,4,47.5127592,13.618054,5.670385,7.947669,183.8,51,4.15,46.85,402.278292,121.76,10.44902,111.31098,1044.75,360,8,352,25.761,20.64,0,20.64,47.95,36,0.25,35.75,108.731665,81.708324,0.3642758,81.3440482,298,470,614,Ca2Y0.80SbO6Eu0.15Bi0.05
45,28,0.1,27.9,163,63,8,55,377.920232,151.964,15.999,135.965,720,195,60,135,7.73,3.44,0,3.44,18,6,2,4,41.4651802,13.618054,5.5769,8.041154,566.6,224,6.3,217.7,1165.701657,447.972,15.1964,432.7756,4194,1680,18.5,1661.5,121.64,96.32,0,96.32,223.9,168,0.2,167.8,515.3169593,381.305512,0.5670385,380.7384735,298,261,615,Ca9La0.9P7O28Eu0.1
45,28,0.3,27.7,163,63,8,55,377.920232,151.964,15.999,135.965,720,195,60,135,7.73,3.44,0,3.44,18,6,2,4,41.4651802,13.618054,5.5769,8.041154,567.8,224,18.9,205.1,1168.313363,447.972,45.5892,402.3828,4192,1680,55.5,1624.5,121.42,96.32,0,96.32,223.7,168,0.6,167.4,515.3356563,381.305512,1.7011155,379.6043965,298,261,615,Ca9La0.7P7O28Eu0.3
45,28,0.4,27.6,163,63,8,55,377.920232,151.964,15.999,135.965,720,195,60,135,7.73,3.44,0,3.44,18,6,2,4,41.4651802,13.618054,5.5769,8.041154,569.6,224,22.8,201.2,1172.230922,447.972,55.562188,392.409812,4189,1680,78,1602,121.09,96.32,0,96.32,223.4,168,1.2,166.8,515.3637018,381.305512,2.23076,379.074752,298,261,615,Ca9La0.4P7O28Eu0.6
45,28,0.1,27.9,163,63,8,55,377.920232,151.964,15.999,135.965,720,195,60,135,7.73,3.44,0,3.44,18,6,2,4,41.4651802,13.618054,5.5769,8.041154,571.4,224,5.7,218.3,1176.148481,447.972,13.890547,434.081453,4186,1680,19.5,1660.5,120.76,96.32,0,96.32,223.1,168,0.3,167.7,515.3917473,381.305512,0.55769,380.747822,298,261,615,Ca9La0.1P7O28Eu0.9
45,28,1,27,106,63,8,55,239.014762,151.964,15.999,135.965,525,185,60,125,6.63,3.44,0,3.44,15,6,2,4,35.8882802,13.618054,5.670385,7.947669,572,224,63,161,1177.454334,447.972,151.964,296.008,4185,1680,185,1495,120.65,96.32,0,96.32,223,168,2,166,515.4010958,381.305512,5.670385,375.635127,298,261,615,Ca9P7O28Eu1
7,4,0.01,3.99,171,63,8,55,397.222214,151.964,15.999,135.965,740,260,60,200,8.07,3.44,0,3.44,26,12,1,11,43.06322955,13.618054,3.893905548,9.724148452,132.08,54.45,0.63,53.82,293.4457994,131.5763974,1.51964,130.0567574,734.25,257.4,1.85,255.55,18.3821,13.76,0,13.76,42.01,24,0.02,23.98,78.26477134,54.472216,0.05670385,54.41551215,300,266,615,Cs0.99ZnPO4Eu0.01
7,4,0.05,3.95,171,63,8,55,397.222214,151.964,15.999,135.965,740,260,60,200,8.07,3.44,0,3.44,26,12,1,11,43.06322955,13.618054,3.893905548,9.724148452,132.4,52.25,3.15,49.1,294.2081414,126.2601794,7.5982,118.6619794,731.25,247,9.25,237.75,18.3505,13.76,0,13.76,42.05,24,0.1,23.9,78.33583052,54.472216,0.28351925,54.18869675,300,266,615,Cs0.95ZnPO4Eu0.05
7,4,0.07,3.93,171,63,8,55,397.222214,151.964,15.999,135.965,740,260,60,200,8.07,3.44,0,3.44,26,12,1,11,43.06322955,13.618054,3.893905548,9.724148452,132.56,51.15,4.41,46.74,294.5893123,123.6020703,10.63748,112.9645903,729.75,241.8,12.95,228.85,18.3347,13.76,0,13.76,42.07,24,0.14,23.86,78.37136011,54.472216,0.39692695,54.07528905,300,266,615,Cs0.93ZnPO4Eu0.07
18.97,11,0.01,10.99,212,74,8,66,512.1197693,183.84,15.999,167.841,775,215,60,155,6.96,3.44,0,3.44,17,6,1,5,37.5032097,13.618054,5.1390767,8.4789773,480.39,221.76,0.63,221.13,1134.983099,543.81492,1.51964,542.29528,2143.25,851.4,1.85,849.55,46.6244,37.84,0,37.84,87.94,66,0.02,65.98,196.4997007,149.798594,0.05670385,149.7418902,298,266,615,Ba3.96Na2W2O11Eu0.01
18.91,11,0.03,10.97,212,74,8,66,512.1197693,183.84,15.999,167.841,775,215,60,155,6.96,3.44,0,3.44,17,6,1,5,37.5032097,13.618054,5.1390767,8.4789773,477.17,217.28,1.89,215.39,1127.036219,532.82876,4.55892,528.26984,2129.75,834.2,5.55,828.65,46.5532,37.84,0,37.84,87.82,66,0.06,65.94,196.1961753,149.798594,0.17011155,149.6284825,298,266,615,Ba3.88Na2W2O11Eu0.03
18.85,11,0.05,10.95,212,74,8,66,512.1197693,183.84,15.999,167.841,775,215,60,155,6.96,3.44,0,3.44,17,6,1,5,37.5032097,13.618054,5.1390767,8.4789773,473.95,212.8,3.15,209.65,1119.089339,521.8426,7.5982,514.2444,2116.25,817,9.25,807.75,46.482,37.84,0,37.84,87.7,66,0.1,65.9,195.8926499,149.798594,0.28351925,149.5150748,298,266,615,Ba3.8Na2W2O11Eu0.05
18.79,11,0.07,10.93,212,74,8,66,512.1197693,183.84,15.999,167.841,775,215,60,155,6.96,3.44,0,3.44,17,6,1,5,37.5032097,13.618054,5.1390767,8.4789773,470.73,208.32,4.41,203.91,1111.142459,510.85644,10.63748,500.21896,2102.75,799.8,12.95,786.85,46.4108,37.84,0,37.84,87.58,66,0.14,65.86,195.5891244,149.798594,0.39692695,149.4016671,298,266,615,Ba3.72Na2W2O11Eu0.07
18.79,11,0.07,10.93,212,74,8,66,512.1197693,183.84,15.999,167.841,775,215,60,155,6.96,3.44,0,3.44,17,6,1,5,37.5032097,13.618054,5.1390767,8.4789773,470.73,208.32,4.41,203.91,1111.142459,510.85644,10.63748,500.21896,2102.75,799.8,12.95,786.85,46.4108,37.84,0,37.84,87.58,66,0.14,65.86,195.5891244,149.798594,0.39692695,149.4016671,298,275,615,Ba3.72Na2W2O11Eu0.07
6,4,0.07,3.93,151,63,8,55,351.533,151.964,15.999,135.965,590,200,60,140,6.55,3.44,0,3.44,16,6,2,4,32.0757362,13.618054,5.670385,7.947669,113.75,42,4.41,37.59,252.07008,95.95,10.63748,85.31252,583.95,240,12.95,227.05,16.8035,13.76,0,13.76,32,24,0.14,23.86,67.25779945,54.472216,0.39692695,54.07528905,298,290,615,Sr0.93MoO4Eu0.07
6,4,0.07,3.93,162,63,8,55,374.5227693,151.964,15.999,135.965,770,200,60,140,7.48,3.44,0,3.44,17,6,1,5,37.2148129,13.618054,5.1390767,8.4789773,111.86,42,0.77,41.23,247.5459638,95.95,1.60928385,94.34071615,582.55,240,12.6,227.4,16.8021,13.76,0,13.76,31.93,24,0.07,23.93,67.21889411,54.472216,0.359735369,54.11248063,298,290,615,Sr0.86MoO4Na0.07Eu0.07
6,4,0.07,3.93,162,63,8,55,374.5227693,151.964,15.999,135.965,770,200,60,140,7.48,3.44,0,3.44,17,6,1,5,37.2148129,13.618054,5.1390767,8.4789773,111.32,42,0.99,41.01,246.2533592,95.95,2.069079235,93.88092076,582.15,240,12.95,227.05,16.8017,13.76,0,13.76,31.91,24,0.09,23.91,67.2077783,54.472216,0.39692695,54.07528905,298,290,615,Sr0.84MoO4Na0.09Eu0.07
6,4,0.01,3.99,151,63,8,55,351.533,151.964,15.999,135.965,590,200,60,140,6.55,3.44,0,3.44,16,6,2,4,32.0757362,13.618054,5.670385,7.947669,112.25,42,0.63,41.37,248.20944,95.95,1.51964,94.43036,584.85,240,1.85,238.15,16.8605,13.76,0,13.76,32,24,0.02,23.98,67.25926838,54.472216,0.05670385,54.41551215,298,290,615,Sr0.99MoO4Eu0.01
6,4,0.07,3.93,151,63,8,55,351.533,151.964,15.999,135.965,590,200,60,140,6.55,3.44,0,3.44,16,6,2,4,32.0757362,13.618054,5.670385,7.947669,113.75,42,4.41,37.59,252.07008,95.95,10.63748,85.31252,583.95,240,12.95,227.05,16.8035,13.76,0,13.76,32,24,0.14,23.86,67.25779945,54.472216,0.39692695,54.07528905,298,290,615,Sr0.93MoO4Eu0.07
6,4,0.07,3.93,162,63,8,55,374.5227693,151.964,15.999,135.965,770,200,60,140,7.48,3.44,0,3.44,17,6,1,5,37.2148129,13.618054,5.1390767,8.4789773,111.86,42,0.77,41.23,247.5459638,95.95,1.60928385,94.34071615,582.55,240,12.6,227.4,16.8021,13.76,0,13.76,31.93,24,0.07,23.93,67.21889411,54.472216,0.359735369,54.11248063,298,290,615,Sr0.86MoO4Na0.07Eu0.07
6,4,0.07,3.93,162,63,8,55,374.5227693,151.964,15.999,135.965,770,200,60,140,7.48,3.44,0,3.44,17,6,1,5,37.2148129,13.618054,5.1390767,8.4789773,111.32,42,0.99,41.01,246.2533592,95.95,2.069079235,93.88092076,582.15,240,12.95,227.05,16.8017,13.76,0,13.76,31.91,24,0.09,23.91,67.2077783,54.472216,0.39692695,54.07528905,298,290,615,Sr0.84MoO4Na0.09Eu0.07
14,8,0.007,7.993,203,71,8,63,481.4913,174.9668,15.999,158.9678,755,200,60,140,7.02,3.44,0,3.44,17,6,2,4,37.1553642,13.618054,5.425871,8.192183,294.944,114,0.441,113.559,667.5407804,262.86,1.063748,261.796252,1525.07,600,1.295,598.705,34.623,27.52,0,27.52,66,48,0.014,47.986,144.9489902,108.944432,0.039692695,108.9047393,298,319,615,Sr3Lu0.993V2O8Eu0.007
14,8,0.009,7.991,203,71,8,63,481.4913,174.9668,15.999,158.9678,755,200,60,140,7.02,3.44,0,3.44,17,6,2,4,37.1553642,13.618054,5.425871,8.192183,294.928,114,0.567,113.433,667.4947748,262.86,1.367676,261.492324,1525.09,600,1.665,598.335,34.621,27.52,0,27.52,66,48,0.018,47.982,144.9494792,108.944432,0.051033465,108.8933985,298,319,615,Sr3Lu0.991V2O8Eu0.009
14,8,0.02,7.98,203,71,8,63,481.4913,174.9668,15.999,158.9678,755,200,60,140,7.02,3.44,0,3.44,17,6,2,4,37.1553642,13.618054,5.425871,8.192183,294.84,114,1.26,112.74,667.241744,262.86,3.03928,259.82072,1525.2,600,3.7,596.3,34.61,27.52,0,27.52,66,48,0.04,47.96,144.9521689,108.944432,0.1134077,108.8310243,298,319,615,Sr3Lu0.98V2O8Eu0.02
14,8,0.04,7.96,203,71,8,63,481.4913,174.9668,15.999,158.9678,755,200,60,140,7.02,3.44,0,3.44,17,6,2,4,37.1553642,13.618054,5.425871,8.192183,294.68,114,2.52,111.48,666.781688,262.86,6.07856,256.78144,1525.4,600,7.4,592.6,34.59,27.52,0,27.52,66,48,0.08,47.92,144.9570592,108.944432,0.2268154,108.7176166,298,319,615,Sr3Lu0.96V2O8Eu0.04
14,8,0.06,7.94,203,71,8,63,481.4913,174.9668,15.999,158.9678,755,200,60,140,7.02,3.44,0,3.44,17,6,2,4,37.1553642,13.618054,5.425871,8.192183,294.52,114,3.78,110.22,666.321632,262.86,9.11784,253.74216,1525.6,600,11.1,588.9,34.57,27.52,0,27.52,66,48,0.12,47.88,144.9619494,108.944432,0.3402231,108.6042089,298,319,615,Sr3Lu0.94V2O8Eu0.06
18.79,11,0.07,10.93,212,74,8,66,512.1197693,183.84,15.999,167.841,775,215,60,155,6.96,3.44,0,3.44,17,6,1,5,37.5032097,13.618054,5.1390767,8.4789773,470.73,208.32,4.41,203.91,1111.142459,510.85644,10.63748,500.21896,2102.75,799.8,12.95,786.85,46.4108,37.84,0,37.84,87.58,66,0.14,65.86,195.5891244,149.798594,0.39692695,149.4016671,298,335,615,Ba3.72Na2W2O11Eu0.07
9,6,0.005,5.995,175,63,5,58,413.62847,151.964,10.81,141.154,670,195,60,135,8.74,3.44,0,3.44,20,6,2,4,40.255788,13.618054,5.5769,8.041154,152.03,56.715,0.315,56.4,341.7247627,138.2109427,0.75982,137.4511227,784.95,360,0.925,359.075,25.9345,20.64,0,20.64,47.995,36,0.01,35.99,102.6761404,81.708324,0.028351925,81.67997208,298,350,615,La0.995BMoO6Eu0.005
9,6,0.01,5.99,175,63,5,58,413.62847,151.964,10.81,141.154,670,195,60,135,8.74,3.44,0,3.44,20,6,2,4,40.255788,13.618054,5.5769,8.041154,152.06,56.43,0.63,55.8,341.7900553,137.5164153,1.51964,135.9967753,784.9,360,1.85,358.15,25.929,20.64,0,20.64,47.99,36,0.02,35.98,102.6766079,81.708324,0.05670385,81.65162015,298,350,615,La0.99BMoO6Eu0.01
9,6,0.02,5.98,175,63,5,58,413.62847,151.964,10.81,141.154,670,195,60,135,8.74,3.44,0,3.44,20,6,2,4,40.255788,13.618054,5.5769,8.041154,152.12,55.86,1.26,54.6,341.9206406,136.1273606,3.03928,133.0880806,784.8,360,3.7,356.3,25.918,20.64,0,20.64,47.98,36,0.04,35.96,102.6775427,81.708324,0.1134077,81.5949163,298,350,615,La0.98BMoO6Eu0.02
9,6,0.03,5.97,175,63,5,58,413.62847,151.964,10.81,141.154,670,195,60,135,8.74,3.44,0,3.44,20,6,2,4,40.255788,13.618054,5.5769,8.041154,152.18,55.29,1.89,53.4,342.0512259,134.7383059,4.55892,130.1793859,784.7,360,5.55,354.45,25.907,20.64,0,20.64,47.97,36,0.06,35.94,102.6784776,81.708324,0.17011155,81.53821245,298,350,615,La0.97BMoO6Eu0.03
9,6,0.04,5.96,175,63,5,58,413.62847,151.964,10.81,141.154,670,195,60,135,8.74,3.44,0,3.44,20,6,2,4,40.255788,13.618054,5.5769,8.041154,152.24,54.72,2.52,52.2,342.1818112,133.3492512,6.07856,127.2706912,784.6,360,7.4,352.6,25.896,20.64,0,20.64,47.96,36,0.08,35.92,102.6794124,81.708324,0.2268154,81.4815086,298,350,615,La0.96BMoO6Eu0.04
9,6,0.05,5.95,175,63,5,58,413.62847,151.964,10.81,141.154,670,195,60,135,8.74,3.44,0,3.44,20,6,2,4,40.255788,13.618054,5.5769,8.041154,152.3,54.15,3.15,51,342.3123965,131.9601965,7.5982,124.3619965,784.5,360,9.25,350.75,25.885,20.64,0,20.64,47.95,36,0.1,35.9,102.6803473,81.708324,0.28351925,81.42480475,298,350,615,La0.95BMoO6Eu0.05
9,6,0.06,5.94,175,63,5,58,413.62847,151.964,10.81,141.154,670,195,60,135,8.74,3.44,0,3.44,20,6,2,4,40.255788,13.618054,5.5769,8.041154,152.36,53.58,3.78,49.8,342.4429818,130.5711418,9.11784,121.4533018,784.4,360,11.1,348.9,25.874,20.64,0,20.64,47.94,36,0.12,35.88,102.6812821,81.708324,0.3402231,81.3681009,298,350,615,La0.94BMoO6Eu0.06
9,6,0.07,5.93,175,63,5,58,413.62847,151.964,10.81,141.154,670,195,60,135,8.74,3.44,0,3.44,20,6,2,4,40.255788,13.618054,5.5769,8.041154,152.42,53.01,4.41,48.6,342.5735671,129.1820871,10.63748,118.5446071,784.3,360,12.95,347.05,25.863,20.64,0,20.64,47.93,36,0.14,35.86,102.682217,81.708324,0.39692695,81.31139705,298,350,615,La0.93BMoO6Eu0.07
10.05,6,0.05,5.95,217,74,3,71,521.95347,183.84,6.94,176.9,870,195,60,135,8.53,3.44,0,3.44,20,6,1,5,45.76731876,13.618054,5.391714761,8.226339239,197.15,74,3,71,457.58267,183.84,6.94,176.9,994.25,360,9.25,350.75,25.73,20.64,0,20.64,48.1,36,0.1,35.9,108.470723,81.708324,0.28351925,81.42480475,298,393,615,LiLaMgWO6Eu0.05
10.1,6,0.1,5.9,217,74,3,71,521.95347,183.84,6.94,176.9,870,195,60,135,8.53,3.44,0,3.44,20,6,1,5,45.76731876,13.618054,5.391714761,8.226339239,200.3,74,3,71,465.18087,183.84,6.94,176.9,1003.5,360,18.5,341.5,25.73,20.64,0,20.64,48.2,36,0.2,35.8,108.7542423,81.708324,0.5670385,81.1412855,298,393,615,LiLaMgWO6Eu0.1
10.2,6,0.2,5.8,217,74,3,71,521.95347,183.84,6.94,176.9,870,195,60,135,8.53,3.44,0,3.44,20,6,1,5,45.76731876,13.618054,5.391714761,8.226339239,206.6,74,3,71,480.37727,183.84,6.94,176.9,1022,360,37,323,25.73,20.64,0,20.64,48.4,36,0.4,35.6,109.3212808,81.708324,1.134077,80.574247,298,393,615,LiLaMgWO6Eu0.2
10.3,6,0.3,5.7,217,74,3,71,521.95347,183.84,6.94,176.9,870,195,60,135,8.53,3.44,0,3.44,20,6,1,5,45.76731876,13.618054,5.391714761,8.226339239,212.9,74,3,71,495.57367,183.84,6.94,176.9,1040.5,360,55.5,304.5,25.73,20.64,0,20.64,48.6,36,0.6,35.4,109.8883193,81.708324,1.7011155,80.0072085,298,393,615,LiLaMgWO6Eu0.3
20.82,13,0.02,12.98,136,63,8,55,309.25884,151.964,15.999,135.965,685,185,60,125,7.87,3.44,0,3.44,17,6,2,4,41.303617,13.618054,5.670385,7.947669,307.46,148.2,1.26,146.94,657.428472,337.842192,3.03928,334.802912,1947.7,780,3.7,776.3,56.366,44.72,0,44.72,103.44,78,0.04,77.96,232.8749817,177.034702,0.1134077,176.9212943,298,393,615,MgY3.8Si3O13Eu0.02
20.73,13,0.03,12.97,136,63,8,55,309.25884,151.964,15.999,135.965,685,185,60,125,7.87,3.44,0,3.44,17,6,2,4,41.303617,13.618054,5.670385,7.947669,304.19,144.3,1.89,142.41,650.057528,328.951608,4.55892,324.392688,1931.55,780,5.55,774.45,56.244,44.72,0,44.72,103.16,78,0.06,77.94,232.3099596,177.034702,0.17011155,176.8645905,298,393,615,MgY3.7Si3O13Eu0.03
20.64,13,0.04,12.96,136,63,8,55,309.25884,151.964,15.999,135.965,685,185,60,125,7.87,3.44,0,3.44,17,6,2,4,41.303617,13.618054,5.670385,7.947669,300.92,140.4,2.52,137.88,642.686584,320.061024,6.07856,313.982464,1915.4,780,7.4,772.6,56.122,44.72,0,44.72,102.88,78,0.08,77.92,231.7449374,177.034702,0.2268154,176.8078866,298,393,615,MgY3.6Si3O13Eu0.04
20.55,13,0.05,12.95,136,63,8,55,309.25884,151.964,15.999,135.965,685,185,60,125,7.87,3.44,0,3.44,17,6,2,4,41.303617,13.618054,5.670385,7.947669,297.65,136.5,3.15,133.35,635.31564,311.17044,7.5982,303.57224,1899.25,780,9.25,770.75,56,44.72,0,44.72,102.6,78,0.1,77.9,231.1799153,177.034702,0.28351925,176.7511828,298,393,615,MgY3.5Si3O13Eu0.05
20.46,13,0.06,12.94,136,63,8,55,309.25884,151.964,15.999,135.965,685,185,60,125,7.87,3.44,0,3.44,17,6,2,4,41.303617,13.618054,5.670385,7.947669,294.38,132.6,3.78,128.82,627.944696,302.279856,9.11784,293.162016,1883.1,780,11.1,768.9,55.878,44.72,0,44.72,102.32,78,0.12,77.88,230.6148931,177.034702,0.3402231,176.6944789,298,393,615,MgY3.4Si3O13Eu0.06
20.37,13,0.07,12.93,136,63,8,55,309.25884,151.964,15.999,135.965,685,185,60,125,7.87,3.44,0,3.44,17,6,2,4,41.303617,13.618054,5.670385,7.947669,291.11,128.7,4.41,124.29,620.573752,293.389272,10.63748,282.751792,1866.95,780,12.95,767.05,55.756,44.72,0,44.72,102.04,78,0.14,77.86,230.049871,177.034702,0.39692695,176.6377751,298,393,615,MgY3.3Si3O13Eu0.07
13,8,0.01,7.99,248,83,8,75,589.334962,208.9804,15.999,192.9814,885,235,60,175,10.51,3.44,0,3.44,25,6,1,5,48.330199,13.618054,4.177128,9.440926,277.8,82.17,0.63,81.54,634.261598,206.890596,1.51964,205.370956,1355.25,480,1.85,478.15,35.391,27.52,0,27.52,65.97,48,0.02,47.98,142.1471687,108.944432,0.05670385,108.8877282,298,393.5,615,Rb2Bi0.99PO8MoEu0.01
13,8,0.01,7.99,248,83,8,75,589.334962,208.9804,15.999,192.9814,885,235,60,175,10.51,3.44,0,3.44,25,6,1,5,48.330199,13.618054,4.177128,9.440926,277.8,82.17,0.63,81.54,634.261598,206.890596,1.51964,205.370956,1355.25,480,1.85,478.15,35.391,27.52,0,27.52,65.97,48,0.02,47.98,142.1471687,108.944432,0.05670385,108.8877282,300,393.5,615,Rb2Bi0.99PO8MoEu0.01
13,8,0.01,7.99,248,83,8,75,589.334962,208.9804,15.999,192.9814,885,235,60,175,10.51,3.44,0,3.44,25,6,1,5,48.330199,13.618054,4.177128,9.440926,277.8,82.17,0.63,81.54,634.261598,206.890596,1.51964,205.370956,1355.25,480,1.85,478.15,35.391,27.52,0,27.52,65.97,48,0.02,47.98,142.1471687,108.944432,0.05670385,108.8877282,350,393.5,615,Rb2Bi0.99PO8MoEu0.01
13,8,0.01,7.99,248,83,8,75,589.334962,208.9804,15.999,192.9814,885,235,60,175,10.51,3.44,0,3.44,25,6,1,5,48.330199,13.618054,4.177128,9.440926,277.8,82.17,0.63,81.54,634.261598,206.890596,1.51964,205.370956,1355.25,480,1.85,478.15,35.391,27.52,0,27.52,65.97,48,0.02,47.98,142.1471687,108.944432,0.05670385,108.8877282,400,393.5,615,Rb2Bi0.99PO8MoEu0.01
13,8,0.01,7.99,248,83,8,75,589.334962,208.9804,15.999,192.9814,885,235,60,175,10.51,3.44,0,3.44,25,6,1,5,48.330199,13.618054,4.177128,9.440926,277.8,82.17,0.63,81.54,634.261598,206.890596,1.51964,205.370956,1355.25,480,1.85,478.15,35.391,27.52,0,27.52,65.97,48,0.02,47.98,142.1471687,108.944432,0.05670385,108.8877282,450,393.5,615,Rb2Bi0.99PO8MoEu0.01
13,8,0.01,7.99,248,83,8,75,589.334962,208.9804,15.999,192.9814,885,235,60,175,10.51,3.44,0,3.44,25,6,1,5,48.330199,13.618054,4.177128,9.440926,277.8,82.17,0.63,81.54,634.261598,206.890596,1.51964,205.370956,1355.25,480,1.85,478.15,35.391,27.52,0,27.52,65.97,48,0.02,47.98,142.1471687,108.944432,0.05670385,108.8877282,500,393.5,615,Rb2Bi0.99PO8MoEu0.01
13,8,0.05,7.95,248,83,8,75,589.334962,208.9804,15.999,192.9814,885,235,60,175,10.51,3.44,0,3.44,25,6,1,5,48.330199,13.618054,4.177128,9.440926,277,78.85,3.15,75.7,631.980942,198.53138,7.5982,190.93318,1356.25,480,9.25,470.75,35.315,27.52,0,27.52,65.85,48,0.1,47.9,142.0825635,108.944432,0.28351925,108.6609128,298,393.5,615,Rb2Bi0.95PO8MoEu0.05
13,8,0.1,7.9,248,83,8,75,589.334962,208.9804,15.999,192.9814,885,235,60,175,10.51,3.44,0,3.44,25,6,1,5,48.330199,13.618054,4.177128,9.440926,276,74.7,6.3,68.4,629.130122,188.08236,15.1964,172.88596,1357.5,480,18.5,461.5,35.22,27.52,0,27.52,65.7,48,0.2,47.8,142.0018069,108.944432,0.5670385,108.3773935,298,393.5,615,Rb2Bi0.9PO8MoEu0.1
13,8,0.25,7.75,248,83,8,75,589.334962,208.9804,15.999,192.9814,885,235,60,175,10.51,3.44,0,3.44,25,6,1,5,48.330199,13.618054,4.177128,9.440926,273,74,15,59,620.577662,170.9356,30.973762,139.961838,1361.25,480,46.25,433.75,34.935,27.52,0,27.52,65.25,48,0.5,47.5,141.7595373,108.944432,1.41759625,107.5268358,298,393.5,615,Rb2Bi0.75PO8MoEu0.25
13,8,0.5,7.5,248,83,8,75,589.334962,208.9804,15.999,192.9814,885,235,60,175,10.51,3.44,0,3.44,25,6,1,5,48.330199,13.618054,4.177128,9.440926,268,74,15,59,606.323562,170.9356,30.973762,139.961838,1367.5,480,80,400,34.46,27.52,0,27.52,64.5,48,1,47,141.3557545,108.944432,2.8351925,106.1092395,298,393.5,615,Rb2Bi0.5PO8MoEu0.5
13,8,0.5,7.5,248,83,8,75,589.334962,208.9804,15.999,192.9814,885,235,60,175,10.51,3.44,0,3.44,25,6,1,5,48.330199,13.618054,4.177128,9.440926,268,74,15,59,606.323562,170.9356,30.973762,139.961838,1367.5,480,80,400,34.46,27.52,0,27.52,64.5,48,1,47,141.3557545,108.944432,2.8351925,106.1092395,300,393.5,615,Rb2Bi0.5PO8MoEu0.5
13,8,0.5,7.5,248,83,8,75,589.334962,208.9804,15.999,192.9814,885,235,60,175,10.51,3.44,0,3.44,25,6,1,5,48.330199,13.618054,4.177128,9.440926,268,74,15,59,606.323562,170.9356,30.973762,139.961838,1367.5,480,80,400,34.46,27.52,0,27.52,64.5,48,1,47,141.3557545,108.944432,2.8351925,106.1092395,350,393.5,615,Rb2Bi0.5PO8MoEu0.5
13,8,0.5,7.5,248,83,8,75,589.334962,208.9804,15.999,192.9814,885,235,60,175,10.51,3.44,0,3.44,25,6,1,5,48.330199,13.618054,4.177128,9.440926,268,74,15,59,606.323562,170.9356,30.973762,139.961838,1367.5,480,80,400,34.46,27.52,0,27.52,64.5,48,1,47,141.3557545,108.944432,2.8351925,106.1092395,400,393.5,615,Rb2Bi0.5PO8MoEu0.5
13,8,0.5,7.5,248,83,8,75,589.334962,208.9804,15.999,192.9814,885,235,60,175,10.51,3.44,0,3.44,25,6,1,5,48.330199,13.618054,4.177128,9.440926,268,74,15,59,606.323562,170.9356,30.973762,139.961838,1367.5,480,80,400,34.46,27.52,0,27.52,64.5,48,1,47,141.3557545,108.944432,2.8351925,106.1092395,450,393.5,615,Rb2Bi0.5PO8MoEu0.5
13,8,0.5,7.5,248,83,8,75,589.334962,208.9804,15.999,192.9814,885,235,60,175,10.51,3.44,0,3.44,25,6,1,5,48.330199,13.618054,4.177128,9.440926,268,74,15,59,606.323562,170.9356,30.973762,139.961838,1367.5,480,80,400,34.46,27.52,0,27.52,64.5,48,1,47,141.3557545,108.944432,2.8351925,106.1092395,500,393.5,615,Rb2Bi0.5PO8MoEu0.5
13,8,0.25,7.75,248,83,8,75,589.334962,208.9804,15.999,192.9814,885,235,60,175,10.51,3.44,0,3.44,25,6,1,5,48.330199,13.618054,4.177128,9.440926,263,74,15,59,592.069462,170.9356,30.973762,139.961838,1373.75,480,40,440,33.985,27.52,0,27.52,63.75,48,1.25,46.75,140.9519718,108.944432,1.821379,107.123053,298,393.5,615,Rb2Bi0.25PO8MoEu0.75
13,8,1,7,165,63,8,55,380.354562,151.964,15.999,135.965,725,235,60,175,8.61,3.44,0,3.44,20,6,1,5,41.044683,13.618054,4.177128,9.440926,258,74,15,59,577.815362,170.9356,30.973762,139.961838,1380,480,100,380,33.51,27.52,0,27.52,63,48,2,46,140.548189,108.944432,5.670385,103.274047,298,393.5,615,Rb2PO8MoEu1
13,8,1,7,165,63,8,55,380.354562,151.964,15.999,135.965,725,235,60,175,8.61,3.44,0,3.44,20,6,1,5,41.044683,13.618054,4.177128,9.440926,258,74,15,59,577.815362,170.9356,30.973762,139.961838,1380,480,100,380,33.51,27.52,0,27.52,63,48,2,46,140.548189,108.944432,5.670385,103.274047,300,393.5,615,Rb2PO8MoEu1
13,8,1,7,165,63,8,55,380.354562,151.964,15.999,135.965,725,235,60,175,8.61,3.44,0,3.44,20,6,1,5,41.044683,13.618054,4.177128,9.440926,258,74,15,59,577.815362,170.9356,30.973762,139.961838,1380,480,100,380,33.51,27.52,0,27.52,63,48,2,46,140.548189,108.944432,5.670385,103.274047,350,393.5,615,Rb2PO8MoEu1
13,8,1,7,165,63,8,55,380.354562,151.964,15.999,135.965,725,235,60,175,8.61,3.44,0,3.44,20,6,1,5,41.044683,13.618054,4.177128,9.440926,258,74,15,59,577.815362,170.9356,30.973762,139.961838,1380,480,100,380,33.51,27.52,0,27.52,63,48,2,46,140.548189,108.944432,5.670385,103.274047,400,393.5,615,Rb2PO8MoEu1
13,8,1,7,165,63,8,55,380.354562,151.964,15.999,135.965,725,235,60,175,8.61,3.44,0,3.44,20,6,1,5,41.044683,13.618054,4.177128,9.440926,258,74,15,59,577.815362,170.9356,30.973762,139.961838,1380,480,100,380,33.51,27.52,0,27.52,63,48,2,46,140.548189,108.944432,5.670385,103.274047,450,393.5,615,Rb2PO8MoEu1
13,8,1,7,165,63,8,55,380.354562,151.964,15.999,135.965,725,235,60,175,8.61,3.44,0,3.44,20,6,1,5,41.044683,13.618054,4.177128,9.440926,258,74,15,59,577.815362,170.9356,30.973762,139.961838,1380,480,100,380,33.51,27.52,0,27.52,63,48,2,46,140.548189,108.944432,5.670385,103.274047,500,393.5,615,Rb2PO8MoEu1
21.01,15,0.01,14.99,152,63,8,55,352.81884,151.964,15.999,135.965,570,185,60,125,6.82,3.44,0,3.44,17,6,2,4,32.598129,13.618054,5.670385,7.947669,366.63,168,0.63,167.37,803.11632,383.8,1.51964,382.28036,1841.85,900,1.85,898.15,62.68,51.6,0,51.6,120.02,90,0.02,89.98,245.1317539,204.27081,0.05670385,204.2141062,298,393.5,615,Y2Mo4O15Eu0.01
21.01,15,0.01,14.99,152,63,8,55,352.81884,151.964,15.999,135.965,570,185,60,125,6.82,3.44,0,3.44,17,6,2,4,32.598129,13.618054,5.670385,7.947669,366.63,168,0.63,167.37,803.11632,383.8,1.51964,382.28036,1841.85,900,1.85,898.15,62.68,51.6,0,51.6,120.02,90,0.02,89.98,245.1317539,204.27081,0.05670385,204.2141062,300,393.5,615,Y2Mo4O15Eu0.01
21.01,15,0.01,14.99,152,63,8,55,352.81884,151.964,15.999,135.965,570,185,60,125,6.82,3.44,0,3.44,17,6,2,4,32.598129,13.618054,5.670385,7.947669,366.63,168,0.63,167.37,803.11632,383.8,1.51964,382.28036,1841.85,900,1.85,898.15,62.68,51.6,0,51.6,120.02,90,0.02,89.98,245.1317539,204.27081,0.05670385,204.2141062,350,393.5,615,Y2Mo4O15Eu0.01
21.01,15,0.01,14.99,152,63,8,55,352.81884,151.964,15.999,135.965,570,185,60,125,6.82,3.44,0,3.44,17,6,2,4,32.598129,13.618054,5.670385,7.947669,366.63,168,0.63,167.37,803.11632,383.8,1.51964,382.28036,1841.85,900,1.85,898.15,62.68,51.6,0,51.6,120.02,90,0.02,89.98,245.1317539,204.27081,0.05670385,204.2141062,400,393.5,615,Y2Mo4O15Eu0.01
21.01,15,0.01,14.99,152,63,8,55,352.81884,151.964,15.999,135.965,570,185,60,125,6.82,3.44,0,3.44,17,6,2,4,32.598129,13.618054,5.670385,7.947669,366.63,168,0.63,167.37,803.11632,383.8,1.51964,382.28036,1841.85,900,1.85,898.15,62.68,51.6,0,51.6,120.02,90,0.02,89.98,245.1317539,204.27081,0.05670385,204.2141062,450,393.5,615,Y2Mo4O15Eu0.01
21.01,15,0.01,14.99,152,63,8,55,352.81884,151.964,15.999,135.965,570,185,60,125,6.82,3.44,0,3.44,17,6,2,4,32.598129,13.618054,5.670385,7.947669,366.63,168,0.63,167.37,803.11632,383.8,1.51964,382.28036,1841.85,900,1.85,898.15,62.68,51.6,0,51.6,120.02,90,0.02,89.98,245.1317539,204.27081,0.05670385,204.2141062,500,393.5,615,Y2Mo4O15Eu0.01
21.05,15,0.05,14.95,152,63,8,55,352.81884,151.964,15.999,135.965,570,185,60,125,6.82,3.44,0,3.44,17,6,2,4,32.598129,13.618054,5.670385,7.947669,369.15,168,3.15,164.85,809.19488,383.8,7.5982,376.2018,1849.25,900,9.25,890.75,62.68,51.6,0,51.6,120.1,90,0.1,89.9,245.3585693,204.27081,0.28351925,203.9872908,298,393.5,615,Y2Mo4O15Eu0.05
21.1,15,0.1,14.9,152,63,8,55,352.81884,151.964,15.999,135.965,570,185,60,125,6.82,3.44,0,3.44,17,6,2,4,32.598129,13.618054,5.670385,7.947669,372.3,168,6.3,161.7,816.79308,383.8,15.1964,368.6036,1858.5,900,18.5,881.5,62.68,51.6,0,51.6,120.2,90,0.2,89.8,245.6420885,204.27081,0.5670385,203.7037715,298,393.5,615,Y2Mo4O15Eu0.1
21.1,15,0.1,14.9,152,63,8,55,352.81884,151.964,15.999,135.965,570,185,60,125,6.82,3.44,0,3.44,17,6,2,4,32.598129,13.618054,5.670385,7.947669,372.3,168,6.3,161.7,816.79308,383.8,15.1964,368.6036,1858.5,900,18.5,881.5,62.68,51.6,0,51.6,120.2,90,0.2,89.8,245.6420885,204.27081,0.5670385,203.7037715,300,393.5,615,Y2Mo4O15Eu0.1
21.1,15,0.1,14.9,152,63,8,55,352.81884,151.964,15.999,135.965,570,185,60,125,6.82,3.44,0,3.44,17,6,2,4,32.598129,13.618054,5.670385,7.947669,372.3,168,6.3,161.7,816.79308,383.8,15.1964,368.6036,1858.5,900,18.5,881.5,62.68,51.6,0,51.6,120.2,90,0.2,89.8,245.6420885,204.27081,0.5670385,203.7037715,350,393.5,615,Y2Mo4O15Eu0.1
21.1,15,0.1,14.9,152,63,8,55,352.81884,151.964,15.999,135.965,570,185,60,125,6.82,3.44,0,3.44,17,6,2,4,32.598129,13.618054,5.670385,7.947669,372.3,168,6.3,161.7,816.79308,383.8,15.1964,368.6036,1858.5,900,18.5,881.5,62.68,51.6,0,51.6,120.2,90,0.2,89.8,245.6420885,204.27081,0.5670385,203.7037715,400,393.5,615,Y2Mo4O15Eu0.1
21.1,15,0.1,14.9,152,63,8,55,352.81884,151.964,15.999,135.965,570,185,60,125,6.82,3.44,0,3.44,17,6,2,4,32.598129,13.618054,5.670385,7.947669,372.3,168,6.3,161.7,816.79308,383.8,15.1964,368.6036,1858.5,900,18.5,881.5,62.68,51.6,0,51.6,120.2,90,0.2,89.8,245.6420885,204.27081,0.5670385,203.7037715,450,393.5,615,Y2Mo4O15Eu0.1
21.1,15,0.1,14.9,152,63,8,55,352.81884,151.964,15.999,135.965,570,185,60,125,6.82,3.44,0,3.44,17,6,2,4,32.598129,13.618054,5.670385,7.947669,372.3,168,6.3,161.7,816.79308,383.8,15.1964,368.6036,1858.5,900,18.5,881.5,62.68,51.6,0,51.6,120.2,90,0.2,89.8,245.6420885,204.27081,0.5670385,203.7037715,500,393.5,615,Y2Mo4O15Eu0.1
21.25,15,0.25,14.75,152,63,8,55,352.81884,151.964,15.999,135.965,570,185,60,125,6.82,3.44,0,3.44,17,6,2,4,32.598129,13.618054,5.670385,7.947669,381.75,168,15.75,152.25,839.58768,383.8,37.991,345.809,1886.25,900,46.25,853.75,62.68,51.6,0,51.6,120.5,90,0.5,89.5,246.4926463,204.27081,1.41759625,202.8532138,298,393.5,615,Y2Mo4O15Eu0.25
21.5,15,0.5,14.5,152,63,8,55,352.81884,151.964,15.999,135.965,570,185,60,125,6.82,3.44,0,3.44,17,6,2,4,32.598129,13.618054,5.670385,7.947669,397.5,168,31.5,136.5,877.57868,383.8,75.982,307.818,1932.5,900,92.5,807.5,62.68,51.6,0,51.6,121,90,1,89,247.9102425,204.27081,2.8351925,201.4356175,298,393.5,615,Y2Mo4O15Eu0.5
21.75,15,0.75,14.25,152,63,8,55,352.81884,151.964,15.999,135.965,570,185,60,125,6.82,3.44,0,3.44,17,6,2,4,32.598129,13.618054,5.670385,7.947669,413.25,168,47.25,120.75,915.56968,383.8,113.973,269.827,1978.75,900,138.75,761.25,62.68,51.6,0,51.6,121.5,90,1.5,88.5,249.3278388,204.27081,4.25278875,200.0180213,298,393.5,615,Y2Mo4O15Eu0.75
21.75,15,0.75,14.25,152,63,8,55,352.81884,151.964,15.999,135.965,570,185,60,125,6.82,3.44,0,3.44,17,6,2,4,32.598129,13.618054,5.670385,7.947669,413.25,168,47.25,120.75,915.56968,383.8,113.973,269.827,1978.75,900,138.75,761.25,62.68,51.6,0,51.6,121.5,90,1.5,88.5,249.3278388,204.27081,4.25278875,200.0180213,300,393.5,615,Y2Mo4O15Eu0.75
21.75,15,0.75,14.25,152,63,8,55,352.81884,151.964,15.999,135.965,570,185,60,125,6.82,3.44,0,3.44,17,6,2,4,32.598129,13.618054,5.670385,7.947669,413.25,168,47.25,120.75,915.56968,383.8,113.973,269.827,1978.75,900,138.75,761.25,62.68,51.6,0,51.6,121.5,90,1.5,88.5,249.3278388,204.27081,4.25278875,200.0180213,350,393.5,615,Y2Mo4O15Eu0.75
21.75,15,0.75,14.25,152,63,8,55,352.81884,151.964,15.999,135.965,570,185,60,125,6.82,3.44,0,3.44,17,6,2,4,32.598129,13.618054,5.670385,7.947669,413.25,168,47.25,120.75,915.56968,383.8,113.973,269.827,1978.75,900,138.75,761.25,62.68,51.6,0,51.6,121.5,90,1.5,88.5,249.3278388,204.27081,4.25278875,200.0180213,400,393.5,615,Y2Mo4O15Eu0.75
21.75,15,0.75,14.25,152,63,8,55,352.81884,151.964,15.999,135.965,570,185,60,125,6.82,3.44,0,3.44,17,6,2,4,32.598129,13.618054,5.670385,7.947669,413.25,168,47.25,120.75,915.56968,383.8,113.973,269.827,1978.75,900,138.75,761.25,62.68,51.6,0,51.6,121.5,90,1.5,88.5,249.3278388,204.27081,4.25278875,200.0180213,450,393.5,615,Y2Mo4O15Eu0.75
21.75,15,0.75,14.25,152,63,8,55,352.81884,151.964,15.999,135.965,570,185,60,125,6.82,3.44,0,3.44,17,6,2,4,32.598129,13.618054,5.670385,7.947669,413.25,168,47.25,120.75,915.56968,383.8,113.973,269.827,1978.75,900,138.75,761.25,62.68,51.6,0,51.6,121.5,90,1.5,88.5,249.3278388,204.27081,4.25278875,200.0180213,500,393.5,615,Y2Mo4O15Eu0.75
5.05,3,0.05,2.95,110,63,8,55,256.86884,151.964,15.999,135.965,425,185,60,125,4.66,3.44,0,3.44,11,6,2,4,25.505699,13.618054,5.670385,7.947669,105.15,78,3.15,74.85,233.40688,177.81168,7.5982,170.21348,549.25,360,9.25,350.75,12.76,10.32,0,10.32,24.1,18,0.1,17.9,53.57220125,40.854162,0.28351925,40.57064275,298,394,615,Y2O3Eu0.05
10,6,0.36,5.64,182,63,3,60,435.56847,151.964,6.94,145.024,730,195,60,135,7.57,3.44,0,3.44,17,6,1,5,38.86544276,13.618054,5.391714761,8.226339239,218.16,93.48,3,90.48,507.2060108,227.8049708,6.94,220.8649708,1036.4,360,66.6,293.4,25.474,20.64,0,20.64,47.64,36,0.72,35.28,106.8958824,81.708324,2.0413386,79.6669854,298,394,615,La1.64LiSbO6Eu0.36
28.8,20,0.1,19.9,180,64,3,61,428.103,157.25,6.94,150.31,715,185,60,125,7.78,3.44,0,3.44,17,6,1,5,37.92237976,13.618054,5.391714761,8.226339239,552.1,210,3,207,1246.4414,479.75,6.94,472.81,2574.5,1200,18.5,1181.5,83.82,68.8,0,68.8,156.6,120,0.2,119.8,330.3864325,272.36108,0.5670385,271.7940415,298,395,615,LiGd2.7Mo5O20Eu0.1
28.4,20,0.3,19.7,180,64,3,61,428.103,157.25,6.94,150.31,715,185,60,125,7.78,3.44,0,3.44,17,6,1,5,37.92237976,13.618054,5.391714761,8.226339239,526.3,210,3,207,1182.4842,479.75,6.94,472.81,2503.5,1200,55.5,1144.5,83.1,68.8,0,68.8,155.8,120,0.6,119.4,327.8306319,272.36108,1.7011155,270.6599645,298,395,615,LiGd2.1Mo5O20Eu0.3
28,20,0.5,19.5,180,64,3,61,428.103,157.25,6.94,150.31,715,185,60,125,7.78,3.44,0,3.44,17,6,1,5,37.92237976,13.618054,5.391714761,8.226339239,500.5,210,3,207,1118.527,479.75,6.94,472.81,2432.5,1200,92.5,1107.5,82.38,68.8,0,68.8,155,120,1,119,325.2748313,272.36108,2.8351925,269.5258875,298,395,615,LiGd1.5Mo5O20Eu0.5
27.6,20,0.7,19.3,180,64,3,61,428.103,157.25,6.94,150.31,715,185,60,125,7.78,3.44,0,3.44,17,6,1,5,37.92237976,13.618054,5.391714761,8.226339239,474.7,210,3,207,1054.5698,479.75,6.94,472.81,2361.5,1200,129.5,1070.5,81.66,68.8,0,68.8,154.2,120,1,119,322.7190307,272.36108,3.9692695,268.3918105,298,395,615,LiGd0.9Mo5O20Eu0.7
27.4,20,0.6,19.4,180,64,3,61,428.103,157.25,6.94,150.31,715,185,60,125,7.78,3.44,0,3.44,17,6,1,5,37.92237976,13.618054,5.391714761,8.226339239,461.8,210,3,207,1022.5912,479.75,6.94,472.81,2326,1200,108,1092,81.3,68.8,0,68.8,153.8,120,1,119,321.4411304,272.36108,3.6898776,268.6712024,298,395,615,LiGd0.6Mo5O20Eu0.8
27.2,20,0.3,19.7,180,64,3,61,428.103,157.25,6.94,150.31,715,185,60,125,7.78,3.44,0,3.44,17,6,1,5,37.92237976,13.618054,5.391714761,8.226339239,448.9,210,3,207,990.6126,479.75,6.94,472.81,2290.5,1200,54,1146,80.94,68.8,0,68.8,153.4,120,0.6,119.4,320.1632301,272.36108,1.8449388,270.5161412,298,395,615,LiGd0.3Mo5O20Eu0.9
27.2,20,0.3,19.7,180,64,3,61,428.103,157.25,6.94,150.31,715,185,60,125,7.78,3.44,0,3.44,17,6,1,5,37.92237976,13.618054,5.391714761,8.226339239,448.9,210,3,207,990.6126,479.75,6.94,472.81,2290.5,1200,54,1146,80.94,68.8,0,68.8,153.4,120,0.6,119.4,320.1632301,272.36108,1.8449388,270.5161412,375,395,615,LiGd0.3Mo5O20Eu0.9
27.2,20,0.3,19.7,180,64,3,61,428.103,157.25,6.94,150.31,715,185,60,125,7.78,3.44,0,3.44,17,6,1,5,37.92237976,13.618054,5.391714761,8.226339239,448.9,210,3,207,990.6126,479.75,6.94,472.81,2290.5,1200,54,1146,80.94,68.8,0,68.8,153.4,120,0.6,119.4,320.1632301,272.36108,1.8449388,270.5161412,450,395,615,LiGd0.3Mo5O20Eu0.9
27.2,20,0.3,19.7,180,64,3,61,428.103,157.25,6.94,150.31,715,185,60,125,7.78,3.44,0,3.44,17,6,1,5,37.92237976,13.618054,5.391714761,8.226339239,448.9,210,3,207,990.6126,479.75,6.94,472.81,2290.5,1200,54,1146,80.94,68.8,0,68.8,153.4,120,0.6,119.4,320.1632301,272.36108,1.8449388,270.5161412,550,395,615,LiGd0.3Mo5O20Eu0.9
27,20,1,19,116,63,3,60,270.853,151.964,6.94,145.024,535,185,60,125,6.58,3.44,0,3.44,15,6,1,5,31.77258376,13.618054,5.391714761,8.226339239,436,210,3,207,958.634,479.75,6.94,472.81,2255,1200,145,1055,80.58,68.8,0,68.8,153,120,1,119,318.8853298,272.36108,5.391714761,266.9693652,298,395,615,LiMo5O20Eu1
48,32,0.1,31.9,261,74,3,71,634.97547,183.84,6.94,176.9,935,215,60,155,8.11,3.44,0,3.44,20,6,1,5,43.33274776,13.618054,5.211664,8.40639,1140.6,592,6.3,585.7,2696.184263,1470.72,15.1964,1455.5236,4449,1920,18.5,1901.5,131.59,110.08,0,110.08,255.9,192,0.2,191.8,542.0284888,435.777728,0.5670385,435.2106895,298,395,615,Li3Ba2La2.9W8O32Eu0.1
48,32,0.6,31.4,261,74,3,71,634.97547,183.84,6.94,176.9,935,215,60,155,8.11,3.44,0,3.44,20,6,1,5,43.33274776,13.618054,5.211664,8.40639,1143.6,592,9,583,2702.713528,1470.72,20.82,1449.9,4444,1920,111,1809,131.04,110.08,0,110.08,255.4,192,1.2,190.8,542.0752313,435.777728,3.402231,432.375497,298,395,615,Li3Ba2La2.4W8O32Eu0.6
48,32,1.2,30.8,261,74,3,71,634.97547,183.84,6.94,176.9,935,215,60,155,8.11,3.44,0,3.44,20,6,1,5,43.33274776,13.618054,5.211664,8.40639,1147.2,592,9,583,2710.548646,1470.72,20.82,1449.9,4438,1920,222,1698,130.38,110.08,0,110.08,254.8,192,2.4,189.6,542.1313223,435.777728,6.804462,428.973266,298,395,615,Li3Ba2La1.8W8O32Eu1.2
48,32,1.2,30.8,261,74,3,71,634.97547,183.84,6.94,176.9,935,215,60,155,8.11,3.44,0,3.44,20,6,1,5,43.33274776,13.618054,5.211664,8.40639,1150.8,592,9,583,2718.383764,1470.72,20.82,1449.9,4432,1920,234,1686,129.72,110.08,0,110.08,254.2,192,3,189,542.1874133,435.777728,6.69228,429.085448,298,395,615,Li3Ba2La1.2W8O32Eu1.8
48,32,0.9,31.1,261,74,3,71,634.97547,183.84,6.94,176.9,935,215,60,155,8.11,3.44,0,3.44,20,6,1,5,43.33274776,13.618054,5.211664,8.40639,1152.6,592,9,583,2722.301323,1470.72,20.82,1449.9,4429,1920,175.5,1744.5,129.39,110.08,0,110.08,253.9,192,2.7,189.3,542.2154588,435.777728,5.01921,430.758518,298,395,615,Li3Ba2La0.9W8O32Eu2.1
48,32,0.6,31.4,261,74,3,71,634.97547,183.84,6.94,176.9,935,215,60,155,8.11,3.44,0,3.44,20,6,1,5,43.33274776,13.618054,5.211664,8.40639,1154.4,592,9,583,2726.218882,1470.72,20.82,1449.9,4426,1920,117,1803,129.06,110.08,0,110.08,253.6,192,1.8,190.2,542.2435043,435.777728,3.34614,432.431588,298,395,615,Li3Ba2La0.6W8O32Eu2.4
48,32,0.3,31.7,261,74,3,71,634.97547,183.84,6.94,176.9,935,215,60,155,8.11,3.44,0,3.44,20,6,1,5,43.33274776,13.618054,5.211664,8.40639,1156.2,592,9,583,2730.136441,1470.72,20.82,1449.9,4423,1920,58.5,1861.5,128.73,110.08,0,110.08,253.3,192,0.9,191.1,542.2715498,435.777728,1.67307,434.104658,298,395,615,Li3Ba2La0.3W8O32Eu2.7
48,32,2,30,204,74,3,71,496.07,183.84,6.94,176.9,740,215,60,155,7.01,3.44,0,3.44,17,6,1,5,37.75584776,13.618054,5.211664,8.40639,1158,592,9,583,2734.054,1470.72,20.82,1449.9,4420,1920,430,1490,128.4,110.08,0,110.08,253,192,3,189,542.2995953,435.777728,10.423328,425.3544,298,395,615,Li3Ba2W8O32Eu3
21.7,16,0.1,15.9,200,63,8,55,465.23284,151.964,15.999,135.965,725,185,60,125,8.51,3.44,0,3.44,29,12,2,10,41.591951,13.618054,5.670385,7.947669,364.7,140.4,6.3,134.1,799.605424,320.061024,15.1964,304.864624,1926.5,960,18.5,941.5,63.282,55.04,0,55.04,125,96,0.2,95.8,256.9242905,217.888864,0.5670385,217.3218255,298,395,615,CdY3.6MoO16Eu0.1
21.4,16,0.2,15.8,200,63,8,55,465.23284,151.964,15.999,135.965,725,185,60,125,8.51,3.44,0,3.44,29,12,2,10,41.591951,13.618054,5.670385,7.947669,355.4,128,12.6,115.4,779.239488,284.498688,30.3928,254.105888,1873,960,37,923,62.794,55.04,0,55.04,124,96,0.4,95.6,255.004425,217.888864,1.134077,216.754787,298,395,615,CdY3.2MoO16Eu0.2
21.1,16,0.3,15.7,200,63,8,55,465.23284,151.964,15.999,135.965,725,185,60,125,8.51,3.44,0,3.44,29,12,2,10,41.591951,13.618054,5.670385,7.947669,346.1,128,18.9,109.1,758.873552,255.984,45.5892,210.3948,1819.5,960,55.5,904.5,62.306,55.04,0,55.04,123,96,0.6,95.4,253.0845595,217.888864,1.7011155,216.1877485,298,395,615,CdY2.8MoO16Eu0.3
20.8,16,0.4,15.6,200,63,8,55,465.23284,151.964,15.999,135.965,725,185,60,125,8.51,3.44,0,3.44,29,12,2,10,41.591951,13.618054,5.670385,7.947669,336.8,128,25.2,102.8,738.507616,255.984,60.7856,195.1984,1766,960,74,886,61.818,55.04,0,55.04,122,96,0.8,95.2,251.164694,217.888864,2.268154,215.62071,298,395,615,CdY2.4MoO16Eu0.4
20.5,16,0.5,15.5,200,63,8,55,465.23284,151.964,15.999,135.965,725,185,60,125,8.51,3.44,0,3.44,29,12,2,10,41.591951,13.618054,5.670385,7.947669,327.5,128,31.5,96.5,718.14168,255.984,75.982,180.002,1712.5,960,92.5,867.5,61.33,55.04,0,55.04,121,96,1,95,249.2448285,217.888864,2.8351925,215.0536715,298,395,615,CdY2MoO16Eu0.5
20.2,16,0.6,15.4,200,63,8,55,465.23284,151.964,15.999,135.965,725,185,60,125,8.51,3.44,0,3.44,29,12,2,10,41.591951,13.618054,5.670385,7.947669,318.2,128,37.8,90.2,697.775744,255.984,91.1784,164.8056,1659,960,111,849,60.842,55.04,0,55.04,120,96,1.2,94.8,247.324963,217.888864,3.402231,214.486633,298,395,615,CdY1.6MoO16Eu0.6
12.6,8,0.6,7.4,220,74,8,66,532.0427693,183.84,15.999,167.841,740,185,60,125,7.27,3.44,0,3.44,17,6,1,5,38.4413417,13.618054,5.1390767,8.4789773,324.8,148,11,137,767.0901693,367.68,22.98976928,344.6902307,1221,480,111,369,33.05,27.52,0,27.52,64.2,48,1,47,139.3635957,108.944432,3.402231,105.542201,298,395,615,NaGdW2O8Eu0.6
23.7,15,0.1,14.9,190,63,8,55,444.8066424,151.964,15.999,135.965,815,195,50,145,11.61,3.98,0,3.98,25,7,1,6,54.5196657,17.42282,5.1390767,12.2837433,477.5,205.2,6.3,198.9,1085.079264,500.059692,15.1964,484.863292,2285.5,900,18.5,881.5,66.95,51.6,0,51.6,127,90,0.2,89.8,268.7538752,204.27081,0.5670385,203.7037715,298,395,615,NaLa3.6Mo3O15FEu0.1
23.4,15,0.2,14.8,190,63,8,55,444.8066424,151.964,15.999,135.965,815,195,50,145,11.61,3.98,0,3.98,25,7,1,6,54.5196657,17.42282,5.1390767,12.2837433,461,182.4,9,173.4,1044.713476,444.497504,18.99840316,425.4991008,2226,900,37,863,66.51,51.6,0,51.6,126,90,0.4,89.6,267.0901537,204.27081,1.134077,203.136733,298,395,615,NaLa3.2Mo3O15FEu0.2
23.1,15,0.3,14.7,190,63,8,55,444.8066424,151.964,15.999,135.965,815,195,50,145,11.61,3.98,0,3.98,25,7,1,6,54.5196657,17.42282,5.1390767,12.2837433,444.5,159.6,9,150.6,1004.347688,388.935316,18.99840316,369.9369128,2166.5,900,50,850,66.07,51.6,0,51.6,125,90,0.6,89.4,265.4264322,204.27081,1.7011155,202.5696945,298,395,615,NaLa2.8Mo3O15FEu0.3
22.8,15,0.4,14.6,190,63,8,55,444.8066424,151.964,15.999,135.965,815,195,50,145,11.61,3.98,0,3.98,25,7,1,6,54.5196657,17.42282,5.1390767,12.2837433,428,136.8,9,127.8,963.9819004,333.373128,18.99840316,314.3747248,2107,900,50,850,65.63,51.6,0,51.6,124,90,0.8,89.2,263.7627107,204.27081,2.268154,202.002656,298,395,615,NaLa2.4Mo3O15FEu0.4
22.5,15,0.5,14.5,190,63,8,55,444.8066424,151.964,15.999,135.965,815,195,50,145,11.61,3.98,0,3.98,25,7,1,6,54.5196657,17.42282,5.1390767,12.2837433,411.5,126,9,117,923.6161124,287.85,18.99840316,268.8515968,2047.5,900,50,850,65.19,51.6,0,51.6,123,90,1,89,262.0989892,204.27081,2.8351925,201.4356175,298,395,615,NaLa2Mo3O15FEu0.5
22.2,15,0.6,14.4,190,63,8,55,444.8066424,151.964,15.999,135.965,815,195,50,145,11.61,3.98,0,3.98,25,7,1,6,54.5196657,17.42282,5.1390767,12.2837433,395,126,9,117,883.2503244,287.85,18.99840316,268.8515968,1988,900,50,850,64.75,51.6,0,51.6,122,90,1,89,260.4352677,204.27081,3.402231,200.868579,298,395,615,NaLa1.6Mo3O15FEu0.6
21.9,15,0.7,14.3,190,63,8,55,444.8066424,151.964,15.999,135.965,815,195,50,145,11.61,3.98,0,3.98,25,7,1,6,54.5196657,17.42282,5.1390767,12.2837433,378.5,126,9,117,842.8845364,287.85,18.99840316,268.8515968,1928.5,900,50,850,64.31,51.6,0,51.6,121,90,1,89,258.7715462,204.27081,3.9692695,200.3015405,298,395,615,NaLa1.2Mo3O15FEu0.7
21.6,15,0.8,14.2,190,63,8,55,444.8066424,151.964,15.999,135.965,815,195,50,145,11.61,3.98,0,3.98,25,7,1,6,54.5196657,17.42282,5.1390767,12.2837433,362,126,9,117,802.5187484,287.85,18.99840316,268.8515968,1869,900,50,850,63.87,51.6,0,51.6,120,90,1,89,257.1078247,204.27081,4.46152,199.80929,298,395,615,NaLa0.8Mo3O15FEu0.8
21.3,15,0.4,14.6,190,63,8,55,444.8066424,151.964,15.999,135.965,815,195,50,145,11.61,3.98,0,3.98,25,7,1,6,54.5196657,17.42282,5.1390767,12.2837433,345.5,126,9,117,762.1529604,287.85,18.99840316,268.8515968,1809.5,900,50,850,63.43,51.6,0,51.6,119,90,1,89,255.4441032,204.27081,2.23076,202.04005,298,395,615,NaLa0.4Mo3O15FEu0.9
21,15,1,14,133,63,8,55,305.9011724,151.964,15.999,135.965,620,185,50,135,10.51,3.98,0,3.98,22,7,1,6,48.9427657,17.42282,5.1390767,12.2837433,329,126,9,117,721.7871724,287.85,18.99840316,268.8515968,1750,900,50,850,62.99,51.6,0,51.6,118,90,1,89,253.7803817,204.27081,5.1390767,199.1317333,298,395,615,NaMo3O15FEu1
18.97,11,0.01,10.99,212,74,8,66,512.1197693,183.84,15.999,167.841,775,215,60,155,6.96,3.44,0,3.44,17,6,1,5,37.5032097,13.618054,5.1390767,8.4789773,480.39,221.76,0.63,221.13,1134.983099,543.81492,1.51964,542.29528,2143.25,851.4,1.85,849.55,46.6244,37.84,0,37.84,87.94,66,0.02,65.98,196.4997007,149.798594,0.05670385,149.7418902,298,395,615,Ba3.96Na2W2O11Eu0.01
18.79,11,0.07,10.93,212,74,8,66,512.1197693,183.84,15.999,167.841,775,215,60,155,6.96,3.44,0,3.44,17,6,1,5,37.5032097,13.618054,5.1390767,8.4789773,470.73,208.32,4.41,203.91,1111.142459,510.85644,10.63748,500.21896,2102.75,799.8,12.95,786.85,46.4108,37.84,0,37.84,87.58,66,0.14,65.86,195.5891244,149.798594,0.39692695,149.4016671,298,395,615,Ba3.72Na2W2O11Eu0.07
18.73,11,0.09,10.91,212,74,8,66,512.1197693,183.84,15.999,167.841,775,215,60,155,6.96,3.44,0,3.44,17,6,1,5,37.5032097,13.618054,5.1390767,8.4789773,467.51,203.84,5.67,198.17,1103.195579,499.87028,13.67676,486.19352,2089.25,782.6,16.65,765.95,46.3396,37.84,0,37.84,87.46,66,0.18,65.82,195.285599,149.798594,0.51033465,149.2882594,298,395,615,Ba3.64Na2W2O11Eu0.09
10,6,0.5,5.5,224,74,3,71,540.298,183.84,6.94,176.9,855,185,60,125,8.63,3.44,0,3.44,19,6,1,5,46.34021476,13.618054,5.391714761,8.226339239,200.5,74,3,71,465.686,183.84,6.94,176.9,972.5,360,90,270,25.23,20.64,0,20.64,47,36,1,35,108.5203943,81.708324,2.8351925,78.8731315,298,395,615,LiGd0.5MgWO6Eu0.5
12.1,8,0.5,7.5,190,63,8,55,442.89647,151.964,15.999,135.965,765,195,60,135,7.7,3.44,0,3.44,19,6,2,4,38.0709242,13.618054,5.5769,8.041154,252.8,84,10,74,570.01487,191.9,20.039,171.861,1166,480,90,390,33.44,27.52,0,27.52,65.2,48,1,47,135.1650006,108.944432,3.0565776,105.8878544,298,395,615,Ca0.5LaMo2O8Eu0.6
12.13,8,0.03,7.97,273,83,8,75,651.87687,208.9804,15.999,192.9814,925,195,60,135,9.6,3.44,0,3.44,24,6,2,4,45.3564402,13.618054,5.5769,8.041154,255.29,84,2.49,81.51,576.284282,191.9,6.269412,185.630588,1170.8,480,4.8,475.2,33.497,27.52,0,27.52,65.35,48,0.15,47.85,135.3835661,108.944432,0.21856548,108.7258665,298,395,615,Ca0.5LaMo2O8Eu0.6Bi0.03
6.24,4,0.24,3.76,133,63,8,55,303.991,151.964,15.999,135.965,570,185,60,125,6.6,3.44,0,3.44,16,6,2,4,32.4940242,13.618054,5.670385,7.947669,109.12,42,15.12,26.88,236.49536,95.95,36.47136,59.47864,609.4,240,44.4,195.6,16.92,13.76,0,13.76,32.48,24,0.48,23.52,69.0386936,54.472216,1.3608924,53.1113236,298,395,615,CaMoO4Eu0.24
6,4,0.25,3.75,188,64,8,56,444.1527693,157.25,15.999,141.251,750,185,60,125,7.73,3.44,0,3.44,17,6,1,5,37.6697417,13.618054,5.1390767,8.4789773,111.25,42,5.5,36.5,248.7443846,95.95,11.49488464,84.45511536,566.25,240,45,195,16.685,13.76,0,13.76,31.5,24,0.5,23.5,67.0892296,54.472216,1.41759625,53.05461975,298,395,615,Na0.5Gd0.25MoO4Eu0.25
42,26,0.8,25.2,198,63,8,55,472.28047,151.964,15.999,135.965,765,215,60,155,7.33,3.44,0,3.44,17,6,2,4,38.228686,13.618054,5.211664,8.40639,864.8,410.4,50.4,360,1980.828584,1000.119384,121.5712,878.548184,4202,1560,148,1412,110.54,89.44,0,89.44,207.2,156,1.6,154.4,458.092818,354.069404,4.536308,349.533096,298,395,615,Ba2La7.2Si6O26Eu0.8
42,26,1.6,24.4,198,63,8,55,472.28047,151.964,15.999,135.965,765,215,60,155,7.33,3.44,0,3.44,17,6,2,4,38.228686,13.618054,5.211664,8.40639,869.6,364.8,84,280.8,1991.275408,888.995008,168.51,720.485008,4194,1560,296,1264,109.66,89.44,0,89.44,206.4,156,3.2,152.8,458.167606,354.069404,9.072616,344.996788,298,395,615,Ba2La6.4Si6O26Eu1.6
42,26,2,24,198,63,8,55,472.28047,151.964,15.999,135.965,765,215,60,155,7.33,3.44,0,3.44,17,6,2,4,38.228686,13.618054,5.211664,8.40639,874.4,319.2,84,235.2,2001.722232,777.870632,168.51,609.360632,4186,1560,430,1130,108.78,89.44,0,89.44,205.6,156,4,152,458.242394,354.069404,10.423328,343.646076,298,395,615,Ba2La5.6Si6O26Eu2.4
42,26,2,24,198,63,8,55,472.28047,151.964,15.999,135.965,765,215,60,155,7.33,3.44,0,3.44,17,6,2,4,38.228686,13.618054,5.211664,8.40639,879.2,273.6,84,189.6,2012.169056,666.746256,168.51,498.236256,4178,1560,430,1130,107.9,89.44,0,89.44,204.8,156,4,152,458.317182,354.069404,10.423328,343.646076,298,395,615,Ba2La4.8Si6O26Eu3.2
42,26,2,24,198,63,8,55,472.28047,151.964,15.999,135.965,765,215,60,155,7.33,3.44,0,3.44,17,6,2,4,38.228686,13.618054,5.211664,8.40639,884,252,84,168,2022.61588,607.856,168.51,439.346,4170,1560,430,1130,107.02,89.44,0,89.44,204,156,4,152,458.39197,354.069404,10.423328,343.646076,298,395,615,Ba2La4Si6O26Eu4
42,26,2,24,198,63,8,55,472.28047,151.964,15.999,135.965,765,215,60,155,7.33,3.44,0,3.44,17,6,2,4,38.228686,13.618054,5.211664,8.40639,888.8,302.4,84,218.4,2033.062704,729.4272,168.51,560.9172,4162,1560,430,1130,106.14,89.44,0,89.44,203.2,156,4,152,458.466758,354.069404,10.423328,343.646076,298,395,615,Ba2La3.2Si6O26Eu4.8
42,26,1.6,24.4,198,63,8,55,472.28047,151.964,15.999,135.965,765,215,60,155,7.33,3.44,0,3.44,17,6,2,4,38.228686,13.618054,5.211664,8.40639,898.4,403.2,84,319.2,2053.956352,972.5696,168.51,804.0596,4146,1560,312,1248,104.38,89.44,0,89.44,201.6,156,4,152,458.616334,354.069404,8.92304,345.146364,298,395,615,Ba2La1.6Si6O26Eu6.4
42,26,2,24,141,63,8,55,333.375,151.964,15.999,135.965,570,215,60,155,6.23,3.44,0,3.44,14,6,2,4,32.651786,13.618054,5.211664,8.40639,908,504,84,420,2074.85,1215.712,168.51,1047.202,4130,1560,430,1130,102.62,89.44,0,89.44,200,156,4,152,458.76591,354.069404,10.423328,343.646076,298,395,615,Ba2Si6O26Eu8
6,4,0.25,3.75,188,64,8,56,444.1527693,157.25,15.999,141.251,750,185,60,125,7.73,3.44,0,3.44,17,6,1,5,37.6697417,13.618054,5.1390767,8.4789773,111.25,42,5.5,36.5,248.7443846,95.95,11.49488464,84.45511536,566.25,240,45,195,16.685,13.76,0,13.76,31.5,24,0.5,23.5,67.0892296,54.472216,1.41759625,53.05461975,298,395,615,Na0.5Gd0.25MoO4Eu0.25
29,17,0.1,16.9,196,64,5,59,473.35,157.25,10.81,146.44,725,215,60,155,7.57,3.44,0,3.44,15,6,2,4,38.947918,13.618054,5.211664,8.40639,592.9,313.6,6.3,307.3,1386.4084,770.525,15.1964,755.3286,2775.5,1020,18.5,1001.5,76.34,58.48,0,58.48,131,102,0.2,101.8,314.1213799,231.506918,0.5670385,230.9398795,298,396,615,Ba2Gd4.9B5O17Eu0.1
29,17,0.2,16.8,196,64,5,59,473.35,157.25,10.81,146.44,725,215,60,155,7.57,3.44,0,3.44,15,6,2,4,38.947918,13.618054,5.211664,8.40639,592.8,307.2,12.6,294.6,1385.8798,754.8,30.3928,724.4072,2776,1020,37,983,76.22,58.48,0,58.48,131,102,0.4,101.6,314.0734388,231.506918,1.134077,230.372841,298,396,615,Ba2Gd4.8B5O17Eu0.2
29,17,0.4,16.6,196,64,5,59,473.35,157.25,10.81,146.44,725,215,60,155,7.57,3.44,0,3.44,15,6,2,4,38.947918,13.618054,5.211664,8.40639,592.6,294.4,25,269.4,1384.8226,723.35,54.05,669.3,2777,1020,74,946,75.98,58.48,0,58.48,131,102,0.8,101.2,313.9775566,231.506918,2.268154,229.238764,298,396,615,Ba2Gd4.6B5O17Eu0.4
29,17,0.5,16.5,196,64,5,59,473.35,157.25,10.81,146.44,725,215,60,155,7.57,3.44,0,3.44,15,6,2,4,38.947918,13.618054,5.211664,8.40639,592.5,288,25,263,1384.294,707.625,54.05,653.575,2777.5,1020,92.5,927.5,75.86,58.48,0,58.48,131,102,1,101,313.9296155,231.506918,2.8351925,228.6717255,298,396,615,Ba2Gd4.5B5O17Eu0.5
29,17,0.6,16.4,196,64,5,59,473.35,157.25,10.81,146.44,725,215,60,155,7.57,3.44,0,3.44,15,6,2,4,38.947918,13.618054,5.211664,8.40639,592.4,281.6,25,256.6,1383.7654,691.9,54.05,637.85,2778,1020,111,909,75.74,58.48,0,58.48,131,102,1.2,100.8,313.8816744,231.506918,3.402231,228.104687,298,396,615,Ba2Gd4.4B5O17Eu0.6
29,17,0.8,16.2,196,64,5,59,473.35,157.25,10.81,146.44,725,215,60,155,7.57,3.44,0,3.44,15,6,2,4,38.947918,13.618054,5.211664,8.40639,592.2,268.8,25,243.8,1382.7082,660.45,54.05,606.4,2779,1020,148,872,75.5,58.48,0,58.48,131,102,1.6,100.4,313.7857922,231.506918,4.536308,226.97061,298,396,615,Ba2Gd4.2B5O17Eu0.8
13,8,0.05,7.95,243,74,8,66,579.125062,183.84,15.999,167.841,880,220,60,160,9.35,3.44,0,3.44,22,6,1,5,48.12961454,13.618054,4.34066354,9.27739046,254.95,74,3.15,70.85,577.988062,183.84,7.5982,176.2418,1335.25,480,9.25,470.75,34.19,27.52,0,27.52,63,48,0.1,47.9,142.1023005,108.944432,0.28351925,108.6609128,298,396,615,K2Gd0.95WPO8Eu0.05
13,8,0.2,7.8,243,74,8,66,579.125062,183.84,15.999,167.841,880,220,60,160,9.35,3.44,0,3.44,22,6,1,5,48.12961454,13.618054,4.34066354,9.27739046,254.8,74,12.6,61.4,577.195162,183.84,30.3928,153.4472,1336,480,37,443,34.01,27.52,0,27.52,63,48,0.4,47.6,142.0303889,108.944432,1.134077,107.810355,298,396,615,K2Gd0.8WPO8Eu0.2
13,8,0.5,7.5,243,74,8,66,579.125062,183.84,15.999,167.841,880,220,60,160,9.35,3.44,0,3.44,22,6,1,5,48.12961454,13.618054,4.34066354,9.27739046,254.5,74,15,59,575.609362,183.84,30.973762,152.866238,1337.5,480,90,390,33.65,27.52,0,27.52,63,48,1,47,141.8865656,108.944432,2.8351925,106.1092395,298,396,615,K2Gd0.5WPO8Eu0.5
13,8,0.3,7.7,243,74,8,66,579.125062,183.84,15.999,167.841,880,220,60,160,9.35,3.44,0,3.44,22,6,1,5,48.12961454,13.618054,4.34066354,9.27739046,254.3,74,15,59,574.552162,183.84,30.973762,152.866238,1338.5,480,54,426,33.41,27.52,0,27.52,63,48,0.6,47.4,141.7906834,108.944432,1.8449388,107.0994932,298,396,615,K2Gd0.3WPO8Eu0.7
13,8,1,7,179,74,8,66,421.875062,183.84,15.999,167.841,700,220,60,160,8.15,3.44,0,3.44,20,6,1,5,41.97981854,13.618054,4.34066354,9.27739046,254,74,15,59,572.966362,183.84,30.973762,152.866238,1340,480,100,380,33.05,27.52,0,27.52,63,48,2,46,141.6468601,108.944432,5.670385,103.274047,298,396,615,K2WPO8Eu1
6.07,4,0.07,3.93,147,64,9,55,351.2021724,157.25,18.99840316,138.2515968,595,185,50,135,6.11,3.98,0,3.98,12,7,1,6,34.3820777,17.42282,5.1390767,12.2837433,115.41,64,4.41,59.59,266.8708619,157.25,10.63748,146.61252,572.95,200,12.95,187.05,18.05,15.92,0,15.92,31.14,28,0.14,27.86,81.37707965,69.69128,0.39692695,69.29435305,298,396,615,NaGdF4Eu0.07
5,3,0.01,2.99,168,63,8,55,392.2553,151.964,15.999,135.965,820,220,60,160,6.69,3.44,0,3.44,15,6,1,5,35.66888654,13.618054,4.34066354,9.27739046,101.98,52.64,0.19,52.45,232.940563,129.08738,0.390983,128.696397,533.55,202.1,2.2,199.9,12.7048,10.32,0,10.32,23.99,18,0.01,17.99,52.90817205,40.854162,0.043406635,40.81075536,298,397,615,Ba0.94TiO3K0.01Eu0.05
5,3,0.02,2.98,168,63,8,55,392.2553,151.964,15.999,135.965,820,220,60,160,6.69,3.44,0,3.44,15,6,1,5,35.66888654,13.618054,4.34066354,9.27739046,101.61,52.08,0.38,51.7,231.958276,127.71411,0.781966,126.932144,533.6,199.95,4.4,195.55,12.7041,10.32,0,10.32,23.98,18,0.02,17.98,52.89946204,40.854162,0.086813271,40.76734873,298,397,615,Ba0.93TiO3K0.02Eu0.05
5,3,0.04,2.96,168,63,8,55,392.2553,151.964,15.999,135.965,820,220,60,160,6.69,3.44,0,3.44,15,6,1,5,35.66888654,13.618054,4.34066354,9.27739046,100.87,50.96,0.76,50.2,229.993702,124.96757,1.563932,123.403638,533.7,195.65,8.8,186.85,12.7027,10.32,0,10.32,23.96,18,0.04,17.96,52.88204203,40.854162,0.173626542,40.68053546,298,397,615,Ba0.91TiO3K0.04Eu0.05
5,3,0.05,2.95,168,63,8,55,392.2553,151.964,15.999,135.965,820,220,60,160,6.69,3.44,0,3.44,15,6,1,5,35.66888654,13.618054,4.34066354,9.27739046,100.13,49.84,1.14,48.7,228.029128,122.22103,2.345898,119.875132,533.8,191.35,9.25,182.1,12.7013,10.32,0,10.32,23.94,18,0.06,17.94,52.86462202,40.854162,0.260439812,40.59372219,298,397,615,Ba0.89TiO3K0.06Eu0.05
5,3,0.05,2.95,168,63,8,55,392.2553,151.964,15.999,135.965,820,220,60,160,6.69,3.44,0,3.44,15,6,1,5,35.66888654,13.618054,4.34066354,9.27739046,99.39,48.72,1.52,47.2,226.064554,119.47449,3.127864,116.346626,533.9,187.05,9.25,177.8,12.6999,10.32,0,10.32,23.92,18,0.08,17.92,52.84720201,40.854162,0.28351925,40.57064275,298,397,615,Ba0.87TiO3K0.08Eu0.05
5,3,0.05,2.95,168,63,8,55,392.2553,151.964,15.999,135.965,820,220,60,160,6.69,3.44,0,3.44,15,6,1,5,35.66888654,13.618054,4.34066354,9.27739046,100.13,49.84,1.14,48.7,228.029128,122.22103,2.345898,119.875132,533.8,191.35,9.25,182.1,12.7013,10.32,0,10.32,23.94,18,0.06,17.94,52.86462202,40.854162,0.260439812,40.59372219,325,397,615,Ba0.89TiO3K0.06Eu0.05
5,3,0.05,2.95,168,63,8,55,392.2553,151.964,15.999,135.965,820,220,60,160,6.69,3.44,0,3.44,15,6,1,5,35.66888654,13.618054,4.34066354,9.27739046,100.13,49.84,1.14,48.7,228.029128,122.22103,2.345898,119.875132,533.8,191.35,9.25,182.1,12.7013,10.32,0,10.32,23.94,18,0.06,17.94,52.86462202,40.854162,0.260439812,40.59372219,375,397,615,Ba0.89TiO3K0.06Eu0.05
5,3,0.05,2.95,168,63,8,55,392.2553,151.964,15.999,135.965,820,220,60,160,6.69,3.44,0,3.44,15,6,1,5,35.66888654,13.618054,4.34066354,9.27739046,100.13,49.84,1.14,48.7,228.029128,122.22103,2.345898,119.875132,533.8,191.35,9.25,182.1,12.7013,10.32,0,10.32,23.94,18,0.06,17.94,52.86462202,40.854162,0.260439812,40.59372219,400,397,615,Ba0.89TiO3K0.06Eu0.05
5,3,0.05,2.95,168,63,8,55,392.2553,151.964,15.999,135.965,820,220,60,160,6.69,3.44,0,3.44,15,6,1,5,35.66888654,13.618054,4.34066354,9.27739046,100.13,49.84,1.14,48.7,228.029128,122.22103,2.345898,119.875132,533.8,191.35,9.25,182.1,12.7013,10.32,0,10.32,23.94,18,0.06,17.94,52.86462202,40.854162,0.260439812,40.59372219,425,397,615,Ba0.89TiO3K0.06Eu0.05
5,3,0.05,2.95,168,63,8,55,392.2553,151.964,15.999,135.965,820,220,60,160,6.69,3.44,0,3.44,15,6,1,5,35.66888654,13.618054,4.34066354,9.27739046,100.13,49.84,1.14,48.7,228.029128,122.22103,2.345898,119.875132,533.8,191.35,9.25,182.1,12.7013,10.32,0,10.32,23.94,18,0.06,17.94,52.86462202,40.854162,0.260439812,40.59372219,450,397,615,Ba0.89TiO3K0.06Eu0.05
5,3,0.05,2.95,168,63,8,55,392.2553,151.964,15.999,135.965,820,220,60,160,6.69,3.44,0,3.44,15,6,1,5,35.66888654,13.618054,4.34066354,9.27739046,100.13,49.84,1.14,48.7,228.029128,122.22103,2.345898,119.875132,533.8,191.35,9.25,182.1,12.7013,10.32,0,10.32,23.94,18,0.06,17.94,52.86462202,40.854162,0.260439812,40.59372219,475,397,615,Ba0.89TiO3K0.06Eu0.05
15,8,0.04,7.96,122,63,7,56,281.676,151.964,14.007,137.957,560,200,65,135,5.89,3.04,0,3.04,13,5,2,3,34.0510652,14.53413,5.670385,8.863745,203,74.48,2.52,71.96,430.29476,171.7352,6.07856,165.65664,1469.4,550,7.4,542.6,35.682,24.32,0,24.32,64,40,0.08,39.92,168.4202101,116.27304,0.2268154,116.0462246,298,420,615,Sr1.96Si5N8Eu0.04
15,8,0.01,7.99,147,63,7,56,336.614044,151.964,14.007,137.957,700,200,65,135,7.44,3.04,0,3.04,20,7,2,5,41.4850832,14.53413,5.670385,8.863745,202.87,74.1,0.25,73.85,429.9679404,170.859,0.54938044,170.3096196,1468.8,550,1.4,548.6,35.688,24.32,0,24.32,64.05,40,0.07,39.93,168.4376016,116.27304,0.07434018,116.1986998,298,420,615,Sr1.95Si5N8Eu0.04Mn0.01
15,8,0.02,7.98,147,63,7,56,336.614044,151.964,14.007,137.957,700,200,65,135,7.44,3.04,0,3.04,20,7,2,5,41.4850832,14.53413,5.670385,8.863745,202.74,73.72,0.5,73.22,429.6411209,169.9828,1.09876088,168.8840391,1468.2,550,2.8,547.2,35.694,24.32,0,24.32,64.1,40,0.08,39.92,168.4549931,116.27304,0.14868036,116.1243596,298,420,615,Sr1.94Si5N8Eu0.04Mn0.02
15,8,0.03,7.97,147,63,7,56,336.614044,151.964,14.007,137.957,700,200,65,135,7.44,3.04,0,3.04,20,7,2,5,41.4850832,14.53413,5.670385,8.863745,202.61,73.34,0.75,72.59,429.3143013,169.1066,1.64814132,167.4584587,1467.6,550,4.2,545.8,35.7,24.32,0,24.32,64.15,40,0.08,39.92,168.4723846,116.27304,0.22302054,116.0500195,298,420,615,Sr1.93Si5N8Eu0.04Mn0.03
15,8,0.04,7.96,147,63,7,56,336.614044,151.964,14.007,137.957,700,200,65,135,7.44,3.04,0,3.04,20,7,2,5,41.4850832,14.53413,5.670385,8.863745,202.48,72.96,1,71.96,428.9874818,168.2304,2.19752176,166.0328782,1467,550,5.6,544.4,35.706,24.32,0,24.32,64.2,40,0.08,39.92,168.4897761,116.27304,0.2268154,116.0462246,298,420,615,Sr1.92Si5N8Eu0.04Mn0.04
41,25,0.05,24.95,169,63,8,55,379.969884,151.964,15.999,135.965,855,185,60,125,9.11,3.44,0,3.44,24,7,2,5,47.2045552,13.618054,5.670385,7.947669,600.4,234,1.25,232.75,1268.569342,533.43504,2.7469022,530.6881378,3958.25,1500,7,1493,108.6975,86,0,86,200.25,150,0.1,149.9,451.1615334,340.45135,0.28351925,340.1678308,298,432,615,Ca3.9Y6Si6O25Eu0.05Mn0.05
41,25,0.05,24.95,169,63,8,55,379.969884,151.964,15.999,135.965,855,185,60,125,9.11,3.44,0,3.44,24,7,2,5,47.2045552,13.618054,5.670385,7.947669,600.5,234,1.75,232.25,1268.866543,533.43504,3.84566308,529.5893769,3957.45,1500,9.25,1490.75,108.7085,86,0,86,200.35,150,0.1,149.9,451.1879507,340.45135,0.28351925,340.1678308,298,432,615,Ca3.88Y6Si6O25Eu0.05Mn0.07
41,25,0.05,24.95,169,63,8,55,379.969884,151.964,15.999,135.965,855,185,60,125,9.11,3.44,0,3.44,24,7,2,5,47.2045552,13.618054,5.670385,7.947669,600.65,234,2.5,231.5,1269.312344,533.43504,5.4938044,527.9412356,3956.25,1500,9.25,1490.75,108.725,86,0,86,200.5,150,0.1,149.9,451.2275766,340.45135,0.28351925,340.1678308,298,432,615,Ca3.85Y6Si6O25Eu0.05Mn0.1
10.05,6,0.05,5.95,217,74,3,71,521.95347,183.84,6.94,176.9,870,195,60,135,8.53,3.44,0,3.44,20,6,1,5,45.76731876,13.618054,5.391714761,8.226339239,197.15,74,3,71,457.58267,183.84,6.94,176.9,994.25,360,9.25,350.75,25.73,20.64,0,20.64,48.1,36,0.1,35.9,108.470723,81.708324,0.28351925,81.42480475,298,463,615,LiLaMgWO6Eu0.05
10.1,6,0.1,5.9,217,74,3,71,521.95347,183.84,6.94,176.9,870,195,60,135,8.53,3.44,0,3.44,20,6,1,5,45.76731876,13.618054,5.391714761,8.226339239,200.3,74,3,71,465.18087,183.84,6.94,176.9,1003.5,360,18.5,341.5,25.73,20.64,0,20.64,48.2,36,0.2,35.8,108.7542423,81.708324,0.5670385,81.1412855,298,463,615,LiLaMgWO6Eu0.1
10.2,6,0.2,5.8,217,74,3,71,521.95347,183.84,6.94,176.9,870,195,60,135,8.53,3.44,0,3.44,20,6,1,5,45.76731876,13.618054,5.391714761,8.226339239,206.6,74,3,71,480.37727,183.84,6.94,176.9,1022,360,37,323,25.73,20.64,0,20.64,48.4,36,0.4,35.6,109.3212808,81.708324,1.134077,80.574247,298,463,615,LiLaMgWO6Eu0.2
10.3,6,0.3,5.7,217,74,3,71,521.95347,183.84,6.94,176.9,870,195,60,135,8.53,3.44,0,3.44,20,6,1,5,45.76731876,13.618054,5.391714761,8.226339239,212.9,74,3,71,495.57367,183.84,6.94,176.9,1040.5,360,55.5,304.5,25.73,20.64,0,20.64,48.6,36,0.6,35.4,109.8883193,81.708324,1.7011155,80.0072085,298,463,615,LiLaMgWO6Eu0.3
10.4,6,0.4,5.6,217,74,3,71,521.95347,183.84,6.94,176.9,870,195,60,135,8.53,3.44,0,3.44,20,6,1,5,45.76731876,13.618054,5.391714761,8.226339239,219.2,74,3,71,510.77007,183.84,6.94,176.9,1059,360,74,286,25.73,20.64,0,20.64,48.8,36,0.8,35.2,110.4553578,81.708324,2.268154,79.44017,298,463,615,LiLaMgWO6Eu0.4
10.5,6,0.5,5.5,217,74,3,71,521.95347,183.84,6.94,176.9,870,195,60,135,8.53,3.44,0,3.44,20,6,1,5,45.76731876,13.618054,5.391714761,8.226339239,225.5,74,3,71,525.96647,183.84,6.94,176.9,1077.5,360,92.5,267.5,25.73,20.64,0,20.64,49,36,1,35,111.0223963,81.708324,2.8351925,78.8731315,298,463,615,LiLaMgWO6Eu0.5
10,6,0.4,5.6,225,74,8,66,538.0032393,183.84,15.999,167.841,905,195,60,135,8.48,3.44,0,3.44,20,6,1,5,45.5146807,13.618054,5.1390767,8.4789773,204.4,74,11,63,471.2576513,183.84,22.98976928,160.8502307,1016,360,74,286,25.24,20.64,0,20.64,47.6,36,0.8,35.2,107.9719597,81.708324,2.268154,79.44017,298,464,615,NaLa0.6MgWO6Eu0.4
14.01,9,0.01,8.99,265,83,8,75,645.51128,208.9804,15.999,192.9814,750,200,60,140,7.79,3.44,0,3.44,20,6,2,4,39.8183922,13.618054,5.670385,7.947669,422.63,166,0.63,165.37,1012.9872,417.9608,1.51964,416.44116,1351.85,540,1.85,538.15,38.71,30.96,0,30.96,76.02,54,0.02,53.98,157.984229,122.562486,0.05670385,122.5057822,298,465,615,SrBi2Ta2O9Eu0.01
14.02,9,0.02,8.98,265,83,8,75,645.51128,208.9804,15.999,192.9814,750,200,60,140,7.79,3.44,0,3.44,20,6,2,4,39.8183922,13.618054,5.670385,7.947669,423.26,166,1.26,164.74,1014.50684,417.9608,3.03928,414.92152,1353.7,540,3.7,536.3,38.71,30.96,0,30.96,76.04,54,0.04,53.96,158.0409329,122.562486,0.1134077,122.4490783,298,465,615,SrBi2Ta2O9Eu0.02
14.04,9,0.04,8.96,265,83,8,75,645.51128,208.9804,15.999,192.9814,750,200,60,140,7.79,3.44,0,3.44,20,6,2,4,39.8183922,13.618054,5.670385,7.947669,424.52,166,2.52,163.48,1017.54612,417.9608,6.07856,411.88224,1357.4,540,7.4,532.6,38.71,30.96,0,30.96,76.08,54,0.08,53.92,158.1543406,122.562486,0.2268154,122.3356706,298,465,615,SrBi2Ta2O9Eu0.04
14.1,9,0.1,8.9,265,83,8,75,645.51128,208.9804,15.999,192.9814,750,200,60,140,7.79,3.44,0,3.44,20,6,2,4,39.8183922,13.618054,5.670385,7.947669,428.3,166,6.3,159.7,1026.66396,417.9608,15.1964,402.7644,1368.5,540,18.5,521.5,38.71,30.96,0,30.96,76.2,54,0.2,53.8,158.4945637,122.562486,0.5670385,121.9954475,298,465,615,SrBi2Ta2O9Eu0.1
14.2,9,0.2,8.8,265,83,8,75,645.51128,208.9804,15.999,192.9814,750,200,60,140,7.79,3.44,0,3.44,20,6,2,4,39.8183922,13.618054,5.670385,7.947669,434.6,166,12.6,153.4,1041.86036,417.9608,30.3928,387.568,1387,540,37,503,38.71,30.96,0,30.96,76.4,54,0.4,53.6,159.0616022,122.562486,1.134077,121.428409,298,465,615,SrBi2Ta2O9Eu0.2
14.3,9,0.3,8.7,265,83,8,75,645.51128,208.9804,15.999,192.9814,750,200,60,140,7.79,3.44,0,3.44,20,6,2,4,39.8183922,13.618054,5.670385,7.947669,440.9,166,18.9,147.1,1057.05676,417.9608,45.5892,372.3716,1405.5,540,55.5,484.5,38.71,30.96,0,30.96,76.6,54,0.6,53.4,159.6286407,122.562486,1.7011155,120.8613705,298,465,615,SrBi2Ta2O9Eu0.3
14.4,9,0.4,8.6,265,83,8,75,645.51128,208.9804,15.999,192.9814,750,200,60,140,7.79,3.44,0,3.44,20,6,2,4,39.8183922,13.618054,5.670385,7.947669,447.2,166,25.2,140.8,1072.25316,417.9608,60.7856,357.1752,1424,540,74,466,38.71,30.96,0,30.96,76.8,54,0.8,53.2,160.1956792,122.562486,2.268154,120.294332,298,465,615,SrBi2Ta2O9Eu0.4
14.6,9,0.6,8.4,265,83,8,75,645.51128,208.9804,15.999,192.9814,750,200,60,140,7.79,3.44,0,3.44,20,6,2,4,39.8183922,13.618054,5.670385,7.947669,459.8,166,37.8,128.2,1102.64596,417.9608,87.62,330.3408,1461,540,111,429,38.71,30.96,0,30.96,77.2,54,1.2,52.8,161.3297562,122.562486,3.402231,119.160255,298,465,615,SrBi2Ta2O9Eu0.6
18.79,11,0.07,10.93,212,74,8,66,512.1197693,183.84,15.999,167.841,775,215,60,155,6.96,3.44,0,3.44,17,6,1,5,37.5032097,13.618054,5.1390767,8.4789773,470.73,208.32,4.41,203.91,1111.142459,510.85644,10.63748,500.21896,2102.75,799.8,12.95,786.85,46.4108,37.84,0,37.84,87.58,66,0.14,65.86,195.5891244,149.798594,0.39692695,149.4016671,298,465,615,Ba3.72Na2W2O11Eu0.07
10,6,0.5,5.5,224,74,3,71,540.298,183.84,6.94,176.9,855,185,60,125,8.63,3.44,0,3.44,19,6,1,5,46.34021476,13.618054,5.391714761,8.226339239,200.5,74,3,71,465.686,183.84,6.94,176.9,972.5,360,90,270,25.23,20.64,0,20.64,47,36,1,35,108.5203943,81.708324,2.8351925,78.8731315,298,465,615,LiGd0.5MgWO6Eu0.5
10,6,0.4,5.6,199,63,8,55,468.70647,151.964,15.999,135.965,765,195,60,135,7.59,3.44,0,3.44,18,6,2,4,39.5868832,13.618054,5.5769,8.041154,198.4,51,25.2,25.8,442.038882,121.76,60.7856,60.9744,1056,360,74,286,25.35,20.64,0,20.64,47.6,36,0.8,35.2,108.1573174,81.708324,2.268154,79.44017,298,465,615,Ca2La0.6SbO6Eu0.4
10,6,0.1,5.9,199,63,8,55,468.70647,151.964,15.999,135.965,765,195,60,135,7.59,3.44,0,3.44,18,6,2,4,39.5868832,13.618054,5.5769,8.041154,196.6,51.3,6.3,45,438.121323,125.014923,15.1964,109.818523,1059,360,18.5,341.5,25.68,20.64,0,20.64,47.9,36,0.2,35.8,108.1292719,81.708324,0.5670385,81.1412855,298,465,615,Ca2La0.9SbO6Eu0.1
10,6,0.2,5.8,199,63,8,55,468.70647,151.964,15.999,135.965,765,195,60,135,7.59,3.44,0,3.44,18,6,2,4,39.5868832,13.618054,5.5769,8.041154,197.2,51,12.6,38.4,439.427176,121.76,30.3928,91.3672,1058,360,37,323,25.57,20.64,0,20.64,47.8,36,0.4,35.6,108.1386204,81.708324,1.134077,80.574247,298,465,615,Ca2La0.8SbO6Eu0.2
10,6,0.3,5.7,199,63,8,55,468.70647,151.964,15.999,135.965,765,195,60,135,7.59,3.44,0,3.44,18,6,2,4,39.5868832,13.618054,5.5769,8.041154,197.8,51,18.9,32.1,440.733029,121.76,45.5892,76.1708,1057,360,55.5,304.5,25.46,20.64,0,20.64,47.7,36,0.6,35.4,108.1479689,81.708324,1.7011155,80.0072085,298,465,615,Ca2La0.7SbO6Eu0.3
10,6,0.4,5.6,199,63,8,55,468.70647,151.964,15.999,135.965,765,195,60,135,7.59,3.44,0,3.44,18,6,2,4,39.5868832,13.618054,5.5769,8.041154,198.4,51,25.2,25.8,442.038882,121.76,60.7856,60.9744,1056,360,74,286,25.35,20.64,0,20.64,47.6,36,0.8,35.2,108.1573174,81.708324,2.268154,79.44017,298,465,615,Ca2La0.6SbO6Eu0.4
10,6,0.5,5.5,199,63,8,55,468.70647,151.964,15.999,135.965,765,195,60,135,7.59,3.44,0,3.44,18,6,2,4,39.5868832,13.618054,5.5769,8.041154,199,51,28.5,22.5,443.344735,121.76,69.452735,52.307265,1055,360,92.5,267.5,25.24,20.64,0,20.64,47.5,36,1,35,108.1666659,81.708324,2.78845,78.919874,298,465,615,Ca2La0.5SbO6Eu0.5
10,6,0.4,5.6,199,63,8,55,468.70647,151.964,15.999,135.965,765,195,60,135,7.59,3.44,0,3.44,18,6,2,4,39.5868832,13.618054,5.5769,8.041154,199.6,51,22.8,28.2,444.650588,121.76,55.562188,66.197812,1054,360,78,282,25.13,20.64,0,20.64,47.4,36,1.2,34.8,108.1760144,81.708324,2.23076,79.477564,298,465,615,Ca2La0.4SbO6Eu0.6
10,6,0.3,5.7,199,63,8,55,468.70647,151.964,15.999,135.965,765,195,60,135,7.59,3.44,0,3.44,18,6,2,4,39.5868832,13.618054,5.5769,8.041154,200.2,51,17.1,33.9,445.956441,121.76,41.671641,80.088359,1053,360,58.5,301.5,25.02,20.64,0,20.64,47.3,36,0.9,35.1,108.1853629,81.708324,1.67307,80.035254,298,465,615,Ca2La0.3SbO6Eu0.7
10,6,0.2,5.8,199,63,8,55,468.70647,151.964,15.999,135.965,765,195,60,135,7.59,3.44,0,3.44,18,6,2,4,39.5868832,13.618054,5.5769,8.041154,200.8,51,11.4,39.6,447.262294,121.76,27.781094,93.978906,1052,360,39,321,24.91,20.64,0,20.64,47.2,36,0.6,35.4,108.1947114,81.708324,1.11538,80.592944,298,465,615,Ca2La0.2SbO6Eu0.8
10,6,0.05,5.95,247,63,8,55,590.26047,151.964,15.999,135.965,950,215,60,155,8.79,3.44,0,3.44,20,6,2,4,46.331627,13.618054,5.211664,8.40639,224.3,56,3.15,52.85,518.9443965,137.327,7.5982,129.7288,1064.5,360,9.25,350.75,25.935,20.64,0,20.64,47.95,36,0.1,35.9,108.7561863,81.708324,0.28351925,81.42480475,298,465,615,BaLa0.95MgSbO6Eu0.05
10,6,0.05,5.95,288,63,8,55,683.16684,151.964,15.999,135.965,1095,215,60,155,10.39,3.44,0,3.44,25,6,2,4,53.090477,13.618054,5.211664,8.40639,223.3,56,3.15,52.85,516.0590335,137.327,7.5982,129.7288,1064.5,360,9.25,350.75,25.89,20.64,0,20.64,47.95,36,0.1,35.9,108.5712324,81.708324,0.28351925,81.42480475,298,465,615,BaLa0.95MgSb0.9Nb0.1O6Eu0.05
10,6,0.05,5.95,288,63,8,55,683.16684,151.964,15.999,135.965,1095,215,60,155,10.39,3.44,0,3.44,25,6,2,4,53.090477,13.618054,5.211664,8.40639,221.3,56,3.15,52.85,510.2883075,137.327,7.5982,129.7288,1064.5,360,9.25,350.75,25.8,20.64,0,20.64,47.95,36,0.1,35.9,108.2013246,81.708324,0.28351925,81.42480475,298,465,615,BaLa0.95MgSb0.7Nb0.3O6Eu0.05
10,6,0.05,5.95,288,63,8,55,683.16684,151.964,15.999,135.965,1095,215,60,155,10.39,3.44,0,3.44,25,6,2,4,53.090477,13.618054,5.211664,8.40639,219.3,56,3.15,52.85,504.5175815,137.327,7.5982,129.7288,1064.5,360,9.25,350.75,25.71,20.64,0,20.64,47.95,36,0.1,35.9,107.8314168,81.708324,0.28351925,81.42480475,298,465,615,BaLa0.95MgSb0.5Nb0.5O6Eu0.05
10,6,0.05,5.95,288,63,8,55,683.16684,151.964,15.999,135.965,1095,215,60,155,10.39,3.44,0,3.44,25,6,2,4,53.090477,13.618054,5.211664,8.40639,217.3,56,3.15,52.85,498.7468555,137.327,7.5982,129.7288,1064.5,360,9.25,350.75,25.62,20.64,0,20.64,47.95,36,0.1,35.9,107.461509,81.708324,0.28351925,81.42480475,298,465,615,BaLa0.95MgSb0.3Nb0.7O6Eu0.05
10,6,0.05,5.95,288,63,8,55,683.16684,151.964,15.999,135.965,1095,215,60,155,10.39,3.44,0,3.44,25,6,2,4,53.090477,13.618054,5.211664,8.40639,215.3,56,3.15,52.85,492.9761295,137.327,7.5982,129.7288,1064.5,360,9.25,350.75,25.53,20.64,0,20.64,47.95,36,0.1,35.9,107.0916012,81.708324,0.28351925,81.42480475,298,465,615,BaLa0.95MgSb0.1Nb0.9O6Eu0.05
10,6,0.05,5.95,237,63,8,55,561.40684,151.964,15.999,135.965,950,215,60,155,8.34,3.44,0,3.44,20,6,2,4,44.482088,13.618054,5.211664,8.40639,214.3,56,3.15,52.85,490.0907665,137.327,7.5982,129.7288,1064.5,360,9.25,350.75,25.485,20.64,0,20.64,47.95,36,0.1,35.9,106.9066473,81.708324,0.28351925,81.42480475,298,465,615,BaLa0.95MgNbO6Eu0.05
10.002,6,0.002,5.998,195,74,8,66,457.261,183.84,15.999,167.841,695,185,60,125,7.79,3.44,0,3.44,28,12,2,10,42.6598232,13.618054,5.670385,7.947669,192.126,74,0.126,73.874,425.673928,183.84,0.303928,183.536072,990.37,360,0.37,359.63,25.99,20.64,0,20.64,58.004,36,0.004,35.996,111.2042042,81.708324,0.01134077,81.69698323,298,466,615,Ca2ZnWO6Eu0.002
6,4,0.01,3.99,176,74,8,66,414.8707693,183.84,15.999,167.841,740,185,60,125,7.07,3.44,0,3.44,17,6,1,5,38.4047009,13.618054,5.1390767,8.4789773,126.34,74,0.11,73.89,288.8619777,183.84,0.229897693,183.6101023,555.05,240,1.8,238.2,16.4493,13.76,0,13.76,31.99,24,0.01,23.99,68.43523271,54.472216,0.051390767,54.42082523,298,247,616,Na0.01Ca0.98WO4Eu0.01
6,4,0.02,3.98,176,74,8,66,414.8707693,183.84,15.999,167.841,740,185,60,125,7.07,3.44,0,3.44,17,6,1,5,38.4047009,13.618054,5.1390767,8.4789773,126.68,74,0.22,73.78,289.8099554,183.84,0.459795386,183.3802046,555.1,240,3.6,236.4,16.4386,13.76,0,13.76,31.98,24,0.02,23.98,68.42106423,54.472216,0.102781534,54.36943447,298,247,616,Na0.02Ca0.96WO4Eu0.02
6,4,0.03,3.97,176,74,8,66,414.8707693,183.84,15.999,167.841,740,185,60,125,7.07,3.44,0,3.44,17,6,1,5,38.4047009,13.618054,5.1390767,8.4789773,127.02,74,0.33,73.67,290.7579331,183.84,0.689693078,183.1503069,555.15,240,5.4,234.6,16.4279,13.76,0,13.76,31.97,24,0.03,23.97,68.40689574,54.472216,0.154172301,54.3180437,298,247,616,Na0.03Ca0.94WO4Eu0.03
6,4,0.04,3.96,176,74,8,66,414.8707693,183.84,15.999,167.841,740,185,60,125,7.07,3.44,0,3.44,17,6,1,5,38.4047009,13.618054,5.1390767,8.4789773,127.36,74,0.44,73.56,291.7059108,183.84,0.919590771,182.9204092,555.2,240,7.2,232.8,16.4172,13.76,0,13.76,31.96,24,0.04,23.96,68.39272725,54.472216,0.205563068,54.26665293,298,247,616,Na0.04Ca0.92WO4Eu0.04
6,4,0.05,3.95,176,74,8,66,414.8707693,183.84,15.999,167.841,740,185,60,125,7.07,3.44,0,3.44,17,6,1,5,38.4047009,13.618054,5.1390767,8.4789773,127.7,74,0.55,73.45,292.6538885,183.84,1.149488464,182.6905115,555.25,240,9,231,16.4065,13.76,0,13.76,31.95,24,0.05,23.95,68.37855877,54.472216,0.256953835,54.21526217,298,247,616,Na0.05Ca0.9WO4Eu0.05
6,4,0.1,3.9,176,74,8,66,414.8707693,183.84,15.999,167.841,740,185,60,125,7.07,3.44,0,3.44,17,6,1,5,38.4047009,13.618054,5.1390767,8.4789773,129.4,74,1.1,72.9,297.3937769,183.84,2.298976928,181.5410231,555.5,240,18,222,16.353,13.76,0,13.76,31.9,24,0.1,23.9,68.30771633,54.472216,0.51390767,53.95830833,298,247,616,Na0.1Ca0.8WO4Eu0.1
6,4,0.5,3.5,156,74,8,66,374.7927693,183.84,15.999,167.841,560,185,60,125,6.07,3.44,0,3.44,15,6,1,5,32.2915457,13.618054,5.1390767,8.4789773,143,74,5.5,68.5,335.3128846,183.84,11.49488464,172.3451154,557.5,240,90,150,15.925,13.76,0,13.76,31.5,24,0.5,23.5,67.74097685,54.472216,2.56953835,51.90267765,298,247,616,Na0.5WO4Eu0.5
6.07,4,0.07,3.93,147,64,9,55,351.2021724,157.25,18.99840316,138.2515968,595,185,50,135,6.11,3.98,0,3.98,12,7,1,6,34.3820777,17.42282,5.1390767,12.2837433,115.41,64,4.41,59.59,266.8708619,157.25,10.63748,146.61252,572.95,200,12.95,187.05,18.05,15.92,0,15.92,31.14,28,0.14,27.86,81.37707965,69.69128,0.39692695,69.29435305,298,273,616,NaGdF4Eu0.07
14.003,9,0.003,8.997,217,83,8,75,517.71677,208.9804,15.999,192.9814,690,185,60,125,8.48,3.44,0,3.44,22,6,2,4,40.160925,13.618054,5.670385,7.947669,384.189,249,0.189,248.811,912.161462,626.9412,0.455892,626.485308,1305.555,540,0.555,539.445,39.8,30.96,0,30.96,78.006,54,0.006,53.994,158.0230152,122.562486,0.017011155,122.5454748,298,355,616,Bi3TiNbO9Eu0.003
14.035,9,0.035,8.965,217,83,8,75,517.71677,208.9804,15.999,192.9814,690,185,60,125,8.48,3.44,0,3.44,22,6,2,4,40.160925,13.618054,5.670385,7.947669,386.205,249,2.205,246.795,917.02431,626.9412,5.31874,621.62246,1311.475,540,6.475,533.525,39.8,30.96,0,30.96,78.07,54,0.07,53.93,158.2044675,122.562486,0.198463475,122.3640225,298,355,616,Bi3TiNbO9Eu0.035
14.05,9,0.05,8.95,217,83,8,75,517.71677,208.9804,15.999,192.9814,690,185,60,125,8.48,3.44,0,3.44,22,6,2,4,40.160925,13.618054,5.670385,7.947669,387.15,249,3.15,245.85,919.30377,626.9412,7.5982,619.343,1314.25,540,9.25,530.75,39.8,30.96,0,30.96,78.1,54,0.1,53.9,158.2895233,122.562486,0.28351925,122.2789668,298,355,616,Bi3TiNbO9Eu0.05
46.018,28,0.018,27.982,147,63,8,55,327.3845313,151.964,15.999,135.965,840,185,60,125,9.21,3.44,0,3.44,28,12,1,11,50.4215559,13.618054,5.1390767,8.4789773,551.134,224,1.134,222.866,1116.595455,447.972,2.735352,445.236648,4318.33,1680,3.33,1676.67,123.23,96.32,0,96.32,234.036,168,0.036,167.964,524.3660534,381.305512,0.10206693,381.2034451,298,378,616,Ca9NaZnP7O28Eu0.018
46.036,28,0.036,27.964,147,63,8,55,327.3845313,151.964,15.999,135.965,840,185,60,125,9.21,3.44,0,3.44,28,12,1,11,50.4215559,13.618054,5.1390767,8.4789773,552.268,224,2.268,221.732,1119.330807,447.972,5.470704,442.501296,4321.66,1680,6.66,1673.34,123.23,96.32,0,96.32,234.072,168,0.072,167.928,524.4681204,381.305512,0.20413386,381.1013781,298,378,616,Ca9NaZnP7O28Eu0.036
46.054,28,0.054,27.946,147,63,8,55,327.3845313,151.964,15.999,135.965,840,185,60,125,9.21,3.44,0,3.44,28,12,1,11,50.4215559,13.618054,5.1390767,8.4789773,553.402,224,3.402,220.598,1122.066159,447.972,8.206056,439.765944,4324.99,1680,9.99,1670.01,123.23,96.32,0,96.32,234.108,168,0.108,167.892,524.5701873,381.305512,0.30620079,380.9993112,298,378,616,Ca9NaZnP7O28Eu0.054
46.072,28,0.072,27.928,147,63,8,55,327.3845313,151.964,15.999,135.965,840,185,60,125,9.21,3.44,0,3.44,28,12,1,11,50.4215559,13.618054,5.1390767,8.4789773,554.536,224,4.536,219.464,1124.801511,447.972,10.941408,437.030592,4328.32,1680,13.32,1666.68,123.23,96.32,0,96.32,234.144,168,0.144,167.856,524.6722542,381.305512,0.40826772,380.8972443,298,378,616,Ca9NaZnP7O28Eu0.072
46.09,28,0.09,27.91,147,63,8,55,327.3845313,151.964,15.999,135.965,840,185,60,125,9.21,3.44,0,3.44,28,12,1,11,50.4215559,13.618054,5.1390767,8.4789773,555.67,224,5.67,218.33,1127.536863,447.972,13.67676,434.29524,4331.65,1680,16.65,1663.35,123.23,96.32,0,96.32,234.18,168,0.18,167.82,524.7743212,381.305512,0.51033465,380.7951774,298,378,616,Ca9NaZnP7O28Eu0.09
46.099,28,0.027,27.973,212,65,8,57,486.3098813,158.92535,15.999,142.92635,1015,185,60,125,9.21,3.44,0,3.44,30,12,1,11,56.2853559,13.618054,5.1390767,8.4789773,556.291,224,1.755,222.245,1129.092496,447.972,4.29098445,443.6810156,4333.045,1680,4.725,1675.275,123.23,96.32,0,96.32,234.198,168,0.054,167.946,524.8305768,381.305512,0.1583226,381.1471894,298,378,616,Ca9NaZnP7O28Eu0.072Tb0.027
46.126,28,0.054,27.946,212,65,8,57,486.3098813,158.92535,15.999,142.92635,1015,185,60,125,9.21,3.44,0,3.44,30,12,1,11,56.2853559,13.618054,5.1390767,8.4789773,558.046,224,3.51,220.49,1133.38348,447.972,8.5819689,439.3900311,4337.77,1680,9.45,1670.55,123.23,96.32,0,96.32,234.252,168,0.108,167.892,524.9888994,381.305512,0.3166452,380.9888668,298,378,616,Ca9NaZnP7O28Eu0.072Tb0.054
46.153,28,0.072,27.928,212,65,8,57,486.3098813,158.92535,15.999,142.92635,1015,185,60,125,9.21,3.44,0,3.44,30,12,1,11,56.2853559,13.618054,5.1390767,8.4789773,559.801,224,4.536,219.464,1137.674465,447.972,10.941408,437.030592,4342.495,1680,13.32,1666.68,123.23,96.32,0,96.32,234.306,168,0.144,167.856,525.147222,381.305512,0.40826772,380.8972443,298,378,616,Ca9NaZnP7O28Eu0.072Tb0.081
46.153,28,0.072,27.928,212,65,8,57,486.3098813,158.92535,15.999,142.92635,1015,185,60,125,9.21,3.44,0,3.44,30,12,1,11,56.2853559,13.618054,5.1390767,8.4789773,559.801,224,4.536,219.464,1137.674465,447.972,10.941408,437.030592,4342.495,1680,13.32,1666.68,123.23,96.32,0,96.32,234.306,168,0.144,167.856,525.147222,381.305512,0.40826772,380.8972443,325,378,616,Ca9NaZnP7O28Eu0.072Tb0.081
46.153,28,0.072,27.928,212,65,8,57,486.3098813,158.92535,15.999,142.92635,1015,185,60,125,9.21,3.44,0,3.44,30,12,1,11,56.2853559,13.618054,5.1390767,8.4789773,559.801,224,4.536,219.464,1137.674465,447.972,10.941408,437.030592,4342.495,1680,13.32,1666.68,123.23,96.32,0,96.32,234.306,168,0.144,167.856,525.147222,381.305512,0.40826772,380.8972443,350,378,616,Ca9NaZnP7O28Eu0.072Tb0.081
46.153,28,0.072,27.928,212,65,8,57,486.3098813,158.92535,15.999,142.92635,1015,185,60,125,9.21,3.44,0,3.44,30,12,1,11,56.2853559,13.618054,5.1390767,8.4789773,559.801,224,4.536,219.464,1137.674465,447.972,10.941408,437.030592,4342.495,1680,13.32,1666.68,123.23,96.32,0,96.32,234.306,168,0.144,167.856,525.147222,381.305512,0.40826772,380.8972443,375,378,616,Ca9NaZnP7O28Eu0.072Tb0.081
46.153,28,0.072,27.928,212,65,8,57,486.3098813,158.92535,15.999,142.92635,1015,185,60,125,9.21,3.44,0,3.44,30,12,1,11,56.2853559,13.618054,5.1390767,8.4789773,559.801,224,4.536,219.464,1137.674465,447.972,10.941408,437.030592,4342.495,1680,13.32,1666.68,123.23,96.32,0,96.32,234.306,168,0.144,167.856,525.147222,381.305512,0.40826772,380.8972443,400,378,616,Ca9NaZnP7O28Eu0.072Tb0.081
46.153,28,0.072,27.928,212,65,8,57,486.3098813,158.92535,15.999,142.92635,1015,185,60,125,9.21,3.44,0,3.44,30,12,1,11,56.2853559,13.618054,5.1390767,8.4789773,559.801,224,4.536,219.464,1137.674465,447.972,10.941408,437.030592,4342.495,1680,13.32,1666.68,123.23,96.32,0,96.32,234.306,168,0.144,167.856,525.147222,381.305512,0.40826772,380.8972443,425,378,616,Ca9NaZnP7O28Eu0.072Tb0.081
46.153,28,0.072,27.928,212,65,8,57,486.3098813,158.92535,15.999,142.92635,1015,185,60,125,9.21,3.44,0,3.44,30,12,1,11,56.2853559,13.618054,5.1390767,8.4789773,559.801,224,4.536,219.464,1137.674465,447.972,10.941408,437.030592,4342.495,1680,13.32,1666.68,123.23,96.32,0,96.32,234.306,168,0.144,167.856,525.147222,381.305512,0.40826772,380.8972443,450,378,616,Ca9NaZnP7O28Eu0.072Tb0.081
46.153,28,0.072,27.928,212,65,8,57,486.3098813,158.92535,15.999,142.92635,1015,185,60,125,9.21,3.44,0,3.44,30,12,1,11,56.2853559,13.618054,5.1390767,8.4789773,559.801,224,4.536,219.464,1137.674465,447.972,10.941408,437.030592,4342.495,1680,13.32,1666.68,123.23,96.32,0,96.32,234.306,168,0.144,167.856,525.147222,381.305512,0.40826772,380.8972443,475,378,616,Ca9NaZnP7O28Eu0.072Tb0.081
12,5,0.01,4.99,139,63,8,55,318.0145385,151.964,15.999,135.965,670,200,60,140,9.16,3.44,0,3.44,20,7,2,5,43.9367046,13.618054,5.670385,7.947669,214.25,113.62,0.63,112.99,468.361517,261.9838,1.51964,260.46416,1349.85,598,1.85,596.15,29.5805,17.2,0,17.2,56,30,0.02,29.98,123.0814236,68.09027,0.05670385,68.03356615,298,393,616,Sr2.99Al2O5Cl2Eu0.01
11.05,6,0.05,5.95,162,63,5,58,381.48,151.964,10.81,141.154,680,215,60,155,8.02,3.44,0,3.44,25,12,2,10,42.192321,13.618054,5.211664,8.40639,203.15,112,3.15,108.85,465.2462,274.654,7.5982,267.0558,1104.25,430,9.25,420.75,28.15,20.64,0,20.64,58.1,36,0.1,35.9,118.4054083,81.708324,0.28351925,81.42480475,298,393,616,Ba2ZnB2O6Eu0.05
11.95,7,0.1,6.9,136,63,8,55,305.849,151.964,15.999,135.965,665,185,60,125,8.15,3.44,0,3.44,17,6,2,4,39.552579,13.618054,5.670385,7.947669,175.3,62,6.3,55.7,368.8647,139.446,15.1964,124.2496,1141.5,420,18.5,401.5,31.45,24.08,0,24.08,55.9,42,0.2,41.8,127.3530402,95.326378,0.5670385,94.7593395,298,393,616,Ca1.85Ga2SiO7Eu0.1
10,6,0.05,5.95,180,63,8,55,420.11547,151.964,15.999,135.965,715,195,60,135,7.73,3.44,0,3.44,27,12,2,10,41.087658,13.618054,5.5769,8.041154,214.3,111.15,3.15,108,487.7048665,270.8656665,7.5982,263.2674665,1024.5,380.25,9.25,371,25.975,20.64,0,20.64,57.95,36,0.1,35.9,109.0891173,81.708324,0.28351925,81.42480475,298,394,616,La1.95ZnTiO6Eu0.05
10,6,0.1,5.9,180,63,8,55,420.11547,151.964,15.999,135.965,715,195,60,135,7.73,3.44,0,3.44,27,12,2,10,41.087658,13.618054,5.5769,8.041154,214.6,108.3,6.3,102,488.357793,263.920393,15.1964,248.723993,1024,370.5,18.5,352,25.92,20.64,0,20.64,57.9,36,0.2,35.8,109.0937915,81.708324,0.5670385,81.1412855,298,394,616,La1.9ZnTiO6Eu0.1
10,6,0.2,5.8,180,63,8,55,420.11547,151.964,15.999,135.965,715,195,60,135,7.73,3.44,0,3.44,27,12,2,10,41.087658,13.618054,5.5769,8.041154,215.2,102.6,12.6,90,489.663646,250.029846,30.3928,219.637046,1023,360,37,323,25.81,20.64,0,20.64,57.8,36,0.4,35.6,109.10314,81.708324,1.134077,80.574247,298,394,616,La1.8ZnTiO6Eu0.2
10,6,0.3,5.7,180,63,8,55,420.11547,151.964,15.999,135.965,715,195,60,135,7.73,3.44,0,3.44,27,12,2,10,41.087658,13.618054,5.5769,8.041154,215.8,96.9,18.9,78,490.969499,236.139299,45.5892,190.550099,1022,360,55.5,304.5,25.7,20.64,0,20.64,57.7,36,0.6,35.4,109.1124885,81.708324,1.7011155,80.0072085,298,394,616,La1.7ZnTiO6Eu0.3
10,6,0.4,5.6,180,63,8,55,420.11547,151.964,15.999,135.965,715,195,60,135,7.73,3.44,0,3.44,27,12,2,10,41.087658,13.618054,5.5769,8.041154,216.4,91.2,22,69.2,492.275352,222.248752,47.867,174.381752,1021,360,74,286,25.59,20.64,0,20.64,57.6,36,0.8,35.2,109.121837,81.708324,2.268154,79.44017,298,394,616,La1.6ZnTiO6Eu0.4
10.3,6,0.3,5.7,207,74,8,66,488.0036093,183.84,15.999,167.841,890,185,60,125,8.6,3.44,0,3.44,20,6,1,5,46.1550407,13.618054,5.1390767,8.4789773,202.9,74,11,63,461.6238093,183.84,22.98976928,160.8502307,1060.5,360,55.5,304.5,25.8,20.64,0,20.64,48.6,36,0.6,35.4,110.2760412,81.708324,1.7011155,80.0072085,298,394,616,NaYMgWO6Eu0.3
9.99,6,0.01,5.99,143,63,8,55,335.641,151.964,15.999,135.965,565,185,60,125,6.54,3.44,0,3.44,16,6,2,4,34.4112542,13.618054,5.670385,7.947669,160.23,59.6,0.63,58.97,344.54608,127.6,1.51964,126.08036,1038.25,536.4,1.85,534.55,25.72,20.64,0,20.64,47.98,36,0.02,35.98,108.9918903,81.708324,0.05670385,81.65162015,298,394,616,Ca2.98TeO6Eu0.01
9.9,6,0.1,5.9,143,63,8,55,335.641,151.964,15.999,135.965,565,185,60,125,6.54,3.44,0,3.44,16,6,2,4,34.4112542,13.618054,5.670385,7.947669,162.3,56,6.3,49.7,351.0088,127.6,15.1964,112.4036,1022.5,504,18.5,485.5,25.54,20.64,0,20.64,47.8,36,0.2,35.8,108.4018571,81.708324,0.5670385,81.1412855,298,394,616,Ca2.8TeO6Eu0.1
9.8,6,0.2,5.8,143,63,8,55,335.641,151.964,15.999,135.965,565,185,60,125,6.54,3.44,0,3.44,16,6,2,4,34.4112542,13.618054,5.670385,7.947669,164.6,52,12.6,39.4,358.1896,127.6,30.3928,97.2072,1005,468,37,431,25.34,20.64,0,20.64,47.6,36,0.4,35.6,107.7462645,81.708324,1.134077,80.574247,298,394,616,Ca2.6TeO6Eu0.2
6,4,0.1,3.9,166,83,9,74,402.9325724,208.9804,18.99840316,189.9819968,575,185,50,135,6.81,3.98,0,3.98,15,7,1,6,35.5177977,17.42282,5.1390767,12.2837433,128,74.7,6.3,68.4,302.2621419,188.08236,15.1964,172.88596,542.5,200,18.5,181.5,18.56,15.92,0,15.92,33.7,28,0.2,27.8,81.9543596,69.69128,0.5670385,69.1242415,298,394,616,NaBi0.9F4Eu0.1
6,4,0.2,3.8,166,83,9,74,402.9325724,208.9804,18.99840316,189.9819968,575,185,50,135,6.81,3.98,0,3.98,15,7,1,6,35.5177977,17.42282,5.1390767,12.2837433,126,66.4,11,55.4,296.5605019,167.18432,22.98976928,144.1945507,545,200,37,163,18.37,15.92,0,15.92,33.4,28,0.4,27.6,81.7928465,69.69128,1.134077,68.557203,298,394,616,NaBi0.8F4Eu0.2
6,4,0.4,3.6,166,83,9,74,402.9325724,208.9804,18.99840316,189.9819968,575,185,50,135,6.81,3.98,0,3.98,15,7,1,6,35.5177977,17.42282,5.1390767,12.2837433,122,49.8,11,38.8,285.1572219,125.38824,22.98976928,102.3984707,550,200,74,126,17.99,15.92,0,15.92,32.8,28,0.8,27.2,81.4698203,69.69128,2.268154,67.423126,298,394,616,NaBi0.6F4Eu0.4
6,4,0.4,3.6,166,83,9,74,402.9325724,208.9804,18.99840316,189.9819968,575,185,50,135,6.81,3.98,0,3.98,15,7,1,6,35.5177977,17.42282,5.1390767,12.2837433,118,37.8,11,26.8,273.7539419,91.1784,22.98976928,68.18863072,555,200,64,136,17.61,15.92,0,15.92,32.2,28,1,27,81.1467941,69.69128,2.9142064,66.7770736,298,394,616,NaBi0.4F4Eu0.6
6,4,0.3,3.7,166,83,9,74,402.9325724,208.9804,18.99840316,189.9819968,575,185,50,135,6.81,3.98,0,3.98,15,7,1,6,35.5177977,17.42282,5.1390767,12.2837433,116,44.1,11,33.1,268.0523019,106.3748,22.98976928,83.38503072,557.5,200,48,152,17.42,15.92,0,15.92,31.9,28,1,27,80.985281,69.69128,2.1856548,67.5056252,298,394,616,NaBi0.3F4Eu0.7
16,9,0.01,8.99,125,63,5,58,289.3827693,151.964,10.81,141.154,710,200,60,140,7.36,3.44,0,3.44,14,6,1,5,38.4204019,13.618054,5.1390767,8.4789773,146.25,72,0.63,71.37,309.2942093,143.991,1.51964,142.47136,1344.85,540,1.85,538.15,43.0305,30.96,0,30.96,72,54,0.02,53.98,174.8862801,122.562486,0.05670385,122.5057822,298,394,616,NaSr0.99B5O9Eu0.01
16,9,0.03,8.97,125,63,5,58,289.3827693,151.964,10.81,141.154,710,200,60,140,7.36,3.44,0,3.44,14,6,1,5,38.4204019,13.618054,5.1390767,8.4789773,146.75,72,1.89,70.11,310.5810893,143.991,4.55892,139.43208,1344.55,540,5.55,534.45,43.0115,30.96,0,30.96,72,54,0.06,53.94,174.8857904,122.562486,0.17011155,122.3923745,298,394,616,NaSr0.97B5O9Eu0.03
16,9,0.05,8.95,125,63,5,58,289.3827693,151.964,10.81,141.154,710,200,60,140,7.36,3.44,0,3.44,14,6,1,5,38.4204019,13.618054,5.1390767,8.4789773,147.25,72,3.15,68.85,311.8679693,143.991,7.5982,136.3928,1344.25,540,9.25,530.75,42.9925,30.96,0,30.96,72,54,0.1,53.9,174.8853008,122.562486,0.28351925,122.2789668,298,394,616,NaSr0.95B5O9Eu0.05
16,9,0.07,8.93,125,63,5,58,289.3827693,151.964,10.81,141.154,710,200,60,140,7.36,3.44,0,3.44,14,6,1,5,38.4204019,13.618054,5.1390767,8.4789773,147.75,72,4.41,67.59,313.1548493,143.991,10.63748,133.35352,1343.95,540,12.95,527.05,42.9735,30.96,0,30.96,72,54,0.14,53.86,174.8848111,122.562486,0.39692695,122.1655591,298,394,616,NaSr0.93B5O9Eu0.07
16,9,0.09,8.91,125,63,5,58,289.3827693,151.964,10.81,141.154,710,200,60,140,7.36,3.44,0,3.44,14,6,1,5,38.4204019,13.618054,5.1390767,8.4789773,148.25,72,5.67,66.33,314.4417293,143.991,13.67676,130.31424,1343.65,540,16.65,523.35,42.9545,30.96,0,30.96,72,54,0.18,53.82,174.8843215,122.562486,0.51033465,122.0521514,298,394,616,NaSr0.91B5O9Eu0.09
42,24,0.05,23.95,151,63,8,55,355.2621652,151.964,15.999,135.965,610,215,50,165,10.5,3.98,0,3.98,22,7,2,5,52.409609,17.42282,5.211664,12.211156,860.35,557.2,3.15,554.05,1981.817228,1366.40365,7.5982,1358.80545,4288.5,2139.25,9.25,2130,112.5155,82.56,0,82.56,208,144,0.1,143.9,476.7386281,326.833296,0.28351925,326.5497768,298,394,616,Ba9.95F2P6O24Eu0.05
42,24,0.07,23.93,151,63,8,55,355.2621652,151.964,15.999,135.965,610,215,50,165,10.5,3.98,0,3.98,22,7,2,5,52.409609,17.42282,5.211664,12.211156,860.49,556.08,4.41,551.67,1982.109968,1363.65711,10.63748,1353.01963,4287.9,2134.95,12.95,2122,112.4977,82.56,0,82.56,208,144,0.14,143.86,476.7478025,326.833296,0.39692695,326.4363691,298,394,616,Ba9.93F2P6O24Eu0.07
42,24,0.1,23.9,151,63,8,55,355.2621652,151.964,15.999,135.965,610,215,50,165,10.5,3.98,0,3.98,22,7,2,5,52.409609,17.42282,5.211664,12.211156,860.7,554.4,6.3,548.1,1982.549078,1359.5373,15.1964,1344.3409,4287,2128.5,18.5,2110,112.471,82.56,0,82.56,208,144,0.2,143.8,476.7615641,326.833296,0.5670385,326.2662575,298,394,616,Ba9.9F2P6O24Eu0.1
42,24,0.2,23.8,151,63,8,55,355.2621652,151.964,15.999,135.965,610,215,50,165,10.5,3.98,0,3.98,22,7,2,5,52.409609,17.42282,5.211664,12.211156,861.4,548.8,12.6,536.2,1984.012778,1345.8046,30.3928,1315.4118,4284,2107,37,2070,112.382,82.56,0,82.56,208,144,0.4,143.6,476.8074362,326.833296,1.134077,325.699219,298,394,616,Ba9.8F2P6O24Eu0.2
42,24,0.3,23.7,151,63,8,55,355.2621652,151.964,15.999,135.965,610,215,50,165,10.5,3.98,0,3.98,22,7,2,5,52.409609,17.42282,5.211664,12.211156,862.1,543.2,18,525.2,1985.476478,1332.0719,37.99680633,1294.075094,4281,2085.5,55.5,2030,112.293,82.56,0,82.56,208,144,0.6,143.4,476.8533083,326.833296,1.7011155,325.1321805,298,394,616,Ba9.7F2P6O24Eu0.3
42,24,0.4,23.6,151,63,8,55,355.2621652,151.964,15.999,135.965,610,215,50,165,10.5,3.98,0,3.98,22,7,2,5,52.409609,17.42282,5.211664,12.211156,862.8,537.6,18,519.6,1986.940178,1318.3392,37.99680633,1280.342394,4278,2064,74,1990,112.204,82.56,0,82.56,208,144,0.8,143.2,476.8991804,326.833296,2.268154,324.565142,298,394,616,Ba9.6F2P6O24Eu0.4
42,24,0.5,23.5,151,63,8,55,355.2621652,151.964,15.999,135.965,610,215,50,165,10.5,3.98,0,3.98,22,7,2,5,52.409609,17.42282,5.211664,12.211156,863.5,532,18,514,1988.403878,1304.6065,37.99680633,1266.609694,4275,2042.5,92.5,1950,112.115,82.56,0,82.56,208,144,1,143,476.9450525,326.833296,2.8351925,323.9981035,298,394,616,Ba9.5F2P6O24Eu0.5
42,24,0.7,23.3,151,63,8,55,355.2621652,151.964,15.999,135.965,610,215,50,165,10.5,3.98,0,3.98,22,7,2,5,52.409609,17.42282,5.211664,12.211156,864.9,520.8,18,502.8,1991.331278,1277.1411,37.99680633,1239.144294,4269,1999.5,100,1899.5,111.937,82.56,0,82.56,208,144,1.4,142.6,477.0367967,326.833296,3.9692695,322.8640265,298,394,616,Ba9.3F2P6O24Eu0.7
42,24,1,23,151,63,8,55,355.2621652,151.964,15.999,135.965,610,215,50,165,10.5,3.98,0,3.98,22,7,2,5,52.409609,17.42282,5.211664,12.211156,867,504,18,486,1995.722378,1235.943,37.99680633,1197.946194,4260,1935,100,1835,111.67,82.56,0,82.56,208,144,2,142,477.174413,326.833296,5.670385,321.162911,298,394,616,Ba9F2P6O24Eu1
6,4,0.125,3.875,188,64,8,56,444.1527693,157.25,15.999,141.251,750,185,60,125,7.73,3.44,0,3.44,17,6,1,5,37.6697417,13.618054,5.1390767,8.4789773,111.375,42,5.5,36.5,249.4051346,95.95,11.49488464,84.45511536,565.625,240,23.125,216.875,16.835,13.76,0,13.76,31.5,24,0.25,23.75,67.14915598,54.472216,0.708798125,53.76341788,298,394,616,Na0.5Gd0.375MoO4Eu0.125
11,7,0.09,6.91,258,74,8,66,628.03547,183.84,15.999,167.841,790,215,60,155,7.13,3.44,0,3.44,19,6,2,4,37.941033,13.618054,5.211664,8.40639,300.54,108.87,5.67,103.2,712.1462077,265.3094477,13.67676,251.6326877,1159.1,420,16.65,403.35,28.771,24.08,0,24.08,55.91,42,0.18,41.82,119.5642857,95.326378,0.51033465,94.81604335,298,394,616,BaLa1.91WO7Eu0.09
11,7,0.005,6.995,341,83,8,75,837.01587,208.9804,15.999,192.9814,950,215,60,155,9.03,3.44,0,3.44,24,6,2,4,45.226549,13.618054,5.211664,8.40639,300.67,108.585,0.415,108.17,712.4965824,264.6149204,1.044902,263.5700184,1158.925,420,0.8,419.2,28.775,24.08,0,24.08,55.92,42,0.025,41.975,119.5728287,95.326378,0.03642758,95.28995042,298,394,616,BaLa1.905WO7Eu0.09Bi0.005
11,7,0.01,6.99,341,83,8,75,837.01587,208.9804,15.999,192.9814,950,215,60,155,9.03,3.44,0,3.44,24,6,2,4,45.226549,13.618054,5.211664,8.40639,300.8,108.3,0.83,107.47,712.846957,263.920393,2.089804,261.830589,1158.75,420,1.6,418.4,28.779,24.08,0,24.08,55.93,42,0.05,41.95,119.5813718,95.326378,0.07285516,95.25352284,298,394,616,BaLa1.9WO7Eu0.09Bi0.01
11,7,0.02,6.98,341,83,8,75,837.01587,208.9804,15.999,192.9814,950,215,60,155,9.03,3.44,0,3.44,24,6,2,4,45.226549,13.618054,5.211664,8.40639,301.06,107.73,1.66,106.07,713.5477063,262.5313383,4.179608,258.3517303,1158.4,420,3.2,416.8,28.787,24.08,0,24.08,55.95,42,0.1,41.9,119.598458,95.326378,0.14571032,95.18066768,298,394,616,BaLa1.89WO7Eu0.09Bi0.02
11,7,0.03,6.97,341,83,8,75,837.01587,208.9804,15.999,192.9814,950,215,60,155,9.03,3.44,0,3.44,24,6,2,4,45.226549,13.618054,5.211664,8.40639,301.32,107.16,2.49,104.67,714.2484556,261.1422836,6.269412,254.8728716,1158.05,420,4.8,415.2,28.795,24.08,0,24.08,55.97,42,0.15,41.85,119.6155441,95.326378,0.21856548,95.10781252,298,394,616,BaLa1.88WO7Eu0.09Bi0.03
11,7,0.04,6.96,341,83,8,75,837.01587,208.9804,15.999,192.9814,950,215,60,155,9.03,3.44,0,3.44,24,6,2,4,45.226549,13.618054,5.211664,8.40639,301.58,106.59,3.32,103.27,714.9492049,259.7532289,8.359216,251.3940129,1157.7,420,6.4,413.6,28.803,24.08,0,24.08,55.99,42,0.18,41.82,119.6326303,95.326378,0.29142064,95.03495736,298,394,616,BaLa1.87WO7Eu0.09Bi0.04
26,16,1,15,156,74,8,66,374.7927693,183.84,15.999,167.841,560,185,60,125,6.07,3.44,0,3.44,15,6,1,5,32.2915457,13.618054,5.1390767,8.4789773,542,296,55,241,1258.256846,735.36,114.9488464,620.4111536,2585,960,185,775,66.49,55.04,0,55.04,127,96,2,94,280.7107525,217.888864,5.670385,212.218479,298,395,616,Na5W4O16Eu1
10,6,0.05,5.95,191,63,8,55,444.619,151.964,15.999,135.965,725,185,60,125,8.27,3.44,0,3.44,18,6,2,4,39.7963384,13.618054,5.670385,7.947669,188.7,51,3.15,47.85,414.5853,121.76,7.5982,114.1618,1021.5,360,9.25,350.75,26.381,20.64,0,20.64,47.95,36,0.1,35.9,108.3235801,81.708324,0.28351925,81.42480475,298,395,616,Ca2In0.95SbO6Eu0.05
10,6,0.1,5.9,191,63,8,55,444.619,151.964,15.999,135.965,725,185,60,125,8.27,3.44,0,3.44,18,6,2,4,39.7963384,13.618054,5.670385,7.947669,189.4,51,6.3,44.7,416.4426,121.76,15.1964,106.5636,1023,360,18.5,341.5,26.292,20.64,0,20.64,47.9,36,0.2,35.8,108.3177816,81.708324,0.5670385,81.1412855,298,395,616,Ca2In0.9SbO6Eu0.1
10,6,0.2,5.8,191,63,8,55,444.619,151.964,15.999,135.965,725,185,60,125,8.27,3.44,0,3.44,18,6,2,4,39.7963384,13.618054,5.670385,7.947669,190.8,51,12.6,38.4,420.1572,121.76,30.3928,91.3672,1026,360,37,323,26.114,20.64,0,20.64,47.8,36,0.4,35.6,108.3061846,81.708324,1.134077,80.574247,298,395,616,Ca2In0.8SbO6Eu0.2
10,6,0.4,5.6,191,63,8,55,444.619,151.964,15.999,135.965,725,185,60,125,8.27,3.44,0,3.44,18,6,2,4,39.7963384,13.618054,5.670385,7.947669,193.6,51,25.2,25.8,427.5864,121.76,60.7856,60.9744,1032,360,74,286,25.758,20.64,0,20.64,47.6,36,0.8,35.2,108.2829905,81.708324,2.268154,79.44017,298,395,616,Ca2In0.6SbO6Eu0.4
10,6,0.4,5.6,191,63,8,55,444.619,151.964,15.999,135.965,725,185,60,125,8.27,3.44,0,3.44,18,6,2,4,39.7963384,13.618054,5.670385,7.947669,196.4,51,19.6,31.4,435.0156,121.76,45.9272,75.8328,1038,360,62,298,25.402,20.64,0,20.64,47.4,36,1.2,34.8,108.2597965,81.708324,2.31454208,79.39378192,298,395,616,Ca2In0.4SbO6Eu0.6
10,6,0.2,5.8,191,63,8,55,444.619,151.964,15.999,135.965,725,185,60,125,8.27,3.44,0,3.44,18,6,2,4,39.7963384,13.618054,5.670385,7.947669,199.2,51,9.8,41.2,442.4448,121.76,22.9636,98.7964,1044,360,31,329,25.046,20.64,0,20.64,47.2,36,0.6,35.4,108.2366024,81.708324,1.15727104,80.55105296,298,395,616,Ca2In0.2SbO6Eu0.8
10,6,1,5,142,63,8,55,329.801,151.964,15.999,135.965,570,185,60,125,6.49,3.44,0,3.44,15,6,2,4,34.0099832,13.618054,5.670385,7.947669,202,63,40,23,449.874,151.964,80.156,71.808,1050,360,145,215,24.69,20.64,0,20.64,47,36,2,34,108.2134084,81.708324,5.670385,76.037939,298,395,616,Ca2SbO6Eu1
6.05,4,0.05,3.95,143,63,8,55,329.293,151.964,15.999,135.965,525,185,60,125,7.25,3.44,0,3.44,26,12,2,10,35.775068,13.618054,5.670385,7.947669,107.15,42,3.15,38.85,232.9242,95.95,7.5982,88.3518,529.25,240,9.25,230.75,17.57,13.76,0,13.76,42.1,24,0.1,23.9,71.24236425,54.472216,0.28351925,54.18869675,298,395,616,ZnMoO4Eu0.05
6,4,0.05,3.95,155,63,8,55,353.598,151.964,15.999,135.965,675,185,60,125,8.56,3.44,0,3.44,28,12,2,10,43.421303,13.618054,5.670385,7.947669,103.85,42,1.2,40.8,225.5477,95.95,2.4305,93.5195,524,240,9.25,230.75,17.4535,13.76,0,13.76,40.5,24,0.1,23.9,70.5978579,54.472216,0.28351925,54.18869675,298,395,616,Mg0.10Zn0.85MoO4Eu0.05
6,4,0.05,3.95,155,63,8,55,353.598,151.964,15.999,135.965,675,185,60,125,8.56,3.44,0,3.44,28,12,2,10,43.421303,13.618054,5.670385,7.947669,102.05,42,2.4,39.6,221.4402,95.95,4.861,91.089,525.5,240,9.25,230.75,17.4195,13.76,0,13.76,39.5,24,0.1,23.9,70.4230615,54.472216,0.28351925,54.18869675,298,395,616,Mg0.20Zn0.75MoO4Eu0.05
6,4,0.05,3.95,155,63,8,55,353.598,151.964,15.999,135.965,675,185,60,125,8.56,3.44,0,3.44,28,12,2,10,43.421303,13.618054,5.670385,7.947669,100.25,42,3.15,38.85,217.3327,95.95,7.2915,88.6585,527,240,9.25,230.75,17.3855,13.76,0,13.76,38.5,24,0.1,23.9,70.2482651,54.472216,0.28351925,54.18869675,298,395,616,Mg0.30Zn0.65MoO4Eu0.05
6,4,0.05,3.95,155,63,8,55,353.598,151.964,15.999,135.965,675,185,60,125,8.56,3.44,0,3.44,28,12,2,10,43.421303,13.618054,5.670385,7.947669,98.45,42,3.15,38.85,213.2252,95.95,7.5982,88.3518,528.5,240,9.25,230.75,17.3515,13.76,0,13.76,37.5,24,0.1,23.9,70.0734687,54.472216,0.28351925,54.18869675,298,395,616,Mg0.40Zn0.55MoO4Eu0.05
6,4,0.01,3.99,238,83,8,75,562.5784,208.9804,15.999,192.9814,835,185,60,125,10.46,3.44,0,3.44,33,12,2,10,50.706819,13.618054,5.670385,7.947669,104.38,42,0.83,41.17,226.983704,95.95,2.089804,93.860196,524.25,240,1.6,238.4,17.456,13.76,0,13.76,40.43,24,0.05,23.95,70.57677107,54.472216,0.07285516,54.39936084,298,395,616,Mg0.10Zn0.84MoO4Eu0.05Bi0.01
6,4,0.03,3.97,238,83,8,75,562.5784,208.9804,15.999,192.9814,835,185,60,125,10.46,3.44,0,3.44,33,12,2,10,50.706819,13.618054,5.670385,7.947669,105.44,42,1.2,40.8,229.855712,95.95,2.4305,93.5195,524.75,240,4.8,235.2,17.461,13.76,0,13.76,40.29,24,0.1,23.9,70.53459741,54.472216,0.21856548,54.25365052,298,395,616,Mg0.10Zn0.82MoO4Eu0.05Bi0.03
6,4,0.05,3.95,238,83,8,75,562.5784,208.9804,15.999,192.9814,835,185,60,125,10.46,3.44,0,3.44,33,12,2,10,50.706819,13.618054,5.670385,7.947669,106.5,42,1.2,40.8,232.72772,95.95,2.4305,93.5195,525.25,240,8,232,17.466,13.76,0,13.76,40.15,24,0.1,23.9,70.49242375,54.472216,0.28351925,54.18869675,298,395,616,Mg0.10Zn0.8MoO4Eu0.05Bi0.05
13,8,0.2,7.8,210,71,8,63,492.8433313,174.9668,15.999,158.9678,845,185,60,125,9.72,3.44,0,3.44,22,6,1,5,47.4325027,13.618054,5.1390767,8.4789773,212.4,64,12.6,51.4,471.2615406,139.97344,30.3928,109.58064,1262,480,37,443,34.53,27.52,0,27.52,63,48,0.4,47.6,142.2764752,108.944432,1.134077,107.810355,298,396,616,Na2Lu0.8MoO8PEu0.2
13,8,0.4,7.6,210,71,8,63,492.8433313,174.9668,15.999,158.9678,845,185,60,125,9.72,3.44,0,3.44,22,6,1,5,47.4325027,13.618054,5.1390767,8.4789773,210.8,64,15,49,466.6609806,127.992,30.973762,97.018238,1264,480,74,406,34.33,27.52,0,27.52,63,48,0.8,47.2,142.325378,108.944432,2.268154,106.676278,298,396,616,Na2Lu0.6MoO8PEu0.4
13,8,0.5,7.5,210,71,8,63,492.8433313,174.9668,15.999,158.9678,845,185,60,125,9.72,3.44,0,3.44,22,6,1,5,47.4325027,13.618054,5.1390767,8.4789773,210,64,15,49,464.3607006,127.992,30.973762,97.018238,1265,480,87.5,392.5,34.23,27.52,0,27.52,63,48,1,47,142.3498294,108.944432,2.7129355,106.2314965,298,396,616,Na2Lu0.5MoO8PEu0.5
13,8,0.4,7.6,210,71,8,63,492.8433313,174.9668,15.999,158.9678,845,185,60,125,9.72,3.44,0,3.44,22,6,1,5,47.4325027,13.618054,5.1390767,8.4789773,209.2,64,15,49,462.0604206,127.992,30.973762,97.018238,1266,480,70,410,34.13,27.52,0,27.52,63,48,0.8,47.2,142.3742808,108.944432,2.1703484,106.7740836,298,396,616,Na2Lu0.4MoO8PEu0.6
13,8,0.2,7.8,210,71,8,63,492.8433313,174.9668,15.999,158.9678,845,185,60,125,9.72,3.44,0,3.44,22,6,1,5,47.4325027,13.618054,5.1390767,8.4789773,207.6,64,14.2,49.8,457.4598606,127.992,30.973762,97.018238,1268,480,35,445,33.93,27.52,0,27.52,63,48,0.4,47.6,142.4231836,108.944432,1.0851742,107.8592578,298,396,616,Na2Lu0.2MoO8PEu0.8
10,6,0.2,5.8,235,73,8,65,563.95568,180.94788,15.999,164.94888,745,185,60,125,6.94,3.44,0,3.44,17,6,2,4,38.3770352,13.618054,5.425871,8.192183,230.4,73,12.6,60.4,527.46412,180.94788,30.3928,150.55508,1042,360,37,323,24.94,20.64,0,20.64,47,36,0.4,35.6,106.9589782,81.708324,1.134077,80.574247,298,396,616,Ca2Lu0.8TaO6Eu0.2
10,6,0.3,5.7,235,73,8,65,563.95568,180.94788,15.999,164.94888,745,185,60,125,6.94,3.44,0,3.44,17,6,2,4,38.3770352,13.618054,5.425871,8.192183,229.6,73,18.9,54.1,525.16384,180.94788,45.5892,135.35868,1043,360,55.5,304.5,24.84,20.64,0,20.64,47,36,0.6,35.4,106.9834296,81.708324,1.7011155,80.0072085,298,396,616,Ca2Lu0.7TaO6Eu0.3
10,6,0.4,5.6,235,73,8,65,563.95568,180.94788,15.999,164.94888,745,185,60,125,6.94,3.44,0,3.44,17,6,2,4,38.3770352,13.618054,5.425871,8.192183,228.8,73,25.2,47.8,522.86356,180.94788,60.7856,120.16228,1044,360,74,286,24.74,20.64,0,20.64,47,36,0.8,35.2,107.007881,81.708324,2.268154,79.44017,298,396,616,Ca2Lu0.6TaO6Eu0.4
10,6,0.5,5.5,235,73,8,65,563.95568,180.94788,15.999,164.94888,745,185,60,125,6.94,3.44,0,3.44,17,6,2,4,38.3770352,13.618054,5.425871,8.192183,228,73,31.5,41.5,520.56328,180.94788,75.982,104.96588,1045,360,87.5,272.5,24.64,20.64,0,20.64,47,36,1,35,107.0323324,81.708324,2.7129355,78.9953885,298,396,616,Ca2Lu0.5TaO6Eu0.5
10,6,0.4,5.6,235,73,8,65,563.95568,180.94788,15.999,164.94888,745,185,60,125,6.94,3.44,0,3.44,17,6,2,4,38.3770352,13.618054,5.425871,8.192183,227.2,73,28.4,44.6,518.263,180.94788,69.98672,110.96116,1046,360,70,290,24.54,20.64,0,20.64,47,36,0.8,35.2,107.0567838,81.708324,2.1703484,79.5379756,298,396,616,Ca2Lu0.4TaO6Eu0.6
10,6,0.3,5.7,235,73,8,65,563.95568,180.94788,15.999,164.94888,745,185,60,125,6.94,3.44,0,3.44,17,6,2,4,38.3770352,13.618054,5.425871,8.192183,226.4,73,21.3,51.7,515.96272,180.94788,52.49004,128.45784,1047,360,52.5,307.5,24.44,20.64,0,20.64,47,36,0.6,35.4,107.0812352,81.708324,1.6277613,80.0805627,298,396,616,Ca2Lu0.3TaO6Eu0.7
10,6,0.2,5.8,235,73,8,65,563.95568,180.94788,15.999,164.94888,745,185,60,125,6.94,3.44,0,3.44,17,6,2,4,38.3770352,13.618054,5.425871,8.192183,225.6,73,14.2,58.8,513.66244,180.94788,34.99336,145.95452,1048,360,35,325,24.34,20.64,0,20.64,47,36,0.4,35.6,107.1056866,81.708324,1.0851742,80.6231498,298,396,616,Ca2Lu0.2TaO6Eu0.8
10,6,0.2,5.8,203,71,8,63,475.91417,174.9668,15.999,158.9678,745,185,60,125,7.04,3.44,0,3.44,17,6,2,4,37.5863152,13.618054,5.425871,8.192183,198.4,56.8,12.6,44.2,439.42261,139.97344,30.3928,109.58064,1042,360,37,323,25.04,20.64,0,20.64,47,36,0.4,35.6,106.1682582,81.708324,1.134077,80.574247,298,396,616,Ca2Lu0.8NbO6Eu0.2
10,6,0.3,5.7,203,71,8,63,475.91417,174.9668,15.999,158.9678,745,185,60,125,7.04,3.44,0,3.44,17,6,2,4,37.5863152,13.618054,5.425871,8.192183,197.6,49.7,18.9,30.8,437.12233,122.47676,45.5892,76.88756,1043,360,55.5,304.5,24.94,20.64,0,20.64,47,36,0.6,35.4,106.1927096,81.708324,1.7011155,80.0072085,298,396,616,Ca2Lu0.7NbO6Eu0.3
10,6,0.4,5.6,203,71,8,63,475.91417,174.9668,15.999,158.9678,745,185,60,125,7.04,3.44,0,3.44,17,6,2,4,37.5863152,13.618054,5.425871,8.192183,196.8,48,25.2,22.8,434.82205,104.98008,60.7856,44.19448,1044,360,74,286,24.84,20.64,0,20.64,47,36,0.8,35.2,106.217161,81.708324,2.268154,79.44017,298,396,616,Ca2Lu0.6NbO6Eu0.4
10,6,0.5,5.5,203,71,8,63,475.91417,174.9668,15.999,158.9678,745,185,60,125,7.04,3.44,0,3.44,17,6,2,4,37.5863152,13.618054,5.425871,8.192183,196,48,31.5,16.5,432.52177,95.994,75.982,20.012,1045,360,87.5,272.5,24.74,20.64,0,20.64,47,36,1,35,106.2416124,81.708324,2.7129355,78.9953885,298,396,616,Ca2Lu0.5NbO6Eu0.5
10,6,0.4,5.6,203,71,8,63,475.91417,174.9668,15.999,158.9678,745,185,60,125,7.04,3.44,0,3.44,17,6,2,4,37.5863152,13.618054,5.425871,8.192183,195.2,48,28.4,19.6,430.22149,95.994,69.98672,26.00728,1046,360,70,290,24.64,20.64,0,20.64,47,36,0.8,35.2,106.2660638,81.708324,2.1703484,79.5379756,298,396,616,Ca2Lu0.4NbO6Eu0.6
10,6,0.3,5.7,203,71,8,63,475.91417,174.9668,15.999,158.9678,745,185,60,125,7.04,3.44,0,3.44,17,6,2,4,37.5863152,13.618054,5.425871,8.192183,194.4,48,21.3,26.7,427.92121,106.3748,52.49004,53.88476,1047,360,52.5,307.5,24.54,20.64,0,20.64,47,36,0.6,35.4,106.2905152,81.708324,1.6277613,80.0805627,298,396,616,Ca2Lu0.3NbO6Eu0.7
10,6,0.2,5.8,203,71,8,63,475.91417,174.9668,15.999,158.9678,745,185,60,125,7.04,3.44,0,3.44,17,6,2,4,37.5863152,13.618054,5.425871,8.192183,193.6,50.4,14.2,36.2,425.62093,121.5712,34.99336,86.57784,1048,360,35,325,24.44,20.64,0,20.64,47,36,0.4,35.6,106.3149666,81.708324,1.0851742,80.6231498,298,396,616,Ca2Lu0.2NbO6Eu0.8
29,17,0.02,16.98,260,71,5,66,629.97227,174.9668,10.81,164.1568,915,215,60,155,8.47,3.44,0,3.44,18,6,2,4,43.800893,13.618054,5.211664,8.40639,626.92,346.48,1.14,345.34,1472.499493,853.837984,2.7781094,851.0598746,2751.4,1020,3.9,1016.1,75.362,58.48,0,58.48,131.02,102,0.06,101.94,310.577168,231.506918,0.111538,231.39538,298,396,616,Ba2Lu4.88La0.02B5O17Eu0.1
29,17,0.02,16.98,260,71,5,66,629.97227,174.9668,10.81,164.1568,915,215,60,155,8.47,3.44,0,3.44,18,6,2,4,43.800893,13.618054,5.211664,8.40639,625.32,332.28,1.14,331.14,1467.898933,818.844624,2.7781094,816.0665146,2753.4,1020,3.9,1016.1,75.162,58.48,0,58.48,131.02,102,0.06,101.94,310.6260708,231.506918,0.111538,231.39538,298,396,616,Ba2Lu4.68La0.02B5O17Eu0.3
29,17,0.02,16.98,260,71,5,66,629.97227,174.9668,10.81,164.1568,915,215,60,155,8.47,3.44,0,3.44,18,6,2,4,43.800893,13.618054,5.211664,8.40639,623.72,318.08,1.14,316.94,1463.298373,783.851264,2.7781094,781.0731546,2755.4,1020,3.9,1016.1,74.962,58.48,0,58.48,131.02,102,0.06,101.94,310.6749736,231.506918,0.111538,231.39538,298,396,616,Ba2Lu4.48La0.02B5O17Eu0.5
29,17,0.02,16.98,260,71,5,66,629.97227,174.9668,10.81,164.1568,915,215,60,155,8.47,3.44,0,3.44,18,6,2,4,43.800893,13.618054,5.211664,8.40639,622.92,310.98,1.14,309.84,1460.998093,766.354584,2.7781094,763.5764746,2756.4,1020,3.9,1016.1,74.862,58.48,0,58.48,131.02,102,0.06,101.94,310.699425,231.506918,0.111538,231.39538,298,396,616,Ba2Lu4.38La0.02B5O17Eu0.6
29,17,0.02,16.98,260,71,5,66,629.97227,174.9668,10.81,164.1568,915,215,60,155,8.47,3.44,0,3.44,18,6,2,4,43.800893,13.618054,5.211664,8.40639,622.12,303.88,1.14,302.74,1458.697813,748.857904,2.7781094,746.0797946,2757.4,1020,3.9,1016.1,74.762,58.48,0,58.48,131.02,102,0.06,101.94,310.7238764,231.506918,0.111538,231.39538,298,396,616,Ba2Lu4.28La0.02B5O17Eu0.7
29,17,0.02,16.98,260,71,5,66,629.97227,174.9668,10.81,164.1568,915,215,60,155,8.47,3.44,0,3.44,18,6,2,4,43.800893,13.618054,5.211664,8.40639,620.52,289.68,1.14,288.54,1454.097253,713.864544,2.7781094,711.0864346,2759.4,1020,3.9,1016.1,74.562,58.48,0,58.48,131.02,102,0.06,101.94,310.7727792,231.506918,0.111538,231.39538,298,396,616,Ba2Lu4.08La0.02B5O17Eu0.9
29,17,0.02,16.98,260,71,5,66,629.97227,174.9668,10.81,164.1568,915,215,60,155,8.47,3.44,0,3.44,18,6,2,4,43.800893,13.618054,5.211664,8.40639,619.72,282.58,1.14,281.44,1451.796973,696.367864,2.7781094,693.5897546,2760.4,1020,3.9,1016.1,74.462,58.48,0,58.48,131.02,102,0.06,101.94,310.7972306,231.506918,0.111538,231.39538,298,396,616,Ba2Lu3.98La0.02B5O17Eu1
5,3,0.05,2.95,113,63,8,55,255.908,151.964,15.999,135.965,565,185,60,125,5.98,3.44,0,3.44,14,6,2,4,32.2297142,13.618054,5.670385,7.947669,68.15,24,3.15,20.85,141.5363,47.997,7.5982,40.3988,500.25,180,9.25,170.75,12.81,10.32,0,10.32,24,18,0.1,17.9,53.77329869,40.854162,0.28351925,40.57064275,298,397,616,Ca0.95TiO3Eu0.05
5,3,0.1,2.9,113,63,8,55,255.908,151.964,15.999,135.965,565,185,60,125,5.98,3.44,0,3.44,14,6,2,4,32.2297142,13.618054,5.670385,7.947669,70.3,24,6.3,17.7,147.1306,47.997,15.1964,32.8006,500.5,180,18.5,161.5,12.76,10.32,0,10.32,24,18,0.2,17.8,53.75116018,40.854162,0.5670385,40.2871235,298,397,616,Ca0.9TiO3Eu0.1
5,3,0.15,2.85,113,63,8,55,255.908,151.964,15.999,135.965,565,185,60,125,5.98,3.44,0,3.44,14,6,2,4,32.2297142,13.618054,5.670385,7.947669,72.45,24,9.45,14.55,152.7249,47.997,22.7946,25.2024,500.75,180,27.75,152.25,12.71,10.32,0,10.32,24,18,0.3,17.7,53.72902167,40.854162,0.85055775,40.00360425,298,397,616,Ca0.85TiO3Eu0.15
5,3,0.2,2.8,113,63,8,55,255.908,151.964,15.999,135.965,565,185,60,125,5.98,3.44,0,3.44,14,6,2,4,32.2297142,13.618054,5.670385,7.947669,74.6,24,12.6,11.4,158.3192,47.997,30.3928,17.6042,501,180,37,143,12.66,10.32,0,10.32,24,18,0.4,17.6,53.70688316,40.854162,1.134077,39.720085,298,397,616,Ca0.8TiO3Eu0.2
5,3,0.005,2.995,126,63,8,55,282.8895385,151.964,15.999,135.965,690,185,60,125,7.59,3.44,0,3.44,17,6,2,4,38.2154826,13.618054,5.670385,7.947669,68.105,24,0.065,23.935,141.4318727,47.997,0.134907693,47.86209231,500.175,180,0.625,179.375,12.81035,10.32,0,10.32,23.995,18,0.015,17.985,53.76908693,40.854162,0.029928842,40.82423316,298,397,616,Ca0.95Ti0.995O3Eu0.05Al0.005
5,3,0.01,2.99,126,63,8,55,282.8895385,151.964,15.999,135.965,690,185,60,125,7.59,3.44,0,3.44,17,6,2,4,38.2154826,13.618054,5.670385,7.947669,68.06,24,0.13,23.87,141.3274454,47.997,0.269815385,47.72718462,500.1,180,1.25,178.75,12.8107,10.32,0,10.32,23.99,18,0.03,17.97,53.76487517,40.854162,0.059857684,40.79430432,298,397,616,Ca0.95Ti0.99O3Eu0.05Al0.01
5,3,0.03,2.97,126,63,8,55,282.8895385,151.964,15.999,135.965,690,185,60,125,7.59,3.44,0,3.44,17,6,2,4,38.2154826,13.618054,5.670385,7.947669,67.88,24,0.39,23.61,140.9097362,47.997,0.809446155,47.18755385,499.8,180,3.75,176.25,12.8121,10.32,0,10.32,23.97,18,0.09,17.91,53.74802814,40.854162,0.179573052,40.67458895,298,397,616,Ca0.95Ti0.97O3Eu0.05Al0.03
5,3,0.05,2.95,126,63,8,55,282.8895385,151.964,15.999,135.965,690,185,60,125,7.59,3.44,0,3.44,17,6,2,4,38.2154826,13.618054,5.670385,7.947669,67.7,24,0.65,23.35,140.4920269,47.997,1.349076925,46.64792308,499.5,180,6.25,173.75,12.8135,10.32,0,10.32,23.95,18,0.1,17.9,53.73118111,40.854162,0.28351925,40.57064275,298,397,616,Ca0.95Ti0.95O3Eu0.05Al0.05
4.995,3,0.01,2.99,113,63,8,55,255.908,151.964,15.999,135.965,565,185,60,125,5.98,3.44,0,3.44,14,6,2,4,32.2297142,13.618054,5.670385,7.947669,66.33,24,0.63,23.37,136.86047,47.997,1.51964,46.47736,499.15,180,1.85,178.15,12.845,10.32,0,10.32,23.99,18,0.02,17.98,53.76044372,40.854162,0.05670385,40.79745815,298,397,616,Ca0.985TiO3Eu0.01
4.975,3,0.05,2.95,113,63,8,55,255.908,151.964,15.999,135.965,565,185,60,125,5.98,3.44,0,3.44,14,6,2,4,32.2297142,13.618054,5.670385,7.947669,67.65,24,3.15,20.85,140.53435,47.997,7.5982,40.3988,495.75,180,9.25,170.75,12.785,10.32,0,10.32,23.95,18,0.1,17.9,53.62046981,40.854162,0.28351925,40.57064275,298,397,616,Ca0.925TiO3Eu0.05
4.95,3,0.1,2.9,113,63,8,55,255.908,151.964,15.999,135.965,565,185,60,125,5.98,3.44,0,3.44,14,6,2,4,32.2297142,13.618054,5.670385,7.947669,69.3,24,6.3,17.7,145.1267,47.997,15.1964,32.8006,491.5,180,18.5,161.5,12.71,10.32,0,10.32,23.9,18,0.2,17.8,53.44550242,40.854162,0.5670385,40.2871235,298,397,616,Ca0.85TiO3Eu0.1
4.925,3,0.15,2.85,113,63,8,55,255.908,151.964,15.999,135.965,565,185,60,125,5.98,3.44,0,3.44,14,6,2,4,32.2297142,13.618054,5.670385,7.947669,70.95,24,9.45,14.55,149.71905,47.997,22.7946,25.2024,487.25,180,27.75,152.25,12.635,10.32,0,10.32,23.85,18,0.3,17.7,53.27053503,40.854162,0.85055775,40.00360425,298,397,616,Ca0.775TiO3Eu0.15
4.9,3,0.2,2.8,113,63,8,55,255.908,151.964,15.999,135.965,565,185,60,125,5.98,3.44,0,3.44,14,6,2,4,32.2297142,13.618054,5.670385,7.947669,72.6,24,12.6,11.4,154.3114,47.997,28.0546,19.9424,483,180,37,143,12.56,10.32,0,10.32,23.8,18,0.4,17.6,53.09556764,40.854162,1.134077,39.720085,298,397,616,Ca0.7TiO3Eu0.2
4.85,3,0.3,2.7,113,63,8,55,255.908,151.964,15.999,135.965,565,185,60,125,5.98,3.44,0,3.44,14,6,2,4,32.2297142,13.618054,5.670385,7.947669,75.9,24,11,13,163.4961,47.997,22.0429,25.9541,474.5,180,55.5,124.5,12.41,10.32,0,10.32,23.7,18,0.6,17.4,52.74563286,40.854162,1.7011155,39.1530465,298,397,616,Ca0.55TiO3Eu0.3
5,3,0.01,2.99,116,63,3,60,262.848,151.964,6.94,145.024,710,185,60,125,6.96,3.44,0,3.44,15,6,1,5,37.62142896,13.618054,5.391714761,8.226339239,66.26,24,0.03,23.97,136.72948,47.997,0.0694,47.9276,499.7,180,1.45,178.55,12.8498,10.32,0,10.32,23.99,18,0.01,17.99,53.78379509,40.854162,0.053917148,40.80024485,298,397,616,Ca0.98TiO3Li0.01Eu0.01
5,3,0.05,2.95,116,63,3,60,262.848,151.964,6.94,145.024,710,185,60,125,6.96,3.44,0,3.44,15,6,1,5,37.62142896,13.618054,5.391714761,8.226339239,67.3,24,0.15,23.85,139.8794,47.997,0.347,47.65,498.5,180,7.25,172.75,12.809,10.32,0,10.32,23.95,18,0.05,17.95,53.73722667,40.854162,0.269585738,40.58457626,298,397,616,Ca0.9TiO3Li0.05Eu0.05
5,3,0.1,2.9,116,63,3,60,262.848,151.964,6.94,145.024,710,185,60,125,6.96,3.44,0,3.44,15,6,1,5,37.62142896,13.618054,5.391714761,8.226339239,68.6,24,0.3,23.7,143.8168,47.997,0.694,47.303,497,180,14.5,165.5,12.758,10.32,0,10.32,23.9,18,0.1,17.9,53.67901614,40.854162,0.539171476,40.31499052,298,397,616,Ca0.8TiO3Li0.1Eu0.1
5,3,0.15,2.85,116,63,3,60,262.848,151.964,6.94,145.024,710,185,60,125,6.96,3.44,0,3.44,15,6,1,5,37.62142896,13.618054,5.391714761,8.226339239,69.9,24,0.45,23.55,147.7542,47.997,1.041,46.956,495.5,180,21.75,158.25,12.707,10.32,0,10.32,23.85,18,0.15,17.85,53.6208056,40.854162,0.808757214,40.04540479,298,397,616,Ca0.7TiO3Li0.15Eu0.15
5,3,0.2,2.8,116,63,3,60,262.848,151.964,6.94,145.024,710,185,60,125,6.96,3.44,0,3.44,15,6,1,5,37.62142896,13.618054,5.391714761,8.226339239,71.2,24,0.6,23.4,151.6916,47.997,1.388,46.609,494,180,29,151,12.656,10.32,0,10.32,23.8,18,0.2,17.8,53.56259507,40.854162,1.078342952,39.77581905,298,397,616,Ca0.6TiO3Li0.2Eu0.2
5,3,0.3,2.7,116,63,3,60,262.848,151.964,6.94,145.024,710,185,60,125,6.96,3.44,0,3.44,15,6,1,5,37.62142896,13.618054,5.391714761,8.226339239,73.8,24,0.9,23.1,159.5664,47.997,2.082,45.915,491,180,43.5,136.5,12.554,10.32,0,10.32,23.7,18,0.3,17.7,53.44617401,40.854162,1.617514428,39.23664757,298,397,616,Ca0.4TiO3Li0.3Eu0.3
4.964,3,0.05,2.95,142,63,8,55,322.9574393,151.964,15.999,135.965,790,220,60,160,6.79,3.44,0,3.44,15,6,1,5,35.52702924,13.618054,4.34066354,9.27739046,81.86,41,3.15,37.85,176.8758177,92.90637,7.5982,85.30817,517.05,180,9.25,170.75,12.71975,10.32,0,10.32,24.014,18,0.1,17.9,52.22877254,40.854162,0.28351925,40.57064275,298,465,616,K0.457Na0.457NbO3Eu0.05
5,3,0.005,2.995,225,83,8,75,531.9378393,208.9804,15.999,192.9814,950,220,60,160,8.69,3.44,0,3.44,20,6,1,5,42.81254524,13.618054,4.34066354,9.27739046,82.74,41,0.415,40.585,178.8830847,92.90637,1.044902,91.861468,524.05,180,0.8,179.2,12.756375,10.32,0,10.32,24.07,18,0.025,17.975,52.41213609,40.854162,0.03642758,40.81773442,298,465,616,K0.4725Na0.4725NbO3Eu0.05Bi0.005
5,3,0.015,2.985,225,83,8,75,531.9378393,208.9804,15.999,192.9814,950,220,60,160,8.69,3.44,0,3.44,20,6,1,5,42.81254524,13.618054,4.34066354,9.27739046,83.42,41,1.245,39.755,180.6624484,92.90637,3.134706,89.771664,523.65,180,2.4,177.6,12.766625,10.32,0,10.32,24.11,18,0.075,17.925,52.43759255,40.854162,0.10928274,40.74487926,298,465,616,K0.4675Na0.4675NbO3Eu0.05Bi0.015
5,3,0.025,2.975,225,83,8,75,531.9378393,208.9804,15.999,192.9814,950,220,60,160,8.69,3.44,0,3.44,20,6,1,5,42.81254524,13.618054,4.34066354,9.27739046,84.1,41,2.075,38.925,182.441812,92.90637,5.22451,87.68186,523.25,180,4,176,12.776875,10.32,0,10.32,24.15,18,0.1,17.9,52.46304901,40.854162,0.1821379,40.6720241,298,465,616,K0.4625Na0.4625NbO3Eu0.05Bi0.025
5,3,0.04,2.96,225,83,8,75,531.9378393,208.9804,15.999,192.9814,950,220,60,160,8.69,3.44,0,3.44,20,6,1,5,42.81254524,13.618054,4.34066354,9.27739046,85.12,41,3.15,37.85,185.1108575,92.90637,7.5982,85.30817,522.65,180,6.4,173.6,12.79225,10.32,0,10.32,24.21,18,0.1,17.9,52.5012337,40.854162,0.28351925,40.57064275,298,465,616,K0.455Na0.455NbO3Eu0.05Bi0.04
5,3,0.05,2.95,225,83,8,75,531.9378393,208.9804,15.999,192.9814,950,220,60,160,8.69,3.44,0,3.44,20,6,1,5,42.81254524,13.618054,4.34066354,9.27739046,85.8,41,3.15,37.85,186.8902212,92.90637,7.5982,85.30817,522.25,180,8,172,12.8025,10.32,0,10.32,24.25,18,0.1,17.9,52.52669016,40.854162,0.28351925,40.57064275,298,465,616,K0.45Na0.45NbO3Eu0.05Bi0.05
5,3,0.05,2.95,225,83,8,75,531.9378393,208.9804,15.999,192.9814,950,220,60,160,8.69,3.44,0,3.44,20,6,1,5,42.81254524,13.618054,4.34066354,9.27739046,87.16,41,3.15,37.85,190.4489485,92.90637,7.5982,85.30817,521.45,180,9.25,170.75,12.823,10.32,0,10.32,24.33,18,0.1,17.9,52.57760308,40.854162,0.28351925,40.57064275,298,465,616,K0.44Na0.44NbO3Eu0.05Bi0.07
5,3,0.05,2.95,225,83,8,75,531.9378393,208.9804,15.999,192.9814,950,220,60,160,8.69,3.44,0,3.44,20,6,1,5,42.81254524,13.618054,4.34066354,9.27739046,89.2,41,3.15,37.85,195.7870394,92.90637,7.5982,85.30817,520.25,180,9.25,170.75,12.85375,10.32,0,10.32,24.45,18,0.1,17.9,52.65397245,40.854162,0.28351925,40.57064275,298,465,616,K0.425Na0.425NbO3Eu0.05Bi0.1
5,3,0.05,2.95,225,83,8,75,531.9378393,208.9804,15.999,192.9814,950,220,60,160,8.69,3.44,0,3.44,20,6,1,5,42.81254524,13.618054,4.34066354,9.27739046,92.6,41,3.15,37.85,204.6838577,92.90637,7.5982,85.30817,518.25,180,9.25,170.75,12.905,10.32,0,10.32,24.65,18,0.1,17.9,52.78125475,40.854162,0.28351925,40.57064275,298,465,616,K0.4Na0.4NbO3Eu0.05Bi0.15
10,6,0.4,5.6,247,83,3,80,599.1034,208.9804,6.94,202.0404,890,200,60,140,9.37,3.44,0,3.44,22,6,1,5,46.67019696,13.618054,5.391714761,8.226339239,216,52,3,49,504.32784,127.6,6.94,120.66,1015,360,74,286,25.81,20.64,0,20.64,48.8,36,0.8,35.2,108.4440296,81.708324,2.268154,79.44017,298,465,616,LiSrBi0.6TeO6Eu0.4
17.05,9,0.05,8.95,160,63,8,55,372.4733,151.964,15.999,135.965,790,220,60,160,7.05,3.44,0,3.44,15,6,1,5,36.99244954,13.618054,4.34066354,9.27739046,249.15,76,3.15,72.85,529.5644,156.3932,7.5982,148.795,1974.25,880,9.25,870.75,40.83,30.96,0,30.96,72.1,54,0.1,53.9,169.8753724,122.562486,0.28351925,122.2789668,300,266,616.5,K4BaSi3O9Eu0.05
17.05,9,0.05,8.95,160,63,8,55,372.4733,151.964,15.999,135.965,790,220,60,160,7.05,3.44,0,3.44,15,6,1,5,36.99244954,13.618054,4.34066354,9.27739046,249.15,76,3.15,72.85,529.5644,156.3932,7.5982,148.795,1974.25,880,9.25,870.75,40.83,30.96,0,30.96,72.1,54,0.1,53.9,169.8753724,122.562486,0.28351925,122.2789668,300,266,616.5,K4BaSi3O9Eu0.05
17.05,9,0.05,8.95,142,63,8,55,322.7663,151.964,15.999,135.965,775,220,60,160,7.11,3.44,0,3.44,15,6,1,5,37.47565274,13.618054,4.34066354,9.27739046,231.15,76,3.15,72.85,479.8574,156.3932,7.5982,148.795,1959.25,880,9.25,870.75,40.89,30.96,0,30.96,72.1,54,0.1,53.9,170.3585756,122.562486,0.28351925,122.2789668,298,266,616.5,K4SrSi3O9Eu0.05
17.05,9,0.05,8.95,160,63,8,55,372.4733,151.964,15.999,135.965,790,220,60,160,7.05,3.44,0,3.44,15,6,1,5,36.99244954,13.618054,4.34066354,9.27739046,249.15,76,3.15,72.85,529.5644,156.3932,7.5982,148.795,1974.25,880,9.25,870.75,40.83,30.96,0,30.96,72.1,54,0.1,53.9,169.8753724,122.562486,0.28351925,122.2789668,300,395,616.5,K4BaSi3O9Eu0.05
17.05,9,0.05,8.95,160,63,8,55,372.4733,151.964,15.999,135.965,790,220,60,160,7.05,3.44,0,3.44,15,6,1,5,36.99244954,13.618054,4.34066354,9.27739046,249.15,76,3.15,72.85,529.5644,156.3932,7.5982,148.795,1974.25,880,9.25,870.75,40.83,30.96,0,30.96,72.1,54,0.1,53.9,169.8753724,122.562486,0.28351925,122.2789668,300,395,616.5,K4BaSi3O9Eu0.05
17.01,12,0.01,11.99,166,74,8,66,396.758908,183.84,15.999,167.841,540,185,60,125,6.5,3.44,0,3.44,17,6,2,4,33.713959,13.618054,5.670385,7.947669,360.63,222,0.63,221.37,834.939456,551.52,1.51964,550.00036,1446.85,720,1.85,718.15,49.1,41.28,0,41.28,96.02,72,0.02,71.98,200.1884219,163.416648,0.05670385,163.3599442,298,264,617,Sc2W3O12Eu0.01
17.03,12,0.03,11.97,166,74,8,66,396.758908,183.84,15.999,167.841,540,185,60,125,6.5,3.44,0,3.44,17,6,2,4,33.713959,13.618054,5.670385,7.947669,361.89,222,1.89,220.11,837.978736,551.52,4.55892,546.96108,1450.55,720,5.55,714.45,49.1,41.28,0,41.28,96.06,72,0.06,71.94,200.3018296,163.416648,0.17011155,163.2465365,298,264,617,Sc2W3O12Eu0.03
17.05,12,0.05,11.95,166,74,8,66,396.758908,183.84,15.999,167.841,540,185,60,125,6.5,3.44,0,3.44,17,6,2,4,33.713959,13.618054,5.670385,7.947669,363.15,222,3.15,218.85,841.018016,551.52,7.5982,543.9218,1454.25,720,9.25,710.75,49.1,41.28,0,41.28,96.1,72,0.1,71.9,200.4152373,163.416648,0.28351925,163.1331288,298,264,617,Sc2W3O12Eu0.05
17.15,12,0.15,11.85,166,74,8,66,396.758908,183.84,15.999,167.841,540,185,60,125,6.5,3.44,0,3.44,17,6,2,4,33.713959,13.618054,5.670385,7.947669,369.45,222,9.45,212.55,856.214416,551.52,22.7946,528.7254,1472.75,720,27.75,692.25,49.1,41.28,0,41.28,96.3,72,0.3,71.7,200.9822758,163.416648,0.85055775,162.5660903,298,264,617,Sc2W3O12Eu0.15
17.3,12,0.3,11.7,166,74,8,66,396.758908,183.84,15.999,167.841,540,185,60,125,6.5,3.44,0,3.44,17,6,2,4,33.713959,13.618054,5.670385,7.947669,378.9,222,18.9,203.1,879.009016,551.52,45.5892,505.9308,1500.5,720,55.5,664.5,49.1,41.28,0,41.28,96.6,72,0.6,71.4,201.8328335,163.416648,1.7011155,161.7155325,298,264,617,Sc2W3O12Eu0.3
6.05,4,0.05,3.95,151,63,8,55,351.533,151.964,15.999,135.965,590,200,60,140,6.55,3.44,0,3.44,16,6,2,4,32.0757362,13.618054,5.670385,7.947669,115.15,42,3.15,38.85,255.1642,95.95,7.5982,88.3518,594.25,240,9.25,230.75,16.87,13.76,0,13.76,32.1,24,0.1,23.9,67.54303245,54.472216,0.28351925,54.18869675,298,272,617,SrMoO4Eu0.05
12.05,8,0.05,7.95,212,74,3,71,515.993,183.84,6.94,176.9,705,185,60,125,7.32,3.44,0,3.44,17,6,1,5,38.69397976,13.618054,5.391714761,8.226339239,282.15,148,3,145,667.4602,367.68,6.94,360.74,1084.25,480,9.25,470.75,33.1,27.52,0,27.52,63.1,48,0.1,47.9,136.497522,108.944432,0.28351925,108.6609128,298,275,617,LiGdW2O8Eu0.05
6.04,4,0.04,3.96,165,74,8,66,391.881,183.84,15.999,167.841,560,185,60,125,6.14,3.44,0,3.44,16,6,2,4,33.2656242,13.618054,5.670385,7.947669,128.52,74,2.52,71.48,293.99256,183.84,6.07856,177.76144,562.4,240,7.4,232.6,16.46,13.76,0,13.76,32.08,24,0.08,23.92,68.6762166,54.472216,0.2268154,54.2454006,298,276,617,CaWO4Eu0.04
6.04,4,0.04,3.96,165,74,8,66,391.881,183.84,15.999,167.841,560,185,60,125,6.14,3.44,0,3.44,16,6,2,4,33.2656242,13.618054,5.670385,7.947669,128.52,74,2.52,71.48,293.99256,183.84,6.07856,177.76144,562.4,240,7.4,232.6,16.46,13.76,0,13.76,32.08,24,0.08,23.92,68.6762166,54.472216,0.2268154,54.2454006,298,276,617,CaWO4Eu0.04
6.08,4,0.08,3.92,165,74,8,66,391.881,183.84,15.999,167.841,560,185,60,125,6.14,3.44,0,3.44,16,6,2,4,33.2656242,13.618054,5.670385,7.947669,131.04,74,5.04,68.96,300.07112,183.84,12.15712,171.68288,569.8,240,14.8,225.2,16.46,13.76,0,13.76,32.16,24,0.16,23.84,68.903032,54.472216,0.4536308,54.0185852,298,276,617,CaWO4Eu0.08
6.12,4,0.12,3.88,165,74,8,66,391.881,183.84,15.999,167.841,560,185,60,125,6.14,3.44,0,3.44,16,6,2,4,33.2656242,13.618054,5.670385,7.947669,133.56,74,7.56,66.44,306.14968,183.84,18.23568,165.60432,577.2,240,22.2,217.8,16.46,13.76,0,13.76,32.24,24,0.24,23.76,69.1298474,54.472216,0.6804462,53.7917698,298,276,617,CaWO4Eu0.12
7,4,0.3,3.7,176,64,8,56,412.1783,157.25,15.999,141.251,785,220,60,160,7,3.44,0,3.44,15,6,1,5,36.60701854,13.618054,4.34066354,9.27739046,136.7,44.8,18.9,25.9,306.6255,110.075,39.0983,70.9767,781.5,240,55.5,184.5,16.96,13.76,0,13.76,31,24,0.6,23.4,71.64697224,54.472216,1.7011155,52.7711005,298,286,617,KGd0.7TiO4Eu0.3
7,4,0.3,3.7,168,64,8,56,396.0697693,157.25,15.999,141.251,745,185,60,125,7.11,3.44,0,3.44,15,6,1,5,37.4054317,13.618054,5.1390767,8.4789773,128.7,44.8,11,33.8,290.5169693,110.075,22.98976928,87.08523072,741.5,240,55.5,184.5,17.07,13.76,0,13.76,31,24,0.6,23.4,72.4453854,54.472216,1.7011155,52.7711005,298,287,617,NaGd0.7TiO4Eu0.3
7,4,0.3,3.7,143,63,8,55,327.7256093,151.964,15.999,135.965,745,185,60,125,7.13,3.44,0,3.44,16,6,1,5,37.4728957,13.618054,5.1390767,8.4789773,111.2,32,11,21,242.6760573,63.996,22.98976928,41.00623072,741.5,240,55.5,184.5,17.084,13.76,0,13.76,31.7,24,0.6,23.4,72.4926102,54.472216,1.7011155,52.7711005,298,287,617,NaY0.7TiO4Eu0.3
21,12,0.07,11.93,196,63,8,55,460.186,151.964,15.999,135.965,795,215,60,155,7.11,3.44,0,3.44,15,6,2,4,36.3996134,13.618054,5.211664,8.40639,486.49,294,4.41,289.59,1099.40359,688.908,10.63748,678.27052,2222.9,930,12.95,917.05,54.7877,41.28,0,41.28,96,72,0.14,71.86,215.6048641,163.416648,0.39692695,163.0197211,298,393,617,Ba0.93Ca2In6O12Eu0.07
21,12,0.4,11.6,196,63,8,55,460.186,151.964,15.999,135.965,795,215,60,155,7.11,3.44,0,3.44,15,6,2,4,36.3996134,13.618054,5.211664,8.40639,488.8,294,25.2,268.8,1104.2338,688.908,60.7856,628.1224,2213,930,74,856,54.494,41.28,0,41.28,96,72,0.8,71.2,215.756242,163.416648,2.268154,161.148494,298,393,617,Ba0.6Ca2In6O12Eu0.4
12,7,0.06,6.94,156,63,8,55,350.7275385,151.964,15.999,135.965,860,200,60,140,8.9,3.44,0,3.44,19,6,2,4,45.2339128,13.618054,5.670385,7.947669,156.58,56,3.78,52.22,328.452237,111.993,9.11784,102.87516,1160.3,420,11.1,408.9,31.09,24.08,0,24.08,56,42,0.12,41.88,127.231054,95.326378,0.3402231,94.9861549,298,393,617,Ca0.94SrAl2SiO7Eu0.06
12,7,0.1,6.9,156,63,8,55,350.7275385,151.964,15.999,135.965,860,200,60,140,8.9,3.44,0,3.44,19,6,2,4,45.2339128,13.618054,5.670385,7.947669,158.3,56,6.3,49.7,332.927677,111.993,15.1964,96.7966,1160.5,420,18.5,401.5,31.05,24.08,0,24.08,56,42,0.2,41.8,127.2133432,95.326378,0.5670385,94.7593395,298,393,617,Ca0.9SrAl2SiO7Eu0.1
12,7,0.14,6.86,156,63,8,55,350.7275385,151.964,15.999,135.965,860,200,60,140,8.9,3.44,0,3.44,19,6,2,4,45.2339128,13.618054,5.670385,7.947669,160.02,56,8.82,47.18,337.403117,111.993,21.27496,90.71804,1160.7,420,25.9,394.1,31.01,24.08,0,24.08,56,42,0.28,41.72,127.1956324,95.326378,0.7938539,94.5325241,298,393,617,Ca0.86SrAl2SiO7Eu0.14
12,7,0.22,6.78,156,63,8,55,350.7275385,151.964,15.999,135.965,860,200,60,140,8.9,3.44,0,3.44,19,6,2,4,45.2339128,13.618054,5.670385,7.947669,163.46,56,13.86,42.14,346.353997,111.993,28.085,83.908,1161.1,420,40.7,379.3,30.93,24.08,0,24.08,56,42,0.44,41.56,127.1602108,95.326378,1.2474847,94.0788933,298,393,617,Ca0.78SrAl2SiO7Eu0.22
10.02,6,0.02,5.98,161,63,8,55,383.183,151.964,15.999,135.965,585,200,60,140,6.49,3.44,0,3.44,16,6,2,4,33.9929662,13.618054,5.670385,7.947669,215.26,114,1.26,112.74,489.49328,262.86,3.03928,259.82072,1103.7,600,3.7,596.3,25.59,20.64,0,20.64,48.04,36,0.04,35.96,107.9159933,81.708324,0.1134077,81.5949163,298,394,617,Sr3TeO6Eu0.02
10.05,6,0.05,5.95,161,63,8,55,383.183,151.964,15.999,135.965,585,200,60,140,6.49,3.44,0,3.44,16,6,2,4,33.9929662,13.618054,5.670385,7.947669,217.15,114,3.15,110.85,494.0522,262.86,7.5982,255.2618,1109.25,600,9.25,590.75,25.59,20.64,0,20.64,48.1,36,0.1,35.9,108.0861049,81.708324,0.28351925,81.42480475,298,394,617,Sr3TeO6Eu0.05
10.1,6,0.1,5.9,161,63,8,55,383.183,151.964,15.999,135.965,585,200,60,140,6.49,3.44,0,3.44,16,6,2,4,33.9929662,13.618054,5.670385,7.947669,220.3,114,6.3,107.7,501.6504,262.86,15.1964,247.6636,1118.5,600,18.5,581.5,25.59,20.64,0,20.64,48.2,36,0.2,35.8,108.3696241,81.708324,0.5670385,81.1412855,298,394,617,Sr3TeO6Eu0.1
10.2,6,0.2,5.8,161,63,8,55,383.183,151.964,15.999,135.965,585,200,60,140,6.49,3.44,0,3.44,16,6,2,4,33.9929662,13.618054,5.670385,7.947669,226.6,114,12.6,101.4,516.8468,262.86,30.3928,232.4672,1137,600,37,563,25.59,20.64,0,20.64,48.4,36,0.4,35.6,108.9366626,81.708324,1.134077,80.574247,298,394,617,Sr3TeO6Eu0.2
10.25,6,0.25,5.75,161,63,8,55,383.183,151.964,15.999,135.965,585,200,60,140,6.49,3.44,0,3.44,16,6,2,4,33.9929662,13.618054,5.670385,7.947669,229.75,114,15.75,98.25,524.445,262.86,37.991,224.869,1146.25,600,46.25,553.75,25.59,20.64,0,20.64,48.5,36,0.5,35.5,109.2201819,81.708324,1.41759625,80.29072775,298,394,617,Sr3TeO6Eu0.25
10.5,6,0.25,5.75,172,63,8,55,406.1727693,151.964,15.999,135.965,765,200,60,140,7.42,3.44,0,3.44,17,6,1,5,39.1320429,13.618054,5.1390767,8.4789773,232.5,114,2.75,111.25,530.1924423,262.86,5.74744232,257.1125577,1191.25,600,45,555,25.8225,20.64,0,20.64,48.75,36,0.25,35.75,110.504951,81.708324,1.284769175,80.42355483,298,394,617,Sr3TeO6Na0.25Eu0.25
10.5,6,0.25,5.75,164,63,3,60,390.123,151.964,6.94,145.024,730,200,60,140,7.47,3.44,0,3.44,17,6,1,5,39.38468096,13.618054,5.391714761,8.226339239,230.5,114,0.75,113.25,526.18,262.86,1.735,261.125,1182.5,600,36.25,563.75,25.835,20.64,0,20.64,48.75,36,0.25,35.75,110.5681105,81.708324,1.34792869,80.36039531,298,394,617,Sr3TeO6Li0.25Eu0.25
10.5,6,0.25,5.75,180,63,8,55,422.2813,151.964,15.999,135.965,805,220,60,160,7.31,3.44,0,3.44,17,6,1,5,38.33362974,13.618054,4.34066354,9.27739046,234.5,114,4.75,109.25,534.219575,262.86,9.774575,253.085425,1201.25,600,46.25,553.75,25.795,20.64,0,20.64,48.75,36,0.25,35.75,110.3053477,81.708324,1.085165885,80.62315812,298,394,617,Sr3TeO6K0.25Eu0.25
10.3,6,0.3,5.7,161,63,8,55,383.183,151.964,15.999,135.965,585,200,60,140,6.49,3.44,0,3.44,16,6,2,4,33.9929662,13.618054,5.670385,7.947669,232.9,114,18.9,95.1,532.0432,262.86,45.5892,217.2708,1155.5,600,55.5,544.5,25.59,20.64,0,20.64,48.6,36,0.6,35.4,109.5037011,81.708324,1.7011155,80.0072085,298,394,617,Sr3TeO6Eu0.3
7,4,0.03,3.97,145,63,3,60,343.203762,151.964,6.94,145.024,705,215,60,155,7.5,3.44,0,3.44,16,6,1,5,40.37850376,13.618054,5.211664,8.40639,106.21,54.32,1.89,52.43,239.675872,133.20719,4.55892,128.64827,699.1,240,5.55,234.45,17.7933,13.76,0,13.76,32,24,0.06,23.94,75.57604239,54.472216,0.17011155,54.30210445,298,394,617,LiBa0.97PO4Eu0.03
12,8,0.1,7.9,212,74,3,71,515.993,183.84,6.94,176.9,705,185,60,125,7.32,3.44,0,3.44,17,6,1,5,38.69397976,13.618054,5.391714761,8.226339239,278.9,148,3,145,659.3334,367.68,6.94,360.74,1075.5,480,18.5,461.5,32.98,27.52,0,27.52,63,48,0.2,47.8,136.1660617,108.944432,0.5670385,108.3773935,298,395,617,LiGd0.9W2O8Eu0.1
12,8,0.2,7.8,212,74,3,71,515.993,183.84,6.94,176.9,705,185,60,125,7.32,3.44,0,3.44,17,6,1,5,38.69397976,13.618054,5.391714761,8.226339239,278.8,148,3,145,658.8048,367.68,6.94,360.74,1076,480,37,443,32.86,27.52,0,27.52,63,48,0.4,47.6,136.1181206,108.944432,1.134077,107.810355,298,395,617,LiGd0.8W2O8Eu0.2
12,8,0.4,7.6,212,74,3,71,515.993,183.84,6.94,176.9,705,185,60,125,7.32,3.44,0,3.44,17,6,1,5,38.69397976,13.618054,5.391714761,8.226339239,278.6,148,3,145,657.7476,367.68,6.94,360.74,1077,480,74,406,32.62,27.52,0,27.52,63,48,0.8,47.2,136.0222384,108.944432,2.268154,106.676278,298,395,617,LiGd0.6W2O8Eu0.4
12,8,0.4,7.6,212,74,3,71,515.993,183.84,6.94,176.9,705,185,60,125,7.32,3.44,0,3.44,17,6,1,5,38.69397976,13.618054,5.391714761,8.226339239,278.4,148,3,145,656.6904,367.68,6.94,360.74,1078,480,72,408,32.38,27.52,0,27.52,63,48,0.8,47.2,135.9263562,108.944432,2.4599184,106.4845136,298,395,617,LiGd0.4W2O8Eu0.6
12,8,0.2,7.8,212,74,3,71,515.993,183.84,6.94,176.9,705,185,60,125,7.32,3.44,0,3.44,17,6,1,5,38.69397976,13.618054,5.391714761,8.226339239,278.2,148,3,145,655.6332,367.68,6.94,360.74,1079,480,36,444,32.14,27.52,0,27.52,63,48,0.4,47.6,135.830474,108.944432,1.2299592,107.7144728,298,395,617,LiGd0.2W2O8Eu0.8
12,8,1,7,148,74,3,71,358.743,183.84,6.94,176.9,525,185,60,125,6.12,3.44,0,3.44,15,6,1,5,32.54418376,13.618054,5.391714761,8.226339239,278,148,3,145,654.576,367.68,6.94,360.74,1080,480,145,335,31.9,27.52,0,27.52,63,48,1,47,135.7345918,108.944432,5.391714761,103.5527172,298,395,617,LiW2O8Eu1
7,4,0.3,3.7,176,64,8,56,412.1783,157.25,15.999,141.251,785,220,60,160,7,3.44,0,3.44,15,6,1,5,36.60701854,13.618054,4.34066354,9.27739046,136.7,44.8,18.9,25.9,306.6255,110.075,39.0983,70.9767,781.5,240,55.5,184.5,16.96,13.76,0,13.76,31,24,0.6,23.4,71.64697224,54.472216,1.7011155,52.7711005,298,395,617,KGd0.7TiO4Eu0.3
18,12,0.5,11.5,252,64,8,56,597.5883,157.25,15.999,141.251,1005,220,60,160,8.51,3.44,0,3.44,19,6,1,5,42.08299254,13.618054,4.34066354,9.27739046,360.5,126,19,107,810.8703,287.85,39.0983,248.7517,1772.5,720,90,630,50.07,41.28,0,41.28,95,72,1,71,200.156356,163.416648,2.8351925,160.5814555,298,395,617,KBaGd0.5Mo3O12Eu0.5
18,12,0.4,11.6,252,64,8,56,597.5883,157.25,15.999,141.251,1005,220,60,160,8.51,3.44,0,3.44,19,6,1,5,42.08299254,13.618054,4.34066354,9.27739046,360.4,126,19,107,810.3417,287.85,39.0983,248.7517,1773,720,72,648,49.95,41.28,0,41.28,95,72,0.8,71.2,200.1084149,163.416648,2.4599184,160.9567296,298,395,617,KBaGd0.4Mo3O12Eu0.6
18,12,0.3,11.7,252,64,8,56,597.5883,157.25,15.999,141.251,1005,220,60,160,8.51,3.44,0,3.44,19,6,1,5,42.08299254,13.618054,4.34066354,9.27739046,360.3,126,19,107,809.8131,287.85,39.0983,248.7517,1773.5,720,54,666,49.83,41.28,0,41.28,95,72,0.6,71.4,200.0604738,163.416648,1.8449388,161.5717092,298,395,617,KBaGd0.3Mo3O12Eu0.7
18,12,0.2,11.8,252,64,8,56,597.5883,157.25,15.999,141.251,1005,220,60,160,8.51,3.44,0,3.44,19,6,1,5,42.08299254,13.618054,4.34066354,9.27739046,360.2,126,12.8,113.2,809.2845,287.85,31.45,256.4,1774,720,36,684,49.71,41.28,0,41.28,95,72,0.4,71.6,200.0125327,163.416648,1.2299592,162.1866888,298,395,617,KBaGd0.2Mo3O12Eu0.8
18,12,0.1,11.9,252,64,8,56,597.5883,157.25,15.999,141.251,1005,220,60,160,8.51,3.44,0,3.44,19,6,1,5,42.08299254,13.618054,4.34066354,9.27739046,360.1,126,6.4,119.6,808.7559,287.85,15.725,272.125,1774.5,720,18,702,49.59,41.28,0,41.28,95,72,0.2,71.8,199.9645916,163.416648,0.6149796,162.8016684,298,395,617,KBaGd0.1Mo3O12Eu0.9
18,12,1,11,188,63,8,55,440.3383,151.964,15.999,135.965,825,220,60,160,7.31,3.44,0,3.44,17,6,1,5,35.93319654,13.618054,4.34066354,9.27739046,360,126,19,107,808.2273,287.85,39.0983,248.7517,1775,720,185,535,49.47,41.28,0,41.28,95,72,1,71,199.9166505,163.416648,4.34066354,159.0759845,298,395,617,KBaMo3O12Eu1
13,8,0.05,7.95,203,64,8,56,475.1265313,157.25,15.999,141.251,850,185,60,125,9.92,3.44,0,3.44,22,6,1,5,48.1564277,13.618054,5.1390767,8.4789773,206.95,64,3.15,60.85,457.8810006,149.3875,7.5982,141.7893,1265.25,480,9.25,470.75,34.87,27.52,0,27.52,63,48,0.1,47.9,142.9275269,108.944432,0.28351925,108.6609128,298,396,617,Na2Gd0.95PO8MoEu0.05
13,8,0.1,7.9,203,64,8,56,475.1265313,157.25,15.999,141.251,850,185,60,125,9.92,3.44,0,3.44,22,6,1,5,48.1564277,13.618054,5.1390767,8.4789773,206.9,64,6.3,57.7,457.6167006,141.525,15.1964,126.3286,1265.5,480,18.5,461.5,34.81,27.52,0,27.52,63,48,0.2,47.8,142.9035563,108.944432,0.5670385,108.3773935,298,396,617,Na2Gd0.9PO8MoEu0.1
13,8,0.2,7.8,203,64,8,56,475.1265313,157.25,15.999,141.251,850,185,60,125,9.92,3.44,0,3.44,22,6,1,5,48.1564277,13.618054,5.1390767,8.4789773,206.8,64,12.6,51.4,457.0881006,127.992,30.3928,97.5992,1266,480,37,443,34.69,27.52,0,27.52,63,48,0.4,47.6,142.8556152,108.944432,1.134077,107.810355,298,396,617,Na2Gd0.8PO8MoEu0.2
13,8,0.3,7.7,203,64,8,56,475.1265313,157.25,15.999,141.251,850,185,60,125,9.92,3.44,0,3.44,22,6,1,5,48.1564277,13.618054,5.1390767,8.4789773,206.7,64,15,49,456.5595006,127.992,30.973762,97.018238,1266.5,480,55.5,424.5,34.57,27.52,0,27.52,63,48,0.6,47.4,142.8076741,108.944432,1.7011155,107.2433165,298,396,617,Na2Gd0.7PO8MoEu0.3
13,8,0.4,7.6,203,64,8,56,475.1265313,157.25,15.999,141.251,850,185,60,125,9.92,3.44,0,3.44,22,6,1,5,48.1564277,13.618054,5.1390767,8.4789773,206.6,64,15,49,456.0309006,127.992,30.973762,97.018238,1267,480,74,406,34.45,27.52,0,27.52,63,48,0.8,47.2,142.759733,108.944432,2.268154,106.676278,298,396,617,Na2Gd0.6PO8MoEu0.4
13,8,0.5,7.5,203,64,8,56,475.1265313,157.25,15.999,141.251,850,185,60,125,9.92,3.44,0,3.44,22,6,1,5,48.1564277,13.618054,5.1390767,8.4789773,206.5,64,15,49,455.5023006,127.992,30.973762,97.018238,1267.5,480,90,390,34.33,27.52,0,27.52,63,48,1,47,142.7117919,108.944432,2.8351925,106.1092395,298,396,617,Na2Gd0.5PO8MoEu0.5
13,8,0.4,7.6,203,64,8,56,475.1265313,157.25,15.999,141.251,850,185,60,125,9.92,3.44,0,3.44,22,6,1,5,48.1564277,13.618054,5.1390767,8.4789773,206.4,64,15,49,454.9737006,127.992,30.973762,97.018238,1268,480,72,408,34.21,27.52,0,27.52,63,48,0.8,47.2,142.6638508,108.944432,2.4599184,106.4845136,298,396,617,Na2Gd0.4PO8MoEu0.6
13,8,0.3,7.7,203,64,8,56,475.1265313,157.25,15.999,141.251,850,185,60,125,9.92,3.44,0,3.44,22,6,1,5,48.1564277,13.618054,5.1390767,8.4789773,206.3,64,15,49,454.4451006,127.992,30.973762,97.018238,1268.5,480,54,426,34.09,27.52,0,27.52,63,48,0.6,47.4,142.6159097,108.944432,1.8449388,107.0994932,298,396,617,Na2Gd0.3PO8MoEu0.7
13,8,0.2,7.8,203,64,8,56,475.1265313,157.25,15.999,141.251,850,185,60,125,9.92,3.44,0,3.44,22,6,1,5,48.1564277,13.618054,5.1390767,8.4789773,206.2,64,12.8,51.2,453.9165006,127.992,30.973762,97.018238,1269,480,36,444,33.97,27.52,0,27.52,63,48,0.4,47.6,142.5679686,108.944432,1.2299592,107.7144728,298,396,617,Na2Gd0.2PO8MoEu0.8
13,8,0.1,7.9,203,64,8,56,475.1265313,157.25,15.999,141.251,850,185,60,125,9.92,3.44,0,3.44,22,6,1,5,48.1564277,13.618054,5.1390767,8.4789773,206.1,64,6.4,57.6,453.3879006,136.7676,15.725,121.0426,1269.5,480,18,462,33.85,27.52,0,27.52,63,48,0.2,47.8,142.5200275,108.944432,0.6149796,108.3294524,298,396,617,Na2Gd0.1PO8MoEu0.9
13,8,1,7,139,63,8,55,317.8765313,151.964,15.999,135.965,670,185,60,125,8.72,3.44,0,3.44,20,6,1,5,42.0066317,13.618054,5.1390767,8.4789773,206,64,15,49,452.8593006,151.964,30.973762,120.990238,1270,480,100,380,33.73,27.52,0,27.52,63,48,2,46,142.4720864,108.944432,5.670385,103.274047,298,396,617,Na2PO8MoEu1
42,26,1.6,24.4,237,63,8,55,561.18631,151.964,15.999,135.965,945,215,60,155,8.55,3.44,0,3.44,20,6,2,4,44.445946,13.618054,5.211664,8.40639,845.6,228,62.4,165.6,1921.722824,555.62188,142.249344,413.372536,4162,1560,288,1272,108.972,89.44,0,89.44,205.6,156,4,152,459.26697,354.069404,9.947616,344.121788,298,397,617,Ba2Y1.6La4Si6O26Eu2.4
42,26,2,24,237,63,8,55,561.18631,151.964,15.999,135.965,945,215,60,155,8.55,3.44,0,3.44,20,6,2,4,44.445946,13.618054,5.211664,8.40639,816.8,208,84,124,1841.723416,415.974,168.51,247.464,4138,1560,430,1130,109.164,89.44,0,89.44,205.6,156,4,152,460.291546,354.069404,10.423328,343.646076,298,397,617,Ba2Y3.2La2.4Si6O26Eu2.4
42,26,1.6,24.4,237,63,8,55,561.18631,151.964,15.999,135.965,945,215,60,155,8.55,3.44,0,3.44,20,6,2,4,44.445946,13.618054,5.211664,8.40639,802.4,208,84,124,1801.723712,415.974,168.51,247.464,4126,1560,312,1248,109.26,89.44,0,89.44,205.6,156,4,152,460.803834,354.069404,8.92304,345.146364,298,397,617,Ba2Y4La1.6Si6O26Eu2.4
15.01,8,0.01,7.99,122,63,7,56,281.676,151.964,14.007,137.957,560,200,65,135,5.89,3.04,0,3.04,13,5,2,3,34.0510652,14.53413,5.670385,8.863745,202.63,76,0.63,75.37,429.24064,175.24,1.51964,173.72036,1471.85,550,1.85,548.15,35.72,24.32,0,24.32,64.02,40,0.02,39.98,168.4778933,116.27304,0.05670385,116.2163361,298,455,617,Sr2Si5N8Eu0.01
15.02,8,0.02,7.98,122,63,7,56,281.676,151.964,14.007,137.957,560,200,65,135,5.89,3.04,0,3.04,13,5,2,3,34.0510652,14.53413,5.670385,8.863745,203.26,76,1.26,74.74,430.76028,175.24,3.03928,172.20072,1473.7,550,3.7,546.3,35.72,24.32,0,24.32,64.04,40,0.04,39.96,168.5345971,116.27304,0.1134077,116.1596323,298,455,617,Sr2Si5N8Eu0.02
15.04,8,0.04,7.96,122,63,7,56,281.676,151.964,14.007,137.957,560,200,65,135,5.89,3.04,0,3.04,13,5,2,3,34.0510652,14.53413,5.670385,8.863745,204.52,76,2.52,73.48,433.79956,175.24,6.07856,169.16144,1477.4,550,7.4,542.6,35.72,24.32,0,24.32,64.08,40,0.08,39.92,168.6480048,116.27304,0.2268154,116.0462246,298,455,617,Sr2Si5N8Eu0.04
15.06,8,0.06,7.94,122,63,7,56,281.676,151.964,14.007,137.957,560,200,65,135,5.89,3.04,0,3.04,13,5,2,3,34.0510652,14.53413,5.670385,8.863745,205.78,76,3.78,72.22,436.83884,175.24,9.11784,166.12216,1481.1,550,11.1,538.9,35.72,24.32,0,24.32,64.12,40,0.12,39.88,168.7614125,116.27304,0.3402231,115.9328169,298,455,617,Sr2Si5N8Eu0.06
13,8,0.006,7.994,228,68,8,60,546.75747,167.259,15.999,151.26,740,195,60,135,7.79,3.44,0,3.44,17,6,2,4,38.872474,13.618054,5.5769,8.041154,324.19,226.86,0.378,226.482,756.7191806,552.8437706,0.911784,551.9319866,1384.66,776.1,1.11,774.99,33.92536,27.52,0,27.52,63.98,48,0.012,47.988,139.1594591,108.944432,0.03402231,108.9104097,298,250,618,La3.98GeO8Eu0.006Er0.014
13,8,0.006,7.994,228,68,8,60,546.75747,167.259,15.999,151.26,740,195,60,135,7.79,3.44,0,3.44,17,6,2,4,38.872474,13.618054,5.5769,8.041154,324.19,226.86,0.378,226.482,756.7191806,552.8437706,0.911784,551.9319866,1384.66,776.1,1.11,774.99,33.92536,27.52,0,27.52,63.98,48,0.012,47.988,139.1594591,108.944432,0.03402231,108.9104097,298,254,618,La3.98GeO8Eu0.006Er0.014
13,8,0.006,7.994,228,68,8,60,546.75747,167.259,15.999,151.26,740,195,60,135,7.79,3.44,0,3.44,17,6,2,4,38.872474,13.618054,5.5769,8.041154,324.19,226.86,0.378,226.482,756.7191806,552.8437706,0.911784,551.9319866,1384.66,776.1,1.11,774.99,33.92536,27.52,0,27.52,63.98,48,0.012,47.988,139.1594591,108.944432,0.03402231,108.9104097,298,260,618,La3.98GeO8Eu0.006Er0.014
21.01,12,0.01,11.99,189,63,8,55,441.2792432,151.964,15.999,135.965,800,215,50,165,11.43,3.98,0,3.98,24,7,2,5,56.291866,17.42282,5.211664,12.211156,376.63,117,0.63,116.37,838.1325632,274.654,1.51964,273.13436,2071.85,720,1.85,718.15,56.4,41.28,0,41.28,104.02,72,0.02,71.98,234.4263289,163.416648,0.05670385,163.3599442,298,350,618,Ba2Y3Si3O12FEu0.01
21.02,12,0.02,11.98,189,63,8,55,441.2792432,151.964,15.999,135.965,800,215,50,165,11.43,3.98,0,3.98,24,7,2,5,56.291866,17.42282,5.211664,12.211156,377.26,117,1.26,115.74,839.6522032,274.654,3.03928,271.61472,2073.7,720,3.7,716.3,56.4,41.28,0,41.28,104.04,72,0.04,71.96,234.4830327,163.416648,0.1134077,163.3032403,298,350,618,Ba2Y3Si3O12FEu0.02
21.04,12,0.04,11.96,189,63,8,55,441.2792432,151.964,15.999,135.965,800,215,50,165,11.43,3.98,0,3.98,24,7,2,5,56.291866,17.42282,5.211664,12.211156,378.52,117,2.52,114.48,842.6914832,274.654,6.07856,268.57544,2077.4,720,7.4,712.6,56.4,41.28,0,41.28,104.08,72,0.08,71.92,234.5964404,163.416648,0.2268154,163.1898326,298,350,618,Ba2Y3Si3O12FEu0.04
11.02,7,0.02,6.98,142,63,8,55,331.3185,151.964,15.999,135.965,535,185,60,125,6.76,3.44,0,3.44,25,12,2,10,35.028448,13.618054,5.670385,7.947669,199.26,96,1.26,94.74,441.74328,224.828,3.03928,221.78872,1003.7,420,3.7,416.3,30.72,24.08,0,24.08,76.04,42,0.04,41.96,126.9198037,95.326378,0.1134077,95.2129703,298,375,618,Cd2V2O7Eu0.02
11.06,7,0.02,6.98,145,63,3,60,338.2585,151.964,6.94,145.024,680,185,60,125,7.74,3.44,0,3.44,26,12,1,11,40.42016276,13.618054,5.391714761,8.226339239,199.38,96,0.12,95.88,442.02088,224.828,0.2776,224.5504,1009.5,420,3.7,416.3,30.7592,24.08,0,24.08,76.08,42,0.04,41.96,127.1354723,95.326378,0.1134077,95.2129703,298,375,618,Cd2V2O7Li0.04Eu0.02
12.005,8,0.005,7.995,166,63,8,55,380.90384,151.964,15.999,135.965,680,185,60,125,8.72,3.44,0,3.44,21,6,2,4,40.749812,13.618054,5.670385,7.947669,198.315,78,0.315,77.685,430.5985,177.81168,0.75982,177.05186,1095.925,480,0.925,479.075,34.02,27.52,0,27.52,64.01,48,0.01,47.99,136.6514169,108.944432,0.028351925,108.9160801,298,395,618,Y2MoSiO8Eu0.005
12.01,8,0.01,7.99,166,63,8,55,380.90384,151.964,15.999,135.965,680,185,60,125,8.72,3.44,0,3.44,21,6,2,4,40.749812,13.618054,5.670385,7.947669,198.63,78,0.63,77.37,431.35832,177.81168,1.51964,176.29204,1096.85,480,1.85,478.15,34.02,27.52,0,27.52,64.02,48,0.02,47.98,136.6797689,108.944432,0.05670385,108.8877282,298,395,618,Y2MoSiO8Eu0.01
12.02,8,0.02,7.98,166,63,8,55,380.90384,151.964,15.999,135.965,680,185,60,125,8.72,3.44,0,3.44,21,6,2,4,40.749812,13.618054,5.670385,7.947669,199.26,78,1.26,76.74,432.87796,177.81168,3.03928,174.7724,1098.7,480,3.7,476.3,34.02,27.52,0,27.52,64.04,48,0.04,47.96,136.7364727,108.944432,0.1134077,108.8310243,298,395,618,Y2MoSiO8Eu0.02
12.12,8,0.12,7.88,166,63,8,55,380.90384,151.964,15.999,135.965,680,185,60,125,8.72,3.44,0,3.44,21,6,2,4,40.749812,13.618054,5.670385,7.947669,205.56,78,7.56,70.44,448.07436,177.81168,18.23568,159.576,1117.2,480,22.2,457.8,34.02,27.52,0,27.52,64.24,48,0.24,47.76,137.3035112,108.944432,0.6804462,108.2639858,298,395,618,Y2MoSiO8Eu0.12
10.3,6,0.3,5.7,199,74,3,71,471.95384,183.84,6.94,176.9,855,185,60,125,8.65,3.44,0,3.44,20,6,1,5,46.40767876,13.618054,5.391714761,8.226339239,194.9,74,3,71,445.57404,183.84,6.94,176.9,1025.5,360,55.5,304.5,25.85,20.64,0,20.64,48.6,36,0.6,35.4,110.5286793,81.708324,1.7011155,80.0072085,298,395,618,LiYMgWO6Eu0.3
10.3,6,0.1,5.9,241,74,3,71,567.90384,183.84,6.94,176.9,1000,185,60,125,10.81,3.44,0,3.44,26,6,1,5,53.50010876,13.618054,5.391714761,8.226339239,191.7,66.6,3,63.6,436.78504,165.456,6.94,158.516,1026.5,360,14.5,345.5,25.896,20.64,0,20.64,48.6,36,0.6,35.4,110.4515193,81.708324,0.709243,80.999081,298,395,618,LiYMgW0.9Mo0.1O6Eu0.3
47.6,32,0.2,31.8,299,74,3,71,722.59547,183.84,6.94,176.9,1135,215,60,155,9.06,3.44,0,3.44,22,6,1,5,49.02761496,13.618054,5.211664,8.40639,1100.4,592,9,583,2592.220928,1470.72,20.82,1449.9,4355,1920,37,1883,131.1,110.08,0,110.08,254.6,192,0.4,191.6,540.2902805,435.777728,1.134077,434.643651,298,396,618,Li3BaSrLa2.4W8O32Eu0.2
47.2,32,0.4,31.6,299,74,3,71,722.59547,183.84,6.94,176.9,1135,215,60,155,9.06,3.44,0,3.44,22,6,1,5,49.02761496,13.618054,5.211664,8.40639,1078.8,592,9,583,2539.270446,1470.72,20.82,1449.9,4275,1920,74,1846,130.44,110.08,0,110.08,253.2,192,0.8,191.2,538.0782175,435.777728,2.268154,433.509574,298,396,618,Li3BaSrLa1.8W8O32Eu0.4
46.8,32,0.6,31.4,299,74,3,71,722.59547,183.84,6.94,176.9,1135,215,60,155,9.06,3.44,0,3.44,22,6,1,5,49.02761496,13.618054,5.211664,8.40639,1057.2,592,9,583,2486.319964,1470.72,20.82,1449.9,4195,1920,111,1809,129.78,110.08,0,110.08,251.8,192,1.2,190.8,535.8661545,435.777728,3.402231,432.375497,298,396,618,Li3BaSrLa1.2W8O32Eu0.6
46.6,32,0.7,31.3,299,74,3,71,722.59547,183.84,6.94,176.9,1135,215,60,155,9.06,3.44,0,3.44,22,6,1,5,49.02761496,13.618054,5.211664,8.40639,1046.4,592,9,583,2459.844723,1470.72,20.82,1449.9,4155,1920,129.5,1790.5,129.45,110.08,0,110.08,251.1,192,1.4,190.6,534.760123,435.777728,3.9692695,431.8084585,298,396,618,Li3BaSrLa0.9W8O32Eu0.7
46.4,32,0.6,31.4,299,74,3,71,722.59547,183.84,6.94,176.9,1135,215,60,155,9.06,3.44,0,3.44,22,6,1,5,49.02761496,13.618054,5.211664,8.40639,1035.6,592,9,583,2433.369482,1470.72,20.82,1449.9,4115,1920,117,1803,129.12,110.08,0,110.08,250.4,192,1.6,190.4,533.6540915,435.777728,3.34614,432.431588,298,396,618,Li3BaSrLa0.6W8O32Eu0.8
46.2,32,0.3,31.7,299,74,3,71,722.59547,183.84,6.94,176.9,1135,215,60,155,9.06,3.44,0,3.44,22,6,1,5,49.02761496,13.618054,5.211664,8.40639,1024.8,592,9,583,2406.894241,1470.72,20.82,1449.9,4075,1920,58.5,1861.5,128.79,110.08,0,110.08,249.7,192,0.9,191.1,532.54806,435.777728,1.67307,434.104658,298,396,618,Li3BaSrLa0.3W8O32Eu0.9
46,32,1,31,242,74,3,71,583.69,183.84,6.94,176.9,940,215,60,155,7.96,3.44,0,3.44,19,6,1,5,43.45071496,13.618054,5.211664,8.40639,1014,592,9,583,2380.419,1470.72,20.82,1449.9,4035,1920,185,1735,128.46,110.08,0,110.08,249,192,2,190,531.4420285,435.777728,5.211664,430.566064,298,396,618,Li3BaSrW8O32Eu1
45.5,28,0.04,27.96,136,63,8,55,310.861762,151.964,15.999,135.965,695,200,60,140,7.89,3.44,0,3.44,17,6,2,4,43.1162272,13.618054,5.670385,7.947669,690,340.48,2.52,337.96,1492.399594,785.0752,6.07856,778.99664,4404.4,1792,7.4,1784.6,122.127,96.32,0,96.32,224,168,0.08,167.92,517.434492,381.305512,0.2268154,381.0786966,298,430,618,Sr8.96Mg1.5P7O28Eu0.04
45.5,28,0.04,27.96,194,63,8,55,450.977762,151.964,15.999,135.965,880,200,60,140,9.01,3.44,0,3.44,19,6,2,4,48.6548272,13.618054,5.5386,8.079454,691,338.58,2.52,336.06,1495.024394,780.6942,6.07856,774.61564,4403.65,1782,7.4,1774.6,122.1355,96.32,0,96.32,224,168,0.08,167.92,517.4266787,381.305512,0.2268154,381.0786966,298,430,618,Sr8.91Mg1.5P7O28Eu0.04Ce0.05
45.5,28,0.04,27.96,194,63,8,55,450.977762,151.964,15.999,135.965,880,200,60,140,9.01,3.44,0,3.44,19,6,2,4,48.6548272,13.618054,5.5386,8.079454,692,336.68,2.52,334.16,1497.649194,776.3132,6.07856,770.23464,4402.9,1772,7.4,1764.6,122.144,96.32,0,96.32,224,168,0.08,167.92,517.4188653,381.305512,0.2268154,381.0786966,298,430,618,Sr8.86Mg1.5P7O28Eu0.04Ce0.1
45.5,28,0.04,27.96,194,63,8,55,450.977762,151.964,15.999,135.965,880,200,60,140,9.01,3.44,0,3.44,19,6,2,4,48.6548272,13.618054,5.5386,8.079454,694,332.88,2.52,330.36,1502.898794,767.5512,6.07856,761.47264,4401.4,1752,7.4,1744.6,122.161,96.32,0,96.32,224,168,0.08,167.92,517.4032386,381.305512,0.2268154,381.0786966,298,430,618,Sr8.76Mg1.5P7O28Eu0.04Ce0.2
45.5,28,0.04,27.96,194,63,8,55,450.977762,151.964,15.999,135.965,880,200,60,140,9.01,3.44,0,3.44,19,6,2,4,48.6548272,13.618054,5.5386,8.079454,696,329.08,2.52,326.56,1508.148394,758.7892,6.07856,752.71064,4399.9,1732,7.4,1724.6,122.178,96.32,0,96.32,224,168,0.08,167.92,517.3876119,381.305512,0.2268154,381.0786966,298,430,618,Sr8.66Mg1.5P7O28Eu0.04Ce0.3
5.25,3,0.25,2.75,187,83,8,75,447.8001693,208.9804,15.999,192.9814,725,185,60,125,7.81,3.44,0,3.44,18,6,1,5,38.5411517,13.618054,5.1390767,8.4789773,108.75,41.5,5.5,36,249.8400846,104.4902,11.49488464,92.99531536,536.25,180,46.25,133.75,13.275,10.32,0,10.32,25.5,18,0.5,17.5,55.3121746,40.854162,1.41759625,39.43656575,298,464,618,Bi0.5Na0.5TiO3Eu0.25
12,8,0.03,7.97,189,63,8,55,441.91677,151.964,15.999,135.965,805,220,60,160,7.52,3.44,0,3.44,18,6,1,5,36.29843254,13.618054,4.34066354,9.27739046,224.18,84,1.89,82.11,498.2875259,191.9,4.55892,187.34108,1184.7,480,5.55,474.45,33.727,27.52,0,27.52,63.97,48,0.06,47.94,133.0496601,108.944432,0.17011155,108.7743205,298,465,618,KLa0.97Mo2O8Eu0.03
12,8,0.07,7.93,189,63,8,55,441.91677,151.964,15.999,135.965,805,220,60,160,7.52,3.44,0,3.44,18,6,1,5,36.29843254,13.618054,4.34066354,9.27739046,224.42,84,4.41,79.59,498.8098671,191.9,10.63748,181.26252,1184.3,480,12.95,467.05,33.683,27.52,0,27.52,63.93,48,0.14,47.86,133.0533995,108.944432,0.39692695,108.5475051,298,465,618,KLa0.93Mo2O8Eu0.07
12,8,0.11,7.89,189,63,8,55,441.91677,151.964,15.999,135.965,805,220,60,160,7.52,3.44,0,3.44,18,6,1,5,36.29843254,13.618054,4.34066354,9.27739046,224.66,84,6.93,77.07,499.3322083,191.9,16.71604,175.18396,1183.9,480,20.35,459.65,33.639,27.52,0,27.52,63.89,48,0.22,47.78,133.0571389,108.944432,0.62374235,108.3206897,298,465,618,KLa0.89Mo2O8Eu0.11
12,8,0.15,7.85,189,63,8,55,441.91677,151.964,15.999,135.965,805,220,60,160,7.52,3.44,0,3.44,18,6,1,5,36.29843254,13.618054,4.34066354,9.27739046,224.9,84,9.45,74.55,499.8545495,191.9,22.7946,169.1054,1183.5,480,27.75,452.25,33.595,27.52,0,27.52,63.85,48,0.3,47.7,133.0608783,108.944432,0.85055775,108.0938743,298,465,618,KLa0.85Mo2O8Eu0.15
12,8,0.19,7.81,189,63,8,55,441.91677,151.964,15.999,135.965,805,220,60,160,7.52,3.44,0,3.44,18,6,1,5,36.29843254,13.618054,4.34066354,9.27739046,225.14,84,11.97,72.03,500.3768907,191.9,28.87316,163.02684,1183.1,480,35.15,444.85,33.551,27.52,0,27.52,63.81,48,0.38,47.62,133.0646177,108.944432,1.07737315,107.8670589,298,465,618,KLa0.81Mo2O8Eu0.19
12,8,0.23,7.77,189,63,8,55,441.91677,151.964,15.999,135.965,805,220,60,160,7.52,3.44,0,3.44,18,6,1,5,36.29843254,13.618054,4.34066354,9.27739046,225.38,84,14.49,69.51,500.8992319,191.9,34.95172,156.94828,1182.7,480,42.55,437.45,33.507,27.52,0,27.52,63.77,48,0.46,47.54,133.0683571,108.944432,1.30418855,107.6402435,298,465,618,KLa0.77Mo2O8Eu0.23
10.3,6,0.1,5.9,241,74,3,71,567.90384,183.84,6.94,176.9,1000,185,60,125,10.81,3.44,0,3.44,26,6,1,5,53.50010876,13.618054,5.391714761,8.226339239,191.7,66.6,3,63.6,436.78504,165.456,6.94,158.516,1026.5,360,14.5,345.5,25.896,20.64,0,20.64,48.6,36,0.6,35.4,110.4515193,81.708324,0.709243,80.999081,298,466,618,LiYMgW0.9Mo0.1O6Eu0.3
2.004,1,0.004,0.996,101,63,8,55,233.343,151.964,15.999,135.965,380,185,60,125,5.09,3.44,0,3.44,20,12,2,10,28.682638,13.618054,5.670385,7.947669,38.252,30,0.252,29.748,81.986856,65.38,0.607856,64.772144,195.74,135,0.74,134.26,5.09,3.44,0,3.44,18.008,12,0.008,11.992,23.03493454,13.618054,0.02268154,13.59537246,298,466,618,ZnOEu0.004
6,4,0.01,3.99,133,63,8,55,307.81034,151.964,15.999,135.965,560,185,60,125,6.29,3.44,0,3.44,16,6,2,4,32.251886,13.618054,5.670385,7.947669,94.24,38.61,0.63,37.98,204.4739216,88.0167816,1.51964,86.4971416,555.05,240,1.85,238.15,16.5978,13.76,0,13.76,31.99,24,0.02,23.98,67.43019425,54.472216,0.05670385,54.41551215,298,172,619,Y0.99VO4Eu0.01
6,4,0.03,3.97,133,63,8,55,307.81034,151.964,15.999,135.965,560,185,60,125,6.29,3.44,0,3.44,16,6,2,4,32.251886,13.618054,5.670385,7.947669,94.72,37.83,1.89,35.94,205.7350848,86.2386648,4.55892,81.6797448,555.15,240,5.55,234.45,16.5734,13.76,0,13.76,31.97,24,0.06,23.94,67.41925675,54.472216,0.17011155,54.30210445,298,172,619,Y0.97VO4Eu0.03
6,4,0.05,3.95,133,63,8,55,307.81034,151.964,15.999,135.965,560,185,60,125,6.29,3.44,0,3.44,16,6,2,4,32.251886,13.618054,5.670385,7.947669,95.2,37.05,3.15,33.9,206.996248,84.460548,7.5982,76.862348,555.25,240,9.25,230.75,16.549,13.76,0,13.76,31.95,24,0.1,23.9,67.40831925,54.472216,0.28351925,54.18869675,298,172,619,Y0.95VO4Eu0.05
6,4,0.07,3.93,133,63,8,55,307.81034,151.964,15.999,135.965,560,185,60,125,6.29,3.44,0,3.44,16,6,2,4,32.251886,13.618054,5.670385,7.947669,95.68,36.27,4.41,31.86,208.2574112,82.6824312,10.63748,72.0449512,555.35,240,12.95,227.05,16.5246,13.76,0,13.76,31.93,24,0.14,23.86,67.39738175,54.472216,0.39692695,54.07528905,298,172,619,Y0.93VO4Eu0.07
6,4,0.09,3.91,133,63,8,55,307.81034,151.964,15.999,135.965,560,185,60,125,6.29,3.44,0,3.44,16,6,2,4,32.251886,13.618054,5.670385,7.947669,96.16,35.49,5.67,29.82,209.5185744,80.9043144,13.67676,67.2275544,555.45,240,16.65,223.35,16.5002,13.76,0,13.76,31.91,24,0.18,23.82,67.38644425,54.472216,0.51033465,53.96188135,298,172,619,Y0.91VO4Eu0.09
6,4,0.05,3.95,148,63,8,55,338.784102,151.964,15.999,135.965,660,185,60,125,8.48,3.44,0,3.44,21,6,2,4,42.738572,13.618054,5.670385,7.947669,93.6,37.05,3,34.05,203.0027004,84.460548,6.1947524,78.2657956,548.25,240,9.25,230.75,16.661,13.76,0,13.76,31.95,24,0.1,23.9,68.15641905,54.472216,0.28351925,54.18869675,298,172,619,Y0.95V0.8P0.2O4Eu0.05
6,4,0.05,3.95,148,63,8,55,338.784102,151.964,15.999,135.965,660,185,60,125,8.48,3.44,0,3.44,21,6,2,4,42.738572,13.618054,5.670385,7.947669,92,37.05,3.15,33.9,199.0091528,84.460548,7.5982,76.862348,541.25,240,9.25,230.75,16.773,13.76,0,13.76,31.95,24,0.1,23.9,68.90451885,54.472216,0.28351925,54.18869675,298,172,619,Y0.95V0.6P0.4O4Eu0.05
6,4,0.05,3.95,148,63,8,55,338.784102,151.964,15.999,135.965,660,185,60,125,8.48,3.44,0,3.44,21,6,2,4,42.738572,13.618054,5.670385,7.947669,90.4,37.05,3.15,33.9,195.0156052,84.460548,7.5982,76.862348,534.25,240,9.25,230.75,16.885,13.76,0,13.76,31.95,24,0.1,23.9,69.65261865,54.472216,0.28351925,54.18869675,298,172,619,Y0.95V0.4P0.6O4Eu0.05
6,4,0.05,3.95,125,63,8,55,287.842602,151.964,15.999,135.965,525,185,60,125,6.85,3.44,0,3.44,16,6,2,4,35.992385,13.618054,5.670385,7.947669,87.2,37.05,3.15,33.9,187.02851,84.460548,7.5982,76.862348,520.25,240,9.25,230.75,17.109,13.76,0,13.76,31.95,24,0.1,23.9,71.14881825,54.472216,0.28351925,54.18869675,298,172,619,Y0.95PO4Eu0.05
6,4,0.05,3.95,212,64,8,56,496.034102,157.25,15.999,141.251,840,185,60,125,9.68,3.44,0,3.44,23,6,2,4,48.888368,13.618054,5.670385,7.947669,97,32,3.15,28.85,212.6779848,66.67938,7.5982,59.08118,541.25,240,9.25,230.75,16.769,13.76,0,13.76,31.75,24,0.1,23.9,68.89102605,54.472216,0.28351925,54.18869675,298,172,619,Y0.75Gd0.2V0.6P0.4O4Eu0.05
6,4,0.05,3.95,212,64,8,56,496.034102,157.25,15.999,141.251,840,185,60,125,9.68,3.44,0,3.44,23,6,2,4,48.888368,13.618054,5.670385,7.947669,102,32,3.15,28.85,226.3468168,63.996,7.5982,56.3978,541.25,240,9.25,230.75,16.765,13.76,0,13.76,31.55,24,0.1,23.9,68.87753325,54.472216,0.28351925,54.18869675,298,172,619,Y0.55Gd0.4V0.6P0.4O4Eu0.05
6,4,0.05,3.95,212,64,8,56,496.034102,157.25,15.999,141.251,840,185,60,125,9.68,3.44,0,3.44,23,6,2,4,48.888368,13.618054,5.670385,7.947669,107,38.4,3.15,35.25,240.0156488,94.35,7.5982,86.7518,541.25,240,9.25,230.75,16.761,13.76,0,13.76,31.35,24,0.1,23.9,68.86404045,54.472216,0.28351925,54.18869675,298,172,619,Y0.35Gd0.6V0.6P0.4O4Eu0.05
6,4,0.05,3.95,212,64,8,56,496.034102,157.25,15.999,141.251,840,185,60,125,9.68,3.44,0,3.44,23,6,2,4,48.888368,13.618054,5.670385,7.947669,112,51.2,3.15,48.05,253.6844808,125.8,7.5982,118.2018,541.25,240,9.25,230.75,16.757,13.76,0,13.76,31.15,24,0.1,23.9,68.85054765,54.472216,0.28351925,54.18869675,298,172,619,Y0.15Gd0.8V0.6P0.4O4Eu0.05
6,4,0.05,3.95,173,64,8,56,407.128262,157.25,15.999,141.251,660,185,60,125,8.46,3.44,0,3.44,20,6,2,4,42.671108,13.618054,5.670385,7.947669,115.75,60.8,3.15,57.65,263.9361048,149.3875,7.5982,141.7893,541.25,240,9.25,230.75,16.754,13.76,0,13.76,31,24,0.1,23.9,68.84042805,54.472216,0.28351925,54.18869675,298,172,619,Gd0.95V0.6P0.4O4Eu0.05
6.05,4,0.05,3.95,133,63,8,55,307.81034,151.964,15.999,135.965,560,185,60,125,6.29,3.44,0,3.44,16,6,2,4,32.251886,13.618054,5.670385,7.947669,97.15,39,3.15,35.85,211.44154,88.90584,7.5982,81.30764,564.25,240,9.25,230.75,16.61,13.76,0,13.76,32.1,24,0.1,23.9,67.71918225,54.472216,0.28351925,54.18869675,298,291,619,YVO4Eu0.05
14.02,8,0.02,7.98,202,71,8,63,479.3391,174.9668,15.999,158.9678,790,235,60,175,6.89,3.44,0,3.44,16,6,1,5,35.637625,13.618054,4.177128,9.440926,293.26,111,1.26,109.74,664.28448,256.4034,3.03928,253.36412,1633.7,705,3.7,701.3,34.24,27.52,0,27.52,63.04,48,0.04,47.96,140.5074687,108.944432,0.1134077,108.8310243,298,320,619,Rb3LuV2O8Eu0.02
14.05,8,0.05,7.95,202,71,8,63,479.3391,174.9668,15.999,158.9678,790,235,60,175,6.89,3.44,0,3.44,16,6,1,5,35.637625,13.618054,4.177128,9.440926,295.15,111,3.15,107.85,668.8434,256.4034,7.5982,248.8052,1639.25,705,9.25,695.75,34.24,27.52,0,27.52,63.1,48,0.1,47.9,140.6775803,108.944432,0.28351925,108.6609128,298,320,619,Rb3LuV2O8Eu0.05
14.08,8,0.08,7.92,202,71,8,63,479.3391,174.9668,15.999,158.9678,790,235,60,175,6.89,3.44,0,3.44,16,6,1,5,35.637625,13.618054,4.177128,9.440926,297.04,111,5.04,105.96,673.40232,256.4034,12.15712,244.24628,1644.8,705,14.8,690.2,34.24,27.52,0,27.52,63.16,48,0.16,47.84,140.8476918,108.944432,0.4536308,108.4908012,298,320,619,Rb3LuV2O8Eu0.08
14.1,8,0.1,7.9,202,71,8,63,479.3391,174.9668,15.999,158.9678,790,235,60,175,6.89,3.44,0,3.44,16,6,1,5,35.637625,13.618054,4.177128,9.440926,298.3,111,6.3,104.7,676.4416,256.4034,15.1964,241.207,1648.5,705,18.5,686.5,34.24,27.52,0,27.52,63.2,48,0.2,47.8,140.9610995,108.944432,0.5670385,108.3773935,298,320,619,Rb3LuV2O8Eu0.1
14.15,8,0.15,7.85,202,71,8,63,479.3391,174.9668,15.999,158.9678,790,235,60,175,6.89,3.44,0,3.44,16,6,1,5,35.637625,13.618054,4.177128,9.440926,301.45,111,9.45,101.55,684.0398,256.4034,22.7946,233.6088,1657.75,705,27.75,677.25,34.24,27.52,0,27.52,63.3,48,0.3,47.7,141.2446188,108.944432,0.85055775,108.0938743,298,320,619,Rb3LuV2O8Eu0.15
14.2,8,0.2,7.8,202,71,8,63,479.3391,174.9668,15.999,158.9678,790,235,60,175,6.89,3.44,0,3.44,16,6,1,5,35.637625,13.618054,4.177128,9.440926,304.6,111,12.6,98.4,691.638,256.4034,30.3928,226.0106,1667,705,37,668,34.24,27.52,0,27.52,63.4,48,0.4,47.6,141.528138,108.944432,1.134077,107.810355,298,320,619,Rb3LuV2O8Eu0.2
2.01,1,0.01,0.99,117,63,16,47,271.644,151.964,32.06,119.904,485,200,100,100,3.53,2.58,0,2.58,10,6,2,4,21.7252622,10.36001,5.670385,4.689625,54.63,38,0.63,37.37,121.19964,87.62,1.51964,86.10036,301.85,200,1.85,198.15,3.53,2.58,0,2.58,8.02,6,0.02,5.98,16.11158105,10.36001,0.05670385,10.30330615,298,350,619,SrSEu0.01
2.01,1,0.01,0.99,117,63,16,47,271.644,151.964,32.06,119.904,485,200,100,100,3.53,2.58,0,2.58,10,6,2,4,21.7252622,10.36001,5.670385,4.689625,54.63,38,0.63,37.37,121.19964,87.62,1.51964,86.10036,301.85,200,1.85,198.15,3.53,2.58,0,2.58,8.02,6,0.02,5.98,16.11158105,10.36001,0.05670385,10.30330615,298,351,619,SrSEu0.01
26,15,0.3,14.7,166,63,5,58,377.47984,151.964,10.81,141.154,820,185,60,125,9.51,3.44,0,3.44,19,6,2,4,45.916175,13.618054,5.670385,7.947669,339.2,120,18.9,101.1,720.451288,239.985,43.24,196.745,2351.5,900,55.5,844.5,69.044,51.6,0,51.6,119.7,90,0.6,89.4,279.8534545,204.27081,1.7011155,202.5696945,298,369,619,Ca3Y0.7Ga3B4O15Eu0.3
17,11,0.05,10.95,233,83,8,75,565.2119,208.9804,15.999,192.9814,755,215,60,155,7.86,3.44,0,3.44,20,6,2,4,38.531806,13.618054,5.211664,8.40639,351,112,3.15,108.85,809.59708,274.654,7.5982,267.0558,1656.25,660,9.25,650.75,46.315,37.84,0,37.84,89.85,66,0.1,65.9,187.6652425,149.798594,0.28351925,149.5150748,298,394,619,Ba2Bi0.95V3O11Eu0.05
17,11,0.2,10.8,233,83,8,75,565.2119,208.9804,15.999,192.9814,755,215,60,155,7.86,3.44,0,3.44,20,6,2,4,38.531806,13.618054,5.211664,8.40639,348,112,12.6,99.4,801.04462,274.654,30.3928,244.2612,1660,660,37,623,46.03,37.84,0,37.84,89.4,66,0.4,65.6,187.4229728,149.798594,1.134077,148.664517,298,394,619,Ba2Bi0.8V3O11Eu0.2
17,11,0.4,10.6,233,83,8,75,565.2119,208.9804,15.999,192.9814,755,215,60,155,7.86,3.44,0,3.44,20,6,2,4,38.531806,13.618054,5.211664,8.40639,344,112,25.2,86.8,789.64134,274.654,60.7856,213.8684,1665,660,74,586,45.65,37.84,0,37.84,88.8,66,0.8,65.2,187.0999466,149.798594,2.268154,147.53044,298,394,619,Ba2Bi0.6V3O11Eu0.4
17,11,0.4,10.6,233,83,8,75,565.2119,208.9804,15.999,192.9814,755,215,60,155,7.86,3.44,0,3.44,20,6,2,4,38.531806,13.618054,5.211664,8.40639,340,112,33.2,78.8,778.23806,274.654,83.59216,191.06184,1670,660,64,596,45.27,37.84,0,37.84,88.2,66,1.2,64.8,186.7769204,149.798594,2.9142064,146.8843876,298,394,619,Ba2Bi0.4V3O11Eu0.6
17,11,0.2,10.8,233,83,8,75,565.2119,208.9804,15.999,192.9814,755,215,60,155,7.86,3.44,0,3.44,20,6,2,4,38.531806,13.618054,5.211664,8.40639,336,112,16.6,95.4,766.83478,274.654,41.79608,232.85792,1675,660,32,628,44.89,37.84,0,37.84,87.6,66,1,65,186.4538942,149.798594,1.4571032,148.3414908,298,394,619,Ba2Bi0.2V3O11Eu0.8
17,11,1,10,150,63,8,55,356.2315,151.964,15.999,135.965,595,215,60,155,5.96,3.44,0,3.44,15,6,2,4,31.24629,13.618054,5.211664,8.40639,332,112,63,49,755.4315,274.654,151.964,122.69,1680,660,185,475,44.51,37.84,0,37.84,87,66,2,64,186.130868,149.798594,5.670385,144.128209,298,394,619,Ba2V3O11Eu1
12.95,7,0.05,6.95,126,63,5,58,290.6686093,151.964,10.81,141.154,690,185,60,125,7.63,3.44,0,3.44,15,6,1,5,38.9427947,13.618054,5.1390767,8.4789773,165.25,74.1,3.15,70.95,356.1118346,168.921096,7.5982,161.322896,1301.25,420,9.25,410.75,32.338,24.08,0,24.08,55.8,42,0.1,41.9,134.2968827,95.326378,0.28351925,95.04285875,298,395,619,Na2Y1.9B2O7Eu0.05
12.85,7,0.15,6.85,126,63,5,58,290.6686093,151.964,10.81,141.154,690,185,60,125,7.63,3.44,0,3.44,15,6,1,5,38.9427947,13.618054,5.1390767,8.4789773,163.75,66.3,9.45,56.85,353.5270666,151.139928,21.62,129.519928,1283.75,420,27.75,392.25,32.094,24.08,0,24.08,55.4,42,0.3,41.7,133.6204692,95.326378,0.85055775,94.47582025,298,395,619,Na2Y1.7B2O7Eu0.15
12.75,7,0.25,6.75,126,63,5,58,290.6686093,151.964,10.81,141.154,690,185,60,125,7.63,3.44,0,3.44,15,6,1,5,38.9427947,13.618054,5.1390767,8.4789773,162.25,58.5,10,48.5,350.9422986,133.35876,21.62,111.73876,1266.25,420,46.25,373.75,31.85,24.08,0,24.08,55,42,0.5,41.5,132.9440557,95.326378,1.41759625,93.90878175,298,395,619,Na2Y1.5B2O7Eu0.25
12.65,7,0.35,6.65,126,63,5,58,290.6686093,151.964,10.81,141.154,690,185,60,125,7.63,3.44,0,3.44,15,6,1,5,38.9427947,13.618054,5.1390767,8.4789773,160.75,56,10,46,348.3575306,115.577592,21.62,93.957592,1248.75,420,64.75,355.25,31.606,24.08,0,24.08,54.6,42,0.7,41.3,132.2676422,95.326378,1.98463475,93.34174325,298,395,619,Na2Y1.3B2O7Eu0.35
12.55,7,0.45,6.55,126,63,5,58,290.6686093,151.964,10.81,141.154,690,185,60,125,7.63,3.44,0,3.44,15,6,1,5,38.9427947,13.618054,5.1390767,8.4789773,159.25,56,10,46,345.7727626,111.993,21.62,90.373,1231.25,420,83.25,336.75,31.362,24.08,0,24.08,54.2,42,0.9,41.1,131.5912287,95.326378,2.55167325,92.77470475,298,395,619,Na2Y1.1B2O7Eu0.45
12.5,7,0.5,6.5,126,63,5,58,290.6686093,151.964,10.81,141.154,690,185,60,125,7.63,3.44,0,3.44,15,6,1,5,38.9427947,13.618054,5.1390767,8.4789773,158.5,56,10,46,344.4803786,111.993,21.62,90.373,1222.5,420,92.5,327.5,31.24,24.08,0,24.08,54,42,1,41,131.2530219,95.326378,2.8351925,92.4911855,298,395,619,Na2YB2O7Eu0.5
15.02,8,0.04,7.96,122,63,7,56,281.676,151.964,14.007,137.957,560,200,65,135,5.89,3.04,0,3.04,13,5,2,3,34.0510652,14.53413,5.670385,8.863745,203.76,75.24,2.52,72.72,432.04716,173.4876,6.07856,167.40904,1473.4,550,7.4,542.6,35.701,24.32,0,24.32,64.04,40,0.08,39.92,168.5341075,116.27304,0.2268154,116.0462246,298,460,619,Sr1.98Si5N8Eu0.04
26,15,0.5,14.5,148,63,5,58,334.7383785,151.964,10.81,141.154,815,185,60,125,9.31,3.44,0,3.44,19,6,2,4,45.9026416,13.618054,5.670385,7.947669,290,120,19.5,100.5,604.8385355,239.985,43.24,196.745,2337.5,900,90,810,68.2,51.6,0,51.6,119.5,90,1,89,279.7034793,204.27081,2.8351925,201.4356175,298,254,620,Ca3Y0.5Al3B4O15Eu0.5
6.02,4,0.02,3.98,158,64,8,56,376.1545,157.25,15.999,141.251,560,185,60,125,6.27,3.44,0,3.44,15,6,2,4,32.184422,13.618054,5.670385,7.947669,120.26,64,1.26,62.74,275.22678,157.25,3.03928,154.21072,558.7,240,3.7,236.3,16.59,13.76,0,13.76,31.04,24,0.04,23.96,67.4816067,54.472216,0.1134077,54.3588083,298,283,620,GdVO4Eu0.02
6.03,4,0.01,3.99,224,66,8,58,538.6545,162.5,15.999,146.501,735,185,60,125,7.49,3.44,0,3.44,17,6,2,4,38.123472,13.618054,5.670385,7.947669,120.92,64,0.66,63.34,276.85178,157.25,1.625,155.625,560.45,240,1.75,238.25,16.6022,13.76,0,13.76,31.06,24,0.02,23.98,67.5409972,54.472216,0.0593905,54.4128255,298,283,620,GdVO4Eu0.02Dy0.01
18.93,12,0.005,11.995,170,63,8,55,386.450714,151.964,15.999,135.965,845,200,60,140,9.49,3.44,0,3.44,25,7,2,5,49.4655002,13.618054,5.670385,7.947669,273.075,110.01,0.315,109.695,585.9330553,253.6599,0.75982,252.90008,1764.125,720,0.925,719.075,52.00675,41.28,0,41.28,96.01,72,0.01,71.99,218.176209,163.416648,0.028351925,163.3882961,298,350,620,Sr2.895ScP3O12Eu0.005Mn0.03
18.91,12,0.005,11.995,170,63,8,55,386.450714,151.964,15.999,135.965,845,200,60,140,9.49,3.44,0,3.44,25,7,2,5,49.4655002,13.618054,5.670385,7.947669,272.185,108.87,0.315,108.555,583.8538358,251.0313,0.75982,250.27148,1759.525,720,0.925,719.075,51.99375,41.28,0,41.28,96.02,72,0.01,71.99,218.0797032,163.416648,0.028351925,163.3882961,298,350,620,Sr2.865ScP3O12Eu0.005Mn0.04
18.87,12,0.005,11.995,170,63,8,55,386.450714,151.964,15.999,135.965,845,200,60,140,9.49,3.44,0,3.44,25,7,2,5,49.4655002,13.618054,5.670385,7.947669,270.405,106.59,0.315,106.275,579.6953966,245.7741,0.75982,245.01428,1750.325,720,0.925,719.075,51.96775,41.28,0,41.28,96.04,72,0.01,71.99,217.8866915,163.416648,0.028351925,163.3882961,298,350,620,Sr2.805ScP3O12Eu0.005Mn0.06
18.83,12,0.005,11.995,170,63,8,55,386.450714,151.964,15.999,135.965,845,200,60,140,9.49,3.44,0,3.44,25,7,2,5,49.4655002,13.618054,5.670385,7.947669,268.625,104.31,0.315,103.995,575.5369575,240.5169,0.75982,239.75708,1741.125,720,0.925,719.075,51.94175,41.28,0,41.28,96.06,72,0.01,71.99,217.6936798,163.416648,0.028351925,163.3882961,298,350,620,Sr2.745ScP3O12Eu0.005Mn0.08
18.79,12,0.005,11.995,170,63,8,55,386.450714,151.964,15.999,135.965,845,200,60,140,9.49,3.44,0,3.44,25,7,2,5,49.4655002,13.618054,5.670385,7.947669,266.845,102.03,0.315,101.715,571.3785184,235.2597,0.75982,234.49988,1731.925,720,0.925,719.075,51.91575,41.28,0,41.28,96.08,72,0.01,71.99,217.5006682,163.416648,0.028351925,163.3882961,298,350,620,Sr2.685ScP3O12Eu0.005Mn0.1
15,8,0.04,7.96,122,63,7,56,281.676,151.964,14.007,137.957,560,200,65,135,5.89,3.04,0,3.04,13,5,2,3,34.0510652,14.53413,5.670385,8.863745,203,74.48,2.52,71.96,430.29476,171.7352,6.07856,165.65664,1469.4,550,7.4,542.6,35.682,24.32,0,24.32,64,40,0.08,39.92,168.4202101,116.27304,0.2268154,116.0462246,298,450,620,Sr1.96Si5N8Eu0.04
45.52,28,0.02,27.98,136,63,8,55,310.861762,151.964,15.999,135.965,695,200,60,140,7.89,3.44,0,3.44,17,6,2,4,43.1162272,13.618054,5.670385,7.947669,690.26,342,1.26,340.74,1492.865114,788.58,3.03928,785.54072,4408.7,1800,3.7,1796.3,122.165,96.32,0,96.32,224.04,168,0.04,167.96,517.548879,381.305512,0.1134077,381.1921043,298,460,620,Sr9Mg1.5P7O28Eu0.02
45.54,28,0.04,27.96,136,63,8,55,310.861762,151.964,15.999,135.965,695,200,60,140,7.89,3.44,0,3.44,17,6,2,4,43.1162272,13.618054,5.670385,7.947669,691.52,342,2.52,339.48,1495.904394,788.58,6.07856,782.50144,4412.4,1800,7.4,1792.6,122.165,96.32,0,96.32,224.08,168,0.08,167.92,517.6622867,381.305512,0.2268154,381.0786966,298,460,620,Sr9Mg1.5P7O28Eu0.04
45.56,28,0.06,27.94,136,63,8,55,310.861762,151.964,15.999,135.965,695,200,60,140,7.89,3.44,0,3.44,17,6,2,4,43.1162272,13.618054,5.670385,7.947669,692.78,342,3.78,338.22,1498.943674,788.58,9.11784,779.46216,4416.1,1800,11.1,1788.9,122.165,96.32,0,96.32,224.12,168,0.12,167.88,517.7756944,381.305512,0.3402231,380.9652889,298,460,620,Sr9Mg1.5P7O28Eu0.06
45.56,28,0.06,27.94,136,63,8,55,310.861762,151.964,15.999,135.965,695,200,60,140,7.89,3.44,0,3.44,17,6,2,4,43.1162272,13.618054,5.670385,7.947669,692.78,342,3.78,338.22,1498.943674,788.58,9.11784,779.46216,4416.1,1800,11.1,1788.9,122.165,96.32,0,96.32,224.12,168,0.12,167.88,517.7756944,381.305512,0.3402231,380.9652889,300,460,620,Sr9Mg1.5P7O28Eu0.06
45.56,28,0.06,27.94,136,63,8,55,310.861762,151.964,15.999,135.965,695,200,60,140,7.89,3.44,0,3.44,17,6,2,4,43.1162272,13.618054,5.670385,7.947669,692.78,342,3.78,338.22,1498.943674,788.58,9.11784,779.46216,4416.1,1800,11.1,1788.9,122.165,96.32,0,96.32,224.12,168,0.12,167.88,517.7756944,381.305512,0.3402231,380.9652889,323,460,620,Sr9Mg1.5P7O28Eu0.06
45.56,28,0.06,27.94,136,63,8,55,310.861762,151.964,15.999,135.965,695,200,60,140,7.89,3.44,0,3.44,17,6,2,4,43.1162272,13.618054,5.670385,7.947669,692.78,342,3.78,338.22,1498.943674,788.58,9.11784,779.46216,4416.1,1800,11.1,1788.9,122.165,96.32,0,96.32,224.12,168,0.12,167.88,517.7756944,381.305512,0.3402231,380.9652889,348,460,620,Sr9Mg1.5P7O28Eu0.06
45.56,28,0.06,27.94,136,63,8,55,310.861762,151.964,15.999,135.965,695,200,60,140,7.89,3.44,0,3.44,17,6,2,4,43.1162272,13.618054,5.670385,7.947669,692.78,342,3.78,338.22,1498.943674,788.58,9.11784,779.46216,4416.1,1800,11.1,1788.9,122.165,96.32,0,96.32,224.12,168,0.12,167.88,517.7756944,381.305512,0.3402231,380.9652889,373,460,620,Sr9Mg1.5P7O28Eu0.06
45.06,28,0.06,27.94,136,63,8,55,310.861762,151.964,15.999,135.965,695,200,60,140,7.89,3.44,0,3.44,17,6,2,4,43.1162272,13.618054,5.670385,7.947669,686.78,342,3.78,338.22,1486.791174,788.58,9.11784,779.46216,4341.1,1800,11.1,1788.9,121.51,96.32,0,96.32,223.12,168,0.12,167.88,513.9525769,381.305512,0.3402231,380.9652889,398,460,620,Sr9Mg1.P7O28Eu0.06
45.56,28,0.06,27.94,136,63,8,55,310.861762,151.964,15.999,135.965,695,200,60,140,7.89,3.44,0,3.44,17,6,2,4,43.1162272,13.618054,5.670385,7.947669,692.78,342,3.78,338.22,1498.943674,788.58,9.11784,779.46216,4416.1,1800,11.1,1788.9,122.165,96.32,0,96.32,224.12,168,0.12,167.88,517.7756944,381.305512,0.3402231,380.9652889,423,460,620,Sr9Mg1.5P7O28Eu0.06
45.56,28,0.06,27.94,136,63,8,55,310.861762,151.964,15.999,135.965,695,200,60,140,7.89,3.44,0,3.44,17,6,2,4,43.1162272,13.618054,5.670385,7.947669,692.78,342,3.78,338.22,1498.943674,788.58,9.11784,779.46216,4416.1,1800,11.1,1788.9,122.165,96.32,0,96.32,224.12,168,0.12,167.88,517.7756944,381.305512,0.3402231,380.9652889,448,460,620,Sr9Mg1.5P7O28Eu0.06
45.58,28,0.08,27.92,136,63,8,55,310.861762,151.964,15.999,135.965,695,200,60,140,7.89,3.44,0,3.44,17,6,2,4,43.1162272,13.618054,5.670385,7.947669,694.04,342,5.04,336.96,1501.982954,788.58,12.15712,776.42288,4419.8,1800,14.8,1785.2,122.165,96.32,0,96.32,224.16,168,0.16,167.84,517.8891021,381.305512,0.4536308,380.8518812,298,460,620,Sr9Mg1.5P7O28Eu0.08
45.6,28,0.1,27.9,136,63,8,55,310.861762,151.964,15.999,135.965,695,200,60,140,7.89,3.44,0,3.44,17,6,2,4,43.1162272,13.618054,5.670385,7.947669,695.3,342,6.3,335.7,1505.022234,788.58,15.1964,773.3836,4423.5,1800,18.5,1781.5,122.165,96.32,0,96.32,224.2,168,0.2,167.8,518.0025098,381.305512,0.5670385,380.7384735,298,460,620,Sr9Mg1.5P7O28Eu0.1
45.62,28,0.12,27.88,136,63,8,55,310.861762,151.964,15.999,135.965,695,200,60,140,7.89,3.44,0,3.44,17,6,2,4,43.1162272,13.618054,5.670385,7.947669,696.56,342,7.56,334.44,1508.061514,788.58,18.23568,770.34432,4427.2,1800,22.2,1777.8,122.165,96.32,0,96.32,224.24,168,0.24,167.76,518.1159175,381.305512,0.6804462,380.6250658,298,460,620,Sr9Mg1.5P7O28Eu0.12
45.64,28,0.14,27.86,136,63,8,55,310.861762,151.964,15.999,135.965,695,200,60,140,7.89,3.44,0,3.44,17,6,2,4,43.1162272,13.618054,5.670385,7.947669,697.82,342,8.82,333.18,1511.100794,788.58,21.27496,767.30504,4430.9,1800,25.9,1774.1,122.165,96.32,0,96.32,224.28,168,0.28,167.72,518.2293252,381.305512,0.7938539,380.5116581,298,460,620,Sr9Mg1.5P7O28Eu0.14
14,8,0.03,7.97,245,83,8,75,589.8322813,208.9804,15.999,192.9814,860,185,60,125,8.46,3.44,0,3.44,21,6,1,5,48.0635177,13.618054,5.1390767,8.4789773,207.46,72.21,1.95,70.26,460.6859403,181.812948,4.7677605,177.0451875,1382.95,540,5.25,534.75,36.343,27.52,0,27.52,65.61,48,0.06,47.94,152.4163855,108.944432,0.175914,108.768518,298,379,621,Na3Bi0.87P2O8Eu0.1Tb0.03
14,8,0.05,7.95,245,83,8,75,589.8322813,208.9804,15.999,192.9814,860,185,60,125,8.46,3.44,0,3.44,21,6,1,5,48.0635177,13.618054,5.1390767,8.4789773,207.1,70.55,3.25,67.3,459.6848393,177.63334,7.9462675,169.6870725,1383.25,540,8.75,531.25,36.305,27.52,0,27.52,65.55,48,0.1,47.9,152.3879512,108.944432,0.29319,108.651242,298,379,621,Na3Bi0.85P2O8Eu0.1Tb0.05
14,8,0.1,7.9,245,83,8,75,589.8322813,208.9804,15.999,192.9814,860,185,60,125,8.46,3.44,0,3.44,21,6,1,5,48.0635177,13.618054,5.1390767,8.4789773,206.2,66.4,6.3,60.1,457.1820868,167.18432,15.1964,151.98792,1384,540,17.5,522.5,36.21,27.52,0,27.52,65.4,48,0.2,47.8,152.3168654,108.944432,0.5670385,108.3773935,298,379,621,Na3Bi0.8P2O8Eu0.1Tb0.1
14,8,0.1,7.9,245,83,8,75,589.8322813,208.9804,15.999,192.9814,860,185,60,125,8.46,3.44,0,3.44,21,6,1,5,48.0635177,13.618054,5.1390767,8.4789773,205.3,64,6.3,57.7,454.6793343,156.7353,15.1964,141.5389,1384.75,540,18.5,521.5,36.115,27.52,0,27.52,65.25,48,0.2,47.8,152.2457796,108.944432,0.5670385,108.3773935,298,379,621,Na3Bi0.75P2O8Eu0.1Tb0.15
14,8,0.02,7.98,246,83,8,75,593.4069313,208.9804,15.999,192.9814,860,185,60,125,9.68,3.44,0,3.44,21,6,1,5,48.1387677,13.618054,5.1390767,8.4789773,207.66,73.04,1.32,71.72,461.2579838,183.902752,3.25,180.652752,1382.8,540,3.5,536.5,36.3864,27.52,0,27.52,65.64,48,0.04,47.96,152.4321077,108.944432,0.118781,108.825651,298,392,621,Na3Bi0.88P2O8Eu0.1Dy0.02
14,8,0.04,7.96,246,83,8,75,593.4069313,208.9804,15.999,192.9814,860,185,60,125,9.68,3.44,0,3.44,21,6,1,5,48.1387677,13.618054,5.1390767,8.4789773,207.32,71.38,2.64,68.74,460.3283758,179.723144,6.5,173.223144,1383.1,540,7,533,36.3728,27.52,0,27.52,65.58,48,0.08,47.92,152.4051784,108.944432,0.237562,108.70687,298,392,621,Na3Bi0.86P2O8Eu0.1Dy0.04
14,8,0.06,7.94,246,83,8,75,593.4069313,208.9804,15.999,192.9814,860,185,60,125,9.68,3.44,0,3.44,21,6,1,5,48.1387677,13.618054,5.1390767,8.4789773,206.98,69.72,3.96,65.76,459.3987678,175.543536,9.75,165.793536,1383.4,540,10.5,529.5,36.3592,27.52,0,27.52,65.52,48,0.12,47.88,152.378249,108.944432,0.356343,108.588089,298,392,621,Na3Bi0.84P2O8Eu0.1Dy0.06
14,8,0.08,7.92,246,83,8,75,593.4069313,208.9804,15.999,192.9814,860,185,60,125,9.68,3.44,0,3.44,21,6,1,5,48.1387677,13.618054,5.1390767,8.4789773,206.64,68.06,5.28,62.78,458.4691598,171.363928,13,158.363928,1383.7,540,14,526,36.3456,27.52,0,27.52,65.46,48,0.16,47.84,152.3513197,108.944432,0.475124,108.469308,298,392,621,Na3Bi0.82P2O8Eu0.1Dy0.08
14,8,0.1,7.9,246,83,8,75,593.4069313,208.9804,15.999,192.9814,860,185,60,125,9.68,3.44,0,3.44,21,6,1,5,48.1387677,13.618054,5.1390767,8.4789773,206.3,66.4,6.3,60.1,457.5395518,167.18432,15.1964,151.98792,1384,540,17.5,522.5,36.332,27.52,0,27.52,65.4,48,0.2,47.8,152.3243904,108.944432,0.5670385,108.3773935,298,392,621,Na3Bi0.8P2O8Eu0.1Dy0.1
14,8,0.1,7.9,246,83,8,75,593.4069313,208.9804,15.999,192.9814,860,185,60,125,9.68,3.44,0,3.44,21,6,1,5,48.1387677,13.618054,5.1390767,8.4789773,205.96,64.74,6.3,58.44,456.6099438,163.004712,15.1964,147.808312,1384.3,540,18.5,521.5,36.3184,27.52,0,27.52,65.34,48,0.2,47.8,152.2974611,108.944432,0.5670385,108.3773935,298,392,621,Na3Bi0.78P2O8Eu0.1Dy0.12
14,8,0.1,7.9,246,83,8,75,593.4069313,208.9804,15.999,192.9814,860,185,60,125,9.68,3.44,0,3.44,21,6,1,5,48.1387677,13.618054,5.1390767,8.4789773,205.45,64,6.3,57.7,455.2155318,156.7353,15.1964,141.5389,1384.75,540,18.5,521.5,36.298,27.52,0,27.52,65.25,48,0.2,47.8,152.2570671,108.944432,0.5670385,108.3773935,298,392,621,Na3Bi0.75P2O8Eu0.1Dy0.15
14,8,0.1,7.9,246,83,8,75,593.4069313,208.9804,15.999,192.9814,860,185,60,125,9.68,3.44,0,3.44,21,6,1,5,48.1387677,13.618054,5.1390767,8.4789773,204.6,64,6.3,57.7,452.8915118,146.28628,15.1964,131.08988,1385.5,540,18.5,521.5,36.264,27.52,0,27.52,65.1,48,0.2,47.8,152.1897438,108.944432,0.5670385,108.3773935,298,392,621,Na3Bi0.7P2O8Eu0.1Dy0.2
19.9,12,0.1,11.9,118,63,8,55,266.8824393,151.964,15.999,135.965,685,185,60,125,7.92,3.44,0,3.44,17,6,1,5,41.4756917,13.618054,5.1390767,8.4789773,218.1,96,6.3,89.7,449.9956282,191.988,15.1964,176.7916,1866.5,720,18.5,701.5,53.088,41.28,0,41.28,95.6,72,0.2,71.8,222.6716566,163.416648,0.5670385,162.8496095,298,394,621,Na3Sc1.8P3O12Eu0.1
19.75,12,0.25,11.75,118,63,8,55,266.8824393,151.964,15.999,135.965,685,185,60,125,7.92,3.44,0,3.44,17,6,1,5,41.4756917,13.618054,5.1390767,8.4789773,221.25,96,15.75,80.25,459.3034558,191.988,37.991,153.997,1846.25,720,46.25,673.75,52.68,41.28,0,41.28,95,72,0.5,71.5,221.5537674,163.416648,1.41759625,161.9990518,298,394,621,Na3Sc1.5P3O12Eu0.25
19.7,12,0.3,11.7,118,63,8,55,266.8824393,151.964,15.999,135.965,685,185,60,125,7.92,3.44,0,3.44,17,6,1,5,41.4756917,13.618054,5.1390767,8.4789773,222.3,96,18.9,77.1,462.406065,191.988,45.5892,146.3988,1839.5,720,55.5,664.5,52.544,41.28,0,41.28,94.8,72,0.6,71.4,221.1811376,163.416648,1.7011155,161.7155325,298,394,621,Na3Sc1.4P3O12Eu0.3
19.65,12,0.35,11.65,118,63,8,55,266.8824393,151.964,15.999,135.965,685,185,60,125,7.92,3.44,0,3.44,17,6,1,5,41.4756917,13.618054,5.1390767,8.4789773,223.35,96,22.05,73.95,465.5086742,191.988,53.1874,138.8006,1832.75,720,64.75,655.25,52.408,41.28,0,41.28,94.6,72,0.7,71.3,220.8085079,163.416648,1.98463475,161.4320133,298,394,621,Na3Sc1.3P3O12Eu0.35
19.55,12,0.45,11.55,118,63,8,55,266.8824393,151.964,15.999,135.965,685,185,60,125,7.92,3.44,0,3.44,17,6,1,5,41.4756917,13.618054,5.1390767,8.4789773,225.45,96,23.1,72.9,471.7138926,191.988,49.4514988,142.5365012,1819.25,720,83.25,636.75,52.136,41.28,0,41.28,94.2,72,0.9,71.1,220.0632484,163.416648,2.55167325,160.8649748,298,394,621,Na3Sc1.1P3O12Eu0.45
20.1,12,0.1,11.9,118,63,8,55,266.8824393,151.964,15.999,135.965,685,185,60,125,7.92,3.44,0,3.44,17,6,1,5,41.4756917,13.618054,5.1390767,8.4789773,222.3,96,6.3,89.7,458.9868098,191.988,15.1964,176.7916,1898.5,720,18.5,701.5,53.36,41.28,0,41.28,96.2,72,0.2,71.8,223.9839546,163.416648,0.5670385,162.8496095,298,395,621,Na3Sc2P3O12Eu0.1
20,12,0.05,11.95,180,83,8,75,430.9069313,208.9804,15.999,192.9814,685,185,60,125,8.46,3.44,0,3.44,19,6,1,5,42.1997177,13.618054,5.1390767,8.4789773,339,161.85,3.15,158.7,768.9885738,407.51178,7.5982,399.91358,1881.25,720,9.25,710.75,54.345,41.28,0,41.28,99.85,72,0.1,71.9,224.7842116,163.416648,0.28351925,163.1331288,298,396,621,Na3Bi1.95P3O12Eu0.05
14,8,0.1,7.9,245,83,8,75,589.8322813,208.9804,15.999,192.9814,860,185,60,125,8.46,3.44,0,3.44,21,6,1,5,48.0635177,13.618054,5.1390767,8.4789773,206.2,66.4,6.3,60.1,457.1820868,167.18432,15.1964,151.98792,1384,540,17.5,522.5,36.21,27.52,0,27.52,65.4,48,0.2,47.8,152.3168654,108.944432,0.5670385,108.3773935,298,396,621,Na3Bi0.8P2O8Eu0.1Tb0.1
14,8,0.1,7.9,245,83,8,75,589.8322813,208.9804,15.999,192.9814,860,185,60,125,8.46,3.44,0,3.44,21,6,1,5,48.0635177,13.618054,5.1390767,8.4789773,205.2,64,6.5,57.5,454.3312668,156.7353,15.892535,140.842765,1385.25,540,17.5,522.5,36.115,27.52,0,27.52,65.25,48,0.2,47.8,152.2361089,108.944432,0.58638,108.358052,298,396,621,Na3Bi0.75P2O8Eu0.15Tb0.1
14,8,0.1,7.9,245,83,8,75,589.8322813,208.9804,15.999,192.9814,860,185,60,125,8.46,3.44,0,3.44,21,6,1,5,48.0635177,13.618054,5.1390767,8.4789773,204.2,64,6.5,57.5,451.4804468,146.28628,15.892535,130.393745,1386.5,540,17.5,522.5,36.02,27.52,0,27.52,65.1,48,0.2,47.8,152.1553523,108.944432,0.58638,108.358052,298,396,621,Na3Bi0.7P2O8Eu0.2Tb0.1
14,8,0.1,7.9,245,83,8,75,589.8322813,208.9804,15.999,192.9814,860,185,60,125,8.46,3.44,0,3.44,21,6,1,5,48.0635177,13.618054,5.1390767,8.4789773,203.2,64,6.5,57.5,448.6296268,135.83726,15.892535,119.944725,1387.75,540,17.5,522.5,35.925,27.52,0,27.52,64.95,48,0.2,47.8,152.0745958,108.944432,0.58638,108.358052,298,396,621,Na3Bi0.65P2O8Eu0.25Tb0.1
14,8,0.1,7.9,245,83,8,75,589.8322813,208.9804,15.999,192.9814,860,185,60,125,8.46,3.44,0,3.44,21,6,1,5,48.0635177,13.618054,5.1390767,8.4789773,202.2,64,6.5,57.5,445.7788068,127.992,15.892535,112.099465,1389,540,17.5,522.5,35.83,27.52,0,27.52,64.8,48,0.2,47.8,151.9938392,108.944432,0.58638,108.358052,298,396,621,Na3Bi0.6P2O8Eu0.3Tb0.1
14,8,0.1,7.9,246,83,8,75,593.4069313,208.9804,15.999,192.9814,860,185,60,125,9.68,3.44,0,3.44,21,6,1,5,48.1387677,13.618054,5.1390767,8.4789773,206.3,66.4,6.3,60.1,457.5395518,167.18432,15.1964,151.98792,1384,540,17.5,522.5,36.332,27.52,0,27.52,65.4,48,0.2,47.8,152.3243904,108.944432,0.5670385,108.3773935,298,396,621,Na3Bi0.8P2O8Eu0.1Dy0.1
14,8,0.1,7.9,246,83,8,75,593.4069313,208.9804,15.999,192.9814,860,185,60,125,9.68,3.44,0,3.44,21,6,1,5,48.1387677,13.618054,5.1390767,8.4789773,205.9,64.74,6.6,58.14,456.3992238,163.004712,16.25,146.754712,1384.5,540,17.5,522.5,36.294,27.52,0,27.52,65.34,48,0.2,47.8,152.2920878,108.944432,0.593905,108.350527,298,396,621,Na3Bi0.78P2O8Eu0.12Dy0.1
14,8,0.1,7.9,246,83,8,75,593.4069313,208.9804,15.999,192.9814,860,185,60,125,9.68,3.44,0,3.44,21,6,1,5,48.1387677,13.618054,5.1390767,8.4789773,205.3,64,6.6,57.4,454.6887318,156.7353,16.25,140.4853,1385.25,540,17.5,522.5,36.237,27.52,0,27.52,65.25,48,0.2,47.8,152.2436339,108.944432,0.593905,108.350527,298,396,621,Na3Bi0.75P2O8Eu0.15Dy0.1
14,8,0.1,7.9,246,83,8,75,593.4069313,208.9804,15.999,192.9814,860,185,60,125,9.68,3.44,0,3.44,21,6,1,5,48.1387677,13.618054,5.1390767,8.4789773,204.3,64,6.6,57.4,451.8379118,146.28628,16.25,130.03628,1386.5,540,17.5,522.5,36.142,27.52,0,27.52,65.1,48,0.2,47.8,152.1628773,108.944432,0.593905,108.350527,298,396,621,Na3Bi0.7P2O8Eu0.2Dy0.1
14,8,0.1,7.9,246,83,8,75,593.4069313,208.9804,15.999,192.9814,860,185,60,125,9.68,3.44,0,3.44,21,6,1,5,48.1387677,13.618054,5.1390767,8.4789773,203.3,64,6.6,57.4,448.9870918,135.83726,16.25,119.58726,1387.75,540,17.5,522.5,36.047,27.52,0,27.52,64.95,48,0.2,47.8,152.0821208,108.944432,0.593905,108.350527,298,396,621,Na3Bi0.65P2O8Eu0.25Dy0.1
14,8,0.1,7.9,246,83,8,75,593.4069313,208.9804,15.999,192.9814,860,185,60,125,9.68,3.44,0,3.44,21,6,1,5,48.1387677,13.618054,5.1390767,8.4789773,202.3,64,6.6,57.4,446.1362718,127.992,16.25,111.742,1389,540,17.5,522.5,35.952,27.52,0,27.52,64.8,48,0.2,47.8,152.0013642,108.944432,0.593905,108.350527,298,396,621,Na3Bi0.6P2O8Eu0.3Dy0.1
14,8,0.1,7.9,242,83,8,75,581.2669313,208.9804,15.999,192.9814,870,185,60,125,9.63,3.44,0,3.44,21,6,1,5,47.8434277,13.618054,5.1390767,8.4789773,205.9,66.4,6.2,60.2,456.3255518,167.18432,15.036,152.14832,1385,540,18.5,521.5,36.327,27.52,0,27.52,65.4,48,0.2,47.8,152.2948564,108.944432,0.564371,108.380061,298,396,621,Na3Bi0.8P2O8Eu0.1Sm0.1
14,8,0.1,7.9,242,83,8,75,581.2669313,208.9804,15.999,192.9814,870,185,60,125,9.63,3.44,0,3.44,21,6,1,5,47.8434277,13.618054,5.1390767,8.4789773,205.5,64.74,6.2,58.54,455.1852238,163.004712,15.036,147.968712,1385.5,540,18.5,521.5,36.289,27.52,0,27.52,65.34,48,0.2,47.8,152.2625538,108.944432,0.564371,108.380061,298,396,621,Na3Bi0.78P2O8Eu0.12Sm0.1
14,8,0.1,7.9,242,83,8,75,581.2669313,208.9804,15.999,192.9814,870,185,60,125,9.63,3.44,0,3.44,21,6,1,5,47.8434277,13.618054,5.1390767,8.4789773,204.9,64,6.2,57.8,453.4747318,156.7353,15.036,141.6993,1386.25,540,18.5,521.5,36.232,27.52,0,27.52,65.25,48,0.2,47.8,152.2140999,108.944432,0.564371,108.380061,298,396,621,Na3Bi0.75P2O8Eu0.15Sm0.1
14,8,0.1,7.9,242,83,8,75,581.2669313,208.9804,15.999,192.9814,870,185,60,125,9.63,3.44,0,3.44,21,6,1,5,47.8434277,13.618054,5.1390767,8.4789773,203.9,64,6.2,57.8,450.6239118,146.28628,15.036,131.25028,1387.5,540,18.5,521.5,36.137,27.52,0,27.52,65.1,48,0.2,47.8,152.1333433,108.944432,0.564371,108.380061,298,396,621,Na3Bi0.7P2O8Eu0.2Sm0.1
14,8,0.1,7.9,242,83,8,75,581.2669313,208.9804,15.999,192.9814,870,185,60,125,9.63,3.44,0,3.44,21,6,1,5,47.8434277,13.618054,5.1390767,8.4789773,202.9,64,6.2,57.8,447.7730918,135.83726,15.036,120.80126,1388.75,540,18.5,521.5,36.042,27.52,0,27.52,64.95,48,0.2,47.8,152.0525868,108.944432,0.564371,108.380061,298,396,621,Na3Bi0.65P2O8Eu0.25Sm0.1
14,8,0.1,7.9,242,83,8,75,581.2669313,208.9804,15.999,192.9814,870,185,60,125,9.63,3.44,0,3.44,21,6,1,5,47.8434277,13.618054,5.1390767,8.4789773,201.9,64,6.2,57.8,444.9222718,127.992,15.036,112.956,1390,540,18.5,521.5,35.947,27.52,0,27.52,64.8,48,0.2,47.8,151.9718302,108.944432,0.564371,108.380061,298,396,621,Na3Bi0.6P2O8Eu0.3Sm0.1
26,15,0.4,14.6,184,63,5,58,427.47947,151.964,10.81,141.154,835,195,60,135,9.39,3.44,0,3.44,19,6,2,4,45.275815,13.618054,5.5769,8.041154,352.4,120,20,100,756.756882,239.985,43.24,196.745,2361,900,74,826,68.85,51.6,0,51.6,119.6,90,0.8,89.2,279.414551,204.27081,2.268154,202.002656,298,397,621,Ca3La0.6Ga3O15B4Eu0.4
26,15,0.5,14.5,184,63,5,58,427.47947,151.964,10.81,141.154,835,195,60,135,9.39,3.44,0,3.44,19,6,2,4,45.275815,13.618054,5.5769,8.041154,353,120,20,100,758.062735,239.985,43.24,196.745,2360,900,92.5,807.5,68.74,51.6,0,51.6,119.5,90,1,89,279.4238995,204.27081,2.78845,201.48236,298,397,621,Ca3La0.5Ga3O15B4Eu0.5
26,15,0.4,14.6,184,63,5,58,427.47947,151.964,10.81,141.154,835,195,60,135,9.39,3.44,0,3.44,19,6,2,4,45.275815,13.618054,5.5769,8.041154,353.6,120,20,100,759.368588,239.985,43.24,196.745,2359,900,78,822,68.63,51.6,0,51.6,119.4,90,1.2,88.8,279.433248,204.27081,2.23076,202.04005,298,397,621,Ca3La0.4Ga3O15B4Eu0.6
26,15,0.2,14.8,184,63,5,58,427.47947,151.964,10.81,141.154,835,195,60,135,9.39,3.44,0,3.44,19,6,2,4,45.275815,13.618054,5.5769,8.041154,354.8,120,11.4,108.6,761.980294,239.985,27.781094,212.203906,2357,900,39,861,68.41,51.6,0,51.6,119.2,90,0.6,89.4,279.451945,204.27081,1.11538,203.15543,298,397,621,Ca3La0.2Ga3O15B4Eu0.8
26,15,1,14,127,63,5,58,288.574,151.964,10.81,141.154,640,185,60,125,8.29,3.44,0,3.44,16,6,2,4,39.698915,13.618054,5.670385,7.947669,356,120,20,100,764.592,239.985,43.24,196.745,2355,900,185,715,68.19,51.6,0,51.6,119,90,2,88,279.470642,204.27081,5.670385,198.600425,298,397,621,Ca3Ga3O15B4Eu1
26,15,0.1,14.9,148,63,5,58,334.7383785,151.964,10.81,141.154,815,185,60,125,9.31,3.44,0,3.44,19,6,2,4,45.9026416,13.618054,5.670385,7.947669,280.4,120,6.3,113.7,579.6152715,239.985,15.1964,224.7886,2335.5,900,18.5,881.5,68.688,51.6,0,51.6,119.9,90,0.2,89.8,279.9222293,204.27081,0.5670385,203.7037715,298,397,621,Ca3Y0.9Al3O15B4Eu0.1
26,15,0.3,14.7,148,63,5,58,334.7383785,151.964,10.81,141.154,815,185,60,125,9.31,3.44,0,3.44,19,6,2,4,45.9026416,13.618054,5.670385,7.947669,285.2,120,18.9,101.1,592.2269035,239.985,43.24,196.745,2336.5,900,55.5,844.5,68.444,51.6,0,51.6,119.7,90,0.6,89.4,279.8128543,204.27081,1.7011155,202.5696945,298,397,621,Ca3Y0.7Al3O15B4Eu0.3
26,15,0.5,14.5,148,63,5,58,334.7383785,151.964,10.81,141.154,815,185,60,125,9.31,3.44,0,3.44,19,6,2,4,45.9026416,13.618054,5.670385,7.947669,290,120,19.5,100.5,604.8385355,239.985,43.24,196.745,2337.5,900,90,810,68.2,51.6,0,51.6,119.5,90,1,89,279.7034793,204.27081,2.8351925,201.4356175,298,397,621,Ca3Y0.5Al3O15B4Eu0.5
26,15,0.3,14.7,148,63,5,58,334.7383785,151.964,10.81,141.154,815,185,60,125,9.31,3.44,0,3.44,19,6,2,4,45.9026416,13.618054,5.670385,7.947669,294.8,120,11.7,108.3,617.4501675,239.985,26.671752,213.313248,2338.5,900,54,846,67.956,51.6,0,51.6,119.3,90,0.9,89.1,279.5941043,204.27081,1.865178,202.405632,298,397,621,Ca3Y0.3Al3O15B4Eu0.7
26,15,0.1,14.9,148,63,5,58,334.7383785,151.964,10.81,141.154,815,185,60,125,9.31,3.44,0,3.44,19,6,2,4,45.9026416,13.618054,5.670385,7.947669,299.6,120,3.9,116.1,630.0617995,239.985,8.890584,231.094416,2339.5,900,18,882,67.712,51.6,0,51.6,119.1,90,0.3,89.7,279.4847293,204.27081,0.621726,203.649084,298,397,621,Ca3Y0.1Al3O15B4Eu0.9
26,15,1,14,109,63,5,58,245.8325385,151.964,10.81,141.154,635,185,60,125,8.09,3.44,0,3.44,16,6,2,4,39.6853816,13.618054,5.670385,7.947669,302,120,20,100,636.3676155,239.985,43.24,196.745,2340,900,185,715,67.59,51.6,0,51.6,119,90,2,88,279.4300418,204.27081,5.670385,198.600425,298,397,621,Ca3Al3O15B4Eu1
26,15,0.1,14.9,173,64,5,59,403.0825385,157.25,10.81,146.44,815,185,60,125,9.29,3.44,0,3.44,18,6,2,4,45.8351776,13.618054,5.670385,7.947669,302.9,120,6.3,113.7,641.1250155,239.985,15.1964,224.7886,2335.5,900,18.5,881.5,68.67,51.6,0,51.6,119,90,0.2,89.8,279.8615117,204.27081,0.5670385,203.7037715,298,397,621,Ca3Gd0.9Al3O15B4Eu0.1
26,15,0.2,14.8,173,64,5,59,403.0825385,157.25,10.81,146.44,815,185,60,125,9.29,3.44,0,3.44,18,6,2,4,45.8351776,13.618054,5.670385,7.947669,302.8,120,12.6,107.4,640.5964155,239.985,30.3928,209.5922,2336,900,37,863,68.55,51.6,0,51.6,119,90,0.4,89.6,279.8135706,204.27081,1.134077,203.136733,298,397,621,Ca3Gd0.8Al3O15B4Eu0.2
26,15,0.3,14.7,173,64,5,59,403.0825385,157.25,10.81,146.44,815,185,60,125,9.29,3.44,0,3.44,18,6,2,4,45.8351776,13.618054,5.670385,7.947669,302.7,120,18.9,101.1,640.0678155,239.985,43.24,196.745,2336.5,900,55.5,844.5,68.43,51.6,0,51.6,119,90,0.6,89.4,279.7656295,204.27081,1.7011155,202.5696945,298,397,621,Ca3Gd0.7Al3O15B4Eu0.3
26,15,0.5,14.5,173,64,5,59,403.0825385,157.25,10.81,146.44,815,185,60,125,9.29,3.44,0,3.44,18,6,2,4,45.8351776,13.618054,5.670385,7.947669,302.5,120,20,100,639.0106155,239.985,43.24,196.745,2337.5,900,90,810,68.19,51.6,0,51.6,119,90,1,89,279.6697473,204.27081,2.8351925,201.4356175,298,397,621,Ca3Gd0.5Al3O15B4Eu0.5
25.9,15,0.2,14.8,173,64,5,59,403.0825385,157.25,10.81,146.44,815,185,60,125,9.29,3.44,0,3.44,18,6,2,4,45.8351776,13.618054,5.670385,7.947669,295.9,120,12.8,107.2,622.2284155,239.985,31.45,208.535,2320.5,900,36,864,67.83,51.6,0,51.6,118.8,90,0.4,89.6,278.9588855,204.27081,1.2299592,203.0408508,298,397,621,Ca3Gd0.2Al3O15B4Eu0.7
26,15,1,14,109,63,5,58,245.8325385,151.964,10.81,141.154,635,185,60,125,8.09,3.44,0,3.44,16,6,2,4,39.6853816,13.618054,5.670385,7.947669,302,120,20,100,636.3676155,239.985,43.24,196.745,2340,900,185,715,67.59,51.6,0,51.6,119,90,2,88,279.4300418,204.27081,5.670385,198.600425,298,397,621,Ca3Al3O15B4Eu1
26,15,0.1,14.9,198,71,5,66,463.5408,174.9668,10.81,164.1568,815,185,60,125,9.29,3.44,0,3.44,18,6,2,4,45.124786,13.618054,5.425871,8.192183,363.2,120,6.3,113.7,785.29452,239.985,15.1964,224.7886,2346,900,18.5,881.5,69.09,51.6,0,51.6,119,90,0.2,89.8,279.2505794,204.27081,0.5670385,203.7037715,298,397,621,Ca3Lu0.9Ga3B4O15Eu0.1
26,15,0.3,14.7,198,71,5,66,463.5408,174.9668,10.81,164.1568,815,185,60,125,9.29,3.44,0,3.44,18,6,2,4,45.124786,13.618054,5.425871,8.192183,361.6,120,18.9,101.1,780.69396,239.985,43.24,196.745,2348,900,55.5,844.5,68.89,51.6,0,51.6,119,90,0.6,89.4,279.2994822,204.27081,1.7011155,202.5696945,298,397,621,Ca3Lu0.7Ga3B4O15Eu0.3
26,15,0.5,14.5,198,71,5,66,463.5408,174.9668,10.81,164.1568,815,185,60,125,9.29,3.44,0,3.44,18,6,2,4,45.124786,13.618054,5.425871,8.192183,360,120,20,100,776.0934,239.985,43.24,196.745,2350,900,87.5,812.5,68.69,51.6,0,51.6,119,90,1,89,279.348385,204.27081,2.7129355,201.5578745,298,397,621,Ca3Lu0.5Ga3B4O15Eu0.5
26,15,0.3,14.7,198,71,5,66,463.5408,174.9668,10.81,164.1568,815,185,60,125,9.29,3.44,0,3.44,18,6,2,4,45.124786,13.618054,5.425871,8.192183,358.4,120,20,100,771.49284,239.985,43.24,196.745,2352,900,52.5,847.5,68.49,51.6,0,51.6,119,90,0.6,89.4,279.3972878,204.27081,1.6277613,202.6430487,298,397,621,Ca3Lu0.3Ga3B4O15Eu0.7
26,15,0.1,14.9,198,71,5,66,463.5408,174.9668,10.81,164.1568,815,185,60,125,9.29,3.44,0,3.44,18,6,2,4,45.124786,13.618054,5.425871,8.192183,356.8,120,7.1,112.9,766.89228,239.985,17.49668,222.48832,2354,900,17.5,882.5,68.29,51.6,0,51.6,119,90,0.2,89.8,279.4461906,204.27081,0.5425871,203.7282229,298,397,621,Ca3Lu0.1Ga3B4O15Eu0.9
26,15,1,14,127,63,5,58,288.574,151.964,10.81,141.154,640,185,60,125,8.29,3.44,0,3.44,16,6,2,4,39.698915,13.618054,5.670385,7.947669,356,120,20,100,764.592,239.985,43.24,196.745,2355,900,185,715,68.19,51.6,0,51.6,119,90,2,88,279.470642,204.27081,5.670385,198.600425,298,397,621,Ca3Ga3B4O15Eu1
14,8,0.1,7.9,242,83,8,75,581.2669313,208.9804,15.999,192.9814,870,185,60,125,9.63,3.44,0,3.44,21,6,1,5,47.8434277,13.618054,5.1390767,8.4789773,205.48,64.74,6.3,58.44,455.1531438,163.004712,15.1964,147.808312,1385.5,540,18.5,521.5,36.3124,27.52,0,27.52,65.34,48,0.2,47.8,152.2620203,108.944432,0.5670385,108.3773935,298,403,621,Na3Bi0.78P2O8Eu0.1Sm0.12
14,8,0.1,7.9,242,83,8,75,581.2669313,208.9804,15.999,192.9814,870,185,60,125,9.63,3.44,0,3.44,21,6,1,5,47.8434277,13.618054,5.1390767,8.4789773,203.8,64,6.3,57.7,450.4635118,146.28628,15.1964,131.08988,1387.5,540,18.5,521.5,36.254,27.52,0,27.52,65.1,48,0.2,47.8,152.1306758,108.944432,0.5670385,108.3773935,298,403,621,Na3Bi0.7P2O8Eu0.1Sm0.2
14,8,0.1,7.9,242,83,8,75,581.2669313,208.9804,15.999,192.9814,870,185,60,125,9.63,3.44,0,3.44,21,6,1,5,47.8434277,13.618054,5.1390767,8.4789773,202.75,64,6.3,57.7,447.5324918,135.83726,15.1964,120.64086,1388.75,540,18.5,521.5,36.2175,27.52,0,27.52,64.95,48,0.2,47.8,152.0485855,108.944432,0.5670385,108.3773935,298,403,621,Na3Bi0.65P2O8Eu0.1Sm0.25
14,8,0.1,7.9,242,83,8,75,581.2669313,208.9804,15.999,192.9814,870,185,60,125,9.63,3.44,0,3.44,21,6,1,5,47.8434277,13.618054,5.1390767,8.4789773,201.7,64,6.3,57.7,444.6014718,127.992,15.1964,112.7956,1390,540,18.5,521.5,36.181,27.52,0,27.52,64.8,48,0.2,47.8,151.9664952,108.944432,0.5670385,108.3773935,298,403,621,Na3Bi0.6P2O8Eu0.1Sm0.3
13.02,7,0.02,6.98,161,63,8,55,370.42164,151.964,15.999,135.965,770,235,60,175,7.38,3.44,0,3.44,16,6,1,5,37.83451,13.618054,4.177128,9.440926,235.26,111,1.26,109.74,516.51152,256.4034,3.03928,253.36412,1528.7,705,3.7,701.3,31.56,24.08,0,24.08,56.04,42,0.04,41.96,130.4917957,95.326378,0.1134077,95.2129703,298,450,622,Rb3YSi2O7Eu0.02
7.01,4,0.01,3.99,143,63,8,55,323.9283785,151.964,15.999,135.965,730,185,60,125,7.27,3.44,0,3.44,16,6,2,4,37.6046226,13.618054,5.670385,7.947669,104.63,39,0.63,38.37,221.4810185,88.90584,1.51964,87.3862,726.85,240,1.85,238.15,17.59,13.76,0,13.76,32.02,24,0.02,23.98,72.84510345,54.472216,0.05670385,54.41551215,298,272,623,CaYAlO4Eu0.01
7.03,4,0.03,3.97,143,63,8,55,323.9283785,151.964,15.999,135.965,730,185,60,125,7.27,3.44,0,3.44,16,6,2,4,37.6046226,13.618054,5.670385,7.947669,105.89,39,1.89,37.11,224.5202985,88.90584,4.55892,84.34692,730.55,240,5.55,234.45,17.59,13.76,0,13.76,32.06,24,0.06,23.94,72.95851115,54.472216,0.17011155,54.30210445,298,272,623,CaYAlO4Eu0.03
7.07,4,0.07,3.93,143,63,8,55,323.9283785,151.964,15.999,135.965,730,185,60,125,7.27,3.44,0,3.44,16,6,2,4,37.6046226,13.618054,5.670385,7.947669,108.41,39,4.41,34.59,230.5988585,88.90584,10.63748,78.26836,737.95,240,12.95,227.05,17.59,13.76,0,13.76,32.14,24,0.14,23.86,73.18532655,54.472216,0.39692695,54.07528905,298,272,623,CaYAlO4Eu0.07
7.08,4,0.08,3.92,143,63,8,55,323.9283785,151.964,15.999,135.965,730,185,60,125,7.27,3.44,0,3.44,16,6,2,4,37.6046226,13.618054,5.670385,7.947669,109.04,39,5.04,33.96,232.1184985,88.90584,12.15712,76.74872,739.8,240,14.8,225.2,17.59,13.76,0,13.76,32.16,24,0.16,23.84,73.2420304,54.472216,0.4536308,54.0185852,298,272,623,CaYAlO4Eu0.08
7.1,4,0.1,3.9,143,63,8,55,323.9283785,151.964,15.999,135.965,730,185,60,125,7.27,3.44,0,3.44,16,6,2,4,37.6046226,13.618054,5.670385,7.947669,110.3,39,6.3,32.7,235.1577785,88.90584,15.1964,73.70944,743.5,240,18.5,221.5,17.59,13.76,0,13.76,32.2,24,0.2,23.8,73.3554381,54.472216,0.5670385,53.9051775,298,272,623,CaYAlO4Eu0.1
7.11,4,0.11,3.89,143,63,8,55,323.9283785,151.964,15.999,135.965,730,185,60,125,7.27,3.44,0,3.44,16,6,2,4,37.6046226,13.618054,5.670385,7.947669,110.93,39,6.93,32.07,236.6774185,88.90584,16.71604,72.1898,745.35,240,20.35,219.65,17.59,13.76,0,13.76,32.22,24,0.22,23.78,73.41214195,54.472216,0.62374235,53.84847365,298,272,623,CaYAlO4Eu0.11
7.12,4,0.12,3.88,143,63,8,55,323.9283785,151.964,15.999,135.965,730,185,60,125,7.27,3.44,0,3.44,16,6,2,4,37.6046226,13.618054,5.670385,7.947669,111.56,39,7.56,31.44,238.1970585,88.90584,18.23568,70.67016,747.2,240,22.2,217.8,17.59,13.76,0,13.76,32.24,24,0.24,23.76,73.4688458,54.472216,0.6804462,53.7917698,298,272,623,CaYAlO4Eu0.12
19,12,0.05,11.95,180,83,8,75,430.9069313,208.9804,15.999,192.9814,685,185,60,125,8.46,3.44,0,3.44,19,6,1,5,42.1997177,13.618054,5.1390767,8.4789773,256,96,3.15,92.85,560.0081738,198.53138,7.5982,190.93318,1721.25,720,9.25,710.75,52.445,41.28,0,41.28,94.85,72,0.1,71.9,217.4986956,163.416648,0.28351925,163.1331288,298,396,623,Na3Bi0.95P3O12Eu0.05
19,12,0.1,11.9,180,83,8,75,430.9069313,208.9804,15.999,192.9814,685,185,60,125,8.46,3.44,0,3.44,19,6,1,5,42.1997177,13.618054,5.1390767,8.4789773,255,96,6.3,89.7,557.1573538,191.988,15.1964,176.7916,1722.5,720,18.5,701.5,52.35,41.28,0,41.28,94.7,72,0.2,71.8,217.417939,163.416648,0.5670385,162.8496095,298,396,623,Na3Bi0.9P3O12Eu0.1
19,12,0.125,11.875,180,83,8,75,430.9069313,208.9804,15.999,192.9814,685,185,60,125,8.46,3.44,0,3.44,19,6,1,5,42.1997177,13.618054,5.1390767,8.4789773,254.5,96,7.875,88.125,555.7319438,191.988,18.9955,172.9925,1723.125,720,23.125,696.875,52.3025,41.28,0,41.28,94.625,72,0.25,71.75,217.3775607,163.416648,0.708798125,162.7078499,298,396,623,Na3Bi0.875P3O12Eu0.125
19,12,0.15,11.85,180,83,8,75,430.9069313,208.9804,15.999,192.9814,685,185,60,125,8.46,3.44,0,3.44,19,6,1,5,42.1997177,13.618054,5.1390767,8.4789773,254,96,9.45,86.55,554.3065338,191.988,22.7946,169.1934,1723.75,720,27.75,692.25,52.255,41.28,0,41.28,94.55,72,0.3,71.7,217.3371825,163.416648,0.85055775,162.5660903,298,396,623,Na3Bi0.85P3O12Eu0.15
19,12,0.2,11.8,180,83,8,75,430.9069313,208.9804,15.999,192.9814,685,185,60,125,8.46,3.44,0,3.44,19,6,1,5,42.1997177,13.618054,5.1390767,8.4789773,253,96,12.6,83.4,551.4557138,191.988,30.3928,161.5952,1725,720,37,683,52.16,41.28,0,41.28,94.4,72,0.4,71.6,217.2564259,163.416648,1.134077,162.282571,298,396,623,Na3Bi0.8P3O12Eu0.2
19,12,0.25,11.75,180,83,8,75,430.9069313,208.9804,15.999,192.9814,685,185,60,125,8.46,3.44,0,3.44,19,6,1,5,42.1997177,13.618054,5.1390767,8.4789773,252,96,15.75,80.25,548.6048938,191.988,37.991,153.997,1726.25,720,46.25,673.75,52.065,41.28,0,41.28,94.25,72,0.5,71.5,217.1756694,163.416648,1.41759625,161.9990518,298,396,623,Na3Bi0.75P3O12Eu0.25
19,12,0.3,11.7,180,83,8,75,430.9069313,208.9804,15.999,192.9814,685,185,60,125,8.46,3.44,0,3.44,19,6,1,5,42.1997177,13.618054,5.1390767,8.4789773,251,96,18.9,77.1,545.7540738,191.988,45.5892,146.3988,1727.5,720,55.5,664.5,51.97,41.28,0,41.28,94.1,72,0.6,71.4,217.0949128,163.416648,1.7011155,161.7155325,298,396,623,Na3Bi0.7P3O12Eu0.3
14,8,0.1,7.9,180,83,8,75,430.9069313,208.9804,15.999,192.9814,685,185,60,125,8.46,3.44,0,3.44,19,6,1,5,42.1997177,13.618054,5.1390767,8.4789773,208,74.7,6.3,68.4,462.1875918,188.08236,15.1964,172.88596,1382.5,540,18.5,521.5,36.4,27.52,0,27.52,65.7,48,0.2,47.8,152.459037,108.944432,0.5670385,108.3773935,298,396,623,Na3Bi0.9P2O8Eu0.1
13,8,0.006,7.994,228,68,8,60,546.75747,167.259,15.999,151.26,740,195,60,135,7.79,3.44,0,3.44,17,6,2,4,38.872474,13.618054,5.5769,8.041154,324.19,226.86,0.378,226.482,756.7191806,552.8437706,0.911784,551.9319866,1384.66,776.1,1.11,774.99,33.92536,27.52,0,27.52,63.98,48,0.012,47.988,139.1594591,108.944432,0.03402231,108.9104097,298,270,624,La3.98GeO8Eu0.006Er0.014
13,8,0.006,7.994,228,68,8,60,546.75747,167.259,15.999,151.26,740,195,60,135,7.79,3.44,0,3.44,17,6,2,4,38.872474,13.618054,5.5769,8.041154,324.19,226.86,0.378,226.482,756.7191806,552.8437706,0.911784,551.9319866,1384.66,776.1,1.11,774.99,33.92536,27.52,0,27.52,63.98,48,0.012,47.988,139.1594591,108.944432,0.03402231,108.9104097,298,280,624,La3.98GeO8Eu0.006Er0.014
13,8,0.006,7.994,228,68,8,60,546.75747,167.259,15.999,151.26,740,195,60,135,7.79,3.44,0,3.44,17,6,2,4,38.872474,13.618054,5.5769,8.041154,324.19,226.86,0.378,226.482,756.7191806,552.8437706,0.911784,551.9319866,1384.66,776.1,1.11,774.99,33.92536,27.52,0,27.52,63.98,48,0.012,47.988,139.1594591,108.944432,0.03402231,108.9104097,298,290,624,La3.98GeO8Eu0.006Er0.014
13,8,0.006,7.994,228,68,8,60,546.75747,167.259,15.999,151.26,740,195,60,135,7.79,3.44,0,3.44,17,6,2,4,38.872474,13.618054,5.5769,8.041154,324.19,226.86,0.378,226.482,756.7191806,552.8437706,0.911784,551.9319866,1384.66,776.1,1.11,774.99,33.92536,27.52,0,27.52,63.98,48,0.012,47.988,139.1594591,108.944432,0.03402231,108.9104097,298,300,624,La3.98GeO8Eu0.006Er0.014
13,8,0.006,7.994,228,68,8,60,546.75747,167.259,15.999,151.26,740,195,60,135,7.79,3.44,0,3.44,17,6,2,4,38.872474,13.618054,5.5769,8.041154,324.19,226.86,0.378,226.482,756.7191806,552.8437706,0.911784,551.9319866,1384.66,776.1,1.11,774.99,33.92536,27.52,0,27.52,63.98,48,0.012,47.988,139.1594591,108.944432,0.03402231,108.9104097,298,310,624,La3.98GeO8Eu0.006Er0.014
13,8,0.006,7.994,228,68,8,60,546.75747,167.259,15.999,151.26,740,195,60,135,7.79,3.44,0,3.44,17,6,2,4,38.872474,13.618054,5.5769,8.041154,324.19,226.86,0.378,226.482,756.7191806,552.8437706,0.911784,551.9319866,1384.66,776.1,1.11,774.99,33.92536,27.52,0,27.52,63.98,48,0.012,47.988,139.1594591,108.944432,0.03402231,108.9104097,298,320,624,La3.98GeO8Eu0.006Er0.014
13,8,0.006,7.994,228,68,8,60,546.75747,167.259,15.999,151.26,740,195,60,135,7.79,3.44,0,3.44,17,6,2,4,38.872474,13.618054,5.5769,8.041154,324.19,226.86,0.378,226.482,756.7191806,552.8437706,0.911784,551.9319866,1384.66,776.1,1.11,774.99,33.92536,27.52,0,27.52,63.98,48,0.012,47.988,139.1594591,108.944432,0.03402231,108.9104097,298,330,624,La3.98GeO8Eu0.006Er0.014
13,8,0.006,7.994,228,68,8,60,546.75747,167.259,15.999,151.26,740,195,60,135,7.79,3.44,0,3.44,17,6,2,4,38.872474,13.618054,5.5769,8.041154,324.19,226.86,0.378,226.482,756.7191806,552.8437706,0.911784,551.9319866,1384.66,776.1,1.11,774.99,33.92536,27.52,0,27.52,63.98,48,0.012,47.988,139.1594591,108.944432,0.03402231,108.9104097,298,340,624,La3.98GeO8Eu0.006Er0.014
13,8,0.006,7.994,228,68,8,60,546.75747,167.259,15.999,151.26,740,195,60,135,7.79,3.44,0,3.44,17,6,2,4,38.872474,13.618054,5.5769,8.041154,324.19,226.86,0.378,226.482,756.7191806,552.8437706,0.911784,551.9319866,1384.66,776.1,1.11,774.99,33.92536,27.52,0,27.52,63.98,48,0.012,47.988,139.1594591,108.944432,0.03402231,108.9104097,298,350,624,La3.98GeO8Eu0.006Er0.014
44.6,28,0.01,27.99,195,64,8,56,451.202806,157.25,15.999,141.251,845,185,60,125,9.38,3.44,0,3.44,24,7,2,5,49.4720942,13.618054,5.670385,7.947669,565.63,224,0.63,223.37,1168.422396,447.972,1.51964,446.45236,4106.45,1680,1.85,1678.15,121.462,96.32,0,96.32,222.4,168,0.02,167.98,513.4836515,381.305512,0.05670385,381.2488082,298,355,625,Ca8.55GdP7O28Eu0.01Mn0.04
44.56,28,0.01,27.99,195,64,8,56,451.202806,157.25,15.999,141.251,845,185,60,125,9.38,3.44,0,3.44,24,7,2,5,49.4720942,13.618054,5.670385,7.947669,564.855,224,0.63,223.37,1166.893576,447.972,1.51964,446.45236,4099.05,1680,1.85,1678.15,121.42475,96.32,0,96.32,222.345,168,0.02,167.98,513.2457296,381.305512,0.05670385,381.2488082,298,355,625,Ca8.505GdP7O28Eu0.01Mn0.045
44.52,28,0.01,27.99,195,64,8,56,451.202806,157.25,15.999,141.251,845,185,60,125,9.38,3.44,0,3.44,24,7,2,5,49.4720942,13.618054,5.670385,7.947669,564.08,224,0.63,223.37,1165.364756,447.972,1.51964,446.45236,4091.65,1680,1.85,1678.15,121.3875,96.32,0,96.32,222.29,168,0.02,167.98,513.0078077,381.305512,0.05670385,381.2488082,298,355,625,Ca8.46GdP7O28Eu0.01Mn0.05
44.36,28,0.01,27.99,195,64,8,56,451.202806,157.25,15.999,141.251,845,185,60,125,9.38,3.44,0,3.44,24,7,2,5,49.4720942,13.618054,5.670385,7.947669,560.98,224,0.63,223.37,1159.249477,447.972,1.51964,446.45236,4062.05,1680,1.85,1678.15,121.2385,96.32,0,96.32,222.07,168,0.02,167.98,512.0561202,381.305512,0.05670385,381.2488082,298,355,625,Ca8.28GdP7O28Eu0.01Mn0.07
44.12,28,0.01,27.99,195,64,8,56,451.202806,157.25,15.999,141.251,845,185,60,125,9.38,3.44,0,3.44,24,7,2,5,49.4720942,13.618054,5.670385,7.947669,556.33,224,0.63,223.37,1150.076558,447.972,1.51964,446.45236,4017.65,1680,1.85,1678.15,121.015,96.32,0,96.32,221.74,168,0.02,167.98,510.6285888,381.305512,0.05670385,381.2488082,298,355,625,Ca8.01GdP7O28Eu0.01Mn0.1
14.98,8,0.02,7.98,122,63,7,56,281.676,151.964,14.007,137.957,560,200,65,135,5.89,3.04,0,3.04,13,5,2,3,34.0510652,14.53413,5.670385,8.863745,201.74,74.48,1.26,73.22,427.25548,171.7352,3.03928,168.69592,1465.7,550,3.7,546.3,35.682,24.32,0,24.32,63.96,40,0.04,39.96,168.3068024,116.27304,0.1134077,116.1596323,298,450,625,Sr1.96Si5N8Eu0.02
5.05,2,0.05,1.95,126,63,8,55,288.92884,151.964,15.999,135.965,525,185,60,125,7.24,3.44,0,3.44,17,6,2,4,35.865709,13.618054,5.670385,7.947669,113.15,78,3.15,74.85,249.46788,177.81168,7.5982,170.21348,589.25,360,9.25,350.75,11.9,6.88,0,6.88,24.1,12,0.1,11.9,50.31415725,27.236108,0.28351925,26.95258875,298,254,626,Y2O2SEu0.05
5.03,2,0.03,1.97,158,71,8,63,374.9898,174.9668,15.999,158.9678,520,185,60,125,7.02,3.44,0,3.44,16,6,2,4,35.07432,13.618054,5.425871,8.192183,175.89,142,1.89,140.11,418.55052,349.9336,4.55892,345.37468,575.55,350,5.55,344.45,11.46,6.88,0,6.88,22.06,12,0.06,11.94,48.61797155,27.236108,0.17011155,27.06599645,298,280,626,Lu2O2SEu0.03
5.05,2,0.05,1.95,126,63,8,55,288.92884,151.964,15.999,135.965,525,185,60,125,7.24,3.44,0,3.44,17,6,2,4,35.865709,13.618054,5.670385,7.947669,113.15,78,3.15,74.85,249.46788,177.81168,7.5982,170.21348,589.25,360,9.25,350.75,11.9,6.88,0,6.88,24.1,12,0.1,11.9,50.31415725,27.236108,0.28351925,26.95258875,298,275,627,Y2O2SEu0.05
5.05,2,0.05,1.95,126,63,8,55,288.92884,151.964,15.999,135.965,525,185,60,125,7.24,3.44,0,3.44,17,6,2,4,35.865709,13.618054,5.670385,7.947669,113.15,78,3.15,74.85,249.46788,177.81168,7.5982,170.21348,589.25,360,9.25,350.75,11.9,6.88,0,6.88,24.1,12,0.1,11.9,50.31415725,27.236108,0.28351925,26.95258875,298,335,627,Y2O2SEu0.05
5,2,0.01,1.99,126,63,8,55,288.92884,151.964,15.999,135.965,525,185,60,125,7.24,3.44,0,3.44,17,6,2,4,35.865709,13.618054,5.670385,7.947669,110.24,77.61,0.63,76.98,242.5002616,176.9226216,1.51964,175.4029816,580.05,358.2,1.85,356.35,11.8878,6.88,0,6.88,23.99,12,0.02,11.98,50.02516925,27.236108,0.05670385,27.17940415,298,394,627,Y1.99O2SEu0.01
5,2,0.05,1.95,126,63,8,55,288.92884,151.964,15.999,135.965,525,185,60,125,7.24,3.44,0,3.44,17,6,2,4,35.865709,13.618054,5.670385,7.947669,111.2,76.05,3.15,72.9,245.022588,173.366388,7.5982,165.768188,580.25,351,9.25,341.75,11.839,6.88,0,6.88,23.95,12,0.1,11.9,50.00329425,27.236108,0.28351925,26.95258875,298,395,627,Y1.95O2SEu0.05
44.52,28,0.01,27.99,202,71,8,63,468.919606,174.9668,15.999,158.9678,840,185,60,125,9.18,3.44,0,3.44,24,7,2,5,48.7481692,13.618054,5.425871,8.192183,571.08,224,0.63,223.37,1183.081556,447.972,1.51964,446.45236,4086.65,1680,1.85,1678.15,121.1875,96.32,0,96.32,222.29,168,0.02,167.98,512.2838827,381.305512,0.05670385,381.2488082,298,355,630,Ca8.46LuP7O28Eu0.01Mn0.05
44.44,28,0.01,27.99,202,71,8,63,468.919606,174.9668,15.999,158.9678,840,185,60,125,9.18,3.44,0,3.44,24,7,2,5,48.7481692,13.618054,5.425871,8.192183,569.53,224,0.63,223.37,1180.023917,447.972,1.51964,446.45236,4071.85,1680,1.85,1678.15,121.113,96.32,0,96.32,222.18,168,0.02,167.98,511.808039,381.305512,0.05670385,381.2488082,298,355,630,Ca8.37LuP7O28Eu0.01Mn0.06
44.28,28,0.01,27.99,202,71,8,63,468.919606,174.9668,15.999,158.9678,840,185,60,125,9.18,3.44,0,3.44,24,7,2,5,48.7481692,13.618054,5.425871,8.192183,566.43,224,0.63,223.37,1173.908638,447.972,1.51964,446.45236,4042.25,1680,1.85,1678.15,120.964,96.32,0,96.32,221.96,168,0.02,167.98,510.8563514,381.305512,0.05670385,381.2488082,298,355,630,Ca8.19LuP7O28Eu0.01Mn0.08
44.12,28,0.01,27.99,202,71,8,63,468.919606,174.9668,15.999,158.9678,840,185,60,125,9.18,3.44,0,3.44,24,7,2,5,48.7481692,13.618054,5.425871,8.192183,563.33,224,0.63,223.37,1167.793358,447.972,1.51964,446.45236,4012.65,1680,1.85,1678.15,120.815,96.32,0,96.32,221.74,168,0.02,167.98,509.9046638,381.305512,0.05670385,381.2488082,298,355,630,Ca8.01LuP7O28Eu0.01Mn0.1
18.98,12,0.01,11.99,188,63,8,55,430.400646,151.964,15.999,135.965,865,200,60,140,9.35,3.44,0,3.44,25,7,2,5,49.1212702,13.618054,5.670385,7.947669,292.32,109.44,0.63,108.81,632.62479,252.3456,1.51964,250.82596,1790.45,720,1.85,718.15,51.9455,41.28,0,41.28,96.41,72,0.02,71.98,218.220949,163.416648,0.05670385,163.3599442,298,355,632,Sr2.88YP3O12Eu0.01Mn0.09
18.98,12,0.01,11.99,188,63,8,55,430.400646,151.964,15.999,135.965,865,200,60,140,9.35,3.44,0,3.44,25,7,2,5,49.1212702,13.618054,5.670385,7.947669,291.93,108.3,0.63,107.67,631.6443313,249.717,1.51964,248.19736,1788.65,720,1.85,718.15,51.9635,41.28,0,41.28,96.56,72,0.02,71.98,218.2731235,163.416648,0.05670385,163.3599442,298,355,632,Sr2.85YP3O12Eu0.01Mn0.12
18.98,12,0.01,11.99,188,63,8,55,430.400646,151.964,15.999,135.965,865,200,60,140,9.35,3.44,0,3.44,25,7,2,5,49.1212702,13.618054,5.670385,7.947669,291.15,106.02,0.63,105.39,629.6834139,244.4598,1.51964,242.94016,1785.05,720,1.85,718.15,51.9995,41.28,0,41.28,96.86,72,0.02,71.98,218.3774726,163.416648,0.05670385,163.3599442,298,355,632,Sr2.79YP3O12Eu0.01Mn0.18
18.98,12,0.01,11.99,188,63,8,55,430.400646,151.964,15.999,135.965,865,200,60,140,9.35,3.44,0,3.44,25,7,2,5,49.1212702,13.618054,5.670385,7.947669,289.59,101.46,0.63,100.83,625.7615792,233.9454,1.51964,232.42576,1777.85,720,1.85,718.15,52.0715,41.28,0,41.28,97.46,72,0.02,71.98,218.5861707,163.416648,0.05670385,163.3599442,298,355,632,Sr2.67YP3O12Eu0.01Mn0.3
44.704,28,0.007,27.993,208,63,8,55,470.478646,151.964,15.999,135.965,1045,200,60,140,10.35,3.44,0,3.44,27,7,2,5,55.2344254,13.618054,5.670385,7.947669,623.531,224,0.441,223.559,1317.701089,447.972,1.063748,446.908252,4215.555,1680,1.295,1678.705,121.3585,96.32,0,96.32,223.558,168,0.014,167.986,512.2927074,381.305512,0.039692695,381.2658193,298,380,632,Ca4.167Sr4.5YP7O28Eu0.007Mn0.03
44.544,28,0.007,27.993,208,63,8,55,470.478646,151.964,15.999,135.965,1045,200,60,140,10.35,3.44,0,3.44,27,7,2,5,55.2344254,13.618054,5.670385,7.947669,620.431,224,0.441,223.559,1311.58581,447.972,1.063748,446.908252,4185.955,1680,1.295,1678.705,121.2095,96.32,0,96.32,223.338,168,0.014,167.986,511.3410198,381.305512,0.039692695,381.2658193,298,380,632,Ca3.987Sr4.5YP7O28Eu0.007Mn0.05
44.384,28,0.007,27.993,208,63,8,55,470.478646,151.964,15.999,135.965,1045,200,60,140,10.35,3.44,0,3.44,27,7,2,5,55.2344254,13.618054,5.670385,7.947669,617.331,224,0.441,223.559,1305.470531,447.972,1.063748,446.908252,4156.355,1680,1.295,1678.705,121.0605,96.32,0,96.32,223.118,168,0.014,167.986,510.3893322,381.305512,0.039692695,381.2658193,298,380,632,Ca3.807Sr4.5YP7O28Eu0.007Mn0.07
44.144,28,0.007,27.993,208,63,8,55,470.478646,151.964,15.999,135.965,1045,200,60,140,10.35,3.44,0,3.44,27,7,2,5,55.2344254,13.618054,5.670385,7.947669,612.681,224,0.441,223.559,1296.297612,447.972,1.063748,446.908252,4111.955,1680,1.295,1678.705,120.837,96.32,0,96.32,222.788,168,0.014,167.986,508.9618008,381.305512,0.039692695,381.2658193,298,380,632,Ca3.537Sr4.5YP7O28Eu0.007Mn0.1
2.01,1,0.01,0.99,137,63,16,47,311.722,151.964,32.06,119.904,665,200,100,100,4.53,2.58,0,2.58,12,6,2,4,27.8384174,10.36001,5.670385,4.689625,51.03,30.4,0.63,29.77,111.69124,70.096,1.51964,68.57636,297.85,160,1.85,158.15,3.54,2.58,0,2.58,8.02,6,0.02,5.98,16.19523865,10.36001,0.05670385,10.30330615,298,350,635,Ca0.2Sr0.8SEu0.01
2.01,1,0.01,0.99,137,63,16,47,311.722,151.964,32.06,119.904,665,200,100,100,4.53,2.58,0,2.58,12,6,2,4,27.8384174,10.36001,5.670385,4.689625,51.03,30.4,0.63,29.77,111.69124,70.096,1.51964,68.57636,297.85,160,1.85,158.15,3.54,2.58,0,2.58,8.02,6,0.02,5.98,16.19523865,10.36001,0.05670385,10.30330615,298,351,635,Ca0.2Sr0.8SEu0.01
45.055,28,0.005,27.995,188,63,8,55,432.858276,151.964,15.999,135.965,860,195,60,135,9.28,3.44,0,3.44,25,7,2,5,48.8991982,13.618054,5.5769,8.041154,567.565,224,0.315,223.685,1167.902526,447.972,0.75982,447.21218,4202.925,1680,0.925,1679.075,121.8275,96.32,0,96.32,224.36,168,0.01,167.99,515.7076636,381.305512,0.028351925,381.2771601,298,365,635,Ca9LaP7O28Eu0.005Mn0.05
45.075,28,0.005,27.995,188,63,8,55,432.858276,151.964,15.999,135.965,860,195,60,135,9.28,3.44,0,3.44,25,7,2,5,48.8991982,13.618054,5.5769,8.041154,568.065,224,0.315,223.685,1169.001287,447.972,0.75982,447.21218,4205.725,1680,0.925,1679.075,121.8585,96.32,0,96.32,224.5,168,0.01,167.99,515.856344,381.305512,0.028351925,381.2771601,298,365,635,Ca9LaP7O28Eu0.005Mn0.07
45.105,28,0.005,27.995,188,63,8,55,432.858276,151.964,15.999,135.965,860,195,60,135,9.28,3.44,0,3.44,25,7,2,5,48.8991982,13.618054,5.5769,8.041154,568.815,224,0.315,223.685,1170.649428,447.972,0.75982,447.21218,4209.925,1680,0.925,1679.075,121.905,96.32,0,96.32,224.71,168,0.01,167.99,516.0793645,381.305512,0.028351925,381.2771601,298,365,635,Ca9LaP7O28Eu0.005Mn0.1
44.97,28,0.01,27.99,170,63,8,55,382.858646,151.964,15.999,135.965,845,185,60,125,9.4,3.44,0,3.44,25,7,2,5,49.5395582,13.618054,5.670385,7.947669,550.33,224,0.63,223.37,1121.742716,447.972,1.51964,446.45236,4154.65,1680,1.85,1678.15,122.105,96.32,0,96.32,226.44,168,0.02,167.98,516.4205798,381.305512,0.05670385,381.2488082,298,365,638,Ca8.46YP7O28Eu0.01Mn0.5
44.12,28,0.01,27.99,170,63,8,55,382.858646,151.964,15.999,135.965,845,185,60,125,9.4,3.44,0,3.44,25,7,2,5,49.5395582,13.618054,5.670385,7.947669,531.33,224,0.63,223.37,1081.732398,447.972,1.51964,446.45236,4017.65,1680,1.85,1678.15,121.035,96.32,0,96.32,222.74,168,0.02,167.98,510.6960528,381.305512,0.05670385,381.2488082,298,365,638,Ca8.01YP7O28Eu0.01Mn0.1
14,8,0.03,7.97,185,63,14,49,430.91847,151.964,28.085,123.879,705,195,100,95,8.54,2.96,0,2.96,22,7,2,5,41.572788,11.81381,5.5769,6.23691,362.18,169.29,1.89,167.4,809.6621659,412.5492459,4.55892,407.9903259,1719.7,800,5.55,794.45,30.667,20.64,0,20.64,71.97,48,0.06,47.94,127.7307606,82.88008,0.17011155,82.70996845,298,450,640,La2.97BrSi2S8Eu0.03
14,8,0.06,7.94,185,63,14,49,430.91847,151.964,28.085,123.879,705,195,100,95,8.54,2.96,0,2.96,22,7,2,5,41.572788,11.81381,5.5769,6.23691,362.36,167.58,3.78,163.8,810.0539218,408.3820818,9.11784,399.2642418,1719.4,800,11.1,788.9,30.634,20.64,0,20.64,71.94,48,0.12,47.88,127.7335651,82.88008,0.3402231,82.5398569,298,450,640,La2.94BrSi2S8Eu0.06
14,8,0.09,7.91,185,63,14,49,430.91847,151.964,28.085,123.879,705,195,100,95,8.54,2.96,0,2.96,22,7,2,5,41.572788,11.81381,5.5769,6.23691,362.54,165.87,5.67,160.2,810.4456777,404.2149177,13.67676,390.5381577,1719.1,800,16.65,783.35,30.601,20.64,0,20.64,71.91,48,0.18,47.82,127.7363697,82.88008,0.51033465,82.36974535,298,450,640,La2.91BrSi2S8Eu0.09
14,8,0.12,7.88,185,63,14,49,430.91847,151.964,28.085,123.879,705,195,100,95,8.54,2.96,0,2.96,22,7,2,5,41.572788,11.81381,5.5769,6.23691,362.72,164.16,7.56,156.6,810.8374336,400.0477536,18.23568,381.8120736,1718.8,800,22.2,777.8,30.568,20.64,0,20.64,71.88,48,0.24,47.76,127.7391742,82.88008,0.6804462,82.1996338,298,450,640,La2.88BrSi2S8Eu0.12
14,8,0.15,7.85,185,63,14,49,430.91847,151.964,28.085,123.879,705,195,100,95,8.54,2.96,0,2.96,22,7,2,5,41.572788,11.81381,5.5769,6.23691,362.9,162.45,9.45,153,811.2291895,395.8805895,22.7946,373.0859895,1718.5,800,27.75,772.25,30.535,20.64,0,20.64,71.85,48,0.3,47.7,127.7419788,82.88008,0.85055775,82.02952225,298,450,640,La2.85BrSi2S8Eu0.15
45,28,0.04,27.96,189,63,8,55,434.068806,151.964,15.999,135.965,850,185,60,125,9.3,3.44,0,3.44,24,7,2,5,48.8608982,13.618054,5.5386,8.079454,570.47,224,2.52,221.48,1175.282789,447.972,6.07856,441.89344,4171.2,1680,7.4,1672.6,121.9225,96.32,0,96.32,224.75,168,0.08,167.92,515.713902,381.305512,0.2268154,381.0786966,298,320,645,Ca8.61CeP7O28Eu0.04Mn0.35
45,28,0.04,27.96,189,63,8,55,434.068806,151.964,15.999,135.965,850,185,60,125,9.3,3.44,0,3.44,24,7,2,5,48.8608982,13.618054,5.5386,8.079454,570.97,224,2.52,221.48,1176.768794,447.972,6.07856,441.89344,4167.2,1680,7.4,1672.6,121.9775,96.32,0,96.32,225.25,168,0.08,167.92,515.8459883,381.305512,0.2268154,381.0786966,298,320,645,Ca8.51CeP7O28Eu0.04Mn0.45
45,28,0.04,27.96,189,63,8,55,434.068806,151.964,15.999,135.965,850,185,60,125,9.3,3.44,0,3.44,24,7,2,5,48.8608982,13.618054,5.5386,8.079454,571.47,224,2.52,221.48,1178.254798,447.972,6.07856,441.89344,4163.2,1680,7.4,1672.6,122.0325,96.32,0,96.32,225.75,168,0.08,167.92,515.9780745,381.305512,0.2268154,381.0786966,298,320,645,Ca8.41CeP7O28Eu0.04Mn0.55
13,8,0.02,7.98,206,63,14,49,488.34147,151.964,28.085,123.879,805,215,100,115,6.47,2.58,0,2.58,17,6,2,4,34.970642,10.36001,5.211664,5.148346,326.14,128,1.26,126.74,728.08068,277.81094,3.03928,274.77166,1624.4,800,3.7,796.3,27.5122,20.64,0,20.64,64,48,0.04,47.96,115.5580844,82.88008,0.1134077,82.7666723,298,405,645,Ba0.98La2Si2S8Eu0.02
13,8,0.02,7.98,206,63,14,49,488.34147,151.964,28.085,123.879,805,215,100,115,6.47,2.58,0,2.58,17,6,2,4,34.970642,10.36001,5.211664,5.148346,326.14,128,1.26,126.74,728.08068,277.81094,3.03928,274.77166,1624.4,800,3.7,796.3,27.5122,20.64,0,20.64,64,48,0.04,47.96,115.5580844,82.88008,0.1134077,82.7666723,298,405,645,Ba0.98La2Si2S8Eu0.02
7,3,1,2,117,63,7,56,261.1155385,151.964,14.007,137.957,665,185,65,120,7.55,3.04,0,3.04,16,5,2,3,40.4551216,14.53413,5.670385,8.863745,131,63,13,50,289.1295385,151.964,26.9815385,124.9824615,795,195,110,85,13.63,9.12,0,9.12,26,15,2,13,69.5233816,43.60239,5.670385,37.932005,298,450,645,CaAlSiN3Eu1
7,3,1,2,117,63,7,56,261.1155385,151.964,14.007,137.957,665,185,65,120,7.55,3.04,0,3.04,16,5,2,3,40.4551216,14.53413,5.670385,8.863745,131,63,13,50,289.1295385,151.964,26.9815385,124.9824615,795,195,110,85,13.63,9.12,0,9.12,26,15,2,13,69.5233816,43.60239,5.670385,37.932005,323,450,645,CaAlSiN3Eu1
7,3,1,2,117,63,7,56,261.1155385,151.964,14.007,137.957,665,185,65,120,7.55,3.04,0,3.04,16,5,2,3,40.4551216,14.53413,5.670385,8.863745,131,63,13,50,289.1295385,151.964,26.9815385,124.9824615,795,195,110,85,13.63,9.12,0,9.12,26,15,2,13,69.5233816,43.60239,5.670385,37.932005,373,450,645,CaAlSiN3Eu1
7,3,1,2,117,63,7,56,261.1155385,151.964,14.007,137.957,665,185,65,120,7.55,3.04,0,3.04,16,5,2,3,40.4551216,14.53413,5.670385,8.863745,131,63,13,50,289.1295385,151.964,26.9815385,124.9824615,795,195,110,85,13.63,9.12,0,9.12,26,15,2,13,69.5233816,43.60239,5.670385,37.932005,423,450,645,CaAlSiN3Eu1
26,16,0.06,15.94,143,63,8,55,318.257806,151.964,15.999,135.965,815,185,60,125,9.49,3.44,0,3.44,24,7,2,5,50.9685332,13.618054,5.670385,7.947669,291.78,128,3.78,124.22,591.9944256,255.984,9.11784,246.86616,2346.3,960,11.1,948.9,70.766,55.04,0,55.04,130,96,0.12,95.88,301.0023256,217.888864,0.3402231,217.5486409,298,365,650,Ca2.94Mg2.6P4O16Eu0.06Mn0.4
26,16,0.06,15.94,143,63,8,55,318.257806,151.964,15.999,135.965,815,185,60,125,9.49,3.44,0,3.44,24,7,2,5,50.9685332,13.618054,5.670385,7.947669,293.08,128,3.78,124.22,595.05773,255.984,9.11784,246.86616,2345.3,960,11.1,948.9,70.79,55.04,0,55.04,130.5,96,0.12,95.88,300.9811039,217.888864,0.3402231,217.5486409,298,365,650,Ca2.94Mg2.5P4O16Eu0.06Mn0.5
26,16,0.06,15.94,143,63,8,55,318.257806,151.964,15.999,135.965,815,185,60,125,9.49,3.44,0,3.44,24,7,2,5,50.9685332,13.618054,5.670385,7.947669,294.38,128,3.78,124.22,598.1210344,255.984,9.11784,246.86616,2344.3,960,11.1,948.9,70.814,55.04,0,55.04,131,96,0.12,95.88,300.9598822,217.888864,0.3402231,217.5486409,298,365,650,Ca2.94Mg2.4P4O16Eu0.06Mn0.6
6.008,3,0.008,2.992,155,63,7,56,348.7355385,151.964,14.007,137.957,865,200,65,135,8.5,3.04,0,3.04,18,5,2,3,46.1499888,14.53413,5.670385,8.863745,82.904,30.4,0.504,29.896,176.4148505,70.096,1.215712,68.880288,627.48,195,1.48,193.52,13.59,9.12,0,9.12,24.016,15,0.016,14.984,63.56372928,43.60239,0.04536308,43.55702692,298,450,650,Sr0.8Ca0.2AlSiN3Eu0.008
122.005,55,0.005,54.995,106,63,3,60,239.9705385,151.964,6.94,145.024,700,185,65,120,6.63,3.04,0,3.04,13,5,1,4,37.69515336,14.53413,5.391714761,9.142415239,1316.315,507,0.315,506.685,2680.504822,1052.280002,0.75982,1051.520182,13210.925,4875,0.925,4874.075,257.83,167.2,0,167.2,440.01,275,0.01,274.99,1198.247292,799.37715,0.028351925,799.3487981,298,450,650,Ca20Li8Al39N55Eu0.005
123.255,55,0.005,54.995,106,63,3,60,239.9705385,151.964,6.94,145.024,700,185,65,120,6.63,3.04,0,3.04,13,5,1,4,37.69515336,14.53413,5.391714761,9.142415239,1298.815,507,0.315,506.685,2647.757322,1052.280002,0.75982,1051.520182,13348.425,4875,0.925,4874.075,259.03,167.2,0,167.2,440.01,275,0.01,274.99,1204.085135,799.37715,0.028351925,799.3487981,298,450,650,Ca18.75Li10.5Al39N55Eu0.005
124.005,55,0.005,54.995,106,63,3,60,239.9705385,151.964,6.94,145.024,700,185,65,120,6.63,3.04,0,3.04,13,5,1,4,37.69515336,14.53413,5.391714761,9.142415239,1288.315,507,0.315,506.685,2628.108822,1052.280002,0.75982,1051.520182,13430.925,4875,0.925,4874.075,259.75,167.2,0,167.2,440.01,275,0.01,274.99,1207.58784,799.37715,0.028351925,799.3487981,298,450,650,Ca18Li12Al39N55Eu0.005
4,1,0.04,0.96,137,63,8,55,305.481,151.964,15.999,135.965,660,185,60,125,8.67,3.44,0,3.44,28,12,2,10,45.1558032,13.618054,5.670385,7.947669,75.72,30,2.52,27.48,157.99244,65.38,6.07856,59.30144,475.2,172.8,7.4,165.4,8.63,3.44,0,3.44,26,12,0.08,11.92,39.46770739,13.618054,0.2268154,13.3912386,298,460,650,Ca0.96ZnOSEu0.04
15.012,9,0.012,8.988,106,63,8,55,239.014762,151.964,15.999,135.965,525,185,60,125,6.63,3.44,0,3.44,15,6,2,4,35.8882802,13.618054,5.670385,7.947669,182.756,80,0.756,79.244,368.074092,160.312,1.823568,158.488432,1462.22,720,2.22,717.78,39.34,30.96,0,30.96,72.024,54,0.024,53.976,168.0565234,122.562486,0.06804462,122.4944414,298,460,650,Ca4P2O9Eu0.012
124.005,55,0.005,54.995,106,63,3,60,239.9705385,151.964,6.94,145.024,700,185,65,120,6.63,3.04,0,3.04,13,5,1,4,37.69515336,14.53413,5.391714761,9.142415239,1288.315,507,0.315,506.685,2628.108822,1052.280002,0.75982,1051.520182,13430.925,4875,0.925,4874.075,259.75,167.2,0,167.2,440.01,275,0.01,274.99,1207.58784,799.37715,0.028351925,799.3487981,298,500,650,Ca18Li12Al39N55Eu0.005
44.137,28,0.007,27.993,195,64,8,56,451.202806,157.25,15.999,141.251,845,185,60,125,9.38,3.44,0,3.44,24,7,2,5,49.4720942,13.618054,5.670385,7.947669,556.191,224,0.441,223.559,1149.382023,447.972,1.063748,446.908252,4023.495,1680,1.295,1678.705,120.9965,96.32,0,96.32,221.424,168,0.014,167.986,510.6413804,381.305512,0.039692695,381.2658193,298,380,652,Ca8.1GdP7O28Eu0.007Mn0.03
43.977,28,0.007,27.993,195,64,8,56,451.202806,157.25,15.999,141.251,845,185,60,125,9.38,3.44,0,3.44,24,7,2,5,49.4720942,13.618054,5.670385,7.947669,553.091,224,0.441,223.559,1143.266744,447.972,1.063748,446.908252,3993.895,1680,1.295,1678.705,120.8475,96.32,0,96.32,221.204,168,0.014,167.986,509.6896928,381.305512,0.039692695,381.2658193,298,380,652,Ca7.92GdP7O28Eu0.007Mn0.05
43.817,28,0.007,27.993,195,64,8,56,451.202806,157.25,15.999,141.251,845,185,60,125,9.38,3.44,0,3.44,24,7,2,5,49.4720942,13.618054,5.670385,7.947669,549.991,224,0.441,223.559,1137.151465,447.972,1.063748,446.908252,3964.295,1680,1.295,1678.705,120.6985,96.32,0,96.32,220.984,168,0.014,167.986,508.7380052,381.305512,0.039692695,381.2658193,298,380,652,Ca7.74GdP7O28Eu0.007Mn0.07
43.577,28,0.007,27.993,195,64,8,56,451.202806,157.25,15.999,141.251,845,185,60,125,9.38,3.44,0,3.44,24,7,2,5,49.4720942,13.618054,5.670385,7.947669,545.341,224,0.441,223.559,1127.978546,447.972,1.063748,446.908252,3919.895,1680,1.295,1678.705,120.475,96.32,0,96.32,220.654,168,0.014,167.986,507.3104738,381.305512,0.039692695,381.2658193,298,380,652,Ca7.47GdP7O28Eu0.007Mn0.1
7,4,0.8,3.2,105,63,8,55,236.126,151.964,15.999,135.965,535,185,60,125,6.34,3.44,0,3.44,14,6,2,4,33.5532772,13.618054,5.670385,7.947669,120.4,50.4,14,36.4,261.7458,121.5712,28.085,93.4862,714,240,110,130,16.86,13.76,0,13.76,32,24,1.6,22.4,74.49599324,54.472216,4.536308,49.935908,298,450,653,Ca1.2SiO4Eu0.8
26.91,15,0.01,14.99,153,63,8,55,338.3588133,151.964,15.999,135.965,1005,185,60,125,10.13,3.44,0,3.44,24,7,1,6,53.7726069,13.618054,5.1390767,8.4789773,301.89,120,0.63,119.37,607.5227412,239.985,1.51964,238.46536,2705.05,900,1.85,898.15,67.5758,51.6,0,51.6,120.12,90,0.02,89.98,286.2414567,204.27081,0.05670385,204.2141062,298,330,654,Na2Ca3.96Mg1.88Si4O15Eu0.01Mn0.06
26.89,15,0.01,14.99,153,63,8,55,338.3588133,151.964,15.999,135.965,1005,185,60,125,10.13,3.44,0,3.44,24,7,1,6,53.7726069,13.618054,5.1390767,8.4789773,301.91,120,0.63,119.37,607.6493021,239.985,1.51964,238.46536,2701.85,900,1.85,898.15,67.5544,51.6,0,51.6,120.18,90,0.02,89.98,286.0842877,204.27081,0.05670385,204.2141062,298,330,654,Na2Ca3.96Mg1.84Si4O15Eu0.01Mn0.08
26.87,15,0.01,14.99,153,63,8,55,338.3588133,151.964,15.999,135.965,1005,185,60,125,10.13,3.44,0,3.44,24,7,1,6,53.7726069,13.618054,5.1390767,8.4789773,301.93,120,0.63,119.37,607.775863,239.985,1.51964,238.46536,2698.65,900,1.85,898.15,67.533,51.6,0,51.6,120.24,90,0.02,89.98,285.9271186,204.27081,0.05670385,204.2141062,298,330,654,Na2Ca3.96Mg1.8Si4O15Eu0.01Mn0.1
26.85,15,0.01,14.99,153,63,8,55,338.3588133,151.964,15.999,135.965,1005,185,60,125,10.13,3.44,0,3.44,24,7,1,6,53.7726069,13.618054,5.1390767,8.4789773,301.95,120,0.63,119.37,607.9024238,239.985,1.51964,238.46536,2695.45,900,1.85,898.15,67.5116,51.6,0,51.6,120.3,90,0.02,89.98,285.7699496,204.27081,0.05670385,204.2141062,298,330,654,Na2Ca3.96Mg1.76Si4O15Eu0.01Mn0.12
10,6,0.05,5.95,142,63,8,55,318.9317213,151.964,15.999,135.965,835,185,60,125,9.18,3.44,0,3.44,23,7,1,6,46.5747067,13.618054,5.1390767,8.4789773,111.2,48,3.15,44.85,228.0557092,95.994,7.5982,88.3958,917.25,360,9.25,350.75,26.712,20.64,0,20.64,48.65,36,0.1,35.9,109.8697013,81.708324,0.28351925,81.42480475,298,365,654,Na0.95Sc0.85Si2O6Eu0.05Mn0.15
10,6,0.05,5.95,142,63,8,55,318.9317213,151.964,15.999,135.965,835,185,60,125,9.18,3.44,0,3.44,23,7,1,6,46.5747067,13.618054,5.1390767,8.4789773,111.4,48,3.15,44.85,228.554816,95.994,7.5982,88.3958,916.25,360,9.25,350.75,26.7215,20.64,0,20.64,48.85,36,0.1,35.9,109.9133277,81.708324,0.28351925,81.42480475,298,365,654,Na0.95Sc0.8Si2O6Eu0.05Mn0.2
13.08,8,0.01,7.99,189,63,8,55,421.956946,151.964,15.999,135.965,1065,220,60,160,10.22,3.44,0,3.44,26,7,1,6,53.88022174,13.618054,4.34066354,9.27739046,174.38,64,0.63,63.37,363.3869671,127.992,1.51964,126.47236,1271.65,480,1.85,478.15,35.0485,27.52,0,27.52,64.51,48,0.02,47.98,147.1659679,108.944432,0.05670385,108.8877282,298,380,655,KCaYP2O8Eu0.01Mn0.07
13.11,8,0.01,7.99,189,63,8,55,421.956946,151.964,15.999,135.965,1065,220,60,160,10.22,3.44,0,3.44,26,7,1,6,53.88022174,13.618054,4.34066354,9.27739046,175.13,64,0.63,63.37,365.0351084,127.992,1.51964,126.47236,1275.85,480,1.85,478.15,35.095,27.52,0,27.52,64.72,48,0.02,47.98,147.3889884,108.944432,0.05670385,108.8877282,298,380,655,KCaYP2O8Eu0.01Mn0.1
13.08,8,0.01,7.99,189,63,8,55,421.956946,151.964,15.999,135.965,1065,220,60,160,10.22,3.44,0,3.44,26,7,1,6,53.88022174,13.618054,4.34066354,9.27739046,174.38,64,0.63,63.37,363.3869671,127.992,1.51964,126.47236,1271.65,480,1.85,478.15,35.0485,27.52,0,27.52,64.51,48,0.02,47.98,147.1659679,108.944432,0.05670385,108.8877282,298,380,655,KCaYP2O8Eu0.01Mn0.07
13.11,8,0.01,7.99,189,63,8,55,421.956946,151.964,15.999,135.965,1065,220,60,160,10.22,3.44,0,3.44,26,7,1,6,53.88022174,13.618054,4.34066354,9.27739046,175.13,64,0.63,63.37,365.0351084,127.992,1.51964,126.47236,1275.85,480,1.85,478.15,35.095,27.52,0,27.52,64.72,48,0.02,47.98,147.3889884,108.944432,0.05670385,108.8877282,298,380,655,KCaYP2O8Eu0.01Mn0.1
2.01,1,0.01,0.99,137,63,16,47,311.722,151.964,32.06,119.904,665,200,100,100,4.53,2.58,0,2.58,12,6,2,4,27.8384174,10.36001,5.670385,4.689625,45.63,19,0.63,18.37,97.42864,43.81,1.51964,42.29036,291.85,100,1.85,98.15,3.555,2.58,0,2.58,8.02,6,0.02,5.98,16.32072505,10.36001,0.05670385,10.30330615,298,350,656,Ca0.5Sr0.5SEu0.01
2.01,1,0.01,0.99,137,63,16,47,311.722,151.964,32.06,119.904,665,200,100,100,4.53,2.58,0,2.58,12,6,2,4,27.8384174,10.36001,5.670385,4.689625,45.63,19,0.63,18.37,97.42864,43.81,1.51964,42.29036,291.85,100,1.85,98.15,3.555,2.58,0,2.58,8.02,6,0.02,5.98,16.32072505,10.36001,0.05670385,10.30330615,298,351,656,Ca0.5Sr0.5SEu0.01
6,3,0.01,2.99,165,63,16,47,386.731,151.964,32.06,119.904,635,215,100,115,5.12,2.58,0,2.58,22,12,2,10,30.636258,10.36001,5.211664,5.148346,190.07,111.44,0.63,110.81,436.36037,273.28073,1.51964,271.76109,864.7,427.85,1.85,426,11.1611,7.74,0,7.74,34,18,0.02,17.98,50.90214421,31.08003,0.05670385,31.02332615,298,440,660,Ba1.99ZnS3Eu0.01
6,3,0.01,2.99,203,63,16,47,474.351,151.964,32.06,119.904,835,215,100,115,6.07,2.58,0,2.58,24,12,2,10,36.3311252,10.36001,5.211664,5.148346,186.47,100.24,0.63,99.61,426.41897,245.81533,1.51964,244.29569,861.7,384.85,1.85,383,11.1731,7.74,0,7.74,34,18,0.02,17.98,50.99878485,31.08003,0.05670385,31.02332615,298,440,660,Ba1.79Sr0.2ZnS3Eu0.01
6,3,0.01,2.99,203,63,16,47,474.351,151.964,32.06,119.904,835,215,100,115,6.07,2.58,0,2.58,24,12,2,10,36.3311252,10.36001,5.211664,5.148346,182.87,89.04,0.63,88.41,416.47757,218.34993,1.51964,216.83029,858.7,341.85,1.85,340,11.1851,7.74,0,7.74,34,18,0.02,17.98,51.09542549,31.08003,0.05670385,31.02332615,298,440,660,Ba1.59Sr0.4ZnS3Eu0.01
6,3,0.01,2.99,203,63,16,47,474.351,151.964,32.06,119.904,835,215,100,115,6.07,2.58,0,2.58,24,12,2,10,36.3311252,10.36001,5.211664,5.148346,179.27,77.84,0.63,77.21,406.53617,190.88453,1.51964,189.36489,855.7,300,1.85,298.15,11.1971,7.74,0,7.74,34,18,0.02,17.98,51.19206613,31.08003,0.05670385,31.02332615,298,440,660,Ba1.39Sr0.6ZnS3Eu0.01
2.01,1,0.01,0.99,137,63,16,47,311.722,151.964,32.06,119.904,665,200,100,100,4.53,2.58,0,2.58,12,6,2,4,27.8384174,10.36001,5.670385,4.689625,40.23,16,0.63,15.37,83.16604,32.0624,1.51964,30.54276,285.85,144,1.85,142.15,3.57,2.58,0,2.58,8.02,6,0.02,5.98,16.44621145,10.36001,0.05670385,10.30330615,298,351,662,Ca0.8Sr0.2SEu0.01
2.01,1,0.01,0.99,99,63,16,47,224.102,151.964,32.06,119.904,465,185,100,85,3.58,2.58,0,2.58,10,6,2,4,22.1435502,10.36001,5.670385,4.689625,36.63,20,0.63,19.37,73.65764,40.078,1.51964,38.55836,281.85,180,1.85,178.15,3.58,2.58,0,2.58,8.02,6,0.02,5.98,16.52986905,10.36001,0.05670385,10.30330615,298,350,663,CaSEu0.01
2.01,1,0.01,0.99,99,63,16,47,224.102,151.964,32.06,119.904,465,185,100,85,3.58,2.58,0,2.58,10,6,2,4,22.1435502,10.36001,5.670385,4.689625,36.63,20,0.63,19.37,73.65764,40.078,1.51964,38.55836,281.85,180,1.85,178.15,3.58,2.58,0,2.58,8.02,6,0.02,5.98,16.52986905,10.36001,0.05670385,10.30330615,298,351,663,CaSEu0.01
30.004,14,0.004,13.996,124,63,3,60,287.5125385,151.964,6.94,145.024,720,200,65,135,6.58,3.04,0,3.04,13,5,1,4,37.27686536,14.53413,5.391714761,9.142415239,396.252,152,0.252,151.748,850.9227795,350.48,0.607856,349.872144,3230.74,1375,0.74,1374.26,65.05,42.56,0,42.56,112.008,70,0.008,69.992,297.5151375,203.47782,0.02268154,203.4551385,298,460,670,Sr4LiAl11N14Eu0.004
13.13,8,0.04,7.96,123,63,8,55,278.179806,151.964,15.999,135.965,635,185,60,125,8.49,3.44,0,3.44,22,7,2,5,44.855378,13.618054,5.670385,7.947669,134.77,64,2.25,61.75,273.877508,127.992,4.94442396,123.047576,1150,480,7.4,472.6,35.9695,27.52,0,27.52,64.71,48,0.08,47.92,153.752386,108.944432,0.2268154,108.7176166,298,378,671,Mg3P2O8Eu0.04Mn0.09
14.5,8,0.5,7.5,122,63,7,56,281.676,151.964,14.007,137.957,560,200,65,135,5.89,3.04,0,3.04,13,5,2,3,34.0510652,14.53413,5.670385,8.863745,195.5,70,31.5,38.5,416.083,140.425,75.982,64.443,1362.5,550,92.5,457.5,34.77,24.32,0,24.32,63,40,1,39,165.5615147,116.27304,2.8351925,113.4378475,298,450,685,SrSi5N8Eu0.5
19.02,12,0.02,11.98,168,83,8,75,405.0284,208.9804,15.999,192.9814,515,185,60,125,7.24,3.44,0,3.44,17,6,2,4,34.725638,13.618054,5.670385,7.947669,471.26,332,1.26,330.74,1115.20388,835.9216,3.03928,832.88232,1693.7,720,3.7,716.3,54.58,41.28,0,41.28,104.04,72,0.04,71.96,217.1271687,163.416648,0.1134077,163.3032403,298,393,700,Bi4Si3O12Eu0.02
19.02,12,0.02,11.98,168,83,8,75,405.0284,208.9804,15.999,192.9814,515,185,60,125,7.24,3.44,0,3.44,17,6,2,4,34.725638,13.618054,5.670385,7.947669,471.26,332,1.26,330.74,1115.20388,835.9216,3.03928,832.88232,1693.7,720,3.7,716.3,54.58,41.28,0,41.28,104.04,72,0.04,71.96,217.1271687,163.416648,0.1134077,163.3032403,348,393,700,Bi4Si3O12Eu0.02
19.02,12,0.02,11.98,168,83,8,75,405.0284,208.9804,15.999,192.9814,515,185,60,125,7.24,3.44,0,3.44,17,6,2,4,34.725638,13.618054,5.670385,7.947669,471.26,332,1.26,330.74,1115.20388,835.9216,3.03928,832.88232,1693.7,720,3.7,716.3,54.58,41.28,0,41.28,104.04,72,0.04,71.96,217.1271687,163.416648,0.1134077,163.3032403,398,393,700,Bi4Si3O12Eu0.02
19.02,12,0.02,11.98,168,83,8,75,405.0284,208.9804,15.999,192.9814,515,185,60,125,7.24,3.44,0,3.44,17,6,2,4,34.725638,13.618054,5.670385,7.947669,471.26,332,1.26,330.74,1115.20388,835.9216,3.03928,832.88232,1693.7,720,3.7,716.3,54.58,41.28,0,41.28,104.04,72,0.04,71.96,217.1271687,163.416648,0.1134077,163.3032403,448,393,700,Bi4Si3O12Eu0.02
19.02,12,0.02,11.98,168,83,8,75,405.0284,208.9804,15.999,192.9814,515,185,60,125,7.24,3.44,0,3.44,17,6,2,4,34.725638,13.618054,5.670385,7.947669,471.26,332,1.26,330.74,1115.20388,835.9216,3.03928,832.88232,1693.7,720,3.7,716.3,54.58,41.28,0,41.28,104.04,72,0.04,71.96,217.1271687,163.416648,0.1134077,163.3032403,498,393,700,Bi4Si3O12Eu0.02
7.89,4,0.11,3.89,116,63,8,55,259.1157693,151.964,15.999,135.965,715,185,60,125,7.27,3.44,0,3.44,15,6,1,5,38.6923539,13.618054,5.1390767,8.4789773,91.52,32,6.93,25.07,187.9171239,63.996,16.71604,47.27996,870.75,340.2,20.35,319.85,18.3077,13.76,0,13.76,31.89,24,0.22,23.78,78.40120444,54.472216,0.62374235,53.84847365,298,393,703,Na1.89Ca0.89SiO4Eu0.11
13.01,7,0.01,6.99,175,71,8,63,410.1131,174.9668,15.999,158.9678,750,220,60,160,7.16,3.44,0,3.44,15,6,1,5,37.20665654,13.618054,4.34066354,9.27739046,212.63,71,0.63,70.37,461.94434,174.9668,1.51964,173.44716,1476.85,660,1.85,658.15,31.34,24.08,0,24.08,55.02,42,0.02,41.98,130.1343095,95.326378,0.05670385,95.26967415,298,460,740,K3LuSi2O7Eu0.01
13.02,7,0.02,6.98,175,71,8,63,410.1131,174.9668,15.999,158.9678,750,220,60,160,7.16,3.44,0,3.44,15,6,1,5,37.20665654,13.618054,4.34066354,9.27739046,213.26,71,1.26,69.74,463.46398,174.9668,3.03928,171.92752,1478.7,660,3.7,656.3,31.34,24.08,0,24.08,55.04,42,0.04,41.96,130.1910133,95.326378,0.1134077,95.2129703,298,460,740,K3LuSi2O7Eu0.02
13.03,7,0.03,6.97,175,71,8,63,410.1131,174.9668,15.999,158.9678,750,220,60,160,7.16,3.44,0,3.44,15,6,1,5,37.20665654,13.618054,4.34066354,9.27739046,213.89,71,1.89,69.11,464.98362,174.9668,4.55892,170.40788,1480.55,660,5.55,654.45,31.34,24.08,0,24.08,55.06,42,0.06,41.94,130.2477172,95.326378,0.17011155,95.15626645,298,460,740,K3LuSi2O7Eu0.03
